subject_id,R_tusk,L_tusk,Special_ear,Special_body,Age,Sex,R_tear_1,L_tear_1,R_tear_2,L_tear_2,R_hole_1,R_hole_2,L_hole_1,L_hole_2,R_extreme,L_extreme,R_extreme_only,L_extreme_only,SEEK,ele_id
90997041,_,_,,,,,,,,,,,,,,,,,nannanT__Enannannannan-nannannannanXnannanSnannan,
90996984,1,1,,,,,,,,,,,,,,,,,nannanT11Enannannannan-nannannannanXnannanSnannan,
90399585,_,_,,,,,,,,,,,,,,,,,nannanT__Enannannannan-nannannannanXnannanSnannan,
92129851,_,_,0,0,00,B,0,0,0,0,0,0,0,0,0,_,_,_,B00T__E0000-0000X0_S00,T555
92129884,_,1,0,0,00,B,_,0,_,0,_,_,0,0,_,0,0,0,B00T_1E____-0000X_0S00,T559
92128823,_,1,_,0,00,B,7,4,0,0,0,0,0,0,_,0,0,0,B00T_1E7000-4000X_0S_0,T406
92127143,1,_,0,0,00,C,9,_,9,_,0,0,_,_,0,_,_,_,C00T1_E9090-____X0_S00,T1104
92102557,1,1,0,0,00,B,_,5,_,0,_,_,0,0,_,0,0,0,B00T11E____-5000X_0S00,B1219
92101561,_,_,0,_,00,B,_,0,_,0,_,_,0,0,_,0,0,0,B00T__E____-0000X_0S0_,B1077
92129882,1,1,0,0,00,B,0,_,0,_,0,0,_,_,0,_,_,_,B00T11E0000-____X0_S00,T558
92102381,1,1,0,0,00,C,7,0,7,0,0,0,0,0,_,0,0,0,C00T11E7070-0000X_0S00,B1193
92128530,1,1,0,0,00,B,8,3,8,4,7,8,4,0,_,0,0,0,B00T11E8788-3440X_0S00,T360
92101433,1,1,0,0,00,B,9,_,8,_,0,0,_,_,0,_,_,_,B00T11E9080-____X0_S00,B1060
92101776,_,_,0,0,00,B,8,0,0,0,0,0,0,0,0,_,_,_,B00T__E8000-0000X0_S00,B1111
92127835,1,1,0,0,00,B,0,_,0,_,0,0,_,_,0,_,_,_,B00T11E0000-____X0_S00,T1311
92129694,1,1,0,0,00,B,_,3,_,5,_,_,3,0,_,0,0,0,B00T11E____-3350X_0S00,T525
92297506,1,1,0,0,00,B,9,0,0,0,0,0,0,0,0,_,_,_,B00T11E9000-0000X0_S00,B1520
92129523,1,_,0,0,00,B,9,_,8,_,8,8,_,_,0,_,_,_,B00T1_E9888-____X0_S00,T496
92300512,1,1,1,0,00,B,7,4,9,3,0,0,5,5,0,_,_,_,B00T11E7090-4535X0_S10,B1698
92127169,1,1,0,0,00,B,_,4,_,5,_,_,0,0,_,0,0,0,B00T11E____-4050X_0S00,T1116
92129512,1,0,0,0,00,B,_,3,_,0,_,_,0,0,_,0,0,0,B00T10E____-3000X_0S00,T493
92305578,_,_,0,0,00,B,0,_,0,_,0,0,_,_,0,_,_,_,B00T__E0000-____X0_S00,B2036
92128469,1,1,1,0,00,B,_,4,_,0,_,_,0,0,_,0,0,0,B00T11E____-4000X_0S10,T354
92101297,1,1,0,0,00,B,7,4,7,4,0,0,0,0,0,0,0,0,B00T11E7070-4040X00S00,B1038
92297367,1,1,0,0,00,B,0,4,0,5,0,0,4,4,0,_,_,_,B00T11E0000-4454X0_S00,B1513
92127079,1,1,0,0,00,B,0,3,0,0,0,0,0,0,_,0,0,0,B00T11E0000-3000X_0S00,T1082
92128593,_,0,0,0,00,B,8,4,0,0,0,0,0,0,0,_,_,_,B00T_0E8000-4000X0_S00,T370
92103027,1,1,0,_,_,_,0,_,0,_,0,0,_,_,0,_,_,_,__T11E0000-____X0_S0_,B1292
92126833,1,1,_,_,_,_,0,4,0,0,0,0,0,0,0,_,_,_,__T11E0000-4000X0_S__,T1007
92301276,_,1,0,0,00,B,7,0,8,0,8,0,0,0,0,0,0,0,B00T_1E7880-0000X00S00,B1758
92126966,1,1,_,0,00,B,0,_,0,_,0,0,_,_,0,_,_,_,B00T11E0000-____X0_S_0,T1045
92297400,1,1,0,0,00,B,_,3,_,0,_,_,0,0,_,0,0,0,B00T11E____-3000X_0S00,B1515
92103379,1,1,0,0,00,B,0,0,0,0,0,0,0,0,0,0,0,0,B00T11E0000-0000X00S00,B1351
92129915,1,1,0,0,00,B,0,_,0,_,0,0,_,_,0,_,_,_,B00T11E0000-____X0_S00,T567
92305481,1,1,0,0,00,B,9,_,0,_,0,0,_,_,0,_,_,_,B00T11E9000-____X0_S00,B2033
92128826,1,1,_,0,00,B,_,4,_,0,_,_,0,0,_,0,0,0,B00T11E____-4000X_0S_0,T407
92303994,1,1,0,_,00,B,0,_,0,_,0,0,_,_,_,_,_,_,B00T11E0000-____X__S0_,B1945
92127763,1,_,_,_,20,_,_,3,_,0,_,_,3,0,_,0,0,0,_20T1_E____-3300X_0S__,T1290
92129339,_,1,0,0,00,B,_,4,_,0,_,_,4,0,_,0,0,0,B00T_1E____-4400X_0S00,T469
92299809,1,1,0,_,20,B,_,0,_,0,_,_,0,0,_,0,0,0,B20T11E____-0000X_0S0_,B1655
92129493,1,1,0,0,00,B,0,_,0,_,0,0,_,_,0,_,_,_,B00T11E0000-____X0_S00,T491
92102364,1,1,0,0,00,B,0,4,0,0,0,0,0,0,0,0,0,0,B00T11E0000-4000X00S00,B1191
92304117,1,1,0,0,20,_,9,_,0,_,9,9,_,_,0,_,_,_,_20T11E9909-____X0_S00,B1953
92127616,1,1,_,_,_,_,8,0,0,0,0,0,0,0,0,_,_,_,__T11E8000-0000X0_S__,T1247
92102075,_,1,0,0,00,B,8,3,0,4,0,0,0,0,0,0,0,0,B00T_1E8000-3040X00S00,B1146
92295825,1,1,0,0,00,B,_,0,_,0,_,_,0,0,_,0,0,0,B00T11E____-0000X_0S00,B1424
92303751,1,1,0,0,00,B,8,5,0,4,8,0,0,0,0,_,_,_,B00T11E8800-5040X0_S00,B1932
92103562,1,1,_,0,00,B,9,_,8,_,0,0,_,_,0,_,_,_,B00T11E9080-____X0_S_0,B1385
92101693,1,1,_,0,00,B,0,3,0,0,0,0,4,0,_,0,0,0,B00T11E0000-3400X_0S_0,B1100
92297660,1,1,0,0,00,B,_,0,_,0,_,_,0,0,_,0,0,0,B00T11E____-0000X_0S00,B1528
92304949,1,1,0,0,00,B,_,4,_,0,_,_,0,0,_,0,0,0,B00T11E____-4000X_0S00,B2003
92101568,_,_,0,0,00,B,0,0,0,0,0,0,0,0,0,0,0,0,B00T__E0000-0000X00S00,B1080
92127953,1,1,0,0,00,B,_,0,_,0,_,_,0,0,_,_,_,_,B00T11E____-0000X__S00,T211
92102834,1,1,0,0,00,B,_,0,_,0,_,_,0,0,_,0,0,0,B00T11E____-0000X_0S00,B1262
92305292,1,1,0,0,00,B,0,0,0,0,0,0,0,0,0,0,0,0,B00T11E0000-0000X00S00,B2019
92102793,1,1,0,0,00,B,0,_,0,_,0,0,_,_,0,_,_,_,B00T11E0000-____X0_S00,B1259
92101261,_,1,0,0,00,B,9,_,8,_,9,8,_,_,0,_,_,_,B00T_1E9988-____X0_S00,B1035
92296636,1,1,0,0,00,B,9,_,8,_,0,0,_,_,0,_,_,_,B00T11E9080-____X0_S00,B1476
92129827,1,1,0,0,00,B,0,0,0,0,0,0,0,0,0,_,_,_,B00T11E0000-0000X0_S00,T551
92128304,1,1,0,0,00,B,0,0,0,0,0,0,0,0,0,0,0,0,B00T11E0000-0000X00S00,T320
92127974,1,1,0,0,00,B,8,_,7,_,0,0,_,_,0,_,_,_,B00T11E8070-____X0_S00,T211
92302148,1,1,0,0,00,B,0,_,9,_,0,0,_,_,0,_,_,_,B00T11E0090-____X0_S00,B1815
92103478,1,1,0,_,00,B,0,_,0,_,0,0,_,_,0,_,_,_,B00T11E0000-____X0_S0_,B1369
92101436,1,1,0,0,00,B,8,3,7,3,0,0,0,0,0,0,0,0,B00T11E8070-3030X00S00,B1060
92102301,1,1,_,0,00,B,8,5,8,5,0,0,0,0,0,_,_,_,B00T11E8080-5050X0_S_0,B1182
92129275,1,1,0,0,00,B,8,4,0,0,0,0,0,0,0,_,_,_,B00T11E8000-4000X0_S00,T459
92103366,1,1,0,0,00,B,0,0,0,0,0,0,0,0,0,_,_,_,B00T11E0000-0000X0_S00,B1350
92101515,_,_,0,0,20,B,9,_,8,_,0,0,_,_,0,_,_,_,B20T__E9080-____X0_S00,B1071
92296278,1,1,0,0,00,B,9,_,8,_,0,0,_,_,0,_,_,_,B00T11E9080-____X0_S00,B1454
92126914,1,1,0,0,00,B,0,_,0,_,0,0,_,_,0,_,_,_,B00T11E0000-____X0_S00,T1030
92102903,1,1,0,0,00,B,_,5,_,3,_,_,4,0,_,0,0,0,B00T11E____-5430X_0S00,B1270
92103161,1,1,0,0,00,B,_,5,_,4,_,_,0,0,_,0,0,0,B00T11E____-5040X_0S00,B1310
92304605,_,_,_,_,00,B,0,3,0,0,0,0,3,0,0,0,0,0,B00T__E0000-3300X00S__,B1985
92103291,1,1,0,0,00,B,0,0,0,0,9,8,0,0,0,0,0,0,B00T11E0908-0000X00S00,B1332
92103000,1,1,0,0,00,B,0,3,0,0,0,0,0,0,_,0,0,0,B00T11E0000-3000X_0S00,B1291
92302618,1,1,0,0,00,B,9,_,0,_,9,0,_,_,0,_,_,_,B00T11E9900-____X0_S00,B1856
92128694,1,1,0,0,00,B,0,0,0,0,0,0,0,0,0,0,0,0,B00T11E0000-0000X00S00,T385
92102823,1,1,0,0,00,B,8,0,9,0,8,0,4,0,0,_,_,_,B00T11E8890-0400X0_S00,B1261
92129292,_,1,0,0,00,B,_,5,_,0,_,_,0,4,_,0,0,0,B00T_1E____-5004X_0S00,T462
92297190,1,1,0,0,00,B,9,_,0,_,0,0,_,_,0,_,_,_,B00T11E9000-____X0_S00,B1501
92127226,1,1,0,0,00,B,0,3,0,4,0,0,0,0,_,0,0,0,B00T11E0000-3040X_0S00,T1138
92128298,1,1,0,_,00,B,_,0,_,0,_,_,0,0,_,0,0,0,B00T11E____-0000X_0S0_,T319
92296799,_,1,0,0,00,B,_,0,_,0,_,_,4,0,_,0,0,0,B00T_1E____-0400X_0S00,B1483
92126973,1,1,0,0,00,B,0,_,0,_,0,0,_,_,_,_,_,_,B00T11E0000-____X__S00,T1048
92101895,1,1,0,0,00,B,_,3,_,0,_,_,0,0,_,0,0,0,B00T11E____-3000X_0S00,B1128
92129910,1,1,0,0,00,B,9,0,9,0,0,0,0,0,0,0,0,0,B00T11E9090-0000X00S00,T566
92127830,1,1,0,0,00,B,,,,,,,,,,,,,B00T11Enannannannan-nannannannanXnannanS00,T1309
92128571,_,_,_,_,20,_,0,_,0,_,0,0,_,_,0,_,_,_,_20T__E0000-____X0_S__,T366
92103554,1,1,0,0,00,B,0,0,0,0,0,0,0,0,0,0,0,0,B00T11E0000-0000X00S00,B1382
92305808,1,1,_,0,00,B,8,0,0,0,9,0,0,0,0,_,_,_,B00T11E8900-0000X0_S_0,B2052
92127305,1,1,0,0,20,B,9,_,0,_,0,0,_,_,0,_,_,_,B20T11E9000-____X0_S00,T1162
92129780,_,1,0,0,00,B,_,4,_,0,_,_,4,0,_,0,0,0,B00T_1E____-4400X_0S00,T541
92127864,_,1,_,_,00,B,_,4,_,5,_,_,0,0,_,0,0,0,B00T_1E____-4050X_0S__,T1321
92101220,1,1,0,0,00,B,9,0,0,0,0,0,0,0,0,0,0,0,B00T11E9000-0000X00S00,B1031
92100980,1,1,0,_,00,B,0,3,0,4,0,0,0,0,0,0,0,0,B00T11E0000-3040X00S0_,B1005
92103249,0,1,0,0,00,B,0,0,0,0,0,0,0,0,0,_,_,_,B00T01E0000-0000X0_S00,B1322
92300801,1,1,0,0,20,C,0,_,0,_,0,0,_,_,0,_,_,_,C20T11E0000-____X0_S00,B1718
92303303,1,1,0,_,00,B,_,3,_,0,_,_,3,3,_,0,0,0,B00T11E____-3303X_0S0_,B1904
92101020,1,1,0,0,00,B,_,4,_,3,_,_,0,0,_,0,0,0,B00T11E____-4030X_0S00,B1008
92128137,_,_,0,_,00,B,0,_,0,_,0,0,_,_,0,_,_,_,B00T__E0000-____X0_S0_,T268
92127444,1,_,0,0,00,B,8,5,0,0,0,0,0,0,0,0,0,0,B00T1_E8000-5000X00S00,T1207
92129219,_,1,0,0,00,B,0,4,0,0,0,0,0,0,0,0,0,0,B00T_1E0000-4000X00S00,T451
92128424,_,_,_,_,_,_,8,_,8,_,0,0,_,_,0,_,_,_,__T__E8080-____X0_S__,T347
92103210,1,1,0,0,00,C,9,3,9,4,9,0,3,4,_,0,0,0,C00T11E9990-3344X_0S00,B1320
92103550,1,1,0,0,00,B,0,4,0,0,0,0,0,0,0,0,0,0,B00T11E0000-4000X00S00,B1382
92129838,1,1,0,0,00,B,_,5,_,0,_,_,0,0,_,0,0,0,B00T11E____-5000X_0S00,T553
92128148,_,1,0,0,00,B,_,0,_,0,_,_,0,0,_,0,0,0,B00T_1E____-0000X_0S00,T271
92304383,1,_,0,0,00,B,0,4,0,4,0,0,5,4,0,_,_,_,B00T1_E0000-4544X0_S00,B1969
92103225,1,1,0,0,00,B,_,4,_,3,_,_,0,0,_,0,0,0,B00T11E____-4030X_0S00,B1321
92304030,0,_,0,0,00,B,9,_,8,_,0,0,_,_,0,_,_,_,B00T0_E9080-____X0_S00,B1947
92101234,_,1,0,0,00,B,8,4,9,4,7,8,0,0,0,0,0,0,B00T_1E8798-4040X00S00,B1032
92102023,0,_,0,_,00,B,0,_,0,_,0,0,_,_,0,_,_,_,B00T0_E0000-____X0_S0_,B1142
92129932,1,1,0,_,00,B,8,0,0,0,0,0,0,0,0,0,0,0,B00T11E8000-0000X00S0_,T571
92129685,0,0,0,0,20,B,0,0,0,0,0,0,0,0,0,0,0,0,B20T00E0000-0000X00S00,T523
92103611,1,1,0,0,00,B,0,_,8,_,0,0,_,_,0,_,_,_,B00T11E0080-____X0_S00,B1391
92103043,1,1,0,0,00,B,_,4,_,0,_,_,4,5,_,0,0,0,B00T11E____-4405X_0S00,B1292
92102201,1,1,0,_,20,_,8,4,0,0,8,0,0,0,_,0,0,0,_20T11E8800-4000X_0S0_,B1161
92299728,_,1,0,0,00,B,0,3,0,4,0,0,0,0,0,0,0,0,B00T_1E0000-3040X00S00,B1648
92103439,1,1,0,0,00,B,8,0,9,0,8,0,0,0,0,0,0,0,B00T11E8890-0000X00S00,B1363
92101407,1,1,0,_,00,B,0,_,7,_,0,0,_,_,0,_,_,_,B00T11E0070-____X0_S0_,B1057
92129612,_,1,0,0,00,B,0,5,0,4,0,0,3,4,0,_,_,_,B00T_1E0000-5344X0_S00,T515
92129928,1,1,0,0,00,B,0,0,0,0,0,0,0,0,_,0,0,0,B00T11E0000-0000X_0S00,T570
92127173,_,1,0,0,00,B,_,3,_,4,_,_,0,0,_,0,0,0,B00T_1E____-3040X_0S00,T1117
92102574,_,1,0,0,00,B,9,3,9,0,7,0,0,0,_,0,0,0,B00T_1E9790-3000X_0S00,B1221
92303615,1,1,0,0,00,B,0,_,0,_,9,0,_,_,0,_,_,_,B00T11E0900-____X0_S00,B1926
92302349,1,1,0,0,00,B,_,0,_,0,_,_,0,0,_,0,0,0,B00T11E____-0000X_0S00,B1834
92102919,1,1,0,0,00,B,0,0,0,0,9,0,0,0,0,0,0,0,B00T11E0900-0000X00S00,B1271
92102559,1,1,0,0,00,B,0,5,0,0,0,0,0,0,_,0,0,0,B00T11E0000-5000X_0S00,B1219
92103092,1,1,0,0,00,B,7,4,0,4,0,0,0,0,_,0,0,0,B00T11E7000-4040X_0S00,B1302
92299468,1,1,_,0,00,B,_,4,_,4,_,_,4,0,_,0,0,0,B00T11E____-4440X_0S_0,B1627
92103559,1,1,0,0,00,B,9,0,0,0,0,0,0,0,0,0,0,0,B00T11E9000-0000X00S00,B1383
92129088,_,1,_,0,00,B,9,0,0,0,0,0,0,0,0,0,0,0,B00T_1E9000-0000X00S_0,T437
92101354,1,1,0,0,00,B,0,5,0,0,0,0,0,0,0,0,0,0,B00T11E0000-5000X00S00,B1043
92102941,1,1,0,0,00,B,0,0,0,0,0,0,0,0,0,_,_,_,B00T11E0000-0000X0_S00,B1276
92101123,1,1,_,0,00,B,7,_,8,_,0,0,_,_,0,_,_,_,B00T11E7080-____X0_S_0,B1017
92102766,1,1,0,0,20,B,_,0,_,0,_,_,5,0,_,0,0,0,B20T11E____-0500X_0S00,B1258
92128729,1,1,0,0,00,B,0,0,0,0,8,0,0,0,0,0,0,0,B00T11E0800-0000X00S00,T388
92101678,_,_,_,0,00,B,,,,,,,,,,,,,B00T__Enannannannan-nannannannanXnannanS_0,B1098
92126861,1,1,0,0,00,B,_,0,_,0,_,_,0,0,_,0,0,0,B00T11E____-0000X_0S00,T1015
92127838,1,1,1,0,00,B,8,_,0,_,8,8,_,_,0,_,_,_,B00T11E8808-____X0_S10,T1313
92127429,1,1,0,0,00,B,0,0,0,0,0,0,0,0,0,0,0,0,B00T11E0000-0000X00S00,T1201
92304333,_,1,0,0,00,B,_,5,_,3,_,_,0,0,_,0,0,0,B00T_1E____-5030X_0S00,B1965
92127982,1,1,0,0,00,B,0,5,0,4,8,8,3,3,0,_,_,_,B00T11E0808-5343X0_S00,T213
92302545,1,_,0,0,00,B,8,_,0,_,0,0,_,_,0,_,_,_,B00T1_E8000-____X0_S00,B1851
92126936,_,_,0,0,00,B,0,4,0,0,0,0,3,0,0,0,0,0,B00T__E0000-4300X00S00,T1039
92302062,1,1,0,_,00,B,_,4,_,5,_,_,0,0,_,0,0,0,B00T11E____-4050X_0S0_,B1807
92303890,_,_,0,_,00,B,,,,,,,,,,,,,B00T__Enannannannan-nannannannanXnannanS0_,B1939
92302813,1,1,0,0,00,B,0,3,0,0,0,0,0,0,_,0,0,0,B00T11E0000-3000X_0S00,B1868
92128241,1,1,0,0,00,B,_,0,_,0,_,_,0,0,_,0,0,0,B00T11E____-0000X_0S00,T299
92101328,_,1,0,_,00,B,9,4,0,3,0,0,0,0,0,0,0,0,B00T_1E9000-4030X00S0_,B1041
92101827,_,1,0,0,20,B,9,0,8,0,8,9,0,0,_,0,0,0,B20T_1E9889-0000X_0S00,B1120
92297341,1,1,0,0,00,B,8,_,8,_,0,0,_,_,0,_,_,_,B00T11E8080-____X0_S00,B1511
92101377,_,_,0,0,00,B,0,_,0,_,0,0,_,_,0,_,_,_,B00T__E0000-____X0_S00,B1048
92297214,1,1,0,0,00,B,8,0,7,0,0,0,0,0,_,0,0,0,B00T11E8070-0000X_0S00,B1501
92128096,1,1,0,0,00,B,8,0,0,0,0,0,0,0,0,0,0,0,B00T11E8000-0000X00S00,T258
92306164,1,1,0,0,00,B,0,_,0,_,0,0,_,_,0,_,_,_,B00T11E0000-____X0_S00,B2070
92102213,1,1,0,0,00,B,8,_,0,_,0,0,_,_,0,_,_,_,B00T11E8000-____X0_S00,B1163
92305654,1,1,0,0,00,B,_,4,_,4,_,_,0,0,_,0,0,0,B00T11E____-4040X_0S00,B2042
92305787,1,1,1,0,00,B,7,4,7,5,0,0,5,4,0,0,0,0,B00T11E7070-4554X00S10,B2052
92101194,_,1,0,0,00,B,_,0,_,0,_,_,0,0,_,0,0,0,B00T_1E____-0000X_0S00,B1027
92128200,1,1,0,0,00,B,0,0,0,0,0,0,0,0,_,0,0,0,B00T11E0000-0000X_0S00,T284
92301084,1,1,_,_,00,B,9,_,8,_,8,0,_,_,0,_,_,_,B00T11E9880-____X0_S__,B1743
92102885,1,1,0,0,00,B,_,3,_,0,_,_,0,0,_,0,0,0,B00T11E____-3000X_0S00,B1267
92128207,1,1,0,0,00,B,_,4,_,4,_,_,4,0,_,0,0,0,B00T11E____-4440X_0S00,T287
92127417,1,1,_,0,00,B,0,_,0,_,7,0,_,_,0,_,_,_,B00T11E0700-____X0_S_0,T1194
92298461,1,1,0,0,00,B,_,3,_,0,_,_,0,0,_,0,0,0,B00T11E____-3000X_0S00,B1571
92103514,1,1,0,0,00,B,9,_,0,_,0,0,_,_,0,_,_,_,B00T11E9000-____X0_S00,B1374
92101907,1,1,0,0,00,B,_,4,_,0,_,_,0,0,_,0,0,0,B00T11E____-4000X_0S00,B1129
92128399,_,_,0,0,00,B,_,4,_,5,_,_,3,0,_,0,0,0,B00T__E____-4350X_0S00,T340
92296266,1,_,0,0,00,B,8,_,7,_,0,0,_,_,0,_,_,_,B00T1_E8070-____X0_S00,B1452
92128522,1,1,0,0,00,B,_,4,_,0,_,_,0,0,_,0,0,0,B00T11E____-4000X_0S00,T360
92128232,_,_,_,0,00,B,9,_,0,_,9,0,_,_,0,_,_,_,B00T__E9900-____X0_S_0,T295
92128918,_,_,0,0,00,B,_,0,_,0,_,_,0,0,_,0,0,0,B00T__E____-0000X_0S00,T420
92297297,1,1,_,_,00,B,9,_,0,_,0,0,_,_,0,_,_,_,B00T11E9000-____X0_S__,B1508
92102256,1,1,0,_,20,C,0,_,8,_,7,0,_,_,0,_,_,_,C20T11E0780-____X0_S0_,B1173
92100851,1,1,0,0,00,B,8,4,0,5,0,0,0,0,0,0,0,0,B00T11E8000-4050X00S00,B1000
92296492,1,1,0,0,00,B,_,4,_,0,_,_,3,0,_,0,0,0,B00T11E____-4300X_0S00,B1466
92101813,_,_,0,0,00,B,9,_,0,_,0,0,_,_,0,_,_,_,B00T__E9000-____X0_S00,B1114
92102615,1,_,0,0,00,B,9,4,0,5,0,0,0,0,0,_,_,_,B00T1_E9000-4050X0_S00,B1228
92102592,1,1,0,0,00,B,_,0,_,0,_,_,0,0,_,0,0,0,B00T11E____-0000X_0S00,B1224
92100868,1,1,0,0,00,C,_,4,_,4,_,_,0,0,_,0,0,0,C00T11E____-4040X_0S00,B1000
92128621,1,1,0,0,00,B,0,0,0,0,0,0,0,0,0,0,0,0,B00T11E0000-0000X00S00,T376
92129255,1,1,0,0,20,B,0,0,0,0,0,0,0,0,_,0,0,0,B20T11E0000-0000X_0S00,T455
92296668,1,1,_,0,00,B,8,4,8,0,0,0,0,0,_,0,0,0,B00T11E8080-4000X_0S_0,B1477
92103301,1,1,0,0,00,B,8,_,8,_,9,8,_,_,0,_,_,_,B00T11E8988-____X0_S00,B1332
92101135,1,_,0,0,00,C,7,_,8,_,0,0,_,_,0,_,_,_,C00T1_E7080-____X0_S00,B1018
92103054,1,1,0,0,00,B,_,4,_,5,_,_,0,0,_,0,0,0,B00T11E____-4050X_0S00,B1295
92103009,1,1,0,0,00,B,0,0,0,0,0,0,0,0,0,_,_,_,B00T11E0000-0000X0_S00,B1291
92126987,1,1,0,0,00,B,_,3,_,0,_,_,0,0,_,0,0,0,B00T11E____-3000X_0S00,T1052
92102259,_,_,0,0,20,_,0,_,0,_,0,0,_,_,0,_,_,_,_20T__E0000-____X0_S00,B1174
92303106,1,1,_,_,00,B,9,3,8,4,0,0,0,0,_,_,_,_,B00T11E9080-3040X__S__,B1889
92127281,1,1,0,0,00,B,8,4,7,0,0,0,0,0,0,0,0,0,B00T11E8070-4000X00S00,T1155
92129323,_,_,_,0,00,B,0,4,0,4,0,0,4,0,0,0,0,0,B00T__E0000-4440X00S_0,T466
92101956,1,1,0,0,20,B,_,0,_,0,_,_,0,0,_,0,0,0,B20T11E____-0000X_0S00,B1136
92297425,1,1,0,0,00,B,8,4,9,3,0,0,0,0,0,_,_,_,B00T11E8090-4030X0_S00,B1517
92128912,1,1,0,0,00,B,0,0,0,0,0,0,0,0,_,0,0,0,B00T11E0000-0000X_0S00,T420
92128234,1,1,0,0,00,B,0,5,0,5,0,0,0,0,_,0,0,0,B00T11E0000-5050X_0S00,T296
92304094,1,1,1,0,00,B,8,3,7,3,8,0,0,0,0,0,0,0,B00T11E8870-3030X00S10,B1951
92300402,1,1,0,0,00,B,9,_,0,_,0,0,_,_,0,_,_,_,B00T11E9000-____X0_S00,B1691
92127299,1,1,0,0,00,B,_,4,_,0,_,_,0,0,_,0,0,0,B00T11E____-4000X_0S00,T1160
92102205,1,1,0,0,00,B,0,0,0,0,0,0,0,0,0,0,0,0,B00T11E0000-0000X00S00,B1162
92305679,1,1,0,0,00,B,9,_,8,_,0,0,_,_,0,_,_,_,B00T11E9080-____X0_S00,B2043
92303611,1,1,0,0,00,B,0,0,0,0,0,0,0,0,0,0,0,0,B00T11E0000-0000X00S00,B1924
92300482,_,1,0,0,00,B,_,0,_,0,_,_,0,0,_,0,0,0,B00T_1E____-0000X_0S00,B1696
92296598,_,1,0,0,00,B,8,4,0,0,0,0,0,0,_,0,0,0,B00T_1E8000-4000X_0S00,B1476
92102333,1,1,0,0,00,B,_,0,_,0,_,_,0,0,_,0,0,0,B00T11E____-0000X_0S00,B1185
92103598,1,1,_,_,20,_,0,_,8,_,0,0,_,_,0,_,_,_,_20T11E0080-____X0_S__,B1391
92101802,1,_,0,0,00,B,0,0,0,0,0,0,0,0,0,0,0,0,B00T1_E0000-0000X00S00,B1114
92295751,1,1,0,0,00,B,9,0,0,0,0,0,0,0,0,0,0,0,B00T11E9000-0000X00S00,B1419
92128540,1,1,_,_,00,B,,,,,,,,,,,,,B00T11Enannannannan-nannannannanXnannanS__,T362
92127151,1,1,_,0,00,B,8,3,0,0,0,0,0,0,0,0,0,0,B00T11E8000-3000X00S_0,T1107
92102374,_,1,0,0,00,B,_,3,_,0,_,_,0,0,_,0,0,0,B00T_1E____-3000X_0S00,B1192
92101551,1,1,0,0,00,B,7,0,0,0,0,0,0,0,0,_,_,_,B00T11E7000-0000X0_S00,B1077
92103172,1,1,0,0,00,B,_,0,_,0,_,_,0,0,_,0,0,0,B00T11E____-0000X_0S00,B1313
92129158,1,1,0,0,00,B,9,3,8,0,0,0,0,0,0,0,0,0,B00T11E9080-3000X00S00,T443
92128632,1,1,_,0,00,B,9,0,0,0,9,0,5,0,0,0,0,0,B00T11E9900-0500X00S_0,T376
92101162,1,1,0,0,00,B,8,_,0,_,0,0,_,_,0,_,_,_,B00T11E8000-____X0_S00,B1020
92101450,1,1,0,0,00,B,,,,,,,,,,,,,B00T11Enannannannan-nannannannanXnannanS00,B1063
92127685,1,1,0,0,00,C,0,_,0,_,0,0,_,_,0,_,_,_,C00T11E0000-____X0_S00,T1269
92302127,1,1,0,0,00,B,0,_,0,_,0,0,_,_,0,_,_,_,B00T11E0000-____X0_S00,B1813
92127218,1,1,0,0,00,B,0,4,0,0,0,0,0,0,_,0,0,0,B00T11E0000-4000X_0S00,T1135
92129108,1,1,0,0,00,B,7,_,9,_,0,0,_,_,0,_,_,_,B00T11E7090-____X0_S00,T439
92127172,_,1,_,0,20,_,_,0,_,0,_,_,4,0,_,0,0,0,_20T_1E____-0400X_0S_0,T1117
92127198,1,1,0,0,00,B,0,4,0,4,0,0,5,4,0,_,_,_,B00T11E0000-4544X0_S00,T1125
92300102,1,1,0,0,20,B,0,0,0,0,0,0,0,0,0,0,0,0,B20T11E0000-0000X00S00,B1675
92127160,1,1,0,0,00,B,_,4,_,0,_,_,0,0,_,0,0,0,B00T11E____-4000X_0S00,T1110
92302761,1,1,0,_,00,B,8,4,7,0,7,7,0,0,_,0,0,0,B00T11E8777-4000X_0S0_,B1866
92302367,1,1,0,0,20,B,9,5,8,4,0,0,3,4,0,_,_,_,B20T11E9080-5344X0_S00,B1836
92129766,_,1,1,0,00,B,_,0,_,0,_,_,0,0,_,0,0,0,B00T_1E____-0000X_0S10,T539
92102670,_,1,0,0,00,B,7,5,8,4,0,0,4,4,_,0,0,0,B00T_1E7080-5444X_0S00,B1240
92102960,1,1,0,0,00,B,_,0,_,0,_,_,0,0,_,0,0,0,B00T11E____-0000X_0S00,B1282
92128653,1,1,0,_,00,B,_,3,_,0,_,_,0,0,_,0,0,0,B00T11E____-3000X_0S0_,T379
92100839,1,_,_,_,00,B,9,4,8,5,0,0,5,0,0,_,_,_,B00T1_E9080-4550X0_S__,B1000
92129145,1,_,_,0,00,B,0,0,0,0,8,0,0,0,0,0,0,0,B00T1_E0800-0000X00S_0,T442
92102058,_,_,0,0,00,B,0,_,0,_,0,0,_,_,0,_,_,_,B00T__E0000-____X0_S00,B1145
92103144,1,1,0,0,00,B,9,_,0,_,0,0,_,_,0,_,_,_,B00T11E9000-____X0_S00,B1310
92297706,1,1,0,0,00,B,8,4,7,5,8,0,0,0,0,0,0,0,B00T11E8870-4050X00S00,B1532
92298441,1,1,0,0,00,B,0,0,0,0,0,0,0,0,0,0,0,0,B00T11E0000-0000X00S00,B1568
92127127,1,1,0,0,00,B,_,4,_,0,_,_,0,0,_,0,0,0,B00T11E____-4000X_0S00,T1099
92129361,1,1,0,0,00,C,0,_,0,_,0,0,_,_,0,_,_,_,C00T11E0000-____X0_S00,T472
92101131,1,1,0,0,00,B,_,0,_,0,_,_,0,0,_,0,0,0,B00T11E____-0000X_0S00,B1018
92302544,1,1,1,0,00,B,8,0,0,0,0,0,0,0,0,0,0,0,B00T11E8000-0000X00S10,B1851
92102413,1,1,0,0,00,B,9,_,8,_,0,0,_,_,0,_,_,_,B00T11E9080-____X0_S00,B1199
92102179,1,1,_,0,00,B,9,_,8,_,9,0,_,_,0,_,_,_,B00T11E9980-____X0_S_0,B1157
92102092,1,1,0,0,00,B,0,3,0,0,8,0,0,0,0,0,0,0,B00T11E0800-3000X00S00,B1148
92128926,1,_,0,0,00,B,0,0,0,0,0,0,0,0,0,_,_,_,B00T1_E0000-0000X0_S00,T421
92301973,_,_,0,0,00,B,_,5,_,4,_,_,0,0,_,0,0,0,B00T__E____-5040X_0S00,B1801
92129859,1,1,0,0,00,B,0,0,0,0,0,0,0,0,_,0,0,0,B00T11E0000-0000X_0S00,T555
92102829,1,1,0,0,00,B,7,_,9,_,9,0,_,_,0,_,_,_,B00T11E7990-____X0_S00,B1261
92127754,1,1,0,0,00,B,0,3,0,5,0,0,0,0,_,0,0,0,B00T11E0000-3050X_0S00,T1288
92102675,1,1,0,0,20,B,7,0,0,0,0,0,0,0,0,_,_,_,B20T11E7000-0000X0_S00,B1240
92102860,1,1,0,0,00,B,9,_,8,_,8,0,_,_,0,_,_,_,B00T11E9880-____X0_S00,B1264
92302876,1,1,0,0,00,B,8,4,0,5,0,0,3,4,0,_,_,_,B00T11E8000-4354X0_S00,B1872
92102492,1,1,_,_,00,B,0,5,0,0,0,0,0,0,_,0,0,0,B00T11E0000-5000X_0S__,B1212
92129333,1,1,0,_,20,_,8,0,7,0,0,0,0,0,_,0,0,0,_20T11E8070-0000X_0S0_,T468
92300969,1,1,0,0,00,B,_,3,_,3,_,_,0,0,_,0,0,0,B00T11E____-3030X_0S00,B1735
92103607,1,1,0,0,00,B,_,3,_,0,_,_,0,0,_,0,0,0,B00T11E____-3000X_0S00,B1391
92129737,1,1,0,0,00,B,0,0,0,0,0,0,0,0,0,_,_,_,B00T11E0000-0000X0_S00,T537
92128911,1,1,0,0,00,B,_,0,_,0,_,_,0,0,_,0,0,0,B00T11E____-0000X_0S00,T420
92128380,_,_,0,0,00,B,9,_,0,_,0,0,_,_,0,_,_,_,B00T__E9000-____X0_S00,T336
92101316,1,1,0,0,00,B,_,4,_,5,_,_,0,0,_,0,0,0,B00T11E____-4050X_0S00,B1041
92128060,1,1,0,0,00,B,0,0,0,0,0,0,0,0,_,0,0,0,B00T11E0000-0000X_0S00,T252
92297465,1,1,0,0,00,B,8,_,8,_,0,0,_,_,0,_,_,_,B00T11E8080-____X0_S00,B1517
92101543,1,1,0,0,00,B,_,4,_,0,_,_,0,0,_,0,0,0,B00T11E____-4000X_0S00,B1076
92305735,1,1,0,0,00,B,0,_,0,_,0,0,_,_,0,_,_,_,B00T11E0000-____X0_S00,B2044
92306338,1,1,0,0,00,B,8,0,0,0,8,8,0,0,_,0,0,0,B00T11E8808-0000X_0S00,B2079
92299351,1,1,0,0,00,B,_,0,_,0,_,_,0,0,_,0,0,0,B00T11E____-0000X_0S00,B1617
92296171,1,1,0,0,00,C,_,3,_,0,_,_,0,0,_,0,0,0,C00T11E____-3000X_0S00,B1449
92129176,1,1,0,_,00,B,7,_,0,_,0,0,_,_,0,_,_,_,B00T11E7000-____X0_S0_,T445
92302794,1,1,0,0,00,B,_,4,_,0,_,_,0,0,_,0,0,0,B00T11E____-4000X_0S00,B1867
92296661,1,1,0,0,00,B,_,4,_,4,_,_,0,0,_,0,0,0,B00T11E____-4040X_0S00,B1476
92295789,1,1,0,0,00,B,_,3,_,4,_,_,0,0,_,0,0,0,B00T11E____-3040X_0S00,B1421
92128930,1,_,0,0,00,B,7,4,0,0,0,0,0,0,0,0,0,0,B00T1_E7000-4000X00S00,T421
92298551,1,1,0,0,00,B,_,0,_,3,_,_,0,0,_,0,0,0,B00T11E____-0030X_0S00,B1575
92301945,1,1,0,0,00,B,0,_,0,_,0,0,_,_,0,_,_,_,B00T11E0000-____X0_S00,B1799
92100934,1,1,0,0,00,B,_,4,_,4,_,_,0,0,_,0,0,0,B00T11E____-4040X_0S00,B1002
92303600,1,1,0,0,00,B,0,_,0,_,0,0,_,_,0,_,_,_,B00T11E0000-____X0_S00,B1924
92306135,1,1,0,0,00,B,_,3,_,0,_,_,0,0,_,0,0,0,B00T11E____-3000X_0S00,B2068
92101098,0,0,0,0,00,B,7,0,8,0,9,0,4,0,0,0,0,0,B00T00E7980-0400X00S00,B1014
92304786,1,1,0,0,00,B,9,3,0,4,9,0,4,0,0,_,_,_,B00T11E9900-3440X0_S00,B1994
92103084,1,1,1,0,00,B,9,_,0,_,0,0,_,_,0,_,_,_,B00T11E9000-____X0_S10,B1301
92101874,1,1,_,0,00,B,_,4,_,5,_,_,4,0,_,0,0,0,B00T11E____-4450X_0S_0,B1124
92128891,_,1,0,0,00,B,,,,,,,,,,,,,B00T_1Enannannannan-nannannannanXnannanS00,T417
92305427,0,1,0,0,00,B,0,4,0,0,0,0,0,0,0,0,0,0,B00T01E0000-4000X00S00,B2028
92127304,1,1,0,0,00,B,0,_,0,_,0,0,_,_,0,_,_,_,B00T11E0000-____X0_S00,T1162
92128684,1,1,0,_,00,B,_,4,_,0,_,_,0,0,_,0,0,0,B00T11E____-4000X_0S0_,T383
92301517,1,1,0,0,00,B,_,4,_,4,_,_,0,0,_,0,0,0,B00T11E____-4040X_0S00,B1780
92129004,1,1,0,0,00,B,8,_,9,0,0,0,_,0,0,_,_,_,B00T11E8090-__00X0_S00,T431
92127091,1,1,0,0,00,B,_,0,_,0,_,_,4,0,_,0,0,0,B00T11E____-0400X_0S00,T1086
92129803,1,1,0,0,00,B,0,_,0,_,0,0,_,_,0,_,_,_,B00T11E0000-____X0_S00,T546
92300343,1,1,0,0,00,B,9,0,8,0,0,0,0,0,0,_,_,_,B00T11E9080-0000X0_S00,B1688
92128301,1,1,0,0,00,B,0,0,0,0,0,0,0,0,0,0,0,0,B00T11E0000-0000X00S00,T320
92128773,1,_,_,_,00,B,0,0,0,0,0,0,0,0,0,_,_,_,B00T1_E0000-0000X0_S__,T398
92101095,1,0,0,0,20,_,0,3,0,0,0,0,0,0,_,0,0,0,_20T10E0000-3000X_0S00,B1014
92129357,1,1,0,0,00,B,0,0,0,0,8,0,3,5,0,0,0,0,B00T11E0800-0305X00S00,T471
92127259,_,_,0,0,00,B,_,4,_,5,_,_,4,0,_,_,_,_,B00T__E____-4450X__S00,T1147
92102062,_,1,0,0,00,B,0,3,0,4,0,0,4,0,_,0,0,0,B00T_1E0000-3440X_0S00,B1146
92101023,1,1,0,0,00,B,9,4,0,5,0,0,0,0,0,0,0,0,B00T11E9000-4050X00S00,B1009
92101799,1,1,0,0,00,B,_,0,_,0,_,_,4,0,_,0,0,0,B00T11E____-0400X_0S00,B1114
92102822,1,1,1,0,00,B,_,4,_,5,_,_,3,0,_,0,0,0,B00T11E____-4350X_0S10,B1261
92101945,1,1,0,0,00,B,_,0,_,0,_,_,4,0,_,0,0,0,B00T11E____-0400X_0S00,B1133
92304912,_,_,0,0,00,B,_,4,_,0,_,_,0,0,_,0,0,0,B00T__E____-4000X_0S00,B2002
92129808,1,1,0,0,00,B,0,_,0,_,0,0,_,_,0,_,_,_,B00T11E0000-____X0_S00,T547
92100899,1,1,0,0,00,B,_,3,_,4,_,_,0,0,_,0,0,0,B00T11E____-3040X_0S00,B1001
92129206,1,1,0,0,00,B,9,_,8,_,8,8,_,_,0,_,_,_,B00T11E9888-____X0_S00,T450
92129947,1,1,0,0,20,B,0,0,0,0,7,0,5,0,0,_,_,_,B20T11E0700-0500X0_S00,T576
92102108,_,1,0,0,00,B,8,4,0,0,7,0,0,0,_,0,0,0,B00T_1E8700-4000X_0S00,B1153
92126908,1,_,0,0,00,B,0,_,0,_,0,0,_,_,0,_,_,_,B00T1_E0000-____X0_S00,T1028
92129095,1,1,0,0,00,B,9,_,8,_,0,0,_,_,0,_,_,_,B00T11E9080-____X0_S00,T438
92127295,1,1,0,_,00,B,_,0,_,0,_,_,0,0,_,0,0,0,B00T11E____-0000X_0S0_,T1159
92304600,_,1,0,0,00,B,_,3,_,4,_,_,0,0,_,0,0,0,B00T_1E____-3040X_0S00,B1984
92127891,1,_,0,0,00,B,0,_,0,_,0,0,_,_,0,_,_,_,B00T1_E0000-____X0_S00,T1328
92103120,1,1,0,0,00,B,7,5,0,4,0,0,0,0,0,0,0,0,B00T11E7000-5040X00S00,B1308
92101113,1,1,0,0,00,B,9,3,0,0,8,0,4,0,0,_,_,_,B00T11E9800-3400X0_S00,B1016
92129597,_,_,1,_,00,B,8,_,8,0,8,0,_,0,0,_,_,_,B00T__E8880-__00X0_S1_,T512
92302113,1,1,0,0,00,B,_,3,_,4,_,_,0,0,_,0,0,0,B00T11E____-3040X_0S00,B1812
92300037,1,1,0,0,00,B,0,0,0,0,9,8,0,0,0,0,0,0,B00T11E0908-0000X00S00,B1670
92101709,1,1,0,0,00,C,8,0,0,0,9,0,0,0,0,0,0,0,C00T11E8900-0000X00S00,B1102
92128652,1,1,0,0,00,B,_,0,_,0,_,_,0,0,_,0,0,0,B00T11E____-0000X_0S00,T379
92126866,1,1,0,0,00,B,0,4,0,0,0,0,0,0,_,0,0,0,B00T11E0000-4000X_0S00,T1016
92102488,1,1,0,0,20,B,7,5,0,4,0,0,5,3,0,_,_,_,B20T11E7000-5543X0_S00,B1209
92299535,1,1,0,0,00,B,7,_,9,_,7,8,_,_,0,_,_,_,B00T11E7798-____X0_S00,B1630
92129109,1,1,0,0,00,B,7,_,9,_,0,0,_,_,0,_,_,_,B00T11E7090-____X0_S00,T439
92129791,1,1,0,0,00,B,9,3,0,0,0,0,0,0,0,0,0,0,B00T11E9000-3000X00S00,T544
92127639,1,1,0,0,00,B,9,_,8,_,0,0,_,_,0,_,_,_,B00T11E9080-____X0_S00,T1252
92129801,1,1,0,0,00,B,9,_,8,_,0,0,_,_,0,_,_,_,B00T11E9080-____X0_S00,T545
92300067,1,1,_,0,00,B,9,3,0,4,0,0,4,0,0,0,0,0,B00T11E9000-3440X00S_0,B1672
92301849,1,1,0,0,00,B,_,4,_,3,_,_,0,0,_,0,0,0,B00T11E____-4030X_0S00,B1792
92128496,_,_,0,0,00,B,9,_,0,_,0,0,_,_,0,_,_,_,B00T__E9000-____X0_S00,T356
92102745,1,1,0,_,00,B,7,5,0,0,0,0,0,0,0,0,0,0,B00T11E7000-5000X00S0_,B1257
92303269,1,1,0,0,00,B,_,4,_,4,_,_,0,0,_,0,0,0,B00T11E____-4040X_0S00,B1901
92303865,1,_,0,_,00,B,8,_,8,_,0,0,_,_,0,_,_,_,B00T1_E8080-____X0_S0_,B1937
92101341,1,1,0,0,00,B,0,3,0,0,0,0,0,0,0,0,0,0,B00T11E0000-3000X00S00,B1042
92101623,1,1,0,0,00,B,8,4,0,3,0,0,0,0,0,0,0,0,B00T11E8000-4030X00S00,B1087
92103256,1,1,0,_,00,B,_,4,_,5,_,_,0,0,_,0,0,0,B00T11E____-4050X_0S0_,B1327
92101748,1,1,0,0,00,B,_,0,_,0,_,_,0,0,_,0,0,0,B00T11E____-0000X_0S00,B1107
92101531,1,1,0,0,00,B,0,0,0,0,9,0,3,0,0,0,0,0,B00T11E0900-0300X00S00,B1074
92129852,_,_,0,_,00,B,8,_,8,_,0,0,_,_,0,_,_,_,B00T__E8080-____X0_S0_,T555
92103134,1,1,0,0,00,B,7,0,0,0,0,0,0,0,_,0,0,0,B00T11E7000-0000X_0S00,B1309
92296270,1,_,_,0,20,B,7,_,8,_,0,0,_,_,0,_,_,_,B20T1_E7080-____X0_S_0,B1452
92102484,1,1,0,0,00,B,8,3,0,3,9,7,0,0,0,0,0,0,B00T11E8907-3030X00S00,B1208
92297393,1,1,0,0,00,B,0,_,0,_,0,0,_,_,0,_,_,_,B00T11E0000-____X0_S00,B1514
92103281,1,1,0,0,00,C,_,0,_,0,_,_,0,0,_,0,0,0,C00T11E____-0000X_0S00,B1331
92102286,1,1,0,0,00,B,9,0,0,0,7,0,0,0,0,0,0,0,B00T11E9700-0000X00S00,B1179
92127075,_,_,_,0,00,B,_,3,_,0,_,_,0,0,_,0,0,0,B00T__E____-3000X_0S_0,T1081
92100901,1,1,0,0,00,B,7,3,0,4,7,8,0,0,_,0,0,0,B00T11E7708-3040X_0S00,B1001
92126971,1,1,0,0,00,B,0,_,0,_,0,0,_,_,0,_,_,_,B00T11E0000-____X0_S00,T1047
92302929,1,1,0,0,00,B,7,4,7,0,0,0,3,0,0,0,0,0,B00T11E7070-4300X00S00,B1879
92103019,1,1,0,0,00,B,0,_,0,_,0,0,_,_,0,_,_,_,B00T11E0000-____X0_S00,B1291
92304943,1,1,0,0,00,B,_,3,_,4,_,_,0,0,_,0,0,0,B00T11E____-3040X_0S00,B2003
92129908,1,1,0,0,00,B,_,0,_,0,_,_,0,0,_,0,0,0,B00T11E____-0000X_0S00,T566
92298190,1,1,0,0,00,B,0,_,0,_,0,0,_,_,0,_,_,_,B00T11E0000-____X0_S00,B1556
92128292,1,1,1,0,00,B,_,3,_,4,_,_,3,0,_,0,0,0,B00T11E____-3340X_0S10,T317
92302606,1,1,0,0,00,B,0,0,0,0,0,0,0,0,0,0,0,0,B00T11E0000-0000X00S00,B1855
92101797,1,1,0,0,00,B,8,_,0,_,0,0,_,_,0,_,_,_,B00T11E8000-____X0_S00,B1114
92101405,1,1,0,0,00,B,8,_,0,_,0,0,_,_,0,_,_,_,B00T11E8000-____X0_S00,B1057
92128875,_,1,0,0,00,B,0,_,0,_,0,0,_,_,0,_,_,_,B00T_1E0000-____X0_S00,T415
92303203,1,1,1,0,00,B,9,3,9,0,0,0,0,0,0,0,0,0,B00T11E9090-3000X00S10,B1896
92102690,1,_,0,0,00,B,0,4,0,0,0,0,0,0,0,0,0,0,B00T1_E0000-4000X00S00,B1244
92128362,1,1,0,0,00,B,7,5,0,0,0,0,5,4,0,_,_,_,B00T11E7000-5504X0_S00,T335
92302663,1,1,0,0,00,B,8,4,0,0,0,0,0,0,0,_,_,_,B00T11E8000-4000X0_S00,B1858
92101962,1,1,0,0,00,B,9,0,0,0,9,0,0,0,0,0,0,0,B00T11E9900-0000X00S00,B1136
92102763,1,1,0,0,00,B,0,0,0,0,0,0,0,0,0,_,_,_,B00T11E0000-0000X0_S00,B1258
92305053,1,1,0,0,00,B,0,0,0,0,0,0,0,0,0,0,0,0,B00T11E0000-0000X00S00,B2009
92102020,1,1,0,0,00,B,9,3,9,4,9,0,4,4,0,0,0,0,B00T11E9990-3444X00S00,B1142
92127140,1,1,0,0,00,B,_,0,_,0,_,_,0,0,_,0,0,0,B00T11E____-0000X_0S00,T1103
92129755,1,1,0,0,00,B,0,4,0,0,0,0,3,0,0,0,0,0,B00T11E0000-4300X00S00,T537
92295989,1,1,0,0,00,B,8,_,0,_,0,0,_,_,0,_,_,_,B00T11E8000-____X0_S00,B1436
92296319,1,1,0,0,00,B,_,4,_,3,_,_,0,0,_,0,0,0,B00T11E____-4030X_0S00,B1456
92129163,1,1,0,0,00,B,9,_,8,_,0,0,_,_,0,_,_,_,B00T11E9080-____X0_S00,T443
92296776,1,1,0,0,00,B,_,3,_,0,_,_,0,0,_,0,0,0,B00T11E____-3000X_0S00,B1483
92101086,1,1,0,0,00,B,8,_,0,_,7,0,_,_,0,_,_,_,B00T11E8700-____X0_S00,B1013
92129413,1,1,0,0,00,B,8,_,0,_,0,0,_,_,0,_,_,_,B00T11E8000-____X0_S00,T479
92299219,1,1,0,0,00,B,0,0,0,0,0,0,0,0,0,0,0,0,B00T11E0000-0000X00S00,B1606
92303136,1,1,0,0,00,B,0,4,0,5,0,0,4,0,0,0,0,0,B00T11E0000-4450X00S00,B1891
92300481,1,1,0,0,00,B,0,0,0,0,0,0,0,0,0,0,0,0,B00T11E0000-0000X00S00,B1696
92299792,1,1,0,0,00,B,0,4,0,0,0,0,0,0,0,0,0,0,B00T11E0000-4000X00S00,B1653
92102061,_,_,_,_,_,_,9,3,8,4,7,7,3,4,_,0,0,0,__T__E9787-3344X_0S__,B1146
92297309,1,1,0,0,00,B,9,0,7,0,0,0,0,0,0,0,0,0,B00T11E9070-0000X00S00,B1509
92101755,1,1,0,0,00,B,_,3,_,0,_,_,0,0,_,0,0,0,B00T11E____-3000X_0S00,B1109
92296397,_,_,0,0,00,B,0,0,0,0,0,0,0,0,0,0,0,0,B00T__E0000-0000X00S00,B1461
92128410,1,1,_,_,00,B,7,_,8,_,0,0,_,_,0,_,_,_,B00T11E7080-____X0_S__,T344
92128270,1,1,0,0,00,B,7,3,8,4,7,9,0,0,_,0,0,0,B00T11E7789-3040X_0S00,T310
92127673,1,1,0,0,00,B,0,0,0,0,0,0,0,0,0,_,_,_,B00T11E0000-0000X0_S00,T1264
92128045,1,1,0,0,00,B,0,0,0,0,0,0,0,0,_,0,0,0,B00T11E0000-0000X_0S00,T250
92101722,_,_,_,0,00,B,,,,,,,,,,,,,B00T__Enannannannan-nannannannanXnannanS_0,B1103
92126857,1,1,0,0,20,B,7,_,7,_,0,0,_,_,0,_,_,_,B20T11E7070-____X0_S00,T1013
92128886,1,1,0,0,00,B,8,4,9,4,7,9,0,0,_,0,0,0,B00T11E8799-4040X_0S00,T417
92101933,1,1,0,0,00,B,0,0,0,0,0,0,0,0,_,0,0,0,B00T11E0000-0000X_0S00,B1130
92127120,1,1,0,0,00,B,7,0,8,0,0,0,0,0,0,0,0,0,B00T11E7080-0000X00S00,T1096
92128792,1,_,0,0,00,B,8,_,0,_,0,0,_,_,0,_,_,_,B00T1_E8000-____X0_S00,T401
92128348,1,1,0,0,00,B,0,_,0,_,0,0,_,_,0,_,_,_,B00T11E0000-____X0_S00,T331
92127270,1,1,0,_,00,B,0,_,0,_,0,0,_,_,0,_,_,_,B00T11E0000-____X0_S0_,T1152
92302732,_,1,0,0,00,B,7,3,9,4,7,0,0,0,_,0,0,0,B00T_1E7790-3040X_0S00,B1864
92126990,_,1,0,0,00,B,_,0,_,0,_,_,0,0,_,0,0,0,B00T_1E____-0000X_0S00,T1052
92297955,1,1,0,0,00,B,0,0,0,0,0,0,0,0,0,_,_,_,B00T11E0000-0000X0_S00,B1542
92101283,0,1,0,0,00,B,0,5,0,0,0,0,4,5,0,_,_,_,B00T01E0000-5405X0_S00,B1036
92127392,1,1,0,0,00,B,8,4,0,5,0,0,0,0,0,0,0,0,B00T11E8000-4050X00S00,T1185
92295893,1,1,0,0,00,B,0,0,0,0,0,0,0,0,0,0,0,0,B00T11E0000-0000X00S00,B1430
92128957,1,_,_,0,00,B,8,_,0,_,0,0,_,_,0,_,_,_,B00T1_E8000-____X0_S_0,T423
92129090,1,1,0,_,00,B,9,0,0,0,8,0,0,0,0,0,0,0,B00T11E9800-0000X00S0_,T437
92102074,_,1,0,0,00,B,_,3,_,4,_,_,3,4,_,0,0,0,B00T_1E____-3344X_0S00,B1146
92101361,1,1,0,0,00,B,0,4,0,0,8,8,0,0,0,0,0,0,B00T11E0808-4000X00S00,B1045
92128678,1,1,0,0,00,B,_,4,_,3,_,_,0,0,_,0,0,0,B00T11E____-4030X_0S00,T382
92103129,1,1,0,0,00,B,9,_,9,_,0,0,_,_,0,_,_,_,B00T11E9090-____X0_S00,B1309
92302187,0,0,0,0,20,B,7,0,0,0,0,0,0,0,0,0,0,0,B20T00E7000-0000X00S00,B1818
92301512,1,1,0,0,00,B,_,3,_,4,_,_,0,0,_,0,0,0,B00T11E____-3040X_0S00,B1780
92101209,1,1,0,0,00,B,8,0,0,0,0,0,0,0,0,0,0,0,B00T11E8000-0000X00S00,B1029
92300062,1,1,0,0,00,B,0,4,0,0,0,0,3,4,_,0,0,0,B00T11E0000-4304X_0S00,B1672
92129676,1,1,0,0,00,B,_,0,_,0,_,_,0,0,_,0,0,0,B00T11E____-0000X_0S00,T522
92126979,1,1,0,0,00,B,0,4,0,0,0,0,0,0,_,0,0,0,B00T11E0000-4000X_0S00,T1050
92301086,1,1,0,0,00,B,_,0,_,0,_,_,0,0,_,0,0,0,B00T11E____-0000X_0S00,B1745
92127996,1,_,0,0,00,B,0,_,0,_,0,0,_,_,0,_,_,_,B00T1_E0000-____X0_S00,T219
92297687,1,1,0,0,00,B,8,0,0,0,0,0,0,0,0,_,_,_,B00T11E8000-0000X0_S00,B1531
92102620,1,1,_,_,00,B,_,0,_,0,_,_,4,0,_,0,0,0,B00T11E____-0400X_0S__,B1228
92102037,1,1,0,0,00,B,8,_,9,_,0,0,_,_,0,_,_,_,B00T11E8090-____X0_S00,B1143
92127124,1,1,0,0,00,B,_,4,_,5,_,_,0,0,_,0,0,0,B00T11E____-4050X_0S00,T1097
92128267,1,1,0,0,00,B,_,3,_,0,_,_,0,0,_,0,0,0,B00T11E____-3000X_0S00,T310
92102150,1,_,0,0,00,B,0,_,0,_,0,0,_,_,0,_,_,_,B00T1_E0000-____X0_S00,B1155
92101738,_,1,0,0,00,B,_,3,_,0,_,_,0,0,_,0,0,0,B00T_1E____-3000X_0S00,B1105
92101164,1,1,0,0,00,B,8,4,0,5,0,0,0,0,0,_,_,_,B00T11E8000-4050X0_S00,B1020
92102145,1,1,0,0,00,B,_,3,_,3,_,_,0,0,_,0,0,0,B00T11E____-3030X_0S00,B1154
92101886,1,1,0,0,00,B,7,0,0,0,0,0,0,0,0,0,0,0,B00T11E7000-0000X00S00,B1126
92127084,_,1,0,0,00,B,0,_,0,_,0,0,_,_,0,_,_,_,B00T_1E0000-____X0_S00,T1083
92127186,_,1,0,0,00,B,_,0,_,0,_,_,0,0,_,0,0,0,B00T_1E____-0000X_0S00,T1122
92103333,1,1,0,0,00,B,0,0,0,0,0,0,0,0,0,0,0,0,B00T11E0000-0000X00S00,B1342
92101944,1,1,1,1,00,B,8,5,0,0,0,0,0,0,0,0,0,0,B00T11E8000-5000X00S11,B1133
92102161,1,1,0,_,00,B,9,_,0,_,0,0,_,_,0,_,_,_,B00T11E9000-____X0_S0_,B1156
92102385,1,1,0,0,20,B,9,0,0,0,0,0,0,0,0,0,0,0,B20T11E9000-0000X00S00,B1193
92128195,_,1,_,0,00,B,_,5,_,3,_,_,0,0,_,0,0,0,B00T_1E____-5030X_0S_0,T283
92129132,1,_,0,0,_,_,0,_,0,_,0,0,_,_,0,_,_,_,__T1_E0000-____X0_S00,T441
92101254,1,1,0,0,00,B,_,3,_,4,_,_,0,0,_,0,0,0,B00T11E____-3040X_0S00,B1034
92127944,1,1,0,0,00,B,9,3,8,5,0,0,0,0,0,0,0,0,B00T11E9080-3050X00S00,T208
92299664,1,1,0,0,00,B,9,_,0,_,0,0,_,_,0,_,_,_,B00T11E9000-____X0_S00,B1642
92129516,1,1,_,0,00,B,0,_,0,_,0,0,_,_,0,_,_,_,B00T11E0000-____X0_S_0,T495
92102698,_,1,0,0,00,C,_,0,_,0,_,_,0,0,_,0,0,0,C00T_1E____-0000X_0S00,B1247
92100963,1,1,0,0,00,B,0,0,0,0,0,0,0,0,0,0,0,0,B00T11E0000-0000X00S00,B1005
92101588,1,1,0,0,00,B,_,4,_,4,_,_,0,0,_,0,0,0,B00T11E____-4040X_0S00,B1082
92127503,1,1,0,0,00,B,9,3,0,5,9,0,5,5,0,_,_,_,B00T11E9900-3555X0_S00,T1217
92127566,1,_,0,0,00,B,0,_,0,_,0,0,_,_,0,_,_,_,B00T1_E0000-____X0_S00,T1234
92101099,0,0,0,0,00,B,_,3,_,4,_,_,3,0,_,0,0,0,B00T00E____-3340X_0S00,B1014
92301185,1,_,_,_,00,B,9,_,0,_,9,0,_,_,0,_,_,_,B00T1_E9900-____X0_S__,B1753
92304141,1,1,0,_,00,B,7,0,0,0,0,0,0,0,0,0,0,0,B00T11E7000-0000X00S0_,B1954
92297276,1,1,0,0,00,B,_,5,_,0,_,_,0,0,_,0,0,0,B00T11E____-5000X_0S00,B1505
92127813,1,_,0,0,00,B,_,0,_,0,_,_,0,0,_,0,0,0,B00T1_E____-0000X_0S00,T1307
92299949,1,_,0,0,00,B,0,0,0,0,0,0,0,0,_,0,0,0,B00T1_E0000-0000X_0S00,B1662
92297562,1,1,0,0,00,B,0,4,0,0,0,0,0,0,0,0,0,0,B00T11E0000-4000X00S00,B1522
92128738,1,1,0,0,00,B,0,0,0,0,0,0,0,0,_,0,0,0,B00T11E0000-0000X_0S00,T391
92127707,1,1,0,0,00,B,_,3,_,0,_,_,0,0,_,0,0,0,B00T11E____-3000X_0S00,T1277
92103254,1,1,0,0,00,B,9,_,0,_,0,0,_,_,0,_,_,_,B00T11E9000-____X0_S00,B1327
92101651,1,1,0,0,00,B,0,0,0,0,0,0,0,0,0,0,0,0,B00T11E0000-0000X00S00,B1094
92129598,1,_,_,0,00,B,7,_,7,_,9,0,_,_,0,_,_,_,B00T1_E7970-____X0_S_0,T513
92127815,1,1,0,0,00,B,0,0,0,0,0,0,0,0,0,0,0,0,B00T11E0000-0000X00S00,T1307
92126847,_,_,_,0,00,B,0,4,0,0,0,0,0,0,_,0,0,0,B00T__E0000-4000X_0S_0,T1011
92126944,_,1,0,0,00,B,_,4,_,3,_,_,0,0,_,0,0,0,B00T_1E____-4030X_0S00,T1041
92298965,1,1,0,0,00,B,8,4,8,5,0,0,0,0,0,0,0,0,B00T11E8080-4050X00S00,B1593
92103361,1,1,0,0,00,B,0,_,0,_,0,0,_,_,0,_,_,_,B00T11E0000-____X0_S00,B1350
92102657,1,1,0,_,00,B,8,4,9,0,0,0,0,0,0,0,0,0,B00T11E8090-4000X00S0_,B1239
92303998,1,1,0,0,00,B,8,4,9,0,7,9,0,0,_,0,0,0,B00T11E8799-4000X_0S00,B1946
92102012,_,_,_,_,00,B,8,4,0,4,0,0,0,0,0,0,0,0,B00T__E8000-4040X00S__,B1142
92127119,1,1,0,0,00,B,7,4,8,3,0,0,0,0,0,_,_,_,B00T11E7080-4030X0_S00,T1096
92305268,1,1,0,0,00,B,8,3,0,0,0,0,0,0,_,0,0,0,B00T11E8000-3000X_0S00,B2019
92300737,1,1,0,0,00,B,_,0,_,0,_,_,4,0,_,0,0,0,B00T11E____-0400X_0S00,B1714
92127331,1,1,0,_,00,B,_,5,_,0,_,_,0,0,_,0,0,0,B00T11E____-5000X_0S0_,T1171
92103485,1,_,_,0,00,B,8,_,0,_,0,0,_,_,0,_,_,_,B00T1_E8000-____X0_S_0,B1372
92102947,_,1,0,0,00,B,_,3,_,4,_,_,4,0,_,0,0,0,B00T_1E____-3440X_0S00,B1278
92103525,1,1,0,0,00,B,_,3,_,0,_,_,0,0,_,0,0,0,B00T11E____-3000X_0S00,B1376
92128094,1,1,0,0,00,B,0,0,0,0,0,0,0,0,_,0,0,0,B00T11E0000-0000X_0S00,T257
92127313,1,1,0,0,00,B,0,0,0,0,0,0,0,0,0,0,0,0,B00T11E0000-0000X00S00,T1164
92306104,1,1,0,0,00,B,0,0,0,0,0,0,3,3,0,0,0,0,B00T11E0000-0303X00S00,B2067
92102228,1,1,0,0,00,B,_,5,_,0,_,_,0,0,_,0,0,0,B00T11E____-5000X_0S00,B1165
92295567,1,1,0,0,00,B,0,_,0,_,0,0,_,_,0,_,_,_,B00T11E0000-____X0_S00,B1406
92128171,1,1,0,0,00,B,_,0,_,0,_,_,0,0,_,0,0,0,B00T11E____-0000X_0S00,T278
92300738,1,1,0,_,00,B,0,4,0,5,0,0,4,0,0,0,0,0,B00T11E0000-4450X00S0_,B1714
92128150,1,1,0,0,00,B,0,4,0,0,9,0,0,0,0,_,_,_,B00T11E0900-4000X0_S00,T272
92305500,1,1,0,_,00,B,9,_,0,_,0,0,_,_,0,_,_,_,B00T11E9000-____X0_S0_,B2033
92128287,1,1,0,_,00,B,0,0,0,0,0,0,0,0,0,0,0,0,B00T11E0000-0000X00S0_,T316
92102461,1,1,0,0,00,B,0,_,0,_,0,0,_,_,0,_,_,_,B00T11E0000-____X0_S00,B1205
92102268,_,1,0,_,00,B,7,4,0,0,0,0,0,0,0,0,0,0,B00T_1E7000-4000X00S0_,B1175
92128821,1,1,0,0,00,B,9,3,8,4,9,7,0,0,_,0,0,0,B00T11E9987-3040X_0S00,T405
92300066,1,1,0,0,00,B,_,3,_,0,_,_,3,4,_,0,0,0,B00T11E____-3304X_0S00,B1672
92127395,1,_,0,0,00,B,0,0,0,0,0,0,0,0,0,_,_,_,B00T1_E0000-0000X0_S00,T1186
92305343,_,1,0,0,00,B,_,3,_,0,_,_,0,0,_,0,0,0,B00T_1E____-3000X_0S00,B2023
92126935,_,_,0,0,00,B,0,4,0,0,0,0,0,0,0,0,0,0,B00T__E0000-4000X00S00,T1039
92101022,1,1,1,0,00,B,_,4,_,3,_,_,0,0,_,0,0,0,B00T11E____-4030X_0S10,B1008
92128378,_,1,_,0,00,B,_,4,_,4,_,_,4,0,_,0,0,0,B00T_1E____-4440X_0S_0,T335
92304635,1,1,0,0,00,B,9,0,9,0,0,0,0,0,0,_,_,_,B00T11E9090-0000X0_S00,B1987
92295965,1,1,0,0,00,B,8,0,0,0,0,0,0,0,0,_,_,_,B00T11E8000-0000X0_S00,B1434
92296462,1,_,0,_,00,B,0,5,0,0,0,0,0,0,_,0,0,0,B00T1_E0000-5000X_0S0_,B1464
92127210,1,1,0,0,00,B,0,4,0,0,0,0,0,0,_,0,0,0,B00T11E0000-4000X_0S00,T1132
92129525,1,1,0,0,00,B,8,0,8,0,8,8,4,0,0,0,0,0,B00T11E8888-0400X00S00,T496
92129912,1,1,0,0,00,B,0,0,0,0,0,0,0,0,0,_,_,_,B00T11E0000-0000X0_S00,T567
92299496,1,1,0,0,00,B,_,5,_,3,_,_,0,0,_,0,0,0,B00T11E____-5030X_0S00,B1628
92297494,1,1,0,0,00,B,0,_,0,_,0,9,_,_,0,_,_,_,B00T11E0009-____X0_S00,B1518
92127526,_,_,0,0,00,B,8,_,9,_,0,0,_,_,0,_,_,_,B00T__E8090-____X0_S00,T1223
92302074,1,1,0,0,00,B,_,3,_,0,_,_,0,0,_,0,0,0,B00T11E____-3000X_0S00,B1808
92129573,_,_,0,_,00,B,_,0,_,0,_,_,0,0,_,_,_,_,B00T__E____-0000X__S0_,T507
92101476,1,1,0,0,00,B,9,4,0,0,0,0,0,0,_,0,0,0,B00T11E9000-4000X_0S00,B1067
92128710,1,1,0,0,00,B,_,0,_,0,_,_,0,0,_,0,0,0,B00T11E____-0000X_0S00,T386
92102706,_,1,0,0,00,B,_,3,_,5,_,_,0,0,_,0,0,0,B00T_1E____-3050X_0S00,B1249
92127345,1,_,0,0,00,B,8,0,7,0,0,0,0,0,_,0,0,0,B00T1_E8070-0000X_0S00,T1176
92129229,1,1,0,0,00,B,_,3,0,5,_,0,0,0,_,0,0,0,B00T11E__00-3050X_0S00,T452
92101507,1,1,0,0,00,B,9,4,8,5,0,0,0,0,0,0,0,0,B00T11E9080-4050X00S00,B1070
92300333,1,1,0,0,00,B,_,5,_,0,_,_,4,0,_,0,0,0,B00T11E____-5400X_0S00,B1687
92103132,1,1,0,0,00,B,_,0,_,0,_,_,0,0,_,0,0,0,B00T11E____-0000X_0S00,B1309
92129332,1,1,0,0,00,B,9,0,7,5,0,0,5,0,0,0,0,0,B00T11E9070-0550X00S00,T468
92127093,1,1,_,0,00,B,_,0,_,0,_,_,4,0,_,0,0,0,B00T11E____-0400X_0S_0,T1086
92296796,1,1,0,0,00,B,0,_,0,_,0,0,_,_,0,_,_,_,B00T11E0000-____X0_S00,B1483
92102543,1,1,0,0,00,B,8,4,7,0,9,0,3,0,0,0,0,0,B00T11E8970-4300X00S00,B1217
92128481,1,1,0,0,00,B,8,3,7,5,7,8,0,0,_,0,0,0,B00T11E8778-3050X_0S00,T355
92128610,1,1,0,0,00,B,0,_,0,_,0,0,_,_,0,_,_,_,B00T11E0000-____X0_S00,T374
92304095,1,1,0,0,00,B,9,0,9,0,8,8,0,0,_,0,0,0,B00T11E9898-0000X_0S00,B1952
92295633,_,1,0,0,00,B,_,4,_,0,_,_,0,0,_,0,0,0,B00T_1E____-4000X_0S00,B1407
92102567,1,1,0,_,00,B,_,3,_,0,_,_,0,0,_,0,0,0,B00T11E____-3000X_0S0_,B1220
92304787,1,_,0,_,00,B,9,_,7,_,0,0,_,_,0,_,_,_,B00T1_E9070-____X0_S0_,B1994
92102861,1,1,0,0,00,B,9,4,0,5,7,0,5,5,0,_,_,_,B00T11E9700-4555X0_S00,B1264
92102523,1,1,0,0,00,B,0,3,0,0,0,0,0,0,0,0,0,0,B00T11E0000-3000X00S00,B1215
92102554,1,1,0,0,00,B,_,5,_,0,_,_,0,0,_,0,0,0,B00T11E____-5000X_0S00,B1219
92100862,_,1,0,0,00,B,_,3,_,4,_,_,0,0,_,0,0,0,B00T_1E____-3040X_0S00,B1000
92101046,1,1,0,0,00,B,_,5,_,0,_,_,4,0,_,0,0,0,B00T11E____-5400X_0S00,B1011
92129870,1,1,0,0,00,B,9,0,7,0,0,0,0,0,0,_,_,_,B00T11E9070-0000X0_S00,T557
92100946,_,1,0,0,00,B,_,4,_,3,_,_,4,0,_,0,0,0,B00T_1E____-4430X_0S00,B1003
92100953,1,1,0,0,00,B,0,_,0,_,0,0,_,_,0,_,_,_,B00T11E0000-____X0_S00,B1004
92295526,1,1,0,0,00,B,_,0,_,0,_,_,0,0,_,0,0,0,B00T11E____-0000X_0S00,B1404
92127752,1,1,0,0,00,B,7,4,0,3,0,0,0,0,_,0,0,0,B00T11E7000-4030X_0S00,T1287
92102391,1,1,_,0,00,B,8,_,0,_,0,0,_,_,0,_,_,_,B00T11E8000-____X0_S_0,B1195
92128520,_,_,0,0,00,B,_,0,_,0,_,_,0,0,_,0,0,0,B00T__E____-0000X_0S00,T359
92128014,1,0,0,0,00,B,_,0,_,3,_,_,0,0,_,0,0,0,B00T10E____-0030X_0S00,T221
92101161,1,1,0,0,00,B,8,_,0,_,0,0,_,_,0,_,_,_,B00T11E8000-____X0_S00,B1020
92129364,1,1,0,_,00,B,0,3,0,4,0,0,3,4,0,_,_,_,B00T11E0000-3344X0_S0_,T472
92128238,_,1,0,0,00,B,_,5,_,0,_,_,0,0,_,0,0,0,B00T_1E____-5000X_0S00,T298
92128909,1,1,0,0,00,B,8,0,9,0,7,8,0,0,_,0,0,0,B00T11E8798-0000X_0S00,T420
92129696,_,_,0,0,00,B,_,3,_,4,_,_,3,0,_,0,0,0,B00T__E____-3340X_0S00,T525
92302106,1,1,0,0,00,B,7,3,0,4,8,7,0,0,_,0,0,0,B00T11E7807-3040X_0S00,B1812
92126977,1,1,0,0,00,B,0,5,0,0,0,0,0,0,0,_,_,_,B00T11E0000-5000X0_S00,T1049
92128703,1,1,0,0,00,B,0,0,0,0,0,0,0,0,0,0,0,0,B00T11E0000-0000X00S00,T386
92126814,_,1,_,0,00,B,,,,,,,,,,,,,B00T_1Enannannannan-nannannannanXnannanS_0,T1001
92305732,1,1,0,0,00,B,8,4,0,5,0,0,0,0,0,0,0,0,B00T11E8000-4050X00S00,B2044
92100893,1,1,0,0,00,B,9,0,8,0,0,0,0,0,0,0,0,0,B00T11E9080-0000X00S00,B1001
92101653,1,1,0,0,00,B,0,0,0,0,0,0,0,0,0,0,0,0,B00T11E0000-0000X00S00,B1096
92303468,1,1,0,0,00,B,_,4,_,4,_,_,5,3,_,0,0,0,B00T11E____-4543X_0S00,B1912
92296018,1,1,_,0,00,C,_,4,_,5,_,_,3,0,_,0,0,0,C00T11E____-4350X_0S_0,B1441
92103178,_,_,0,0,00,B,0,_,0,_,0,0,_,_,0,_,_,_,B00T__E0000-____X0_S00,B1314
92103450,_,1,0,0,00,B,_,4,_,4,_,_,0,0,_,0,0,0,B00T_1E____-4040X_0S00,B1365
92102279,1,1,_,_,00,B,8,0,9,0,0,0,0,0,0,_,_,_,B00T11E8090-0000X0_S__,B1178
92306373,1,1,0,0,00,B,0,_,0,_,0,0,_,_,0,_,_,_,B00T11E0000-____X0_S00,F1000
92128390,1,_,0,0,00,B,_,3,_,4,_,_,0,0,_,0,0,0,B00T1_E____-3040X_0S00,T338
92127342,1,1,0,0,00,B,8,3,0,3,0,0,3,0,0,0,0,0,B00T11E8000-3330X00S00,T1175
92101620,1,1,0,0,00,B,7,_,8,_,0,0,_,_,0,_,_,_,B00T11E7080-____X0_S00,B1086
92126950,1,1,0,0,00,B,9,_,0,_,8,0,_,_,0,_,_,_,B00T11E9800-____X0_S00,T1041
92129736,1,1,0,0,00,B,_,0,_,0,_,_,0,0,_,0,0,0,B00T11E____-0000X_0S00,T536
92295859,1,1,0,0,00,B,9,_,8,_,0,0,_,_,0,_,_,_,B00T11E9080-____X0_S00,B1429
92302807,_,_,_,_,00,B,_,3,_,0,_,_,0,0,_,0,0,0,B00T__E____-3000X_0S__,B1868
92301560,_,1,0,0,00,B,0,_,0,_,0,0,_,_,0,_,_,_,B00T_1E0000-____X0_S00,B1783
92102997,1,1,0,0,00,B,0,0,0,0,0,0,0,0,0,0,0,0,B00T11E0000-0000X00S00,B1290
92127656,1,1,0,0,00,B,0,0,0,0,0,0,0,0,0,_,_,_,B00T11E0000-0000X0_S00,T1259
92128784,_,1,0,0,00,B,8,_,0,_,0,0,_,_,0,_,_,_,B00T_1E8000-____X0_S00,T400
92296877,1,1,0,0,00,B,_,0,_,0,_,_,0,0,_,0,0,0,B00T11E____-0000X_0S00,B1489
92129126,_,_,_,_,_,_,_,3,_,3,_,_,3,0,_,0,0,0,__T__E____-3330X_0S__,T440
92300103,1,1,0,0,00,B,0,0,0,0,0,0,0,0,0,_,_,_,B00T11E0000-0000X0_S00,B1675
92103167,1,1,0,0,00,B,_,0,_,0,_,_,0,0,_,0,0,0,B00T11E____-0000X_0S00,B1312
92304683,1,_,_,_,00,B,8,_,0,_,0,0,_,_,0,_,_,_,B00T1_E8000-____X0_S__,B1988
92101832,1,1,0,0,00,B,_,5,_,0,_,_,0,0,_,0,0,0,B00T11E____-5000X_0S00,B1121
92103477,1,1,0,0,20,_,8,_,8,_,0,0,_,_,0,_,_,_,_20T11E8080-____X0_S00,B1369
92126835,1,1,0,0,20,B,_,0,_,0,_,_,0,0,_,0,0,0,B20T11E____-0000X_0S00,T1007
92299961,1,1,0,0,20,B,0,3,0,0,0,0,0,0,0,0,0,0,B20T11E0000-3000X00S00,B1663
92128458,1,1,0,0,00,B,_,4,_,4,_,_,0,0,_,0,0,0,B00T11E____-4040X_0S00,T354
92128479,1,1,0,0,00,B,8,3,9,4,7,8,0,0,_,0,0,0,B00T11E8798-3040X_0S00,T355
92101555,_,_,_,0,00,B,0,3,0,0,0,0,0,0,0,0,0,0,B00T__E0000-3000X00S_0,B1077
92128266,1,1,0,0,00,B,_,5,_,3,_,_,0,0,_,0,0,0,B00T11E____-5030X_0S00,T309
92295787,1,1,0,0,00,B,0,_,0,_,0,0,_,_,0,_,_,_,B00T11E0000-____X0_S00,B1421
92101301,1,1,0,0,00,B,0,5,0,0,0,0,0,0,_,0,0,0,B00T11E0000-5000X_0S00,B1038
92101107,1,1,0,0,00,B,8,5,0,4,7,0,0,0,0,0,0,0,B00T11E8700-5040X00S00,B1016
92100918,_,1,0,0,00,B,_,3,_,3,_,_,0,0,_,0,0,0,B00T_1E____-3030X_0S00,B1002
92128988,1,1,0,0,00,B,_,4,_,4,_,_,0,0,_,0,0,0,B00T11E____-4040X_0S00,T428
92301253,1,1,0,_,00,B,0,0,0,0,0,0,0,0,_,0,0,0,B00T11E0000-0000X_0S0_,B1757
92128647,_,1,0,0,00,B,_,3,_,5,_,_,0,0,_,0,0,0,B00T_1E____-3050X_0S00,T378
92127367,1,1,0,0,00,B,8,4,8,0,0,0,0,0,0,0,0,0,B00T11E8080-4000X00S00,T1181
92295999,_,1,0,0,00,B,_,0,_,0,_,_,0,0,_,0,0,0,B00T_1E____-0000X_0S00,B1439
92127926,1,1,0,0,00,B,0,_,0,_,0,0,_,_,0,_,_,_,B00T11E0000-____X0_S00,T203
92103578,1,1,0,0,00,B,9,0,8,0,0,0,0,0,0,0,0,0,B00T11E9080-0000X00S00,B1387
92128716,1,1,0,0,00,B,_,3,_,0,_,_,0,0,_,0,0,0,B00T11E____-3000X_0S00,T386
92305364,1,1,0,_,00,B,,,,,,,,,,,,,B00T11Enannannannan-nannannannanXnannanS0_,B2025
92304906,1,1,0,0,00,B,_,4,_,0,_,_,0,0,_,0,0,0,B00T11E____-4000X_0S00,B2001
92302703,1,1,0,0,00,B,0,0,0,0,0,0,0,0,0,0,0,0,B00T11E0000-0000X00S00,B1862
92129037,1,1,0,0,00,B,_,0,_,0,_,_,0,0,_,0,0,0,B00T11E____-0000X_0S00,T434
92103226,1,1,0,0,20,B,8,_,0,_,0,0,_,_,0,_,_,_,B20T11E8000-____X0_S00,B1321
92129949,1,1,0,0,00,B,0,0,0,0,0,0,0,0,0,0,0,0,B00T11E0000-0000X00S00,T577
92129200,1,_,0,0,00,B,9,0,0,0,0,0,0,0,0,_,_,_,B00T1_E9000-0000X0_S00,T449
92296037,1,1,0,0,00,B,8,3,0,0,0,0,0,0,0,0,0,0,B00T11E8000-3000X00S00,B1443
92297666,1,1,_,_,00,B,8,5,7,0,8,8,5,0,_,0,0,0,B00T11E8878-5500X_0S__,B1529
92127631,1,1,0,0,00,C,0,0,0,0,0,0,0,0,0,0,0,0,C00T11E0000-0000X00S00,T1251
92300492,1,1,0,0,00,B,0,0,0,0,9,8,5,0,0,0,0,0,B00T11E0908-0500X00S00,B1697
92128420,1,1,0,0,00,B,9,5,8,0,0,0,0,0,0,0,0,0,B00T11E9080-5000X00S00,T347
92102616,1,0,0,0,00,B,0,_,0,_,0,0,_,_,0,_,_,_,B00T10E0000-____X0_S00,B1228
92103215,1,1,0,0,00,B,0,3,0,0,0,0,0,0,_,0,0,0,B00T11E0000-3000X_0S00,B1320
92127621,_,_,_,_,_,_,,,,,,,,,,,,,__T__Enannannannan-nannannannanXnannanS__,T1249
92304491,_,1,0,0,00,B,_,3,_,4,_,_,0,0,_,0,0,0,B00T_1E____-3040X_0S00,B1978
92301152,1,1,0,0,00,B,0,_,0,_,0,0,_,_,0,_,_,_,B00T11E0000-____X0_S00,B1750
92302079,1,1,0,0,00,B,8,5,9,4,9,7,4,0,_,0,0,0,B00T11E8997-5440X_0S00,B1809
92295890,1,1,_,0,00,C,9,3,9,3,0,0,0,0,0,0,0,0,C00T11E9090-3030X00S_0,B1429
92305944,_,1,0,0,00,B,_,4,_,3,_,_,0,0,_,0,0,0,B00T_1E____-4030X_0S00,B2060
92297436,1,1,_,0,00,B,8,_,9,_,0,0,_,_,0,_,_,_,B00T11E8090-____X0_S_0,B1517
92303536,1,1,0,0,00,B,0,_,0,_,0,0,_,_,0,_,_,_,B00T11E0000-____X0_S00,B1917
92300375,1,1,0,0,20,B,_,0,_,0,_,_,0,0,_,0,0,0,B20T11E____-0000X_0S00,B1690
92127990,1,1,0,0,00,B,_,0,_,0,_,_,0,0,_,0,0,0,B00T11E____-0000X_0S00,T216
92302265,_,1,0,0,00,B,8,_,7,_,7,0,_,_,0,_,_,_,B00T_1E8770-____X0_S00,B1822
92129271,_,_,0,0,00,B,8,_,8,_,0,0,_,_,0,_,_,_,B00T__E8080-____X0_S00,T457
92303830,1,1,0,1,00,B,8,_,7,_,0,0,_,_,0,_,_,_,B00T11E8070-____X0_S01,B1937
92103417,1,1,0,0,20,B,8,4,0,5,8,0,0,0,0,0,0,0,B20T11E8800-4050X00S00,B1359
92305332,_,_,_,_,_,_,_,5,_,0,_,_,0,0,_,0,0,0,__T__E____-5000X_0S__,B2022
92295445,1,1,_,0,00,B,9,4,0,4,0,0,0,0,0,0,0,0,B00T11E9000-4040X00S_0,B1400
92298559,1,1,0,0,00,B,7,_,9,_,0,0,_,_,0,_,_,_,B00T11E7090-____X0_S00,B1575
92102738,1,1,_,0,00,B,9,_,0,_,0,0,_,_,0,_,_,_,B00T11E9000-____X0_S_0,B1255
92299160,1,1,0,_,00,B,0,0,0,0,7,0,3,4,0,0,0,0,B00T11E0700-0304X00S0_,B1603
92299889,1,1,0,0,00,B,_,3,_,3,_,_,0,0,_,0,0,0,B00T11E____-3030X_0S00,B1659
92297011,1,1,1,0,00,B,_,4,_,4,_,_,0,0,_,0,0,0,B00T11E____-4040X_0S10,B1494
92129997,1,1,0,0,00,B,9,_,9,_,0,0,_,_,0,_,_,_,B00T11E9090-____X0_S00,T585
92129447,1,1,_,0,00,B,9,3,8,4,0,0,4,0,0,0,0,0,B00T11E9080-3440X00S_0,T485
92129514,1,1,0,0,00,B,7,_,0,_,0,0,_,_,0,_,_,_,B00T11E7000-____X0_S00,T495
92298472,1,1,0,0,00,B,9,_,8,_,0,0,_,_,0,_,_,_,B00T11E9080-____X0_S00,B1572
92295696,1,1,0,0,00,B,9,_,8,_,9,8,_,_,0,_,_,_,B00T11E9988-____X0_S00,B1415
92101335,1,1,0,0,00,B,9,0,9,0,9,0,0,0,0,0,0,0,B00T11E9990-0000X00S00,B1042
92103100,1,1,0,0,00,B,_,0,_,0,_,_,0,0,_,0,0,0,B00T11E____-0000X_0S00,B1305
92304177,1,1,0,0,00,B,_,4,_,0,_,_,0,0,_,0,0,0,B00T11E____-4000X_0S00,B1956
92301287,1,1,0,0,00,B,9,5,9,0,9,9,0,0,_,0,0,0,B00T11E9999-5000X_0S00,B1759
92128793,1,_,0,0,00,B,9,_,8,_,7,0,_,_,0,_,_,_,B00T1_E9780-____X0_S00,T401
92129967,1,1,0,0,00,B,0,0,0,0,7,0,5,0,0,0,0,0,B00T11E0700-0500X00S00,T581
92128920,_,_,0,_,00,B,0,_,0,_,0,0,_,_,0,_,_,_,B00T__E0000-____X0_S0_,T421
92101408,1,1,0,0,00,B,_,3,_,4,_,_,0,0,_,0,0,0,B00T11E____-3040X_0S00,B1057
92127715,1,1,0,0,00,B,7,4,9,4,0,0,0,0,0,0,0,0,B00T11E7090-4040X00S00,T1279
92298644,1,1,0,0,00,B,_,0,_,0,_,_,0,0,_,0,0,0,B00T11E____-0000X_0S00,B1579
92297501,1,1,0,0,00,B,_,0,_,0,_,_,0,0,_,0,0,0,B00T11E____-0000X_0S00,B1519
92127628,1,1,0,0,00,B,0,5,0,0,0,0,4,0,0,_,_,_,B00T11E0000-5400X0_S00,T1250
92103261,1,1,0,0,00,B,_,0,_,0,_,_,0,0,_,0,0,0,B00T11E____-0000X_0S00,B1327
92299285,1,1,0,0,00,B,0,3,0,0,0,0,0,0,_,0,0,0,B00T11E0000-3000X_0S00,B1612
92129156,1,1,0,0,00,B,0,4,0,4,0,0,0,0,0,0,0,0,B00T11E0000-4040X00S00,T443
92306232,_,1,_,0,00,B,_,4,_,3,_,_,0,0,_,0,0,0,B00T_1E____-4030X_0S_0,B2073
92101626,1,1,0,0,00,B,0,_,0,_,0,0,_,_,0,_,_,_,B00T11E0000-____X0_S00,B1088
92296947,1,1,0,0,00,B,8,_,0,_,0,0,_,_,0,_,_,_,B00T11E8000-____X0_S00,B1492
92102273,_,_,0,0,00,B,0,3,0,4,0,0,0,0,0,0,0,0,B00T__E0000-3040X00S00,B1176
92127702,1,1,0,0,00,B,0,0,9,0,9,0,0,0,0,0,0,0,B00T11E0990-0000X00S00,T1276
92305823,1,1,0,0,00,B,8,4,0,5,9,0,4,0,0,0,0,0,B00T11E8900-4450X00S00,B2052
92127056,1,1,_,_,00,B,_,0,_,0,_,_,0,0,_,0,0,0,B00T11E____-0000X_0S__,T1074
92102371,1,_,0,0,00,B,8,0,0,0,0,0,0,0,0,_,_,_,B00T1_E8000-0000X0_S00,B1191
92299251,1,1,1,0,00,B,8,0,0,0,0,0,0,0,0,0,0,0,B00T11E8000-0000X00S10,B1609
92101918,1,1,0,0,00,B,_,0,_,0,_,_,0,0,_,0,0,0,B00T11E____-0000X_0S00,B1130
92303661,1,1,0,0,00,B,8,3,9,4,7,9,0,0,_,0,0,0,B00T11E8799-3040X_0S00,B1929
92304519,1,1,0,0,20,B,0,_,0,_,0,0,_,_,0,_,_,_,B20T11E0000-____X0_S00,B1980
92301449,1,1,0,0,00,B,9,3,7,0,8,9,0,0,_,0,0,0,B00T11E9879-3000X_0S00,B1773
92103429,_,1,1,0,00,B,0,_,0,_,8,0,_,_,0,_,_,_,B00T_1E0800-____X0_S10,B1361
92298936,1,_,0,_,00,B,8,4,8,5,0,0,0,0,0,_,_,_,B00T1_E8080-4050X0_S0_,B1593
92128047,_,1,_,_,00,B,_,0,_,0,_,_,0,0,_,0,0,0,B00T_1E____-0000X_0S__,T251
92299099,_,1,0,0,00,B,_,0,_,0,_,_,0,0,_,0,0,0,B00T_1E____-0000X_0S00,B1600
92102930,1,1,0,0,00,B,_,3,_,4,_,_,0,0,_,0,0,0,B00T11E____-3040X_0S00,B1272
92102398,1,1,0,0,00,B,0,4,9,3,9,0,0,0,0,0,0,0,B00T11E0990-4030X00S00,B1197
92102578,_,1,0,0,00,B,7,0,0,0,0,0,0,0,0,_,_,_,B00T_1E7000-0000X0_S00,B1221
92127833,_,1,0,_,00,B,_,3,_,4,_,_,4,0,_,0,0,0,B00T_1E____-3440X_0S0_,T1310
92102262,1,_,0,0,00,B,0,0,0,0,0,0,0,0,0,0,0,0,B00T1_E0000-0000X00S00,B1174
92299143,1,1,0,0,00,B,_,0,_,0,_,_,0,0,_,0,0,0,B00T11E____-0000X_0S00,B1602
92302133,_,_,0,0,00,B,_,4,_,3,_,_,0,0,_,0,0,0,B00T__E____-4030X_0S00,B1814
92305785,1,1,0,0,00,B,0,3,0,0,8,0,0,0,0,0,0,0,B00T11E0800-3000X00S00,B2050
92128978,1,1,0,_,00,B,9,0,0,0,0,0,0,0,0,0,0,0,B00T11E9000-0000X00S0_,T428
92303368,1,1,1,0,00,B,_,4,_,3,_,_,0,0,_,0,0,0,B00T11E____-4030X_0S10,B1909
92102897,1,1,0,0,00,B,9,_,8,_,0,0,_,_,0,_,_,_,B00T11E9080-____X0_S00,B1269
92301850,1,1,_,0,00,B,8,4,7,3,0,0,0,0,0,0,0,0,B00T11E8070-4030X00S_0,B1793
92128243,1,1,0,0,00,B,_,3,_,3,_,_,0,0,_,0,0,0,B00T11E____-3030X_0S00,T301
92129371,1,1,0,0,20,_,9,_,0,_,0,0,_,_,0,_,_,_,_20T11E9000-____X0_S00,T473
92101673,0,_,0,0,00,B,8,_,0,_,0,0,_,_,0,_,_,_,B00T0_E8000-____X0_S00,B1097
92103013,1,1,0,0,00,B,0,_,0,_,0,0,_,_,_,_,_,_,B00T11E0000-____X__S00,B1291
92102064,1,1,0,0,00,B,8,_,9,_,0,0,_,_,0,_,_,_,B00T11E8090-____X0_S00,B1146
92101092,1,1,0,0,00,B,0,0,0,0,0,0,0,0,0,0,0,0,B00T11E0000-0000X00S00,B1013
92126988,1,1,_,_,00,B,0,4,0,5,0,0,0,0,0,0,0,0,B00T11E0000-4050X00S__,T1052
92100958,1,1,0,0,00,B,0,3,0,4,0,0,0,0,0,0,0,0,B00T11E0000-3040X00S00,B1005
92129980,1,1,_,_,00,B,8,4,0,4,0,0,0,0,0,0,0,0,B00T11E8000-4040X00S__,T583
92128285,1,1,0,0,00,B,9,_,9,_,0,0,_,_,0,_,_,_,B00T11E9090-____X0_S00,T315
92302952,_,1,_,0,00,B,9,3,7,5,9,0,3,0,_,0,0,0,B00T_1E9970-3350X_0S_0,B1881
92129786,1,1,0,0,00,B,0,0,0,0,0,0,0,0,0,0,0,0,B00T11E0000-0000X00S00,T543
92103295,1,1,0,0,00,B,_,0,_,5,_,_,0,0,_,0,0,0,B00T11E____-0050X_0S00,B1332
92128760,1,1,0,0,00,B,9,4,8,0,0,0,0,0,0,0,0,0,B00T11E9080-4000X00S00,T396
92301667,1,1,0,0,20,B,9,5,0,0,0,0,0,0,0,0,0,0,B20T11E9000-5000X00S00,B1786
92127730,1,1,0,0,00,B,0,_,0,_,0,0,_,_,0,_,_,_,B00T11E0000-____X0_S00,T1282
92127608,_,_,_,_,_,_,,,,,,,,,,,,,__T__Enannannannan-nannannannanXnannanS__,T1246
92128300,1,1,0,0,00,B,0,0,0,0,0,0,0,0,0,0,0,0,B00T11E0000-0000X00S00,T320
92101461,1,1,0,0,00,B,9,_,0,_,0,0,_,_,0,_,_,_,B00T11E9000-____X0_S00,B1064
92128421,1,1,_,0,00,B,9,5,8,0,9,0,0,0,0,0,0,0,B00T11E9980-5000X00S_0,T347
92100886,1,1,0,0,00,B,_,3,_,4,_,_,0,0,_,0,0,0,B00T11E____-3040X_0S00,B1001
92129170,1,1,0,0,00,B,0,_,0,_,0,0,_,_,0,_,_,_,B00T11E0000-____X0_S00,T444
92305448,1,1,0,0,00,B,0,0,0,0,0,0,0,0,0,0,0,0,B00T11E0000-0000X00S00,B2031
92304976,1,1,0,0,00,B,9,0,8,0,0,0,4,0,0,_,_,_,B00T11E9080-0400X0_S00,B2005
92127658,1,1,0,0,00,B,_,5,_,0,_,_,0,0,_,0,0,0,B00T11E____-5000X_0S00,T1259
92301534,_,1,_,_,00,B,,,,,,,,,,,,,B00T_1Enannannannan-nannannannanXnannanS__,B1782
92296254,1,1,0,0,00,B,9,3,8,4,0,0,0,0,0,0,0,0,B00T11E9080-3040X00S00,B1451
92304192,_,_,0,1,00,B,,,,,,,,,,,,,B00T__Enannannannan-nannannannanXnannanS01,B1957
92102240,1,1,1,0,00,B,_,3,_,0,_,_,3,0,_,0,0,0,B00T11E____-3300X_0S10,B1170
92100950,1,1,0,0,00,B,9,4,0,0,0,0,0,0,0,0,0,0,B00T11E9000-4000X00S00,B1004
92129711,1,1,0,0,00,B,0,0,0,0,0,0,0,0,0,0,0,0,B00T11E0000-0000X00S00,T529
92302948,1,1,0,0,00,B,0,0,0,0,0,0,0,0,0,_,_,_,B00T11E0000-0000X0_S00,B1880
92295596,1,1,0,0,00,B,7,_,0,_,0,0,_,_,0,_,_,_,B00T11E7000-____X0_S00,B1406
92305958,1,1,0,0,00,B,0,3,0,4,8,8,0,0,0,0,0,0,B00T11E0808-3040X00S00,B2061
92101836,1,1,0,0,00,B,0,0,0,0,7,0,0,0,0,0,0,0,B00T11E0700-0000X00S00,B1121
92129120,1,1,0,0,00,B,7,_,9,_,0,0,_,_,0,_,_,_,B00T11E7090-____X0_S00,T439
92297344,1,1,0,0,00,B,0,_,0,_,0,0,_,_,0,_,_,_,B00T11E0000-____X0_S00,B1512
92301354,1,1,1,0,00,B,0,3,0,4,8,0,0,0,0,0,0,0,B00T11E0800-3040X00S10,B1764
92101971,1,1,0,0,00,B,0,_,0,_,0,0,_,_,0,_,_,_,B00T11E0000-____X0_S00,B1136
92129111,1,1,0,0,00,B,9,_,0,_,0,0,_,_,0,_,_,_,B00T11E9000-____X0_S00,T439
92297925,_,_,0,0,00,B,0,3,0,5,0,0,3,0,_,0,0,0,B00T__E0000-3350X_0S00,B1541
92102464,1,1,0,0,00,B,0,0,0,0,0,0,3,0,0,0,0,0,B00T11E0000-0300X00S00,B1205
92298607,1,1,0,0,00,B,8,0,0,0,0,0,0,0,0,0,0,0,B00T11E8000-0000X00S00,B1578
92128842,_,_,_,0,00,B,_,0,_,0,_,_,0,0,_,0,0,0,B00T__E____-0000X_0S_0,T409
92103446,_,1,0,0,00,C,_,4,_,3,_,_,0,0,_,0,0,0,C00T_1E____-4030X_0S00,B1364
92101175,_,1,0,0,00,B,_,4,_,3,_,_,0,0,_,0,0,0,B00T_1E____-4030X_0S00,B1024
92128822,1,1,0,0,00,B,_,4,_,0,_,_,0,0,_,0,0,0,B00T11E____-4000X_0S00,T406
92127555,_,1,0,0,00,B,0,5,0,0,0,0,0,0,_,0,0,0,B00T_1E0000-5000X_0S00,T1230
92102995,1,1,_,_,00,C,_,0,0,0,_,0,0,0,_,0,0,0,C00T11E__00-0000X_0S__,B1290
92102677,1,1,_,0,00,B,8,4,8,0,0,0,0,0,0,0,0,0,B00T11E8080-4000X00S_0,B1241
92103606,_,1,0,0,00,B,9,4,0,0,0,0,0,0,0,0,0,0,B00T_1E9000-4000X00S00,B1391
92100978,1,1,0,0,00,B,8,3,7,4,0,0,0,0,0,0,0,0,B00T11E8070-3040X00S00,B1005
92103579,1,1,0,0,00,B,0,3,0,0,0,0,0,0,0,0,0,0,B00T11E0000-3000X00S00,B1388
92129307,1,1,_,0,00,B,0,_,0,_,0,0,_,_,0,_,_,_,B00T11E0000-____X0_S_0,T465
92300994,1,_,1,0,00,B,9,_,8,_,0,0,_,_,0,_,_,_,B00T1_E9080-____X0_S10,B1737
92303377,1,1,_,0,00,B,9,_,0,_,0,0,_,_,0,_,_,_,B00T11E9000-____X0_S_0,B1910
92129002,_,_,0,0,00,B,_,0,_,0,_,_,0,0,_,0,0,0,B00T__E____-0000X_0S00,T430
92297715,1,1,1,0,00,B,8,0,8,0,0,0,0,0,0,0,0,0,B00T11E8080-0000X00S10,B1532
92102858,_,1,_,0,00,B,_,3,_,5,_,_,0,0,_,0,0,0,B00T_1E____-3050X_0S_0,B1264
92102337,_,1,_,_,20,_,_,0,_,0,_,_,0,0,_,0,0,0,_20T_1E____-0000X_0S__,B1186
92128365,1,1,_,_,00,B,0,3,0,3,0,0,0,0,0,_,_,_,B00T11E0000-3030X0_S__,T335
92129319,_,_,0,0,00,B,0,3,0,5,0,0,4,0,_,0,0,0,B00T__E0000-3450X_0S00,T466
92103068,1,1,0,0,00,B,8,3,0,0,7,0,0,0,_,0,0,0,B00T11E8700-3000X_0S00,B1298
92128892,_,1,0,0,00,B,,,,,,,,,,,,,B00T_1Enannannannan-nannannannanXnannanS00,T417
92127976,1,1,0,0,00,B,9,_,0,_,0,0,_,_,0,_,_,_,B00T11E9000-____X0_S00,T212
92299186,1,_,0,0,00,B,0,4,0,0,0,0,0,0,0,0,0,0,B00T1_E0000-4000X00S00,B1605
92127822,1,1,0,0,00,B,8,0,7,0,0,0,0,0,_,0,0,0,B00T11E8070-0000X_0S00,T1307
92101324,1,1,0,0,00,B,8,5,9,5,8,0,4,3,0,_,_,_,B00T11E8890-5453X0_S00,B1041
92302446,1,_,0,0,00,B,0,0,0,0,0,0,0,0,0,0,0,0,B00T1_E0000-0000X00S00,B1843
92303188,1,1,0,0,20,C,7,4,0,0,0,0,0,0,0,0,0,0,C20T11E7000-4000X00S00,B1895
92101661,1,1,0,0,00,B,9,0,8,0,0,0,0,0,0,_,_,_,B00T11E9080-0000X0_S00,B1096
92101360,1,1,_,0,00,B,0,3,0,4,0,0,0,0,0,0,0,0,B00T11E0000-3040X00S_0,B1044
92102526,1,_,0,0,00,B,9,5,8,4,0,0,3,5,0,_,_,_,B00T1_E9080-5345X0_S00,B1216
92304215,1,_,0,0,00,B,0,_,0,_,0,0,_,_,0,_,_,_,B00T1_E0000-____X0_S00,B1959
92299820,_,_,0,0,00,B,0,_,0,_,8,0,_,_,0,_,_,_,B00T__E0800-____X0_S00,B1655
92127773,1,1,0,0,00,B,0,_,0,_,0,0,_,_,0,_,_,_,B00T11E0000-____X0_S00,T1295
92126823,_,_,0,0,00,B,_,0,_,0,_,_,4,4,_,0,0,0,B00T__E____-0404X_0S00,T1004
92297131,_,_,0,0,00,B,_,4,_,0,_,_,0,0,_,0,0,0,B00T__E____-4000X_0S00,B1498
92129735,1,1,0,0,20,C,8,0,0,0,0,0,0,0,0,0,0,0,C20T11E8000-0000X00S00,T536
92100966,1,1,0,0,00,B,7,0,8,0,7,0,0,0,0,_,_,_,B00T11E7780-0000X0_S00,B1005
92296632,1,1,_,0,00,B,_,3,_,5,_,_,0,0,_,0,0,0,B00T11E____-3050X_0S_0,B1476
92127349,1,1,0,0,00,B,0,_,0,_,0,0,_,_,0,_,_,_,B00T11E0000-____X0_S00,T1177
92303975,1,1,0,0,00,B,_,0,_,0,_,_,0,0,_,0,0,0,B00T11E____-0000X_0S00,B1945
92127784,1,1,0,0,00,B,_,0,_,0,_,_,0,0,_,0,0,0,B00T11E____-0000X_0S00,T1300
92128824,_,1,0,0,00,B,_,4,_,0,_,_,0,0,_,0,0,0,B00T_1E____-4000X_0S00,T406
92101170,1,1,0,0,00,B,0,_,0,_,0,0,_,_,0,_,_,_,B00T11E0000-____X0_S00,B1021
92100938,1,_,0,_,00,B,_,3,_,4,_,_,3,0,_,0,0,0,B00T1_E____-3340X_0S0_,B1002
92304160,1,1,0,0,00,B,8,_,0,_,0,0,_,_,0,_,_,_,B00T11E8000-____X0_S00,B1955
92101954,1,1,0,0,00,B,0,0,0,0,9,0,0,0,0,_,_,_,B00T11E0900-0000X0_S00,B1136
92127910,1,1,0,0,00,B,0,_,0,_,0,0,_,_,0,_,_,_,B00T11E0000-____X0_S00,T182
92295795,1,1,0,0,00,B,0,4,0,0,0,0,3,0,0,_,_,_,B00T11E0000-4300X0_S00,B1422
92129610,0,1,0,0,00,B,0,0,0,0,0,0,0,0,0,0,0,0,B00T01E0000-0000X00S00,T515
92303233,1,1,_,_,00,B,_,3,_,4,_,_,0,0,_,0,0,0,B00T11E____-3040X_0S__,B1898
92128558,1,_,0,0,00,B,9,_,7,_,0,0,_,_,0,_,_,_,B00T1_E9070-____X0_S00,T363
92301321,1,1,0,0,00,B,0,4,0,0,0,0,0,0,_,0,0,0,B00T11E0000-4000X_0S00,B1762
92128707,_,1,0,0,00,B,_,0,_,0,_,_,0,0,_,0,0,0,B00T_1E____-0000X_0S00,T386
92304048,1,1,0,0,00,B,0,_,0,0,0,0,_,0,0,_,_,_,B00T11E0000-__00X0_S00,B1948
92127913,1,1,0,0,00,B,7,4,0,0,0,0,0,0,0,0,0,0,B00T11E7000-4000X00S00,T188
92127900,1,1,0,0,00,B,_,0,_,0,_,_,0,0,_,0,0,0,B00T11E____-0000X_0S00,T1330
92101247,1,1,0,0,00,B,_,3,_,0,_,_,0,0,_,0,0,0,B00T11E____-3000X_0S00,B1033
92127994,1,_,0,0,00,B,8,_,0,_,0,0,_,_,1,_,_,_,B00T1_E8000-____X1_S00,T218
92102163,1,1,0,0,00,B,0,0,0,0,0,0,0,0,_,0,0,0,B00T11E0000-0000X_0S00,B1156
92297237,1,1,0,0,00,B,0,_,0,_,0,0,_,_,0,_,_,_,B00T11E0000-____X0_S00,B1502
92101636,1,1,0,0,00,B,9,3,0,5,0,0,4,0,0,0,0,0,B00T11E9000-3450X00S00,B1091
92103533,_,1,0,0,20,B,8,_,9,_,9,0,_,_,0,_,_,_,B20T_1E8990-____X0_S00,B1378
92102769,1,1,0,0,00,B,0,_,0,_,0,0,_,_,0,_,_,_,B00T11E0000-____X0_S00,B1258
92102389,1,1,0,0,00,B,_,3,_,0,_,_,0,0,_,0,0,0,B00T11E____-3000X_0S00,B1195
92301914,_,_,0,0,00,B,0,5,0,0,0,0,0,0,0,0,0,0,B00T__E0000-5000X00S00,B1796
92295550,_,_,0,0,00,B,_,3,_,4,_,_,0,0,_,0,0,0,B00T__E____-3040X_0S00,B1406
92102845,1,1,_,0,00,B,7,_,9,_,8,0,_,_,0,_,_,_,B00T11E7890-____X0_S_0,B1262
92299870,1,1,0,0,00,B,9,3,0,4,0,0,0,0,0,0,0,0,B00T11E9000-3040X00S00,B1657
92305788,1,1,0,0,00,B,0,4,0,4,0,0,3,5,_,0,0,0,B00T11E0000-4345X_0S00,B2052
92129097,1,_,0,0,00,B,8,_,0,_,0,0,_,_,0,_,_,_,B00T1_E8000-____X0_S00,T438
92297225,1,1,0,0,00,B,8,0,7,0,0,0,0,0,0,0,0,0,B00T11E8070-0000X00S00,B1501
92299632,1,1,0,0,00,B,8,4,0,0,0,0,0,0,0,0,0,0,B00T11E8000-4000X00S00,B1640
92101096,_,_,0,0,00,B,0,0,0,0,0,0,0,0,_,0,0,0,B00T__E0000-0000X_0S00,B1014
92103469,1,1,0,0,00,B,8,0,0,0,0,0,3,0,0,0,0,0,B00T11E8000-0300X00S00,B1368
92128168,1,1,0,0,20,_,8,0,7,0,7,0,0,0,0,0,0,0,_20T11E8770-0000X00S00,T278
92129983,1,1,0,0,00,B,0,_,0,_,0,0,_,_,0,_,_,_,B00T11E0000-____X0_S00,T583
92127414,_,_,0,0,00,B,8,_,8,_,0,0,_,_,0,_,_,_,B00T__E8080-____X0_S00,T1192
92306290,_,1,0,_,00,C,,,,,,,,,,,,,C00T_1Enannannannan-nannannannanXnannanS0_,B2076
92299386,1,1,0,0,00,B,9,_,0,_,0,0,_,_,0,_,_,_,B00T11E9000-____X0_S00,B1622
92296710,1,1,_,0,00,B,8,4,7,0,0,0,0,0,_,0,0,0,B00T11E8070-4000X_0S_0,B1479
92101879,_,1,_,0,00,B,8,4,7,5,8,7,0,0,_,0,0,0,B00T_1E8877-4050X_0S_0,B1124
92101388,1,1,0,0,00,B,9,_,0,_,0,0,_,_,0,_,_,_,B00T11E9000-____X0_S00,B1050
92129321,_,_,0,0,00,B,0,3,0,4,0,0,4,0,0,0,0,0,B00T__E0000-3440X00S00,T466
92102934,1,1,1,0,00,B,7,4,9,0,0,0,0,0,0,0,0,0,B00T11E7090-4000X00S10,B1273
92128662,_,1,0,0,00,B,_,3,_,4,_,_,0,0,_,0,0,0,B00T_1E____-3040X_0S00,T380
92128777,_,_,0,0,20,B,0,_,0,_,9,7,_,_,0,_,_,_,B20T__E0907-____X0_S00,T399
92103315,1,0,0,0,00,B,_,4,_,0,_,_,4,0,_,0,0,0,B00T10E____-4400X_0S00,B1336
92127647,_,_,0,0,00,B,,,,,,,,,,,,,B00T__Enannannannan-nannannannanXnannanS00,T1257
92303176,_,1,0,0,00,B,_,0,_,0,_,_,0,0,_,0,0,0,B00T_1E____-0000X_0S00,B1894
92298975,1,1,0,0,00,B,_,0,_,0,_,_,0,0,_,0,0,0,B00T11E____-0000X_0S00,B1594
92129298,1,_,0,0,00,B,0,_,0,_,0,0,_,_,0,_,_,_,B00T1_E0000-____X0_S00,T463
92297567,1,_,_,0,00,B,9,3,9,4,0,0,3,4,0,_,_,_,B00T1_E9090-3344X0_S_0,B1523
92299771,1,1,0,0,00,B,9,_,0,_,0,0,_,_,0,_,_,_,B00T11E9000-____X0_S00,B1652
92103071,_,1,0,0,00,B,_,0,_,0,_,_,0,0,_,0,0,0,B00T_1E____-0000X_0S00,B1298
92300529,1,1,0,0,00,C,8,_,0,_,0,0,_,_,0,_,_,_,C00T11E8000-____X0_S00,B1699
92101787,_,_,0,0,00,B,_,0,_,0,_,_,0,0,_,0,0,0,B00T__E____-0000X_0S00,B1111
92129262,1,1,0,0,00,B,0,0,0,0,0,0,0,0,0,0,0,0,B00T11E0000-0000X00S00,T456
92127491,_,_,0,0,00,B,0,0,0,0,0,0,0,0,_,0,0,0,B00T__E0000-0000X_0S00,T1214
92103346,_,1,0,0,00,B,_,4,_,4,_,_,0,0,_,0,0,0,B00T_1E____-4040X_0S00,B1347
92304564,_,_,0,0,00,B,_,0,_,0,_,_,0,0,_,0,0,0,B00T__E____-0000X_0S00,B1982
92127010,1,1,0,0,00,B,9,_,9,_,0,0,_,_,0,_,_,_,B00T11E9090-____X0_S00,T1059
92101262,_,1,0,0,00,B,8,3,8,4,9,7,0,0,0,0,0,0,B00T_1E8987-3040X00S00,B1035
92102821,1,1,0,0,00,B,9,4,7,4,8,0,3,0,0,0,0,0,B00T11E9870-4340X00S00,B1261
92103078,_,1,0,0,00,B,_,0,_,0,_,_,0,0,_,0,0,0,B00T_1E____-0000X_0S00,B1298
92297102,1,1,0,0,00,B,9,0,0,0,8,0,0,0,0,0,0,0,B00T11E9800-0000X00S00,B1497
92300480,_,1,0,0,20,B,0,_,0,_,9,0,_,_,0,_,_,_,B20T_1E0900-____X0_S00,B1696
92128668,1,1,_,0,00,B,_,3,_,5,_,_,0,0,_,0,0,0,B00T11E____-3050X_0S_0,T381
92303631,1,1,0,0,00,B,9,_,8,_,8,8,_,_,0,_,_,_,B00T11E9888-____X0_S00,B1928
92129015,1,1,0,0,00,B,7,0,0,0,0,0,0,0,0,_,_,_,B00T11E7000-0000X0_S00,T432
92128735,1,1,0,0,00,B,_,4,_,5,_,_,0,0,_,0,0,0,B00T11E____-4050X_0S00,T389
92128429,1,_,0,0,00,B,0,_,0,_,0,0,_,_,_,_,_,_,B00T1_E0000-____X__S00,T349
92129036,1,1,0,0,00,B,_,3,_,0,_,_,0,0,_,0,0,0,B00T11E____-3000X_0S00,T434
92101270,1,1,0,_,20,B,8,4,0,3,9,0,0,0,0,0,0,0,B20T11E8900-4030X00S0_,B1035
92129814,1,1,1,0,00,B,9,_,0,_,0,0,_,_,0,_,_,_,B00T11E9000-____X0_S10,T548
92101834,1,1,0,0,00,B,_,5,_,0,_,_,0,0,_,0,0,0,B00T11E____-5000X_0S00,B1121
92103603,1,1,0,0,00,B,8,4,8,0,8,0,0,0,0,_,_,_,B00T11E8880-4000X0_S00,B1391
92126883,_,1,_,0,00,B,_,4,_,4,_,_,5,0,_,0,0,0,B00T_1E____-4540X_0S_0,T1021
92102596,1,1,0,0,00,B,_,0,_,0,_,_,0,0,_,0,0,0,B00T11E____-0000X_0S00,B1225
92128347,1,_,0,0,00,B,0,_,0,_,0,0,_,_,0,_,_,_,B00T1_E0000-____X0_S00,T331
92129566,_,1,0,0,00,B,8,4,0,0,0,0,5,0,0,0,0,0,B00T_1E8000-4500X00S00,T506
92296833,1,1,_,0,20,_,_,3,_,4,_,_,3,5,_,0,0,0,_20T11E____-3345X_0S_0,B1486
92102588,1,1,0,0,00,B,8,_,0,_,0,0,_,_,0,_,_,_,B00T11E8000-____X0_S00,B1224
92126905,1,1,0,0,00,B,0,0,0,0,0,0,0,0,_,0,0,0,B00T11E0000-0000X_0S00,T1028
92103204,1,1,0,0,00,B,_,5,_,4,_,_,3,3,_,0,0,0,B00T11E____-5343X_0S00,B1319
92302315,1,1,0,0,00,B,0,0,0,0,0,0,0,0,_,0,0,0,B00T11E0000-0000X_0S00,B1828
92103282,1,1,0,0,20,_,0,0,0,0,0,0,0,0,0,0,0,0,_20T11E0000-0000X00S00,B1331
92102614,1,_,0,0,00,B,9,0,9,0,0,0,0,0,0,_,_,_,B00T1_E9090-0000X0_S00,B1228
92128717,1,1,0,0,00,B,_,0,_,0,_,_,0,0,_,0,0,0,B00T11E____-0000X_0S00,T387
92127183,_,1,_,0,00,B,_,4,_,5,_,_,0,0,_,0,0,0,B00T_1E____-4050X_0S_0,T1121
92129651,1,1,0,0,00,B,0,5,0,5,0,0,3,0,_,0,0,0,B00T11E0000-5350X_0S00,T520
92102380,1,_,0,0,00,B,9,_,0,_,8,0,_,_,0,_,_,_,B00T1_E9800-____X0_S00,B1193
92301913,_,_,0,0,00,B,_,4,_,0,_,_,0,0,_,0,0,0,B00T__E____-4000X_0S00,B1796
92127663,1,1,0,0,00,B,_,3,_,4,_,_,0,0,_,0,0,0,B00T11E____-3040X_0S00,T1260
92128580,1,_,_,0,00,B,0,_,0,_,0,0,_,_,_,_,_,_,B00T1_E0000-____X__S_0,T367
92129251,0,1,0,0,00,B,_,3,_,4,_,_,0,0,_,0,0,0,B00T01E____-3040X_0S00,T454
92301898,_,_,0,_,00,B,_,0,_,4,_,_,0,0,_,0,0,0,B00T__E____-0040X_0S0_,B1794
92296703,1,1,0,0,00,B,0,_,0,_,0,0,_,_,0,_,_,_,B00T11E0000-____X0_S00,B1479
92102603,1,1,0,0,00,B,8,_,7,_,0,0,_,_,0,_,_,_,B00T11E8070-____X0_S00,B1226
92129659,1,1,0,0,00,B,0,3,0,4,0,0,5,3,_,0,0,0,B00T11E0000-3543X_0S00,T521
92102107,_,1,0,0,00,B,_,4,_,0,_,_,0,0,_,0,0,0,B00T_1E____-4000X_0S00,B1153
92102917,1,1,0,0,00,B,0,_,0,_,9,9,_,_,0,_,_,_,B00T11E0909-____X0_S00,B1271
92128608,1,1,0,0,00,B,8,_,0,_,0,0,_,_,0,_,_,_,B00T11E8000-____X0_S00,T373
92303227,1,1,_,_,20,_,9,5,8,5,9,8,0,0,0,_,_,_,_20T11E9988-5050X0_S__,B1898
92101233,_,1,0,0,00,B,8,4,9,0,0,0,0,0,0,0,0,0,B00T_1E8090-4000X00S00,B1032
92127364,1,1,0,0,00,B,8,3,8,4,0,0,3,4,0,_,_,_,B00T11E8080-3344X0_S00,T1181
92101423,1,1,0,0,00,B,_,4,_,3,_,_,0,0,_,0,0,0,B00T11E____-4030X_0S00,B1059
92299415,1,1,0,0,20,_,9,0,8,0,0,0,0,0,0,_,_,_,_20T11E9080-0000X0_S00,B1625
92296669,1,1,0,0,00,B,0,4,0,0,0,0,0,0,_,0,0,0,B00T11E0000-4000X_0S00,B1477
92296392,1,1,0,0,00,B,_,0,_,0,_,_,0,0,_,0,0,0,B00T11E____-0000X_0S00,B1460
92103602,_,1,0,0,00,B,9,4,8,3,8,7,0,0,0,0,0,0,B00T_1E9887-4030X00S00,B1391
92128894,1,1,0,0,00,B,0,4,0,0,0,0,4,0,_,0,0,0,B00T11E0000-4400X_0S00,T418
92129891,1,1,0,0,00,B,7,0,8,0,7,8,0,0,_,0,0,0,B00T11E7788-0000X_0S00,T562
92102987,1,1,1,0,00,B,_,0,_,0,_,_,0,0,_,0,0,0,B00T11E____-0000X_0S10,B1287
92127486,1,1,0,0,00,B,0,0,0,0,0,0,0,0,0,_,_,_,B00T11E0000-0000X0_S00,T1213
92128031,_,1,0,0,00,B,8,4,9,0,8,0,0,0,0,0,0,0,B00T_1E8890-4000X00S00,T240
92129730,1,1,0,0,00,B,0,0,0,0,0,0,0,0,_,0,0,0,B00T11E0000-0000X_0S00,T535
92127949,1,1,0,0,00,B,_,4,_,5,_,_,0,0,_,0,0,0,B00T11E____-4050X_0S00,T210
92102849,1,1,0,0,00,B,9,_,0,_,8,0,_,_,0,_,_,_,B00T11E9800-____X0_S00,B1264
92101908,1,1,0,0,00,B,8,_,0,_,0,0,_,_,0,_,_,_,B00T11E8000-____X0_S00,B1129
92127885,1,1,_,0,00,B,8,_,9,_,0,0,_,_,0,_,_,_,B00T11E8090-____X0_S_0,T1327
92298503,1,1,0,0,00,B,9,0,8,0,9,9,5,0,0,0,0,0,B00T11E9989-0500X00S00,B1574
92128541,_,_,_,_,00,B,,,,,,,,,,,,,B00T__Enannannannan-nannannannanXnannanS__,T362
92128934,1,_,0,0,00,B,0,0,0,0,0,0,0,0,0,_,_,_,B00T1_E0000-0000X0_S00,T421
92298485,1,1,0,0,00,B,_,3,_,4,_,_,4,0,_,0,0,0,B00T11E____-3440X_0S00,B1572
92300808,1,1,0,0,00,B,0,_,0,_,8,0,_,_,0,_,_,_,B00T11E0800-____X0_S00,B1720
92127147,1,1,_,0,00,B,9,0,8,5,8,8,3,5,_,0,0,0,B00T11E9888-0355X_0S_0,T1106
92101580,_,1,0,0,00,B,0,4,0,3,0,0,0,0,_,0,0,0,B00T_1E0000-4030X_0S00,B1082
92305686,1,1,0,0,00,B,8,_,8,_,0,0,_,_,0,_,_,_,B00T11E8080-____X0_S00,B2043
92102109,_,1,0,0,00,B,_,4,_,4,_,_,0,0,_,0,0,0,B00T_1E____-4040X_0S00,B1153
92303966,1,1,0,0,00,B,7,4,8,0,0,0,0,0,0,0,0,0,B00T11E7080-4000X00S00,B1943
92127741,1,1,0,0,00,B,0,_,0,_,0,0,_,_,0,_,_,_,B00T11E0000-____X0_S00,T1284
92299193,1,_,0,0,00,B,0,4,0,0,0,0,0,0,0,0,0,0,B00T1_E0000-4000X00S00,B1605
92128178,1,1,0,0,20,B,9,0,0,0,0,0,0,0,0,0,0,0,B20T11E9000-0000X00S00,T279
92102684,1,1,0,0,00,B,0,_,0,_,0,0,_,_,0,_,_,_,B00T11E0000-____X0_S00,B1244
92129185,_,1,0,0,00,B,9,_,0,_,9,0,_,_,0,_,_,_,B00T_1E9900-____X0_S00,T446
92102149,1,_,0,0,00,B,,,,,,,,,,,,,B00T1_Enannannannan-nannannannanXnannanS00,B1154
92129720,1,_,0,0,00,B,0,0,0,0,0,0,0,0,0,_,_,_,B00T1_E0000-0000X0_S00,T532
92303464,1,0,0,_,00,B,_,0,_,0,_,_,0,0,_,0,0,0,B00T10E____-0000X_0S0_,B1911
92128326,_,1,0,0,20,B,_,0,_,0,_,_,0,0,_,0,0,0,B20T_1E____-0000X_0S00,T324
92299282,1,1,0,0,20,B,_,4,_,5,_,_,0,0,_,0,0,0,B20T11E____-4050X_0S00,B1611
92102546,1,_,0,_,00,B,0,_,0,_,0,0,_,_,0,_,_,_,B00T1_E0000-____X0_S0_,B1217
92102781,_,1,0,0,00,B,8,3,0,5,0,0,3,0,_,0,0,0,B00T_1E8000-3350X_0S00,B1259
92103097,1,1,0,0,00,B,7,0,7,0,8,0,0,0,_,0,0,0,B00T11E7870-0000X_0S00,B1305
92303533,1,_,0,0,00,B,9,0,0,0,0,0,0,0,0,_,_,_,B00T1_E9000-0000X0_S00,B1917
92128033,1,1,0,0,00,B,0,0,0,0,0,0,0,0,0,_,_,_,B00T11E0000-0000X0_S00,T240
92100916,1,1,0,0,00,B,8,_,0,_,0,0,_,_,0,_,_,_,B00T11E8000-____X0_S00,B1002
92102900,1,1,0,0,00,B,0,_,0,_,0,0,_,_,0,_,_,_,B00T11E0000-____X0_S00,B1269
92101336,1,1,0,0,00,B,0,3,0,0,0,0,0,0,_,0,0,0,B00T11E0000-3000X_0S00,B1042
92296154,1,1,0,0,00,B,9,0,0,0,0,0,0,0,0,_,_,_,B00T11E9000-0000X0_S00,B1447
92103182,_,_,_,0,00,B,7,5,9,4,9,9,0,0,_,0,0,0,B00T__E7999-5040X_0S_0,B1317
92301441,1,1,0,0,20,B,_,4,_,3,_,_,0,0,_,0,0,0,B20T11E____-4030X_0S00,B1772
92128106,1,1,0,0,00,C,0,_,0,_,0,0,_,_,0,_,_,_,C00T11E0000-____X0_S00,T259
92306375,1,1,0,0,00,B,0,3,0,0,0,0,0,0,0,0,0,0,B00T11E0000-3000X00S00,F1000
92129182,_,_,0,0,00,B,9,_,0,_,9,0,_,_,0,_,_,_,B00T__E9900-____X0_S00,T446
92101602,1,0,0,0,00,B,_,0,_,0,_,_,0,0,_,0,0,0,B00T10E____-0000X_0S00,B1084
92303553,_,1,0,0,00,B,_,0,_,0,_,_,0,0,_,0,0,0,B00T_1E____-0000X_0S00,B1919
92101883,1,1,_,0,00,B,_,0,_,0,_,_,4,0,_,0,0,0,B00T11E____-0400X_0S_0,B1125
92129348,1,_,0,0,00,B,8,4,0,5,0,0,5,0,0,0,0,0,B00T1_E8000-4550X00S00,T470
92298299,0,0,_,0,00,B,_,4,_,4,_,_,0,0,_,0,0,0,B00T00E____-4040X_0S_0,B1558
92296634,1,1,0,0,00,B,9,0,0,0,0,0,0,0,0,_,_,_,B00T11E9000-0000X0_S00,B1476
92103213,_,_,0,0,00,C,_,4,_,0,_,_,3,0,_,0,0,0,C00T__E____-4300X_0S00,B1320
92297238,_,1,_,0,00,B,_,0,_,0,_,_,0,0,_,0,0,0,B00T_1E____-0000X_0S_0,B1502
92129328,1,1,0,0,00,B,8,3,7,0,9,0,0,0,_,0,0,0,B00T11E8970-3000X_0S00,T467
92305242,1,1,0,0,00,B,8,_,0,_,8,0,_,_,0,_,_,_,B00T11E8800-____X0_S00,B2018
92302549,1,1,0,0,00,B,8,3,0,4,0,0,0,0,0,0,0,0,B00T11E8000-3040X00S00,B1851
92302636,1,1,0,0,00,B,0,_,0,_,9,0,_,_,0,_,_,_,B00T11E0900-____X0_S00,B1857
92127066,1,1,0,0,20,B,7,0,9,0,7,8,0,0,_,0,0,0,B20T11E7798-0000X_0S00,T1078
92128657,1,1,0,0,00,B,8,3,7,4,7,0,0,0,0,0,0,0,B00T11E8770-3040X00S00,T380
92102713,1,_,0,0,00,B,_,0,_,0,_,_,0,0,_,0,0,0,B00T1_E____-0000X_0S00,B1251
92102011,_,1,_,0,00,B,9,_,9,_,0,0,_,_,0,_,_,_,B00T_1E9090-____X0_S_0,B1142
92303583,1,1,_,0,00,B,0,5,0,4,0,0,0,0,0,0,0,0,B00T11E0000-5040X00S_0,B1922
92128554,1,1,0,0,00,B,7,4,0,3,0,0,5,0,0,_,_,_,B00T11E7000-4530X0_S00,T363
92127737,1,1,0,0,00,B,_,3,_,4,_,_,0,0,_,0,0,0,B00T11E____-3040X_0S00,T1283
92129692,1,1,0,0,00,B,0,_,0,_,0,0,_,_,0,_,_,_,B00T11E0000-____X0_S00,T524
92126851,1,1,0,0,00,B,0,0,0,0,0,0,4,0,0,0,0,0,B00T11E0000-0400X00S00,T1011
92302984,1,1,0,0,00,B,_,3,_,3,_,_,0,0,_,0,0,0,B00T11E____-3030X_0S00,B1883
92128870,_,1,_,_,00,B,,,,,,,,,,,,,B00T_1Enannannannan-nannannannanXnannanS__,T415
92101197,_,_,0,_,00,B,_,0,_,0,_,_,0,0,_,0,0,0,B00T__E____-0000X_0S0_,B1028
92302096,1,1,0,0,00,B,0,4,0,0,8,0,0,0,0,0,0,0,B00T11E0800-4000X00S00,B1811
92100890,1,1,0,0,00,B,9,3,0,0,0,0,0,0,0,0,0,0,B00T11E9000-3000X00S00,B1001
92127991,1,1,0,0,00,B,0,4,0,0,0,0,0,0,0,0,0,0,B00T11E0000-4000X00S00,T216
92298417,1,1,0,0,00,B,0,4,0,0,0,0,0,0,0,0,0,0,B00T11E0000-4000X00S00,B1565
92101379,1,1,0,0,00,B,0,5,0,0,0,0,0,0,0,0,0,0,B00T11E0000-5000X00S00,B1048
92306042,1,_,0,0,00,B,9,_,0,_,0,0,_,_,0,_,_,_,B00T1_E9000-____X0_S00,B2064
92127245,_,1,0,0,00,B,0,3,0,0,0,0,0,0,_,0,0,0,B00T_1E0000-3000X_0S00,T1144
92297569,1,_,0,0,00,B,8,_,8,_,0,0,_,_,0,_,_,_,B00T1_E8080-____X0_S00,B1523
92102475,1,_,0,_,00,B,9,_,7,_,9,8,_,_,0,_,_,_,B00T1_E9978-____X0_S0_,B1208
92101598,1,0,0,0,00,B,0,0,0,0,0,0,0,0,0,0,0,0,B00T10E0000-0000X00S00,B1084
92305862,1,1,0,0,00,B,_,0,_,0,_,_,3,0,_,0,0,0,B00T11E____-0300X_0S00,B2053
92127086,1,1,0,0,00,B,_,0,_,0,_,_,0,0,_,0,0,0,B00T11E____-0000X_0S00,T1084
92128940,1,1,0,0,00,B,9,0,8,0,7,7,0,0,_,0,0,0,B00T11E9787-0000X_0S00,T422
92299125,1,1,0,0,00,B,_,0,_,0,_,_,0,0,_,0,0,0,B00T11E____-0000X_0S00,B1601
92128809,1,1,0,0,00,B,9,3,8,4,0,0,0,0,0,_,_,_,B00T11E9080-3040X0_S00,T403
92304281,1,1,0,0,00,B,7,5,0,4,0,0,3,5,0,_,_,_,B00T11E7000-5345X0_S00,B1960
92302553,1,1,0,0,00,B,9,4,8,0,9,0,4,0,0,0,0,0,B00T11E9980-4400X00S00,B1852
92127522,_,_,_,_,00,B,_,0,_,0,_,_,0,0,_,0,0,0,B00T__E____-0000X_0S__,T1221
92127515,1,1,_,_,00,B,8,0,9,0,0,0,0,0,0,_,_,_,B00T11E8090-0000X0_S__,T1219
92297405,1,_,0,0,00,B,0,4,0,0,0,0,0,0,0,0,0,0,B00T1_E0000-4000X00S00,B1515
92101687,_,_,0,0,00,B,9,3,8,4,8,8,0,0,_,0,0,0,B00T__E9888-3040X_0S00,B1098
92129518,_,1,0,0,00,B,_,0,_,0,_,_,0,0,_,0,0,0,B00T_1E____-0000X_0S00,T495
92302416,1,1,0,0,00,B,8,0,7,0,8,0,0,0,0,0,0,0,B00T11E8870-0000X00S00,B1839
92128009,1,_,_,_,00,B,0,_,0,_,0,0,_,_,0,_,_,_,B00T1_E0000-____X0_S__,T220
92303763,1,1,0,0,00,B,_,0,_,0,_,_,0,0,_,0,0,0,B00T11E____-0000X_0S00,B1932
92129564,_,1,0,0,00,B,_,4,_,3,_,_,0,0,_,0,0,0,B00T_1E____-4030X_0S00,T505
92299550,1,1,0,0,20,B,0,_,0,_,0,0,_,_,0,_,_,_,B20T11E0000-____X0_S00,B1632
92101898,_,1,0,0,00,B,_,4,_,0,_,_,0,0,_,0,0,0,B00T_1E____-4000X_0S00,B1129
92300130,1,0,0,0,00,B,_,4,_,4,_,_,0,0,_,0,0,0,B00T10E____-4040X_0S00,B1678
92297774,1,0,0,0,00,B,_,0,_,0,_,_,0,0,_,0,0,0,B00T10E____-0000X_0S00,B1534
92298604,1,1,0,0,00,B,9,_,0,_,0,0,_,_,0,_,_,_,B00T11E9000-____X0_S00,B1578
92102998,1,1,0,0,00,B,0,0,0,0,0,0,0,0,0,_,_,_,B00T11E0000-0000X0_S00,B1290
92101872,1,1,0,0,00,B,_,4,_,4,_,_,0,0,_,0,0,0,B00T11E____-4040X_0S00,B1124
92301489,1,1,0,0,00,B,_,0,_,0,_,_,0,0,_,0,0,0,B00T11E____-0000X_0S00,B1779
92129203,1,1,0,0,00,B,9,_,0,_,0,0,_,_,0,_,_,_,B00T11E9000-____X0_S00,T449
92128338,1,1,0,0,00,B,8,_,0,_,0,0,_,_,0,_,_,_,B00T11E8000-____X0_S00,T329
92101100,1,1,0,0,00,C,9,_,0,_,0,0,_,_,0,_,_,_,C00T11E9000-____X0_S00,B1015
92128480,1,1,_,0,00,B,0,3,0,4,0,0,0,0,_,0,0,0,B00T11E0000-3040X_0S_0,T355
92302511,1,_,0,_,00,B,8,3,0,4,0,0,4,4,0,0,0,0,B00T1_E8000-3444X00S0_,B1848
92301902,1,1,0,0,00,B,0,0,0,0,8,0,0,0,0,0,0,0,B00T11E0800-0000X00S00,B1795
92102977,_,1,0,0,00,B,_,0,_,0,_,_,0,0,_,0,0,0,B00T_1E____-0000X_0S00,B1283
92302674,1,1,0,0,00,B,0,_,0,_,0,0,_,_,0,_,_,_,B00T11E0000-____X0_S00,B1859
92297828,1,_,0,0,00,B,0,_,7,_,0,0,_,_,0,_,_,_,B00T1_E0070-____X0_S00,B1534
92101942,_,1,0,0,00,C,9,_,0,_,8,0,_,_,0,_,_,_,C00T_1E9800-____X0_S00,B1133
92305894,1,1,_,0,00,B,9,_,7,_,0,0,_,_,0,_,_,_,B00T11E9070-____X0_S_0,B2056
92128713,1,1,0,0,00,B,7,0,0,0,0,0,0,0,0,0,0,0,B00T11E7000-0000X00S00,T386
92295529,1,1,0,0,00,B,7,0,8,0,0,0,0,0,0,0,0,0,B00T11E7080-0000X00S00,B1404
92302283,1,1,0,0,00,B,7,0,8,0,0,0,0,0,0,0,0,0,B00T11E7080-0000X00S00,B1824
92101859,1,1,0,0,00,B,7,_,0,_,0,0,_,_,0,_,_,_,B00T11E7000-____X0_S00,B1122
92101458,1,1,0,0,20,C,0,_,0,_,0,0,_,_,0,_,_,_,C20T11E0000-____X0_S00,B1063
92300934,1,_,_,0,00,B,9,_,9,_,0,0,_,_,0,_,_,_,B00T1_E9090-____X0_S_0,B1731
92300833,1,1,0,0,00,B,7,0,8,0,0,0,0,0,_,0,0,0,B00T11E7080-0000X_0S00,B1721
92127006,1,1,0,0,20,_,0,3,0,0,0,0,0,0,0,0,0,0,_20T11E0000-3000X00S00,T1057
92299380,1,1,0,0,00,B,7,5,7,0,8,8,0,0,_,0,0,0,B00T11E7878-5000X_0S00,B1619
92128739,1,1,_,0,00,B,_,0,_,0,_,_,0,0,_,0,0,0,B00T11E____-0000X_0S_0,T391
92102359,1,_,_,_,00,B,9,_,0,_,0,0,_,_,0,_,_,_,B00T1_E9000-____X0_S__,B1190
92304129,1,1,0,0,00,B,7,_,7,_,0,0,_,_,0,_,_,_,B00T11E7070-____X0_S00,B1954
92101806,1,1,0,0,00,B,_,0,_,0,_,_,0,0,_,0,0,0,B00T11E____-0000X_0S00,B1114
92127384,1,1,0,0,00,B,8,_,8,4,0,0,_,0,0,_,_,_,B00T11E8080-__40X0_S00,T1185
92129952,1,1,0,0,00,B,_,0,_,0,_,_,0,0,_,0,0,0,B00T11E____-0000X_0S00,T577
92128065,1,1,1,_,00,B,_,3,_,4,_,_,0,0,_,0,0,0,B00T11E____-3040X_0S1_,T253
92100965,1,_,0,0,20,B,0,0,0,0,0,0,0,0,0,_,_,_,B20T1_E0000-0000X0_S00,B1005
92127790,1,1,0,0,00,B,0,_,0,_,0,0,_,_,0,_,_,_,B00T11E0000-____X0_S00,T1302
92296876,1,1,_,_,00,B,8,5,7,3,0,0,0,0,0,_,_,_,B00T11E8070-5030X0_S__,B1489
92301001,1,1,0,0,00,B,9,_,7,_,0,0,_,_,0,_,_,_,B00T11E9070-____X0_S00,B1738
92129527,1,1,0,0,00,B,0,3,0,0,0,0,4,0,_,0,0,0,B00T11E0000-3400X_0S00,T496
92102087,1,1,0,0,00,C,0,_,0,_,0,0,_,_,0,_,_,_,C00T11E0000-____X0_S00,B1148
92126859,1,1,0,0,00,B,7,3,0,4,0,0,0,0,_,0,0,0,B00T11E7000-3040X_0S00,T1014
92127842,1,1,0,0,00,B,0,0,0,0,0,0,5,0,0,_,_,_,B00T11E0000-0500X0_S00,T1315
92128190,0,1,0,_,00,B,9,3,0,0,0,0,0,5,0,0,0,0,B00T01E9000-3005X00S0_,T281
92102343,1,1,_,0,00,B,8,0,0,0,0,0,0,0,0,_,_,_,B00T11E8000-0000X0_S_0,B1188
92295786,_,1,_,0,20,C,9,3,9,0,0,0,0,0,_,0,0,0,C20T_1E9090-3000X_0S_0,B1421
92305064,_,_,_,0,00,B,_,3,_,0,_,_,0,0,_,0,0,0,B00T__E____-3000X_0S_0,B2009
92127418,1,_,0,0,00,B,7,_,0,_,0,0,_,_,0,_,_,_,B00T1_E7000-____X0_S00,T1194
92300000,_,1,0,0,00,B,_,0,_,0,_,_,0,0,_,0,0,0,B00T_1E____-0000X_0S00,B1666
92129273,_,1,0,0,00,B,8,_,8,_,8,0,_,_,0,_,_,_,B00T_1E8880-____X0_S00,T458
92129773,1,1,_,0,00,B,0,5,0,3,0,0,3,4,0,0,0,0,B00T11E0000-5334X00S_0,T540
92305430,1,1,0,0,00,B,0,0,0,0,0,0,0,0,0,0,0,0,B00T11E0000-0000X00S00,B2030
92301475,1,1,_,0,20,_,_,3,_,0,_,_,0,0,_,0,0,0,_20T11E____-3000X_0S_0,B1777
92127569,1,_,0,0,00,B,9,_,0,_,0,0,_,_,0,_,_,_,B00T1_E9000-____X0_S00,T1234
92128141,1,1,0,0,00,B,_,3,_,0,_,_,0,0,_,0,0,0,B00T11E____-3000X_0S00,T269
92127103,1,1,0,0,00,B,_,4,_,4,_,_,0,0,_,0,0,0,B00T11E____-4040X_0S00,T1090
92295533,_,1,_,0,00,B,_,0,_,0,_,_,0,0,_,0,0,0,B00T_1E____-0000X_0S_0,B1404
92127521,_,_,0,0,00,C,_,0,_,0,_,_,0,0,_,0,0,0,C00T__E____-0000X_0S00,T1221
92305283,1,1,0,0,00,B,0,0,0,0,0,0,0,0,_,0,0,0,B00T11E0000-0000X_0S00,B2019
92100964,1,1,0,0,00,B,7,4,7,0,7,0,0,0,0,_,_,_,B00T11E7770-4000X0_S00,B1005
92305611,1,1,0,0,00,B,7,_,0,_,0,0,_,_,0,_,_,_,B00T11E7000-____X0_S00,B2040
92126876,_,1,1,0,00,C,_,5,_,3,_,_,0,0,_,0,0,0,C00T_1E____-5030X_0S10,T1019
92128093,1,1,0,0,00,B,8,3,7,0,0,0,0,0,0,0,0,0,B00T11E8070-3000X00S00,T257
92126972,1,1,_,0,00,B,9,_,8,_,0,0,_,_,0,_,_,_,B00T11E9080-____X0_S_0,T1047
92102083,_,_,0,0,00,B,8,_,7,_,0,0,_,_,0,_,_,_,B00T__E8070-____X0_S00,B1147
92128167,1,_,0,0,00,B,0,_,0,_,0,0,_,_,0,_,_,_,B00T1_E0000-____X0_S00,T277
92102207,1,1,0,0,00,B,0,_,0,_,0,0,_,_,0,_,_,_,B00T11E0000-____X0_S00,B1162
92304479,1,1,0,0,00,B,8,0,8,0,0,0,0,0,0,0,0,0,B00T11E8080-0000X00S00,B1977
92301638,1,1,0,0,00,B,9,_,8,_,0,0,_,_,0,_,_,_,B00T11E9080-____X0_S00,B1786
92101400,1,1,0,0,00,C,9,5,8,0,7,7,0,0,0,_,_,_,C00T11E9787-5000X0_S00,B1052
92296175,1,1,0,0,00,B,7,5,7,0,7,0,0,0,0,0,0,0,B00T11E7770-5000X00S00,B1449
92129127,_,1,0,0,00,B,_,0,_,0,_,_,0,0,_,0,0,0,B00T_1E____-0000X_0S00,T440
92301725,1,1,0,0,00,B,_,3,_,4,_,_,0,0,_,0,0,0,B00T11E____-3040X_0S00,B1788
92300100,1,1,0,0,00,B,_,0,_,0,_,_,0,0,_,0,0,0,B00T11E____-0000X_0S00,B1675
92127971,1,1,_,0,00,C,7,0,8,0,0,0,0,0,0,_,_,_,C00T11E7080-0000X0_S_0,T211
92103352,1,1,0,0,00,B,0,_,0,_,0,0,_,_,0,_,_,_,B00T11E0000-____X0_S00,B1348
92297044,1,1,_,0,00,B,0,5,0,0,0,0,0,0,0,0,0,0,B00T11E0000-5000X00S_0,B1495
92127196,_,1,0,0,00,B,0,0,0,0,0,0,0,0,0,0,0,0,B00T_1E0000-0000X00S00,T1125
92101025,1,1,0,0,00,B,8,4,0,0,0,0,0,0,0,_,_,_,B00T11E8000-4000X0_S00,B1009
92305141,1,1,0,0,00,B,0,0,0,0,0,0,0,0,0,0,0,0,B00T11E0000-0000X00S00,B2013
92129992,1,_,0,0,00,B,8,_,0,_,0,0,_,_,0,_,_,_,B00T1_E8000-____X0_S00,T585
92297552,1,1,0,0,00,B,_,3,_,4,_,_,0,0,_,0,0,0,B00T11E____-3040X_0S00,B1522
92129824,1,1,0,0,00,B,_,3,_,0,_,_,0,0,_,0,0,0,B00T11E____-3000X_0S00,T550
92306418,1,1,0,0,00,B,0,_,0,_,0,0,_,_,0,_,_,_,B00T11E0000-____X0_S00,F1000
92128073,1,1,_,0,00,B,8,_,0,_,9,0,_,_,0,_,_,_,B00T11E8900-____X0_S_0,T254
92127405,1,_,0,0,00,B,7,_,9,_,0,0,_,_,0,_,_,_,B00T1_E7090-____X0_S00,T1190
92296883,1,1,0,0,00,B,0,_,0,_,0,0,_,_,0,_,_,_,B00T11E0000-____X0_S00,B1490
92303015,1,1,0,0,00,B,8,4,0,5,0,0,0,0,0,0,0,0,B00T11E8000-4050X00S00,B1885
92128386,1,_,0,0,00,B,0,0,0,0,0,0,4,0,0,_,_,_,B00T1_E0000-0400X0_S00,T337
92300563,_,_,0,0,00,B,0,0,0,0,0,0,0,0,0,_,_,_,B00T__E0000-0000X0_S00,B1702
92100883,1,1,0,0,00,B,8,0,0,0,0,0,0,0,0,0,0,0,B00T11E8000-0000X00S00,B1001
92302445,1,1,0,0,00,B,0,0,0,0,0,0,0,0,_,0,0,0,B00T11E0000-0000X_0S00,B1843
92300122,1,0,0,0,00,B,_,3,_,4,_,_,0,0,_,0,0,0,B00T10E____-3040X_0S00,B1678
92102198,1,1,0,0,00,B,0,_,0,_,0,0,_,_,0,_,_,_,B00T11E0000-____X0_S00,B1161
92127467,_,1,0,_,00,B,0,_,0,_,0,0,_,_,0,_,_,_,B00T_1E0000-____X0_S0_,T1209
92102158,1,1,0,0,00,B,9,0,9,0,0,0,0,0,0,0,0,0,B00T11E9090-0000X00S00,B1156
92300108,1,1,0,0,00,B,0,_,0,_,9,0,_,_,0,_,_,_,B00T11E0900-____X0_S00,B1676
92297730,1,1,0,0,00,B,9,_,8,_,0,0,_,_,0,_,_,_,B00T11E9080-____X0_S00,B1532
92102282,_,1,0,0,00,B,9,4,9,4,9,9,0,0,_,0,0,0,B00T_1E9999-4040X_0S00,B1178
92100867,1,1,0,0,00,B,0,_,0,_,0,0,_,_,0,_,_,_,B00T11E0000-____X0_S00,B1000
92100943,0,1,0,0,00,B,8,4,8,5,0,0,3,4,0,0,0,0,B00T01E8080-4354X00S00,B1003
92305438,1,1,0,0,00,B,9,3,0,4,0,0,0,0,0,0,0,0,B00T11E9000-3040X00S00,B2030
92103017,1,_,0,0,00,B,0,_,0,_,0,0,_,_,0,_,_,_,B00T1_E0000-____X0_S00,B1291
92300150,_,_,0,0,00,B,0,0,0,0,0,0,0,0,_,0,0,0,B00T__E0000-0000X_0S00,B1680
92127051,_,1,0,0,00,B,_,4,_,0,_,_,0,0,_,0,0,0,B00T_1E____-4000X_0S00,T1072
92101896,_,_,_,_,00,B,8,_,8,_,0,0,_,_,0,_,_,_,B00T__E8080-____X0_S__,B1128
92301112,_,1,0,0,00,B,9,4,9,4,8,0,0,0,_,0,0,0,B00T_1E9890-4040X_0S00,B1746
92127504,1,1,0,0,00,B,8,_,0,_,0,0,_,_,0,_,_,_,B00T11E8000-____X0_S00,T1218
92102742,1,1,0,0,20,C,7,0,0,0,0,0,0,0,0,_,_,_,C20T11E7000-0000X0_S00,B1256
92103278,1,1,0,0,00,B,8,_,0,_,0,0,_,_,0,_,_,_,B00T11E8000-____X0_S00,B1329
92129209,1,1,0,0,00,B,0,0,0,0,0,0,0,0,_,_,_,_,B00T11E0000-0000X__S00,T450
92127662,1,1,0,0,00,B,_,3,_,4,_,_,0,0,_,0,0,0,B00T11E____-3040X_0S00,T1260
92100922,1,1,0,0,00,B,9,4,8,4,0,0,0,0,0,0,0,0,B00T11E9080-4040X00S00,B1002
92128222,1,1,0,0,20,B,0,4,0,0,0,0,0,0,0,0,0,0,B20T11E0000-4000X00S00,T292
92129528,1,1,0,0,00,B,8,_,7,_,8,8,_,_,0,_,_,_,B00T11E8878-____X0_S00,T496
92305771,1,1,0,0,00,B,0,_,0,_,0,0,_,_,0,_,_,_,B00T11E0000-____X0_S00,B2049
92101358,1,1,0,0,00,B,7,_,8,_,9,9,_,_,0,_,_,_,B00T11E7989-____X0_S00,B1043
92297411,1,1,0,0,00,B,_,3,_,0,_,_,0,0,_,0,0,0,B00T11E____-3000X_0S00,B1516
92102470,1,1,0,0,00,B,_,4,_,3,_,_,3,0,_,0,0,0,B00T11E____-4330X_0S00,B1207
92102185,_,_,0,0,00,B,_,4,_,4,_,_,0,0,_,0,0,0,B00T__E____-4040X_0S00,B1157
92102740,1,1,0,0,00,B,9,_,0,_,0,0,_,_,0,_,_,_,B00T11E9000-____X0_S00,B1255
92126991,_,1,0,0,00,B,_,3,_,5,_,_,0,0,_,0,0,0,B00T_1E____-3050X_0S00,T1052
92301163,_,1,_,0,00,B,0,3,0,0,0,0,4,4,_,0,0,0,B00T_1E0000-3404X_0S_0,B1752
92127698,_,1,0,0,00,B,8,3,7,4,0,0,0,0,0,0,0,0,B00T_1E8070-3040X00S00,T1274
92101726,1,_,0,0,00,B,8,0,7,0,0,0,0,0,0,_,_,_,B00T1_E8070-0000X0_S00,B1104
92101816,_,_,1,0,00,B,9,_,8,_,0,0,_,_,0,_,_,_,B00T__E9080-____X0_S10,B1114
92128041,1,1,0,0,00,B,_,0,_,0,_,_,0,0,_,0,0,0,B00T11E____-0000X_0S00,T248
92126995,1,1,0,0,_,_,_,4,_,4,_,_,0,0,_,0,0,0,__T11E____-4040X_0S00,T1054
92297246,1,1,0,0,00,B,7,_,0,_,0,0,_,_,0,_,_,_,B00T11E7000-____X0_S00,B1504
92127488,1,_,0,0,00,B,0,0,0,0,0,0,0,0,0,0,0,0,B00T1_E0000-0000X00S00,T1213
92102613,1,_,0,0,00,B,8,_,0,_,0,0,_,_,0,_,_,_,B00T1_E8000-____X0_S00,B1228
92101207,_,_,_,_,20,_,,,,,,,,,,,,,_20T__Enannannannan-nannannannanXnannanS__,B1028
92127692,1,1,0,0,00,B,0,0,0,0,0,0,0,0,0,_,_,_,B00T11E0000-0000X0_S00,T1272
92299761,1,1,0,0,00,B,_,5,_,4,_,_,4,5,_,0,0,0,B00T11E____-5445X_0S00,B1651
92298801,1,1,0,0,00,B,_,0,_,0,_,_,0,0,_,0,0,0,B00T11E____-0000X_0S00,B1586
92306424,1,_,0,0,00,B,0,_,0,_,0,0,_,_,0,_,_,_,B00T1_E0000-____X0_S00,F1000
92102898,1,1,0,0,00,B,9,_,8,_,0,0,_,_,0,_,_,_,B00T11E9080-____X0_S00,B1269
92102726,_,1,0,0,00,B,_,4,_,3,_,_,0,0,_,0,0,0,B00T_1E____-4030X_0S00,B1251
92129423,1,1,_,0,00,B,8,0,7,0,0,0,0,0,0,_,_,_,B00T11E8070-0000X0_S_0,T480
92301227,1,1,0,0,20,B,_,3,_,0,_,_,4,0,_,0,0,0,B20T11E____-3400X_0S00,B1755
92101912,1,1,_,_,20,_,_,4,_,0,_,_,0,0,_,1,1,1,_20T11E____-4000X_1S__,B1129
92304406,1,1,_,0,00,B,9,0,8,0,0,0,0,0,0,0,0,0,B00T11E9080-0000X00S_0,B1971
92128845,1,1,_,_,00,C,_,3,_,5,_,_,0,0,_,0,0,0,C00T11E____-3050X_0S__,T410
92297431,1,_,_,0,00,B,8,_,9,_,0,0,_,_,0,_,_,_,B00T1_E8090-____X0_S_0,B1517
92127447,1,1,0,0,00,B,7,0,0,0,0,0,0,0,0,0,0,0,B00T11E7000-0000X00S00,T1207
92101682,_,1,0,0,00,B,_,3,_,4,_,_,0,0,_,0,0,0,B00T_1E____-3040X_0S00,B1098
92299165,1,1,0,0,00,B,8,3,9,4,0,0,0,0,0,0,0,0,B00T11E8090-3040X00S00,B1604
92303261,_,_,_,0,00,B,_,0,_,0,_,_,4,5,_,0,0,0,B00T__E____-0405X_0S_0,B1900
92102085,_,1,0,0,00,B,_,3,_,0,_,_,0,0,_,0,0,0,B00T_1E____-3000X_0S00,B1148
92129300,1,_,0,0,00,B,0,_,0,_,8,0,_,_,0,_,_,_,B00T1_E0800-____X0_S00,T463
92102686,1,1,0,0,00,B,8,4,0,3,8,0,0,0,_,0,0,0,B00T11E8800-4030X_0S00,B1244
92127920,_,_,_,0,00,C,_,3,_,3,_,_,0,0,_,0,0,0,C00T__E____-3030X_0S_0,T201
92304818,1,1,_,0,20,B,8,4,8,0,0,0,0,0,0,_,_,_,B20T11E8080-4000X0_S_0,B1996
92129119,1,1,0,0,00,B,0,3,0,0,0,0,0,0,_,0,0,0,B00T11E0000-3000X_0S00,T439
92302227,1,1,0,0,00,B,_,0,_,0,_,_,4,0,_,0,0,0,B00T11E____-0400X_0S00,B1822
92304569,1,1,0,0,00,B,0,_,0,_,0,0,_,_,0,_,_,_,B00T11E0000-____X0_S00,B1982
92127009,1,1,0,0,00,B,9,_,8,_,0,0,_,_,0,_,_,_,B00T11E9080-____X0_S00,T1058
92128359,1,_,1,0,00,B,8,_,9,_,8,0,_,_,0,_,_,_,B00T1_E8890-____X0_S10,T334
92102099,_,1,0,0,00,B,0,_,0,_,0,0,_,_,0,_,_,_,B00T_1E0000-____X0_S00,B1151
92301293,1,1,0,0,00,B,0,4,0,3,0,0,0,0,0,0,0,0,B00T11E0000-4030X00S00,B1760
92129472,_,_,_,_,00,B,0,4,0,0,9,0,3,0,_,0,0,0,B00T__E0900-4300X_0S__,T489
92101808,1,1,0,0,00,B,0,0,0,0,0,0,0,0,_,0,0,0,B00T11E0000-0000X_0S00,B1114
92102795,_,1,_,0,00,B,8,4,7,0,0,0,0,0,_,0,0,0,B00T_1E8070-4000X_0S_0,B1260
92129741,1,1,0,0,00,B,8,_,7,_,0,0,_,_,0,_,_,_,B00T11E8070-____X0_S00,T537
92102066,1,1,_,0,00,B,8,5,0,0,0,0,0,0,0,_,_,_,B00T11E8000-5000X0_S_0,B1146
92127477,1,1,0,0,00,B,0,0,0,0,0,0,0,0,_,0,0,0,B00T11E0000-0000X_0S00,T1212
92127957,1,1,_,_,00,B,8,4,7,3,0,0,3,4,_,_,_,_,B00T11E8070-4334X__S__,T211
92129400,1,1,_,_,00,B,0,_,0,_,0,0,_,_,0,_,_,_,B00T11E0000-____X0_S__,T476
92299970,1,1,0,0,00,B,0,_,0,_,0,0,_,_,0,_,_,_,B00T11E0000-____X0_S00,B1664
92101345,1,1,_,0,00,B,0,4,0,4,0,0,0,0,0,0,0,0,B00T11E0000-4040X00S_0,B1043
92103405,_,1,0,0,00,B,_,4,_,0,_,_,0,0,_,0,0,0,B00T_1E____-4000X_0S00,B1357
92129917,1,1,0,0,00,B,8,4,0,0,0,0,0,0,0,0,0,0,B00T11E8000-4000X00S00,T567
92129452,1,1,0,0,00,B,9,0,8,0,0,0,0,0,0,_,_,_,B00T11E9080-0000X0_S00,T485
92306105,1,1,0,0,00,B,0,4,0,5,0,0,3,0,0,0,0,0,B00T11E0000-4350X00S00,B2067
92296323,1,1,0,0,00,B,7,5,0,4,0,0,0,0,_,0,0,0,B00T11E7000-5040X_0S00,B1456
92102585,1,1,0,0,00,B,8,0,0,0,0,0,0,0,0,0,0,0,B00T11E8000-0000X00S00,B1224
92127654,_,_,_,_,00,B,8,_,9,_,0,0,_,_,0,_,_,_,B00T__E8090-____X0_S__,T1259
92102920,1,1,0,0,00,B,_,0,_,0,_,_,0,0,_,0,0,0,B00T11E____-0000X_0S00,B1271
92101481,1,1,0,0,00,B,9,_,8,_,0,0,_,_,0,_,_,_,B00T11E9080-____X0_S00,B1069
92129510,1,0,0,0,00,B,0,3,0,0,0,0,0,0,0,0,0,0,B00T10E0000-3000X00S00,T493
92128596,1,1,0,0,00,B,_,4,_,3,_,_,4,0,_,0,0,0,B00T11E____-4430X_0S00,T370
92129634,1,1,0,0,00,B,9,0,9,0,9,0,4,0,0,0,0,0,B00T11E9990-0400X00S00,T518
92296448,1,1,0,0,00,B,_,3,_,0,_,_,0,0,_,0,0,0,B00T11E____-3000X_0S00,B1462
92100984,1,1,0,0,00,B,0,_,0,_,0,0,_,_,0,_,_,_,B00T11E0000-____X0_S00,B1006
92127759,1,1,0,0,00,B,_,0,_,0,_,_,0,0,_,0,0,0,B00T11E____-0000X_0S00,T1289
92129698,1,1,0,0,00,B,7,5,7,5,0,0,3,3,0,0,0,0,B00T11E7070-5353X00S00,T525
92129772,1,1,_,0,00,B,8,5,0,4,0,0,3,4,0,0,0,0,B00T11E8000-5344X00S_0,T540
92102754,1,1,0,0,00,B,_,0,_,0,_,_,0,0,_,0,0,0,B00T11E____-0000X_0S00,B1258
92101911,1,_,_,0,00,B,0,_,0,_,0,0,_,_,0,_,_,_,B00T1_E0000-____X0_S_0,B1129
92127325,1,1,0,0,00,B,_,4,_,3,_,_,3,0,_,0,0,0,B00T11E____-4330X_0S00,T1169
92102311,_,1,0,0,00,C,_,4,_,4,_,_,0,0,_,0,0,0,C00T_1E____-4040X_0S00,B1182
92127005,1,1,0,0,00,B,9,5,8,4,0,0,3,3,0,_,_,_,B00T11E9080-5343X0_S00,T1057
92126819,1,1,0,0,00,B,8,4,7,0,0,0,0,0,_,0,0,0,B00T11E8070-4000X_0S00,T1002
92304345,0,0,0,0,00,B,8,_,0,_,0,0,_,_,0,_,_,_,B00T00E8000-____X0_S00,B1965
92128727,1,1,0,0,00,B,0,0,0,0,9,9,0,0,0,0,0,0,B00T11E0909-0000X00S00,T388
92300386,1,1,_,0,00,B,8,0,8,0,0,0,0,0,0,0,0,0,B00T11E8080-0000X00S_0,B1691
92102128,_,_,0,0,00,B,0,0,0,0,0,0,0,0,0,_,_,_,B00T__E0000-0000X0_S00,B1154
92129673,1,1,0,_,00,B,0,0,0,0,0,0,0,0,_,0,0,0,B00T11E0000-0000X_0S0_,T522
92101732,1,1,1,0,00,B,8,4,9,4,0,0,0,0,0,0,0,0,B00T11E8090-4040X00S10,B1104
92128601,_,1,0,0,00,B,9,4,7,3,8,0,0,0,_,0,0,0,B00T_1E9870-4030X_0S00,T370
92127403,_,1,_,_,00,B,_,0,_,0,_,_,0,0,_,_,_,_,B00T_1E____-0000X__S__,T1189
92129534,_,_,0,0,00,B,0,0,0,0,0,0,0,0,_,0,0,0,B00T__E0000-0000X_0S00,T498
92101595,_,_,0,0,00,B,0,_,0,_,0,0,_,_,0,_,_,_,B00T__E0000-____X0_S00,B1083
92100976,1,1,0,0,00,B,0,3,0,0,0,0,4,0,_,0,0,0,B00T11E0000-3400X_0S00,B1005
92102719,_,_,0,_,00,B,9,_,8,_,7,0,_,_,0,_,_,_,B00T__E9780-____X0_S0_,B1251
92305627,1,_,0,0,00,B,_,5,_,0,_,_,0,0,_,0,0,0,B00T1_E____-5000X_0S00,B2042
92299188,1,1,0,0,00,B,_,3,_,3,_,_,0,0,_,0,0,0,B00T11E____-3030X_0S00,B1605
92306200,1,1,0,0,00,B,_,4,_,4,_,_,5,0,_,0,0,0,B00T11E____-4540X_0S00,B2072
92102402,1,1,0,0,00,B,0,3,0,4,0,0,0,0,0,0,0,0,B00T11E0000-3040X00S00,B1197
92300342,_,_,0,0,00,B,_,0,_,0,_,_,5,5,_,0,0,0,B00T__E____-0505X_0S00,B1687
92102956,1,_,0,0,00,B,7,4,0,5,0,0,0,0,0,_,_,_,B00T1_E7000-4050X0_S00,B1280
92128259,1,1,0,0,00,B,0,0,0,0,0,0,0,0,0,0,0,0,B00T11E0000-0000X00S00,T308
92102890,1,1,0,0,00,B,8,3,8,4,0,0,0,0,0,0,0,0,B00T11E8080-3040X00S00,B1268
92101647,1,1,0,0,00,B,9,0,0,0,0,0,0,0,0,0,0,0,B00T11E9000-0000X00S00,B1092
92102042,_,1,0,0,00,B,_,3,_,4,_,_,0,0,_,0,0,0,B00T_1E____-3040X_0S00,B1143
92303904,1,1,0,0,00,B,_,0,_,0,_,_,0,0,_,0,0,0,B00T11E____-0000X_0S00,B1939
92128863,1,1,0,0,00,B,_,4,_,0,_,_,0,0,_,0,0,0,B00T11E____-4000X_0S00,T413
92103365,1,1,0,0,00,B,0,5,0,4,0,0,0,0,0,0,0,0,B00T11E0000-5040X00S00,B1350
92300398,0,0,0,0,00,B,9,_,0,_,0,0,_,_,0,_,_,_,B00T00E9000-____X0_S00,B1691
92102016,1,1,0,0,00,B,8,3,0,3,0,0,0,0,0,0,0,0,B00T11E8000-3030X00S00,B1142
92129402,1,_,0,0,00,B,0,_,0,_,0,0,_,_,0,_,_,_,B00T1_E0000-____X0_S00,T477
92129875,_,1,0,0,00,B,9,_,0,_,7,0,_,_,0,_,_,_,B00T_1E9700-____X0_S00,T558
92127770,1,1,0,0,00,B,0,_,0,_,0,0,_,_,0,_,_,_,B00T11E0000-____X0_S00,T1294
92297757,1,_,0,0,00,B,0,_,0,_,0,0,_,_,0,_,_,_,B00T1_E0000-____X0_S00,B1534
92127275,1,1,0,0,00,B,_,3,_,0,_,_,0,0,_,0,0,0,B00T11E____-3000X_0S00,T1153
92103538,1,1,0,0,00,B,_,3,_,4,_,_,0,0,_,0,0,0,B00T11E____-3040X_0S00,B1379
92298870,1,1,0,0,00,B,9,_,9,_,0,0,_,_,0,_,_,_,B00T11E9090-____X0_S00,B1590
92300406,1,1,0,0,00,B,9,_,0,_,0,0,_,_,0,_,_,_,B00T11E9000-____X0_S00,B1692
92129739,1,_,0,0,00,B,0,_,0,_,0,0,_,_,0,_,_,_,B00T1_E0000-____X0_S00,T537
92296326,1,_,0,0,00,B,0,_,0,_,0,0,_,_,0,_,_,_,B00T1_E0000-____X0_S00,B1457
92301671,1,1,_,_,00,B,_,0,_,0,_,_,0,0,_,0,0,0,B00T11E____-0000X_0S__,B1787
92103003,1,1,0,0,00,B,_,0,_,0,_,_,0,0,_,0,0,0,B00T11E____-0000X_0S00,B1291
92127644,1,_,0,0,00,B,8,4,0,0,0,0,4,0,0,0,0,0,B00T1_E8000-4400X00S00,T1254
92297273,1,1,0,0,00,B,0,5,0,0,0,0,5,0,_,0,0,0,B00T11E0000-5500X_0S00,B1505
92127570,1,1,0,0,00,B,9,3,8,0,8,8,0,0,_,0,0,0,B00T11E9888-3000X_0S00,T1234
92129712,1,1,0,0,00,B,0,3,0,0,0,0,0,0,0,0,0,0,B00T11E0000-3000X00S00,T529
92299479,1,1,0,0,00,B,9,0,0,0,0,0,0,0,0,0,0,0,B00T11E9000-0000X00S00,B1628
92127828,_,1,0,_,00,B,,,,,,,,,,,,,B00T_1Enannannannan-nannannannanXnannanS0_,T1309
92127917,1,1,0,0,00,B,0,0,0,0,0,0,0,0,_,0,0,0,B00T11E0000-0000X_0S00,T188
92298327,1,1,_,0,00,B,9,_,9,_,0,0,_,_,0,_,_,_,B00T11E9090-____X0_S_0,B1561
92129959,1,1,0,0,00,B,0,_,0,_,0,0,_,_,0,_,_,_,B00T11E0000-____X0_S00,T581
92100960,1,1,0,0,00,B,0,3,0,4,7,0,0,0,0,0,0,0,B00T11E0700-3040X00S00,B1005
92305213,1,_,0,0,00,B,_,3,_,0,_,_,0,0,_,0,0,0,B00T1_E____-3000X_0S00,B2016
92129186,_,1,0,0,00,B,0,5,0,5,0,0,5,5,0,_,_,_,B00T_1E0000-5555X0_S00,T446
92102649,1,1,0,0,00,B,_,0,_,0,_,_,0,0,_,0,0,0,B00T11E____-0000X_0S00,B1236
92102322,1,1,0,0,00,B,9,0,9,0,0,0,0,0,0,0,0,0,B00T11E9090-0000X00S00,B1183
92127697,_,1,0,0,00,B,8,0,8,0,8,0,0,0,0,_,_,_,B00T_1E8880-0000X0_S00,T1274
92301399,1,1,0,0,00,B,0,4,0,3,0,0,3,0,_,0,0,0,B00T11E0000-4330X_0S00,B1770
92126998,1,1,0,0,00,B,8,0,9,0,0,0,0,0,0,0,0,0,B00T11E8090-0000X00S00,T1054
92102146,1,1,0,0,00,B,_,3,_,0,_,_,0,0,_,0,0,0,B00T11E____-3000X_0S00,B1154
92129666,_,_,_,_,00,B,,,,,,,,,,,,,B00T__Enannannannan-nannannannanXnannanS__,T521
92126845,1,1,_,0,00,B,_,0,_,0,_,_,3,0,_,0,0,0,B00T11E____-0300X_0S_0,T1010
92127028,1,1,0,_,00,B,_,0,_,0,_,_,0,0,_,0,0,0,B00T11E____-0000X_0S0_,T1065
92303238,_,_,0,_,00,B,0,3,0,5,0,0,0,0,_,0,0,0,B00T__E0000-3050X_0S0_,B1899
92298900,1,1,0,0,00,B,8,_,8,_,0,0,_,_,0,_,_,_,B00T11E8080-____X0_S00,B1590
92296705,_,1,0,0,00,B,_,5,_,4,_,_,0,0,_,0,0,0,B00T_1E____-5040X_0S00,B1479
92103531,_,1,0,0,00,B,0,_,0,_,0,0,_,_,0,_,_,_,B00T_1E0000-____X0_S00,B1378
92295450,1,1,0,0,00,B,9,3,7,4,0,0,0,0,0,0,0,0,B00T11E9070-3040X00S00,B1400
92101902,1,1,0,0,00,B,0,4,0,0,0,0,0,0,_,1,1,1,B00T11E0000-4000X_1S00,B1129
92128401,_,_,0,0,00,B,7,3,0,4,0,0,3,3,0,_,_,_,B00T__E7000-3343X0_S00,T341
92301946,1,1,0,0,00,B,0,0,0,0,8,0,0,0,0,_,_,_,B00T11E0800-0000X0_S00,B1799
92296665,_,1,0,0,00,B,_,3,_,3,_,_,0,0,_,0,0,0,B00T_1E____-3030X_0S00,B1476
92128928,1,1,0,0,00,B,0,4,0,0,0,0,0,0,0,0,0,0,B00T11E0000-4000X00S00,T421
92296286,1,1,0,0,00,B,7,0,0,0,0,0,0,0,0,_,_,_,B00T11E7000-0000X0_S00,B1455
92296566,1,1,0,0,00,B,_,3,_,0,_,_,0,0,_,0,0,0,B00T11E____-3000X_0S00,B1473
92126952,1,1,1,0,00,B,0,0,0,0,0,0,0,0,0,0,0,0,B00T11E0000-0000X00S10,T1042
92299655,_,1,0,0,00,B,_,4,_,3,_,_,0,0,_,0,0,0,B00T_1E____-4030X_0S00,B1640
92100956,1,1,_,_,00,C,7,3,7,0,0,0,0,0,_,0,0,0,C00T11E7070-3000X_0S__,B1005
92302753,1,1,0,0,00,B,_,4,_,0,_,_,0,0,_,0,0,0,B00T11E____-4000X_0S00,B1864
92128682,1,1,0,0,00,B,_,4,_,0,_,_,0,0,_,0,0,0,B00T11E____-4000X_0S00,T383
92302560,1,1,0,0,00,B,9,_,9,_,9,8,_,_,0,_,_,_,B00T11E9998-____X0_S00,B1852
92103153,1,1,0,0,00,B,0,4,0,0,0,0,0,0,_,0,0,0,B00T11E0000-4000X_0S00,B1310
92103243,0,1,0,0,00,B,0,3,0,0,0,0,3,4,0,0,0,0,B00T01E0000-3304X00S00,B1322
92102036,_,1,0,0,00,C,0,0,0,0,0,0,0,0,0,0,0,0,C00T_1E0000-0000X00S00,B1143
92296562,1,1,0,0,20,_,0,4,0,3,0,0,0,0,_,0,0,0,_20T11E0000-4030X_0S00,B1471
92301731,1,1,_,0,00,B,0,4,0,4,0,0,0,0,_,0,0,0,B00T11E0000-4040X_0S_0,B1788
92300684,1,1,0,0,00,B,0,0,0,0,0,0,0,0,0,0,0,0,B00T11E0000-0000X00S00,B1708
92103114,_,1,0,0,00,B,_,3,_,0,_,_,4,0,_,0,0,0,B00T_1E____-3400X_0S00,B1308
92127637,1,1,0,0,00,B,0,0,0,0,0,0,0,0,0,0,0,0,B00T11E0000-0000X00S00,T1251
92127661,_,1,0,0,00,B,_,3,_,0,_,_,0,0,_,0,0,0,B00T_1E____-3000X_0S00,T1260
92304309,1,1,1,0,00,B,7,3,0,4,0,0,5,3,0,_,_,_,B00T11E7000-3543X0_S10,B1964
92103484,1,1,0,0,00,B,9,_,0,_,0,0,_,_,0,_,_,_,B00T11E9000-____X0_S00,B1371
92126999,0,1,0,0,00,B,9,3,7,0,8,0,0,0,_,0,0,0,B00T01E9870-3000X_0S00,T1055
92127176,_,1,0,0,00,B,_,3,_,4,_,_,0,0,_,0,0,0,B00T_1E____-3040X_0S00,T1118
92304574,1,1,0,0,00,B,0,3,0,0,0,0,0,0,_,0,0,0,B00T11E0000-3000X_0S00,B1982
92129491,1,1,0,0,00,B,0,_,0,_,0,0,_,_,0,_,_,_,B00T11E0000-____X0_S00,T490
92303745,1,1,1,0,00,B,8,5,7,4,7,7,3,4,0,_,_,_,B00T11E8777-5344X0_S10,B1932
92296839,1,1,1,0,00,B,_,4,_,5,_,_,4,0,_,0,0,0,B00T11E____-4450X_0S10,B1486
92101363,1,1,0,0,00,B,8,4,8,3,8,0,0,0,_,0,0,0,B00T11E8880-4030X_0S00,B1045
92100919,1,1,0,0,00,B,_,4,_,4,_,_,3,0,_,0,0,0,B00T11E____-4340X_0S00,B1002
92299004,1,1,0,0,00,B,0,_,0,_,0,0,_,_,0,_,_,_,B00T11E0000-____X0_S00,B1594
92103495,1,1,0,0,20,_,_,0,_,0,_,_,0,0,_,0,0,0,_20T11E____-0000X_0S00,B1373
92301343,1,1,0,0,00,B,9,_,0,_,8,0,_,_,0,_,_,_,B00T11E9800-____X0_S00,B1764
92129632,1,1,0,0,00,B,0,0,0,0,0,0,0,0,0,0,0,0,B00T11E0000-0000X00S00,T518
92127348,1,1,0,0,00,B,8,3,0,0,0,0,0,0,_,0,0,0,B00T11E8000-3000X_0S00,T1177
92300851,_,1,0,0,00,B,,,,,,,,,,,,,B00T_1Enannannannan-nannannannanXnannanS00,B1723
92127717,1,_,0,0,00,B,0,0,0,0,0,0,0,0,0,_,_,_,B00T1_E0000-0000X0_S00,T1280
92299849,1,_,0,0,00,B,0,_,0,_,8,0,_,_,0,_,_,_,B00T1_E0800-____X0_S00,B1655
92303014,_,0,_,_,00,B,_,3,_,4,_,_,0,0,_,0,0,0,B00T_0E____-3040X_0S__,B1885
92127590,_,_,0,0,00,B,0,3,0,0,0,0,0,0,_,0,0,0,B00T__E0000-3000X_0S00,T1240
92302125,1,1,0,0,00,B,7,_,9,_,0,0,_,_,0,_,_,_,B00T11E7090-____X0_S00,B1813
92101597,1,1,_,_,20,_,7,_,0,_,0,0,_,_,0,_,_,_,_20T11E7000-____X0_S__,B1083
92299534,_,1,_,_,00,B,0,4,0,5,8,0,3,3,_,0,0,0,B00T_1E0800-4353X_0S__,B1630
92127227,1,1,0,_,00,B,7,5,8,0,0,0,0,0,0,_,_,_,B00T11E7080-5000X0_S0_,T1138
92301730,1,1,0,0,00,B,9,_,8,_,0,0,_,_,0,_,_,_,B00T11E9080-____X0_S00,B1788
92103468,1,1,_,_,00,B,8,_,0,_,0,0,_,_,1,_,_,_,B00T11E8000-____X1_S__,B1368
92127037,1,1,0,0,00,B,8,_,0,_,0,0,_,_,0,_,_,_,B00T11E8000-____X0_S00,T1067
92298787,1,1,0,0,00,B,_,0,_,5,_,_,0,0,_,0,0,0,B00T11E____-0050X_0S00,B1585
92129443,_,1,0,0,00,B,_,0,_,0,_,_,0,0,_,0,0,0,B00T_1E____-0000X_0S00,T484
92303270,1,1,0,0,00,B,8,4,0,4,0,0,0,0,0,0,0,0,B00T11E8000-4040X00S00,B1901
92301075,1,1,0,0,00,B,0,4,0,4,0,0,0,0,0,_,_,_,B00T11E0000-4040X0_S00,B1742
92129318,_,_,0,0,00,B,9,4,8,3,0,0,4,0,0,0,0,0,B00T__E9080-4430X00S00,T466
92128907,_,1,0,0,00,B,_,0,_,0,_,_,0,0,_,0,0,0,B00T_1E____-0000X_0S00,T419
92301383,1,1,0,0,00,B,9,_,8,_,0,0,_,_,0,_,_,_,B00T11E9080-____X0_S00,B1767
92101280,_,_,0,0,00,B,0,_,0,_,9,9,_,_,0,_,_,_,B00T__E0909-____X0_S00,B1035
92297683,1,1,0,0,00,B,8,_,0,_,0,0,_,_,0,_,_,_,B00T11E8000-____X0_S00,B1531
92128794,_,1,_,_,00,B,,,,,,,,,,,,,B00T_1Enannannannan-nannannannanXnannanS__,T401
92101318,1,1,0,0,00,B,_,4,_,5,_,_,0,0,_,0,0,0,B00T11E____-4050X_0S00,B1041
92129918,1,1,0,0,00,B,0,_,0,_,7,0,_,_,0,_,_,_,B00T11E0700-____X0_S00,T568
92127679,1,_,0,0,00,C,0,_,0,_,0,0,_,_,0,_,_,_,C00T1_E0000-____X0_S00,T1266
92102277,1,1,0,0,00,B,8,4,8,0,8,9,4,0,0,0,0,0,B00T11E8889-4400X00S00,B1178
92302465,1,1,0,0,00,B,0,4,0,0,0,0,0,0,0,0,0,0,B00T11E0000-4000X00S00,B1845
92128862,1,1,0,0,00,B,0,_,0,_,0,0,_,_,0,_,_,_,B00T11E0000-____X0_S00,T413
92129254,_,1,0,0,00,B,_,3,_,4,_,_,4,0,_,0,0,0,B00T_1E____-3440X_0S00,T454
92101259,_,1,0,0,00,B,8,4,7,3,8,0,3,0,0,0,0,0,B00T_1E8870-4330X00S00,B1035
92128377,_,1,_,0,00,B,_,0,_,0,_,_,0,0,_,0,0,0,B00T_1E____-0000X_0S_0,T335
92101273,_,_,0,0,00,B,8,5,0,0,0,0,0,0,0,0,0,0,B00T__E8000-5000X00S00,B1035
92103309,1,0,0,0,00,B,7,5,7,5,0,0,0,0,0,0,0,0,B00T10E7070-5050X00S00,B1336
92305737,1,_,0,0,00,B,_,0,_,0,_,_,0,0,_,0,0,0,B00T1_E____-0000X_0S00,B2046
92295963,1,_,0,0,00,B,_,3,_,4,_,_,0,0,_,0,0,0,B00T1_E____-3040X_0S00,B1433
92127190,1,1,0,0,00,B,_,0,_,0,_,_,0,0,_,0,0,0,B00T11E____-0000X_0S00,T1124
92102435,_,1,0,0,00,B,8,4,7,5,0,0,3,5,0,_,_,_,B00T_1E8070-4355X0_S00,B1200
92127980,1,1,0,0,00,B,0,_,0,_,8,8,_,_,0,_,_,_,B00T11E0808-____X0_S00,T213
92129942,1,1,0,0,00,B,0,5,0,5,0,0,5,0,0,_,_,_,B00T11E0000-5550X0_S00,T574
92129515,1,1,0,0,00,B,8,_,7,_,0,0,_,_,0,_,_,_,B00T11E8070-____X0_S00,T495
92127148,1,1,0,0,00,B,9,0,8,4,8,7,5,3,_,0,0,0,B00T11E9887-0543X_0S00,T1106
92298025,1,1,0,0,00,B,_,4,_,3,_,_,0,0,_,0,0,0,B00T11E____-4030X_0S00,B1548
92128227,1,1,0,0,00,B,9,4,0,3,0,0,3,5,0,0,0,0,B00T11E9000-4335X00S00,T293
92127469,_,_,_,0,00,B,8,3,0,4,0,0,4,4,0,_,_,_,B00T__E8000-3444X0_S_0,T1209
92129820,_,1,0,0,20,B,0,0,0,0,0,0,0,0,0,_,_,_,B20T_1E0000-0000X0_S00,T549
92129574,1,_,_,_,00,B,_,5,_,3,_,_,0,0,_,0,0,0,B00T1_E____-5030X_0S__,T507
92129294,1,1,0,0,00,B,_,5,_,0,_,_,0,0,_,0,0,0,B00T11E____-5000X_0S00,T462
92103176,_,_,0,0,00,B,_,4,_,5,_,_,3,0,_,0,0,0,B00T__E____-4350X_0S00,B1314
92296296,1,1,0,0,00,B,8,_,9,_,0,0,_,_,0,_,_,_,B00T11E8090-____X0_S00,B1456
92101467,_,1,0,0,00,B,_,3,_,0,_,_,5,3,_,0,0,0,B00T_1E____-3503X_0S00,B1064
92299568,1,1,0,0,00,B,_,5,_,0,_,_,3,0,_,0,0,0,B00T11E____-5300X_0S00,B1634
92297907,1,1,0,0,00,B,0,_,0,_,0,0,_,_,0,_,_,_,B00T11E0000-____X0_S00,B1539
92101179,1,1,0,0,00,B,7,0,8,0,7,7,0,0,_,0,0,0,B00T11E7787-0000X_0S00,B1024
92297008,1,1,1,0,00,B,9,_,8,_,0,0,_,_,0,_,_,_,B00T11E9080-____X0_S10,B1493
92127690,1,_,0,0,00,B,8,3,0,3,0,0,3,3,0,_,_,_,B00T1_E8000-3333X0_S00,T1271
92304469,0,1,0,0,00,B,0,_,0,_,0,0,_,_,0,_,_,_,B00T01E0000-____X0_S00,B1975
92296331,_,_,0,0,00,B,8,_,0,_,0,0,_,_,0,_,_,_,B00T__E8000-____X0_S00,B1457
92101990,1,1,0,0,20,_,9,_,0,_,0,0,_,_,0,_,_,_,_20T11E9000-____X0_S00,B1138
92305579,1,1,0,0,00,B,_,0,_,0,_,_,0,0,_,0,0,0,B00T11E____-0000X_0S00,B2037
92303183,1,1,0,0,00,C,9,0,0,0,0,0,3,0,0,0,0,0,C00T11E9000-0300X00S00,B1895
92296523,1,_,0,0,00,B,0,0,0,0,0,0,0,0,0,_,_,_,B00T1_E0000-0000X0_S00,B1468
92127671,1,1,0,0,00,B,8,_,8,_,0,0,_,_,0,_,_,_,B00T11E8080-____X0_S00,T1263
92297534,1,1,0,0,00,B,_,3,_,0,_,_,0,0,_,0,0,0,B00T11E____-3000X_0S00,B1521
92101395,1,1,_,0,00,B,8,4,7,4,0,0,0,0,0,0,0,0,B00T11E8070-4040X00S_0,B1052
92129046,1,1,0,0,00,B,_,0,_,0,_,_,0,0,_,0,0,0,B00T11E____-0000X_0S00,T434
92128105,1,_,0,0,00,B,9,0,0,0,0,0,5,4,0,_,_,_,B00T1_E9000-0504X0_S00,T259
92297135,_,1,0,0,00,B,9,0,0,0,0,0,0,0,0,0,0,0,B00T_1E9000-0000X00S00,B1498
92129269,1,1,0,0,00,B,0,0,0,0,0,0,0,0,0,_,_,_,B00T11E0000-0000X0_S00,T457
92127660,_,_,_,_,00,B,8,_,9,_,0,0,_,_,0,_,_,_,B00T__E8090-____X0_S__,T1260
92103382,1,1,0,0,00,B,0,0,0,0,0,0,0,0,_,0,0,0,B00T11E0000-0000X_0S00,B1351
92102760,1,1,0,0,00,B,9,4,8,0,0,0,0,0,_,0,0,0,B00T11E9080-4000X_0S00,B1258
92127960,_,_,_,_,00,B,,,,,,,,,,,,,B00T__Enannannannan-nannannannanXnannanS__,T211
92127623,_,_,0,0,00,B,,,,,,,,,,,,,B00T__Enannannannan-nannannannanXnannanS00,T1249
92102133,1,1,_,0,00,B,_,3,_,0,_,_,0,0,_,0,0,0,B00T11E____-3000X_0S_0,B1154
92295873,_,1,0,0,20,B,_,4,_,3,_,_,0,0,_,0,0,0,B20T_1E____-4030X_0S00,B1429
92101604,_,0,0,0,20,B,_,3,_,4,_,_,0,0,_,0,0,0,B20T_0E____-3040X_0S00,B1084
92298303,1,1,0,0,00,B,8,_,7,_,0,0,_,_,0,_,_,_,B00T11E8070-____X0_S00,B1559
92300867,1,1,0,0,00,B,8,_,8,_,0,0,_,_,0,_,_,_,B00T11E8080-____X0_S00,B1723
92305495,_,_,_,_,00,B,9,0,8,0,0,0,3,4,0,_,_,_,B00T__E9080-0304X0_S__,B2033
92129583,1,1,0,0,00,B,7,_,8,_,0,0,_,_,0,_,_,_,B00T11E7080-____X0_S00,T509
92298560,_,1,0,0,00,B,_,0,_,0,_,_,0,0,_,0,0,0,B00T_1E____-0000X_0S00,B1575
92103040,1,1,0,0,00,B,_,4,_,0,_,_,4,0,_,0,0,0,B00T11E____-4400X_0S00,B1292
92129784,1,_,0,0,00,B,8,_,9,_,8,0,_,_,0,_,_,_,B00T1_E8890-____X0_S00,T542
92297410,1,1,0,0,00,B,0,0,0,0,8,0,0,0,0,0,0,0,B00T11E0800-0000X00S00,B1516
92126830,1,1,0,0,20,B,0,_,0,_,0,0,_,_,0,_,_,_,B20T11E0000-____X0_S00,T1006
92296453,_,1,0,0,00,B,0,0,9,0,0,0,5,0,0,0,0,0,B00T_1E0090-0500X00S00,B1463
92127073,1,1,_,_,00,B,0,0,0,0,0,0,0,0,_,0,0,0,B00T11E0000-0000X_0S__,T1080
92128884,1,_,0,0,00,B,0,5,0,5,0,0,0,0,_,0,0,0,B00T1_E0000-5050X_0S00,T417
92300376,1,1,0,0,00,B,9,0,0,0,0,0,4,4,0,_,_,_,B00T11E9000-0404X0_S00,B1691
92128403,_,1,0,0,00,B,7,4,0,5,0,0,0,0,_,0,0,0,B00T_1E7000-4050X_0S00,T341
92128834,1,1,_,0,00,B,9,_,8,_,0,0,_,_,0,_,_,_,B00T11E9080-____X0_S_0,T408
92127712,1,_,0,0,00,B,0,_,0,_,0,0,_,_,0,_,_,_,B00T1_E0000-____X0_S00,T1278
92103242,0,_,1,0,00,B,8,3,7,4,0,0,4,4,0,0,0,0,B00T0_E8070-3444X00S10,B1322
92127846,_,1,_,_,00,B,_,0,_,0,_,_,0,0,_,0,0,0,B00T_1E____-0000X_0S__,T1317
92300907,1,1,0,0,00,B,8,_,0,_,0,0,_,_,0,_,_,_,B00T11E8000-____X0_S00,B1729
92127177,1,1,0,0,00,B,_,3,_,0,_,_,0,0,_,0,0,0,B00T11E____-3000X_0S00,T1118
92127016,1,1,0,0,00,B,0,0,0,0,0,0,0,0,0,0,0,0,B00T11E0000-0000X00S00,T1061
92103192,_,_,0,0,00,B,_,3,_,0,_,_,3,0,_,0,0,0,B00T__E____-3300X_0S00,B1318
92126955,1,1,0,0,00,B,0,_,0,_,0,0,_,_,0,_,_,_,B00T11E0000-____X0_S00,T1042
92101638,1,1,0,0,00,B,_,3,_,0,_,_,0,0,_,0,0,0,B00T11E____-3000X_0S00,B1091
92300540,1,1,0,0,20,B,0,0,8,0,9,0,0,0,0,_,_,_,B20T11E0980-0000X0_S00,B1699
92301524,1,1,0,0,00,B,_,3,_,0,_,_,3,0,_,0,0,0,B00T11E____-3300X_0S00,B1781
92101546,1,1,0,0,00,B,7,4,7,0,8,9,0,0,_,0,0,0,B00T11E7879-4000X_0S00,B1076
92297220,1,_,_,0,00,B,0,0,0,0,0,0,0,0,0,0,0,0,B00T1_E0000-0000X00S_0,B1501
92101575,1,1,0,0,00,B,8,_,0,_,0,0,_,_,0,_,_,_,B00T11E8000-____X0_S00,B1082
92103262,1,1,0,0,00,B,9,4,9,0,8,7,0,0,_,0,0,0,B00T11E9897-4000X_0S00,B1327
92129818,_,_,0,0,00,B,0,_,0,_,0,0,_,_,0,_,_,_,B00T__E0000-____X0_S00,T549
92300193,1,1,0,0,00,B,_,0,_,0,_,_,0,0,_,0,0,0,B00T11E____-0000X_0S00,B1683
92101094,_,1,1,0,00,B,_,5,_,0,_,_,0,0,_,0,0,0,B00T_1E____-5000X_0S10,B1013
92296706,1,1,0,0,00,B,8,4,7,3,0,0,4,0,0,0,0,0,B00T11E8070-4430X00S00,B1479
92101421,_,0,0,0,00,B,8,0,7,0,0,0,0,0,_,0,0,0,B00T_0E8070-0000X_0S00,B1058
92296860,1,1,0,0,00,B,9,_,9,_,0,0,_,_,0,_,_,_,B00T11E9090-____X0_S00,B1487
92101789,1,_,0,0,00,B,9,_,0,_,0,0,_,_,0,_,_,_,B00T1_E9000-____X0_S00,B1114
92102134,1,_,0,0,00,B,_,3,_,0,_,_,0,0,_,0,0,0,B00T1_E____-3000X_0S00,B1154
92303686,_,_,0,0,00,B,0,_,0,_,0,0,_,_,0,_,_,_,B00T__E0000-____X0_S00,B1930
92304466,_,_,_,_,00,B,,,,,,,,,,,,,B00T__Enannannannan-nannannannanXnannanS__,B1975
92299131,1,1,_,0,00,B,0,0,0,0,0,0,0,0,0,0,0,0,B00T11E0000-0000X00S_0,B1602
92302479,1,1,0,0,00,B,_,0,_,0,_,_,0,0,_,0,0,0,B00T11E____-0000X_0S00,B1846
92127528,_,_,0,0,00,B,8,_,8,_,0,0,_,_,0,_,_,_,B00T__E8080-____X0_S00,T1223
92127979,1,1,0,0,00,B,0,_,0,_,8,8,_,_,0,_,_,_,B00T11E0808-____X0_S00,T213
92126812,_,1,0,0,00,B,_,0,_,0,_,_,0,0,_,0,0,0,B00T_1E____-0000X_0S00,T1000
92128829,1,1,0,0,00,C,7,4,8,3,8,0,0,0,_,0,0,0,C00T11E7880-4030X_0S00,T407
92100995,1,_,0,0,00,B,7,_,7,_,0,0,_,_,0,_,_,_,B00T1_E7070-____X0_S00,B1007
92129505,1,1,0,0,00,B,0,_,0,_,0,0,_,_,0,_,_,_,B00T11E0000-____X0_S00,T492
92305608,_,1,1,0,00,B,_,3,_,4,_,_,3,4,_,0,0,0,B00T_1E____-3344X_0S10,B2039
92101274,_,1,0,0,00,B,8,_,0,_,0,0,_,_,0,_,_,_,B00T_1E8000-____X0_S00,B1035
92128035,1,1,0,_,00,B,0,4,0,0,0,0,0,0,0,0,0,0,B00T11E0000-4000X00S0_,T240
92299539,1,1,0,0,00,B,8,_,0,_,0,0,_,_,0,_,_,_,B00T11E8000-____X0_S00,B1631
92102026,_,_,_,0,00,B,0,0,0,0,0,0,0,0,_,0,0,0,B00T__E0000-0000X_0S_0,B1142
92297418,1,1,0,_,20,B,8,0,0,0,0,0,0,0,_,0,0,0,B20T11E8000-0000X_0S0_,B1516
92129067,1,1,0,0,00,B,_,4,_,4,_,_,0,0,_,0,0,0,B00T11E____-4040X_0S00,T436
92297782,1,0,0,0,00,B,0,0,0,0,0,0,0,0,0,0,0,0,B00T10E0000-0000X00S00,B1534
92296489,1,1,0,0,00,B,0,5,0,5,8,0,4,5,0,_,_,_,B00T11E0800-5455X0_S00,B1466
92299077,1,0,0,0,00,B,9,3,8,0,0,0,0,0,0,0,0,0,B00T10E9080-3000X00S00,B1599
92127341,1,1,0,0,00,B,8,4,0,5,0,0,4,3,0,0,0,0,B00T11E8000-4453X00S00,T1175
92100998,_,_,0,0,00,B,0,3,0,4,0,0,0,0,_,0,0,0,B00T__E0000-3040X_0S00,B1007
92128570,_,_,_,_,_,_,0,_,0,_,0,0,_,_,0,_,_,_,__T__E0000-____X0_S__,T366
92127727,_,1,0,0,00,B,_,0,_,0,_,_,0,0,_,0,0,0,B00T_1E____-0000X_0S00,T1282
92298243,1,0,0,0,00,B,_,3,_,4,_,_,0,0,_,0,0,0,B00T10E____-3040X_0S00,B1558
92102752,_,1,0,0,00,B,_,0,_,0,_,_,0,0,_,0,0,0,B00T_1E____-0000X_0S00,B1258
92128660,1,1,0,0,00,B,9,3,0,0,0,0,0,0,0,0,0,0,B00T11E9000-3000X00S00,T380
92128112,1,1,0,0,00,B,0,5,0,0,0,0,0,0,0,0,0,0,B00T11E0000-5000X00S00,T261
92101227,_,1,0,0,00,B,_,0,_,0,_,_,0,0,_,0,0,0,B00T_1E____-0000X_0S00,B1032
92305610,1,1,0,_,00,B,9,_,0,_,0,0,_,_,0,_,_,_,B00T11E9000-____X0_S0_,B2040
92101165,1,1,1,1,00,B,8,4,8,4,0,0,0,0,_,0,0,0,B00T11E8080-4040X_0S11,B1020
92127239,_,1,0,_,00,B,0,0,0,0,0,0,0,0,0,_,_,_,B00T_1E0000-0000X0_S0_,T1142
92305119,1,1,0,0,00,B,9,_,0,_,0,0,_,_,0,_,_,_,B00T11E9000-____X0_S00,B2012
92129758,1,1,0,_,00,B,_,0,_,0,_,_,0,0,_,0,0,0,B00T11E____-0000X_0S0_,T538
92100967,1,1,0,0,00,B,0,5,0,4,0,0,3,0,0,_,_,_,B00T11E0000-5340X0_S00,B1005
92129270,1,_,0,0,00,B,0,_,0,_,0,0,_,_,0,_,_,_,B00T1_E0000-____X0_S00,T457
92103324,1,1,_,0,00,B,8,4,0,0,0,0,0,0,0,0,0,0,B00T11E8000-4000X00S_0,B1339
92101727,1,0,_,0,00,B,8,_,9,_,0,0,_,_,0,_,_,_,B00T10E8090-____X0_S_0,B1104
92102503,1,1,0,0,00,B,0,0,0,0,0,0,0,0,0,0,0,0,B00T11E0000-0000X00S00,B1212
92298679,1,1,0,0,00,B,8,5,8,4,9,0,0,0,0,0,0,0,B00T11E8980-5040X00S00,B1581
92298993,1,1,_,0,_,_,8,_,0,_,0,0,_,_,0,_,_,_,__T11E8000-____X0_S_0,B1594
92128728,1,1,0,0,00,B,0,0,0,0,9,0,0,0,0,0,0,0,B00T11E0900-0000X00S00,T388
92129247,1,1,0,0,00,B,8,_,8,_,0,0,_,_,0,_,_,_,B00T11E8080-____X0_S00,T453
92102463,_,_,0,0,00,B,0,0,0,0,0,0,0,0,0,0,0,0,B00T__E0000-0000X00S00,B1205
92103060,1,1,0,0,00,B,7,4,0,3,0,0,4,0,0,0,0,0,B00T11E7000-4430X00S00,B1295
92101737,1,1,0,0,00,B,_,3,_,0,_,_,0,0,_,0,0,0,B00T11E____-3000X_0S00,B1105
92299107,1,_,0,0,00,B,_,0,_,0,_,_,0,0,_,0,0,0,B00T1_E____-0000X_0S00,B1600
92126939,1,1,0,0,00,B,_,3,_,0,_,_,4,0,_,0,0,0,B00T11E____-3400X_0S00,T1040
92102452,_,1,1,0,00,B,9,4,0,3,0,0,3,0,0,0,0,0,B00T_1E9000-4330X00S10,B1204
92101844,1,1,0,0,00,B,8,4,8,4,0,0,5,0,0,_,_,_,B00T11E8080-4540X0_S00,B1121
92101756,1,1,0,0,00,B,0,3,0,4,0,0,5,4,0,0,0,0,B00T11E0000-3544X00S00,B1109
92102788,1,1,0,0,20,_,0,0,0,0,0,0,0,0,0,0,0,0,_20T11E0000-0000X00S00,B1259
92128244,1,1,0,0,00,B,0,3,0,0,0,0,4,0,_,0,0,0,B00T11E0000-3400X_0S00,T301
92295441,1,1,0,0,00,B,_,0,_,0,_,_,3,3,_,0,0,0,B00T11E____-0303X_0S00,B1399
92298152,0,0,_,0,00,B,_,3,_,0,_,_,0,0,_,0,0,0,B00T00E____-3000X_0S_0,B1556
92127776,1,1,0,0,00,B,_,3,_,4,_,_,0,0,_,0,0,0,B00T11E____-3040X_0S00,T1297
92299582,1,1,0,_,00,B,_,0,_,0,_,_,0,0,_,0,0,0,B00T11E____-0000X_0S0_,B1636
92102310,1,1,0,0,00,B,8,_,0,_,0,0,_,_,0,_,_,_,B00T11E8000-____X0_S00,B1182
92100875,1,1,0,0,00,B,_,4,_,3,_,_,0,0,_,0,0,0,B00T11E____-4030X_0S00,B1000
92129873,1,1,0,0,00,B,7,0,0,0,0,0,0,0,0,0,0,0,B00T11E7000-0000X00S00,T557
92129136,1,1,0,0,20,_,9,_,0,_,0,0,_,_,0,_,_,_,_20T11E9000-____X0_S00,T441
92101557,1,1,0,0,00,B,0,_,0,_,0,0,_,_,0,_,_,_,B00T11E0000-____X0_S00,B1077
92102436,_,1,0,0,20,B,0,4,0,0,0,0,4,3,0,0,0,0,B20T_1E0000-4403X00S00,B1201
92102978,1,1,0,0,00,B,0,5,0,5,0,0,0,0,_,0,0,0,B00T11E0000-5050X_0S00,B1283
92299342,1,1,0,0,00,B,0,0,0,0,0,0,0,0,0,0,0,0,B00T11E0000-0000X00S00,B1616
92129700,1,1,_,0,00,B,0,4,0,0,0,0,5,5,0,0,0,0,B00T11E0000-4505X00S_0,T525
92127329,1,_,0,0,00,B,_,5,_,4,_,_,0,0,_,0,0,0,B00T1_E____-5040X_0S00,T1171
92301601,1,1,0,0,00,B,0,_,0,_,0,0,_,_,0,_,_,_,B00T11E0000-____X0_S00,B1785
92127204,1,1,0,0,00,B,_,4,_,0,_,_,0,0,_,0,0,0,B00T11E____-4000X_0S00,T1127
92101236,1,1,0,0,00,B,8,4,0,4,0,0,0,0,0,0,0,0,B00T11E8000-4040X00S00,B1032
92102397,1,1,0,0,00,B,8,3,0,0,8,7,0,0,0,0,0,0,B00T11E8807-3000X00S00,B1197
92129802,1,1,0,0,00,B,9,4,7,0,0,0,0,0,0,_,_,_,B00T11E9070-4000X0_S00,T545
92102550,_,1,0,0,00,B,0,0,0,0,0,0,3,0,_,0,0,0,B00T_1E0000-0300X_0S00,B1218
92296695,1,1,0,0,20,C,_,4,_,0,_,_,0,0,_,0,0,0,C20T11E____-4000X_0S00,B1478
92128233,1,1,0,0,00,B,_,3,_,5,_,_,5,0,_,0,0,0,B00T11E____-3550X_0S00,T296
92127254,1,1,0,0,00,B,8,_,0,_,0,0,_,_,0,_,_,_,B00T11E8000-____X0_S00,T1146
92102873,1,1,0,0,00,B,_,3,_,4,_,_,0,0,_,0,0,0,B00T11E____-3040X_0S00,B1267
92301118,1,1,0,0,00,B,0,0,0,0,8,8,0,0,0,0,0,0,B00T11E0808-0000X00S00,B1746
92303809,1,1,0,0,00,B,0,0,0,0,0,0,0,0,0,_,_,_,B00T11E0000-0000X0_S00,B1934
92102446,1,1,0,0,20,C,_,4,_,0,_,_,0,0,_,0,0,0,C20T11E____-4000X_0S00,B1202
92102866,_,1,0,0,00,B,_,3,_,5,_,_,0,0,_,0,0,0,B00T_1E____-3050X_0S00,B1264
92305183,1,1,0,_,00,C,_,0,_,0,_,_,0,0,_,0,0,0,C00T11E____-0000X_0S0_,B2015
92299533,1,1,0,0,00,B,_,0,_,0,_,_,0,0,_,0,0,0,B00T11E____-0000X_0S00,B1630
92295898,1,1,0,0,00,B,0,0,0,0,0,0,0,0,0,_,_,_,B00T11E0000-0000X0_S00,B1430
92295858,1,_,0,0,00,B,9,4,8,3,0,0,0,0,0,_,_,_,B00T1_E9080-4030X0_S00,B1429
92101645,1,1,0,0,00,B,_,0,_,0,_,_,0,0,_,0,0,0,B00T11E____-0000X_0S00,B1092
92303427,1,0,0,0,00,B,0,0,0,0,0,0,0,0,_,0,0,0,B00T10E0000-0000X_0S00,B1911
92128010,1,1,0,0,00,B,0,4,0,0,0,0,0,0,0,0,0,0,B00T11E0000-4000X00S00,T220
92299589,1,1,0,0,00,C,8,0,7,0,8,0,0,0,_,0,0,0,C00T11E8870-0000X_0S00,B1636
92102548,1,1,0,0,00,B,0,_,0,_,0,0,_,_,0,_,_,_,B00T11E0000-____X0_S00,B1218
92304868,0,_,0,0,00,B,8,_,8,_,0,0,_,_,0,_,_,_,B00T0_E8080-____X0_S00,B1998
92103508,1,1,0,0,00,B,9,_,8,_,0,0,_,_,0,_,_,_,B00T11E9080-____X0_S00,B1374
92101091,1,1,0,0,00,B,8,4,7,0,8,9,0,0,_,0,0,0,B00T11E8879-4000X_0S00,B1013
92299394,1,1,0,0,00,B,0,_,0,_,0,0,_,_,0,_,_,_,B00T11E0000-____X0_S00,B1622
92127823,1,1,0,0,00,B,0,4,0,0,0,0,0,0,_,0,0,0,B00T11E0000-4000X_0S00,T1308
92299302,1,1,0,0,00,B,0,_,0,_,9,0,_,_,0,_,_,_,B00T11E0900-____X0_S00,B1613
92101119,1,1,_,0,00,B,8,4,7,0,0,0,0,0,0,0,0,0,B00T11E8070-4000X00S_0,B1017
92103509,1,1,0,0,00,B,9,4,0,0,0,0,0,0,0,0,0,0,B00T11E9000-4000X00S00,B1374
92296607,_,1,_,0,00,B,_,3,_,5,_,_,0,0,_,0,0,0,B00T_1E____-3050X_0S_0,B1476
92101081,1,1,_,0,00,B,0,0,0,0,0,0,0,0,0,0,0,0,B00T11E0000-0000X00S_0,B1012
92128874,_,_,_,_,_,_,0,_,8,_,8,0,_,_,0,_,_,_,__T__E0880-____X0_S__,T415
92126881,1,1,0,0,00,B,7,_,0,_,0,0,_,_,0,_,_,_,B00T11E7000-____X0_S00,T1021
92299491,_,_,0,0,00,B,_,5,_,4,_,_,0,0,_,0,0,0,B00T__E____-5040X_0S00,B1628
92101544,1,1,0,0,00,B,_,3,_,4,_,_,0,0,_,0,0,0,B00T11E____-3040X_0S00,B1076
92127772,1,1,0,0,00,B,0,0,0,0,0,0,0,0,0,_,_,_,B00T11E0000-0000X0_S00,T1295
92101449,1,1,0,0,00,B,_,3,_,0,_,_,0,0,_,0,0,0,B00T11E____-3000X_0S00,B1063
92101586,1,_,0,0,00,B,8,_,0,_,7,0,_,_,0,_,_,_,B00T1_E8700-____X0_S00,B1082
92127290,_,_,0,_,00,C,9,0,0,0,0,0,0,0,_,0,0,0,C00T__E9000-0000X_0S0_,T1158
92296932,1,1,0,0,00,B,8,4,8,0,0,0,0,0,0,_,_,_,B00T11E8080-4000X0_S00,B1491
92102843,1,1,0,0,00,B,0,0,0,0,9,8,0,0,_,0,0,0,B00T11E0908-0000X_0S00,B1262
92129812,1,1,_,0,00,B,7,_,0,_,0,0,_,_,0,_,_,_,B00T11E7000-____X0_S_0,T547
92103103,1,1,0,0,20,B,9,3,0,0,0,0,3,0,0,0,0,0,B20T11E9000-3300X00S00,B1306
92300803,_,_,0,0,00,B,8,3,0,5,8,9,4,3,0,_,_,_,B00T__E8809-3453X0_S00,B1719
92127098,1,_,0,0,00,B,_,3,_,4,_,_,0,0,_,0,0,0,B00T1_E____-3040X_0S00,T1088
92102450,_,_,_,0,00,B,7,3,8,4,0,0,0,0,_,0,0,0,B00T__E7080-3040X_0S_0,B1204
92297036,1,1,0,0,00,B,_,0,_,0,_,_,0,0,_,0,0,0,B00T11E____-0000X_0S00,B1494
92126849,1,1,0,0,00,B,0,4,0,0,0,0,4,0,0,0,0,0,B00T11E0000-4400X00S00,T1011
92129916,1,1,0,0,00,C,0,4,0,5,0,0,0,0,0,0,0,0,C00T11E0000-4050X00S00,T567
92127336,1,_,0,0,00,B,0,_,0,_,0,0,_,_,0,_,_,_,B00T1_E0000-____X0_S00,T1173
92101487,1,1,0,0,00,B,_,3,_,5,_,_,0,0,_,0,0,0,B00T11E____-3050X_0S00,B1069
92128714,1,1,0,0,00,B,0,3,0,0,0,0,4,0,0,0,0,0,B00T11E0000-3400X00S00,T386
92102334,1,1,0,0,20,C,7,_,0,_,0,0,_,_,0,_,_,_,C20T11E7000-____X0_S00,B1185
92305864,1,1,0,0,00,B,_,0,_,0,_,_,0,0,_,0,0,0,B00T11E____-0000X_0S00,B2053
92305994,1,1,0,0,00,B,9,0,8,0,8,8,0,0,0,0,0,0,B00T11E9888-0000X00S00,B2061
92127676,1,1,0,0,00,C,0,_,0,_,0,0,_,_,0,_,_,_,C00T11E0000-____X0_S00,T1265
92305429,1,1,0,0,00,B,0,0,8,0,0,0,0,0,0,0,0,0,B00T11E0080-0000X00S00,B2029
92127814,1,1,0,0,00,B,8,0,0,0,0,0,0,0,0,0,0,0,B00T11E8000-0000X00S00,T1307
92299092,_,1,0,_,00,B,0,0,0,0,0,0,0,0,_,0,0,0,B00T_1E0000-0000X_0S0_,B1600
92128121,_,_,0,0,20,_,9,0,8,0,0,0,0,0,0,0,0,0,_20T__E9080-0000X00S00,T264
92126906,_,1,0,_,00,B,0,0,0,0,0,0,0,0,0,0,0,0,B00T_1E0000-0000X00S0_,T1028
92129028,1,1,0,0,00,B,7,_,9,_,0,0,_,_,0,_,_,_,B00T11E7090-____X0_S00,T433
92129540,1,1,1,0,00,B,8,4,7,0,0,0,0,0,0,_,_,_,B00T11E8070-4000X0_S10,T499
92127337,1,_,0,0,00,B,0,_,0,_,0,0,_,_,0,_,_,_,B00T1_E0000-____X0_S00,T1173
92298201,1,1,0,0,00,B,9,3,9,3,0,0,0,0,0,0,0,0,B00T11E9090-3030X00S00,B1556
92103265,_,1,0,0,00,B,_,4,_,4,_,_,4,0,_,0,0,0,B00T_1E____-4440X_0S00,B1327
92101675,0,_,_,_,20,B,9,_,0,_,0,0,_,_,0,_,_,_,B20T0_E9000-____X0_S__,B1097
92129476,_,_,_,_,00,B,9,_,8,_,0,0,_,_,0,_,_,_,B00T__E9080-____X0_S__,T489
92101048,_,_,_,0,00,C,0,_,0,_,0,0,_,_,0,_,_,_,C00T__E0000-____X0_S_0,B1011
92101864,1,1,_,0,00,B,8,_,9,_,0,0,_,_,0,_,_,_,B00T11E8090-____X0_S_0,B1124
92129051,1,1,0,0,00,B,8,0,0,0,0,0,0,0,0,0,0,0,B00T11E8000-0000X00S00,T435
92299721,1,_,_,0,00,B,7,_,8,_,0,0,_,_,0,_,_,_,B00T1_E7080-____X0_S_0,B1647
92305149,1,1,0,0,00,C,8,4,0,4,0,0,0,0,0,0,0,0,C00T11E8000-4040X00S00,B2013
92305613,1,1,0,0,00,B,_,0,_,0,_,_,0,0,_,0,0,0,B00T11E____-0000X_0S00,B2041
92304616,1,_,0,0,00,B,0,_,0,_,0,0,_,_,0,_,_,_,B00T1_E0000-____X0_S00,B1986
92128230,1,1,0,0,00,B,9,5,9,4,9,0,3,3,0,_,_,_,B00T11E9990-5343X0_S00,T295
92127361,1,1,0,_,00,B,0,4,0,0,8,0,0,0,0,0,0,0,B00T11E0800-4000X00S0_,T1180
92303519,1,1,0,0,00,B,8,5,7,4,0,0,0,0,0,0,0,0,B00T11E8070-5040X00S00,B1916
92302410,1,1,0,0,00,B,9,0,8,0,8,9,0,0,0,0,0,0,B00T11E9889-0000X00S00,B1839
92127246,1,1,0,0,00,B,0,0,0,0,0,0,0,0,0,0,0,0,B00T11E0000-0000X00S00,T1144
92305165,1,1,0,0,00,C,7,4,8,4,0,0,0,0,_,0,0,0,C00T11E7080-4040X_0S00,B2013
92103504,1,1,0,0,00,B,8,_,9,_,0,0,_,_,0,_,_,_,B00T11E8090-____X0_S00,B1374
92129380,_,1,0,0,00,B,_,4,_,4,_,_,0,0,_,0,0,0,B00T_1E____-4040X_0S00,T473
92127558,_,_,0,0,00,B,_,0,_,0,_,_,0,0,_,0,0,0,B00T__E____-0000X_0S00,T1231
92128095,1,1,0,0,00,B,9,3,9,4,0,0,0,0,0,0,0,0,B00T11E9090-3040X00S00,T258
92300002,1,1,_,_,00,B,9,5,0,0,0,0,5,0,0,0,0,0,B00T11E9000-5500X00S__,B1667
92101970,1,1,0,0,00,B,_,0,_,0,_,_,0,0,_,0,0,0,B00T11E____-0000X_0S00,B1136
92129594,_,_,0,0,00,B,9,_,8,_,8,0,_,_,0,_,_,_,B00T__E9880-____X0_S00,T512
92295877,1,1,0,0,00,B,9,_,8,_,0,0,_,_,0,_,_,_,B00T11E9080-____X0_S00,B1429
92302195,0,0,0,0,20,B,_,0,_,0,_,_,0,0,_,0,0,0,B20T00E____-0000X_0S00,B1818
92129904,1,1,0,0,00,B,_,0,_,0,_,_,0,0,_,0,0,0,B00T11E____-0000X_0S00,T564
92296025,1,1,0,0,00,B,8,_,9,_,0,0,_,_,0,_,_,_,B00T11E8090-____X0_S00,B1442
92300042,1,1,0,0,00,B,_,0,_,0,_,_,0,0,_,0,0,0,B00T11E____-0000X_0S00,B1670
92128542,1,1,0,0,00,B,0,_,0,_,0,0,_,_,0,_,_,_,B00T11E0000-____X0_S00,T362
92127451,1,_,0,0,00,B,7,3,8,5,0,0,3,0,_,0,0,0,B00T1_E7080-3350X_0S00,T1207
92103340,1,1,0,0,00,B,0,_,0,_,0,0,_,_,0,_,_,_,B00T11E0000-____X0_S00,B1344
92128855,1,_,0,0,00,B,0,_,0,_,0,0,_,_,0,_,_,_,B00T1_E0000-____X0_S00,T412
92300052,1,_,0,0,00,B,0,_,0,_,0,0,_,_,0,_,_,_,B00T1_E0000-____X0_S00,B1671
92102218,1,1,0,0,00,B,0,0,0,0,0,0,0,0,0,0,0,0,B00T11E0000-0000X00S00,B1163
92127592,1,1,0,0,00,B,0,4,0,0,0,0,0,0,0,0,0,0,B00T11E0000-4000X00S00,T1240
92101749,_,1,0,0,00,B,0,0,0,0,0,0,0,0,_,0,0,0,B00T_1E0000-0000X_0S00,B1107
92303742,1,1,0,0,00,C,_,4,_,0,_,_,0,0,_,0,0,0,C00T11E____-4000X_0S00,B1931
92100853,1,1,0,0,00,B,8,4,7,4,0,0,0,0,0,0,0,0,B00T11E8070-4040X00S00,B1000
92101384,0,1,0,0,00,B,9,_,8,_,0,0,_,_,0,_,_,_,B00T01E9080-____X0_S00,B1049
92302769,1,1,_,0,00,B,8,0,0,0,8,0,0,0,0,0,0,0,B00T11E8800-0000X00S_0,B1867
92129241,_,_,0,0,00,B,_,4,_,5,_,_,0,0,_,0,0,0,B00T__E____-4050X_0S00,T453
92127128,1,1,0,0,00,B,9,5,8,3,0,0,0,0,0,0,0,0,B00T11E9080-5030X00S00,T1099
92297499,1,1,0,0,00,B,0,0,0,0,0,0,0,0,0,_,_,_,B00T11E0000-0000X0_S00,B1519
92102351,1,1,0,0,00,B,9,_,0,_,0,0,_,_,0,_,_,_,B00T11E9000-____X0_S00,B1188
92101293,1,1,0,0,00,B,_,0,_,0,_,_,0,0,_,0,0,0,B00T11E____-0000X_0S00,B1038
92295420,1,1,0,0,00,B,_,4,_,4,_,_,0,0,_,0,0,0,B00T11E____-4040X_0S00,B1395
92101767,_,_,0,0,00,B,_,0,_,0,_,_,0,0,_,0,0,0,B00T__E____-0000X_0S00,B1111
92300581,1,1,0,0,00,B,0,_,0,_,0,0,_,_,0,_,_,_,B00T11E0000-____X0_S00,B1703
92103537,1,1,0,0,00,B,8,3,0,4,0,0,0,0,_,0,0,0,B00T11E8000-3040X_0S00,B1379
92102859,1,_,0,0,00,B,9,_,7,_,0,0,_,_,0,_,_,_,B00T1_E9070-____X0_S00,B1264
92295837,1,1,0,0,00,B,0,0,0,0,0,0,0,0,0,0,0,0,B00T11E0000-0000X00S00,B1426
92102628,1,1,0,0,00,B,0,5,0,3,0,0,0,0,0,0,0,0,B00T11E0000-5030X00S00,B1230
92129118,1,1,0,0,00,B,9,3,8,0,0,0,0,0,_,0,0,0,B00T11E9080-3000X_0S00,T439
92102476,_,_,0,_,00,B,9,_,7,_,9,8,_,_,0,_,_,_,B00T__E9978-____X0_S0_,B1208
92300001,1,1,0,_,00,B,9,_,9,_,0,0,_,_,0,_,_,_,B00T11E9090-____X0_S0_,B1667
92101729,1,_,_,0,00,B,8,_,9,_,0,0,_,_,0,_,_,_,B00T1_E8090-____X0_S_0,B1104
92127691,1,1,0,0,00,B,8,_,9,_,0,0,_,_,0,_,_,_,B00T11E8090-____X0_S00,T1271
92128366,1,1,0,0,00,B,0,_,0,_,0,0,_,_,0,_,_,_,B00T11E0000-____X0_S00,T335
92129083,1,1,0,0,00,B,8,_,7,_,0,0,_,_,0,_,_,_,B00T11E8070-____X0_S00,T437
92299066,_,_,0,0,00,B,_,0,_,0,_,_,0,0,_,0,0,0,B00T__E____-0000X_0S00,B1598
92101614,_,1,0,0,00,B,_,3,_,5,_,_,0,0,_,0,0,0,B00T_1E____-3050X_0S00,B1085
92101285,1,1,0,0,00,B,0,3,0,0,0,0,5,0,_,0,0,0,B00T11E0000-3500X_0S00,B1036
92127531,1,_,0,0,00,B,_,4,_,4,_,_,0,0,_,0,0,0,B00T1_E____-4040X_0S00,T1224
92100894,1,1,0,0,00,B,9,_,9,_,0,0,_,_,0,_,_,_,B00T11E9090-____X0_S00,B1001
92100939,_,_,1,0,00,B,0,4,0,4,0,0,0,0,_,0,0,0,B00T__E0000-4040X_0S10,B1002
92101518,1,1,0,0,00,B,0,4,0,0,0,0,0,0,0,0,0,0,B00T11E0000-4000X00S00,B1072
92103185,1,_,0,0,00,B,_,4,_,3,_,_,0,0,_,0,0,0,B00T1_E____-4030X_0S00,B1317
92127377,1,1,0,0,_,_,8,_,7,_,0,0,_,_,0,_,_,_,__T11E8070-____X0_S00,T1184
92102669,_,1,0,_,00,B,0,0,0,4,0,0,5,0,0,0,0,0,B00T_1E0000-0540X00S0_,B1240
92101265,1,1,0,0,00,B,_,3,_,4,_,_,0,0,_,0,0,0,B00T11E____-3040X_0S00,B1035
92129277,_,_,0,_,00,B,_,3,_,0,_,_,0,0,_,0,0,0,B00T__E____-3000X_0S0_,T460
92128002,1,1,0,0,00,B,0,_,0,_,0,0,_,_,0,_,_,_,B00T11E0000-____X0_S00,T220
92102056,_,1,0,_,00,B,8,0,0,0,0,0,0,0,0,_,_,_,B00T_1E8000-0000X0_S0_,B1145
92305366,1,1,0,0,00,B,_,0,_,0,_,_,0,0,_,0,0,0,B00T11E____-0000X_0S00,B2025
92129503,_,_,0,_,00,B,0,_,0,_,0,0,_,_,0,_,_,_,B00T__E0000-____X0_S0_,T492
92304850,1,1,0,0,00,B,_,0,_,0,_,_,0,0,_,0,0,0,B00T11E____-0000X_0S00,B1997
92101783,1,1,_,0,00,B,8,0,0,0,7,0,0,0,0,0,0,0,B00T11E8700-0000X00S_0,B1111
92127801,1,1,0,0,00,B,_,5,_,4,_,_,0,0,_,0,0,0,B00T11E____-5040X_0S00,T1304
92127589,_,_,0,0,00,B,_,4,_,3,_,_,0,0,_,0,0,0,B00T__E____-4030X_0S00,T1240
92103010,1,1,0,0,00,B,0,_,0,_,0,0,_,_,0,_,_,_,B00T11E0000-____X0_S00,B1291
92128923,1,_,0,0,20,C,0,_,0,_,0,0,_,_,0,_,_,_,C20T1_E0000-____X0_S00,T421
92129850,_,_,0,0,00,B,8,0,0,0,0,0,3,4,0,_,_,_,B00T__E8000-0304X0_S00,T555
92102465,_,1,0,0,00,B,_,0,_,0,_,_,0,0,_,0,0,0,B00T_1E____-0000X_0S00,B1205
92102049,1,1,0,0,20,B,8,_,0,_,0,0,_,_,0,_,_,_,B20T11E8000-____X0_S00,B1143
92129365,1,1,0,0,00,B,0,0,0,0,0,0,0,0,0,0,0,0,B00T11E0000-0000X00S00,T472
92296880,1,1,_,0,00,B,8,4,7,5,0,0,0,0,0,_,_,_,B00T11E8070-4050X0_S_0,B1489
92101963,1,1,0,0,20,C,0,3,0,0,0,0,0,0,_,0,0,0,C20T11E0000-3000X_0S00,B1136
92100982,1,1,0,0,00,B,0,_,0,_,0,0,_,_,0,_,_,_,B00T11E0000-____X0_S00,B1006
92129320,1,1,0,0,00,B,0,3,0,3,0,0,4,5,0,0,0,0,B00T11E0000-3435X00S00,T466
92300983,1,1,0,0,00,B,7,0,7,0,8,0,0,0,0,0,0,0,B00T11E7870-0000X00S00,B1736
92126880,1,1,0,0,00,B,8,_,8,_,0,0,_,_,0,_,_,_,B00T11E8080-____X0_S00,T1020
92102460,1,1,0,0,00,B,0,0,0,0,0,0,3,0,0,0,0,0,B00T11E0000-0300X00S00,B1205
92129497,1,1,0,_,00,B,0,_,0,_,0,0,_,_,0,_,_,_,B00T11E0000-____X0_S0_,T491
92304611,1,_,0,0,00,B,0,_,0,_,0,0,_,_,0,_,_,_,B00T1_E0000-____X0_S00,B1986
92102904,1,1,0,0,00,B,9,0,0,0,0,0,0,0,0,_,_,_,B00T11E9000-0000X0_S00,B1270
92300935,1,1,_,0,00,C,8,_,7,_,8,0,_,_,0,_,_,_,C00T11E8870-____X0_S_0,B1732
92297876,1,1,0,0,00,B,8,_,9,_,0,0,_,_,0,_,_,_,B00T11E8090-____X0_S00,B1537
92102762,1,1,0,0,00,B,0,3,0,4,0,0,4,5,0,_,_,_,B00T11E0000-3445X0_S00,B1258
92303172,_,_,0,_,00,C,0,0,0,0,0,0,0,0,0,0,0,0,C00T__E0000-0000X00S0_,B1894
92300913,1,1,0,0,00,B,_,4,_,4,_,_,3,0,_,0,0,0,B00T11E____-4340X_0S00,B1730
92102050,1,1,0,0,00,B,_,3,_,0,_,_,0,0,_,0,0,0,B00T11E____-3000X_0S00,B1143
92129322,_,_,0,0,00,B,0,3,0,4,0,0,4,0,0,0,0,0,B00T__E0000-3440X00S00,T466
92303775,_,1,0,0,00,B,_,5,_,0,_,_,5,0,_,0,0,0,B00T_1E____-5500X_0S00,B1933
92127843,1,1,0,_,00,B,8,4,0,0,0,0,0,0,0,_,_,_,B00T11E8000-4000X0_S0_,T1315
92129809,1,1,0,0,00,B,7,_,9,_,0,0,_,_,0,_,_,_,B00T11E7090-____X0_S00,T547
92306092,1,0,0,_,00,B,_,0,_,0,_,_,0,0,_,0,0,0,B00T10E____-0000X_0S0_,B2066
92102896,_,1,0,0,00,B,9,5,0,4,0,0,0,0,0,_,_,_,B00T_1E9000-5040X0_S00,B1268
92129693,1,1,0,0,00,B,_,3,_,4,_,_,3,3,_,0,0,0,B00T11E____-3343X_0S00,T525
92129921,1,1,0,0,00,B,0,_,0,_,7,0,_,_,0,_,_,_,B00T11E0700-____X0_S00,T568
92127740,1,1,0,0,00,B,9,4,0,0,8,0,0,0,0,0,0,0,B00T11E9800-4000X00S00,T1284
92127981,1,_,0,0,00,B,0,0,0,0,8,0,4,4,0,_,_,_,B00T1_E0800-0404X0_S00,T213
92101453,1,1,0,0,00,B,8,_,8,_,0,0,_,_,0,_,_,_,B00T11E8080-____X0_S00,B1063
92127860,1,1,0,0,00,B,_,4,_,0,_,_,0,0,_,0,0,0,B00T11E____-4000X_0S00,T1319
92102165,1,1,0,0,00,B,0,0,0,0,0,0,0,0,0,0,0,0,B00T11E0000-0000X00S00,B1156
92101852,1,1,_,_,00,B,8,0,0,0,0,0,0,0,0,_,_,_,B00T11E8000-0000X0_S__,B1121
92128180,1,1,0,0,00,B,_,3,_,0,_,_,0,0,_,0,0,0,B00T11E____-3000X_0S00,T279
92301150,1,1,_,0,00,B,9,_,9,_,0,0,_,_,0,_,_,_,B00T11E9090-____X0_S_0,B1749
92102717,1,1,0,0,00,B,9,_,7,_,7,0,_,_,0,_,_,_,B00T11E9770-____X0_S00,B1251
92129040,1,1,0,0,00,B,8,3,9,5,8,7,0,0,_,0,0,0,B00T11E8897-3050X_0S00,T434
92302169,_,1,0,0,20,B,0,0,0,0,0,0,0,0,_,0,0,0,B20T_1E0000-0000X_0S00,B1817
92128318,1,1,0,0,00,B,_,3,_,0,_,_,0,0,_,0,0,0,B00T11E____-3000X_0S00,T323
92129462,1,1,0,0,00,B,8,_,7,_,0,0,_,_,0,_,_,_,B00T11E8070-____X0_S00,T487
92129849,1,1,0,0,00,C,9,0,9,0,0,0,0,0,0,0,0,0,C00T11E9090-0000X00S00,T554
92128753,_,_,_,0,00,B,9,_,8,_,0,0,_,_,0,_,_,_,B00T__E9080-____X0_S_0,T395
92129719,1,1,0,0,00,B,0,_,0,_,0,0,_,_,0,_,_,_,B00T11E0000-____X0_S00,T532
92298091,1,1,0,_,00,B,8,4,7,0,0,0,0,0,0,0,0,0,B00T11E8070-4000X00S0_,B1553
92127818,1,1,0,0,00,B,9,4,0,0,0,0,0,0,0,_,_,_,B00T11E9000-4000X0_S00,T1307
92301213,1,1,_,_,00,B,_,4,_,3,_,_,0,0,_,0,0,0,B00T11E____-4030X_0S__,B1753
92302156,1,0,0,0,00,B,9,_,9,_,0,0,_,_,0,_,_,_,B00T10E9090-____X0_S00,B1815
92102724,1,_,0,0,00,B,9,_,9,_,0,0,_,_,0,_,_,_,B00T1_E9090-____X0_S00,B1251
92305240,1,1,0,0,00,B,0,3,0,0,0,0,0,0,0,0,0,0,B00T11E0000-3000X00S00,B2017
92301184,1,1,0,0,00,B,0,_,0,_,0,0,_,_,0,_,_,_,B00T11E0000-____X0_S00,B1752
92127736,1,_,0,0,00,B,0,_,0,_,0,0,_,_,0,_,_,_,B00T1_E0000-____X0_S00,T1283
92304930,_,_,0,0,00,B,9,3,8,5,7,8,0,0,_,0,0,0,B00T__E9788-3050X_0S00,B2002
92129023,_,1,0,0,00,B,0,4,0,5,0,0,0,0,_,0,0,0,B00T_1E0000-4050X_0S00,T433
92102691,1,1,0,0,00,C,8,_,0,_,0,0,_,_,0,_,_,_,C00T11E8000-____X0_S00,B1245
92101985,1,1,_,0,20,_,9,_,0,_,0,0,_,_,0,_,_,_,_20T11E9000-____X0_S_0,B1138
92103505,1,1,0,0,00,B,9,_,8,_,0,0,_,_,0,_,_,_,B00T11E9080-____X0_S00,B1374
92127449,1,1,0,0,00,B,,,,,,,,,,,,,B00T11Enannannannan-nannannannanXnannanS00,T1207
92101826,1,_,_,_,00,B,8,_,0,_,0,0,_,_,0,_,_,_,B00T1_E8000-____X0_S__,B1120
92126945,1,_,0,0,00,B,0,_,0,_,0,0,_,_,0,_,_,_,B00T1_E0000-____X0_S00,T1041
92295752,1,1,0,0,00,B,9,0,0,0,0,0,0,0,0,0,0,0,B00T11E9000-0000X00S00,B1419
92305048,1,1,0,0,00,B,0,0,0,0,8,0,0,0,0,0,0,0,B00T11E0800-0000X00S00,B2009
92101475,1,1,0,_,00,B,0,_,0,_,0,0,_,_,0,_,_,_,B00T11E0000-____X0_S0_,B1067
92129342,1,_,0,0,00,B,8,_,9,_,0,0,_,_,0,_,_,_,B00T1_E8090-____X0_S00,T470
92127933,1,1,0,0,00,B,7,0,7,0,0,0,0,0,0,0,0,0,B00T11E7070-0000X00S00,T205
92301219,_,1,0,_,00,B,_,0,_,0,_,_,0,0,_,0,0,0,B00T_1E____-0000X_0S0_,B1754
92101665,1,1,_,0,00,B,8,0,0,0,0,0,0,0,0,0,0,0,B00T11E8000-0000X00S_0,B1096
92306043,1,1,0,0,00,B,_,0,_,0,_,_,0,0,_,0,0,0,B00T11E____-0000X_0S00,B2064
92126838,1,1,0,0,00,B,_,3,_,0,_,_,0,0,_,0,0,0,B00T11E____-3000X_0S00,T1008
92129039,1,1,0,0,00,B,_,4,_,4,_,_,0,0,_,0,0,0,B00T11E____-4040X_0S00,T434
92128191,0,_,0,0,00,B,7,0,8,0,0,0,0,0,0,0,0,0,B00T0_E7080-0000X00S00,T281
92296704,1,1,0,0,00,B,9,_,0,_,0,0,_,_,0,_,_,_,B00T11E9000-____X0_S00,B1479
92127145,1,1,0,0,20,B,_,3,_,0,_,_,0,0,_,0,0,0,B20T11E____-3000X_0S00,T1105
92100908,1,1,0,0,00,B,_,4,_,5,_,_,0,0,_,0,0,0,B00T11E____-4050X_0S00,B1002
92103208,_,1,0,0,00,C,9,0,8,0,9,8,0,0,0,0,0,0,C00T_1E9988-0000X00S00,B1320
92103238,0,_,0,0,00,B,0,_,0,_,0,0,_,_,0,_,_,_,B00T0_E0000-____X0_S00,B1322
92297738,1,0,0,0,00,B,0,3,0,3,0,0,0,0,_,0,0,0,B00T10E0000-3030X_0S00,B1533
92103438,1,1,1,0,00,B,_,4,_,4,_,_,0,0,_,0,0,0,B00T11E____-4040X_0S10,B1363
92101445,1,1,0,0,00,B,9,_,8,_,0,0,_,_,0,_,_,_,B00T11E9080-____X0_S00,B1062
92304846,1,1,0,0,00,B,0,0,0,0,0,0,0,0,0,_,_,_,B00T11E0000-0000X0_S00,B1997
92295595,1,1,0,0,00,B,0,4,0,0,0,0,0,0,0,0,0,0,B00T11E0000-4000X00S00,B1406
92129626,_,1,0,0,00,B,0,3,0,0,0,0,0,0,_,0,0,0,B00T_1E0000-3000X_0S00,T517
92128078,_,1,0,0,00,B,8,4,7,4,0,0,0,0,_,0,0,0,B00T_1E8070-4040X_0S00,T255
92128650,_,1,0,0,00,B,_,4,_,0,_,_,0,0,_,0,0,0,B00T_1E____-4000X_0S00,T378
92304581,1,_,_,_,00,B,,,,,,,,,,,,,B00T1_Enannannannan-nannannannanXnannanS__,B1982
92101818,1,_,_,0,00,B,9,_,8,_,8,0,_,_,0,_,_,_,B00T1_E9880-____X0_S_0,B1114
92128994,_,_,0,0,00,B,9,_,9,_,0,0,_,_,0,_,_,_,B00T__E9090-____X0_S00,T429
92303988,1,0,0,0,00,B,0,_,0,_,8,7,_,_,0,_,_,_,B00T10E0807-____X0_S00,B1945
92102735,1,1,0,0,00,B,_,0,_,0,_,_,0,0,_,0,0,0,B00T11E____-0000X_0S00,B1254
92127465,_,_,0,0,00,B,0,_,0,_,0,0,_,_,0,_,_,_,B00T__E0000-____X0_S00,T1208
92102922,1,1,_,_,00,B,0,3,0,4,0,0,0,0,_,0,0,0,B00T11E0000-3040X_0S__,B1272
92129925,_,_,0,0,00,B,8,4,7,0,0,0,0,0,_,0,0,0,B00T__E8070-4000X_0S00,T569
92102770,1,1,0,_,00,B,0,0,0,0,0,0,0,0,0,_,_,_,B00T11E0000-0000X0_S0_,B1258
92128528,1,1,0,0,00,B,_,3,_,4,_,_,4,0,_,0,0,0,B00T11E____-3440X_0S00,T360
92299349,1,_,0,0,00,B,0,_,0,_,0,0,_,_,0,_,_,_,B00T1_E0000-____X0_S00,B1616
92299250,1,1,1,0,00,B,8,0,0,0,0,0,0,0,0,0,0,0,B00T11E8000-0000X00S10,B1609
92128472,_,_,_,0,00,B,_,0,_,0,_,_,0,0,_,0,0,0,B00T__E____-0000X_0S_0,T355
92128360,1,_,0,0,00,B,7,5,0,4,0,0,3,5,0,_,_,_,B00T1_E7000-5345X0_S00,T335
92300656,1,1,0,0,00,B,0,_,0,_,0,0,_,_,0,_,_,_,B00T11E0000-____X0_S00,B1706
92101275,_,1,0,0,20,_,8,4,0,0,0,0,0,0,0,0,0,0,_20T_1E8000-4000X00S00,B1035
92127583,_,1,0,0,00,B,_,0,_,0,_,_,0,0,_,0,0,0,B00T_1E____-0000X_0S00,T1239
92126890,_,_,_,_,00,B,,,,,,,,,,,,,B00T__Enannannannan-nannannannanXnannanS__,T1024
92296165,1,1,0,0,00,B,0,3,0,0,0,0,0,0,_,0,0,0,B00T11E0000-3000X_0S00,B1449
92129750,_,1,0,0,00,B,8,4,7,4,9,9,4,3,_,0,0,0,B00T_1E8979-4443X_0S00,T537
92102519,0,_,0,0,00,B,0,3,0,0,0,0,0,0,_,0,0,0,B00T0_E0000-3000X_0S00,B1215
92129227,1,1,0,0,00,B,0,0,0,0,0,0,0,0,_,0,0,0,B00T11E0000-0000X_0S00,T452
92304081,1,_,0,0,00,B,9,_,0,_,0,0,_,_,0,_,_,_,B00T1_E9000-____X0_S00,B1951
92102957,1,1,0,0,00,B,9,_,0,_,0,0,_,_,0,_,_,_,B00T11E9000-____X0_S00,B1282
92298480,1,1,0,0,00,B,9,3,9,0,9,9,4,0,_,0,0,0,B00T11E9999-3400X_0S00,B1572
92128734,1,1,0,0,00,B,_,0,_,0,_,_,0,0,_,0,0,0,B00T11E____-0000X_0S00,T389
92127463,1,_,_,_,00,B,0,0,0,0,0,0,0,0,0,_,_,_,B00T1_E0000-0000X0_S__,T1208
92128655,1,1,0,0,00,B,0,0,0,0,0,0,0,0,0,0,0,0,B00T11E0000-0000X00S00,T379
92302162,1,1,0,0,00,B,_,0,_,0,_,_,3,0,_,0,0,0,B00T11E____-0300X_0S00,B1817
92100852,1,1,0,_,00,B,_,4,_,3,_,_,4,0,_,0,0,0,B00T11E____-4430X_0S0_,B1000
92128697,1,1,0,0,00,C,7,_,0,_,0,0,_,_,0,_,_,_,C00T11E7000-____X0_S00,T386
92101570,1,1,0,0,00,B,0,0,0,0,0,0,0,0,0,_,_,_,B00T11E0000-0000X0_S00,B1080
92127203,1,1,0,0,00,B,8,0,0,0,7,0,0,0,0,0,0,0,B00T11E8700-0000X00S00,T1127
92127053,_,1,0,0,00,B,9,4,8,5,7,8,5,0,_,0,0,0,B00T_1E9788-4550X_0S00,T1073
92127622,1,_,_,_,00,B,_,_,_,_,_,_,_,_,_,_,_,_,B00T1_E____-____X__S__,T1249
92304799,1,1,0,0,00,B,8,0,7,3,7,0,0,0,0,0,0,0,B00T11E8770-0030X00S00,B1996
92305557,1,1,0,_,00,B,8,5,7,0,0,0,0,0,_,0,0,0,B00T11E8070-5000X_0S0_,B2036
92300086,1,1,0,0,00,B,_,4,_,0,_,_,0,0,_,0,0,0,B00T11E____-4000X_0S00,B1674
92303217,1,1,_,_,00,B,0,5,0,0,0,0,3,3,_,0,0,0,B00T11E0000-5303X_0S__,B1897
92102021,_,_,0,_,00,B,_,3,_,3,_,_,0,0,_,0,0,0,B00T__E____-3030X_0S0_,B1142
92128850,_,1,0,0,00,B,_,3,_,0,_,_,0,0,_,1,1,1,B00T_1E____-3000X_1S00,T411
92128986,1,1,0,0,00,B,0,5,0,0,0,0,0,0,_,0,0,0,B00T11E0000-5000X_0S00,T428
92127274,1,_,0,0,00,B,8,0,0,0,0,0,0,0,0,0,0,0,B00T1_E8000-0000X00S00,T1153
92102812,1,1,0,0,00,B,_,4,_,4,_,_,0,0,_,0,0,0,B00T11E____-4040X_0S00,B1261
92127065,1,1,0,0,00,B,_,0,_,0,_,_,4,0,_,0,0,0,B00T11E____-0400X_0S00,T1078
92301135,1,1,0,0,00,B,7,4,9,3,0,0,4,0,_,0,0,0,B00T11E7090-4430X_0S00,B1747
92129450,1,1,1,0,00,B,8,_,8,_,0,0,_,_,0,_,_,_,B00T11E8080-____X0_S10,T485
92127324,1,1,0,0,00,B,0,4,0,0,0,0,0,0,_,0,0,0,B00T11E0000-4000X_0S00,T1169
92304937,_,1,_,0,00,B,_,4,_,4,_,_,0,0,_,0,0,0,B00T_1E____-4040X_0S_0,B2002
92129953,1,_,_,0,00,B,9,_,7,_,0,0,_,_,0,_,_,_,B00T1_E9070-____X0_S_0,T578
92127312,_,_,0,0,00,B,,,,,,,,,,,,,B00T__Enannannannan-nannannannanXnannanS00,T1164
92129648,_,_,0,0,00,B,9,4,0,5,0,0,3,0,0,0,0,0,B00T__E9000-4350X00S00,T520
92127024,_,1,0,0,00,B,_,0,_,0,_,_,0,0,_,_,_,_,B00T_1E____-0000X__S00,T1064
92128272,1,1,_,0,00,B,0,0,0,0,0,0,0,0,0,0,0,0,B00T11E0000-0000X00S_0,T311
92128836,1,_,0,_,00,B,0,_,0,_,0,0,_,_,0,_,_,_,B00T1_E0000-____X0_S0_,T408
92299698,1,1,0,0,00,B,0,4,0,0,0,0,3,0,0,0,0,0,B00T11E0000-4300X00S00,B1645
92103565,1,1,0,0,00,B,9,_,9,_,0,0,_,_,0,_,_,_,B00T11E9090-____X0_S00,B1385
92299501,1,1,0,0,00,B,_,4,_,3,_,_,0,0,_,0,0,0,B00T11E____-4030X_0S00,B1628
92305867,1,1,_,0,00,B,0,_,0,_,0,0,_,_,0,_,_,_,B00T11E0000-____X0_S_0,B2055
92102363,1,1,0,0,00,B,_,0,_,0,_,_,0,0,_,0,0,0,B00T11E____-0000X_0S00,B1191
92102041,1,1,0,0,00,B,0,0,0,0,0,0,0,0,0,0,0,0,B00T11E0000-0000X00S00,B1143
92102307,1,1,0,0,00,B,9,_,0,_,0,0,_,_,0,_,_,_,B00T11E9000-____X0_S00,B1182
92127129,_,_,0,0,20,_,_,4,_,0,_,_,0,0,_,0,0,0,_20T__E____-4000X_0S00,T1099
92296490,1,1,0,0,00,B,8,_,0,_,0,0,_,_,0,_,_,_,B00T11E8000-____X0_S00,B1466
92102514,1,1,0,0,00,B,_,4,_,0,_,_,4,0,_,0,0,0,B00T11E____-4400X_0S00,B1214
92303547,1,1,0,0,00,C,0,_,0,_,0,0,_,_,0,_,_,_,C00T11E0000-____X0_S00,B1918
92295780,_,1,0,0,00,B,0,_,0,_,9,0,_,_,0,_,_,_,B00T_1E0900-____X0_S00,B1420
92305395,1,1,0,0,00,B,8,_,7,_,0,0,_,_,0,_,_,_,B00T11E8070-____X0_S00,B2027
92296288,1,1,0,0,00,B,0,3,0,4,0,0,4,0,_,0,0,0,B00T11E0000-3440X_0S00,B1455
92303931,1,1,0,0,00,B,0,0,0,0,0,0,5,3,0,0,0,0,B00T11E0000-0503X00S00,B1941
92127877,1,_,_,_,_,_,9,_,9,_,0,0,_,_,0,_,_,_,__T1_E9090-____X0_S__,T1326
92102294,1,1,0,0,00,C,8,4,0,4,0,0,4,0,0,0,0,0,C00T11E8000-4440X00S00,B1180
92101849,1,1,0,0,00,B,_,5,_,0,_,_,0,0,_,0,0,0,B00T11E____-5000X_0S00,B1121
92129151,1,1,0,0,00,B,_,0,_,0,_,_,0,0,_,0,0,0,B00T11E____-0000X_0S00,T442
92102779,1,1,0,0,00,B,0,4,0,0,0,0,0,0,0,0,0,0,B00T11E0000-4000X00S00,B1259
92301368,1,1,0,0,00,B,0,_,0,_,0,0,_,_,0,_,_,_,B00T11E0000-____X0_S00,B1765
92304378,1,1,0,0,00,B,_,0,_,0,_,_,0,0,_,0,0,0,B00T11E____-0000X_0S00,B1969
92295536,1,1,0,0,00,B,0,0,0,0,0,0,0,0,0,0,0,0,B00T11E0000-0000X00S00,B1404
92127064,1,_,0,0,00,B,_,5,_,4,_,_,0,0,_,0,0,0,B00T1_E____-5040X_0S00,T1077
92295929,1,1,0,0,00,B,0,3,0,4,0,0,5,5,0,_,_,_,B00T11E0000-3545X0_S00,B1431
92102203,1,1,0,0,00,B,9,0,0,0,9,0,4,0,0,0,0,0,B00T11E9900-0400X00S00,B1161
92103335,_,1,0,0,00,B,_,0,_,0,_,_,0,0,_,0,0,0,B00T_1E____-0000X_0S00,B1343
92301318,1,1,0,0,00,B,7,3,0,0,7,0,0,0,_,0,0,0,B00T11E7700-3000X_0S00,B1761
92129909,1,1,0,0,00,B,9,3,0,0,0,0,0,0,_,0,0,0,B00T11E9000-3000X_0S00,T566
92128526,1,1,0,0,00,B,0,3,0,4,0,0,3,0,0,0,0,0,B00T11E0000-3340X00S00,T360
92298271,1,0,0,_,00,C,9,3,8,4,0,0,0,0,_,0,0,0,C00T10E9080-3040X_0S0_,B1558
92301254,1,1,0,0,00,B,0,0,0,0,0,0,0,0,0,0,0,0,B00T11E0000-0000X00S00,B1757
92298102,1,1,0,0,00,B,0,_,0,_,0,0,_,_,0,_,_,_,B00T11E0000-____X0_S00,B1553
92101553,_,1,0,0,00,B,0,3,0,0,0,0,0,0,_,0,0,0,B00T_1E0000-3000X_0S00,B1077
92296965,1,1,0,0,00,B,0,3,0,0,0,0,0,0,_,0,0,0,B00T11E0000-3000X_0S00,B1492
92299106,1,1,0,0,00,B,_,0,_,0,_,_,0,0,_,0,0,0,B00T11E____-0000X_0S00,B1600
92127061,1,_,0,0,00,B,9,_,0,_,8,0,_,_,0,_,_,_,B00T1_E9800-____X0_S00,T1076
92302696,1,1,0,0,00,C,_,5,_,0,_,_,0,0,_,0,0,0,C00T11E____-5000X_0S00,B1860
92297835,1,1,0,0,00,B,8,4,8,5,0,0,5,4,0,_,_,_,B00T11E8080-4554X0_S00,B1535
92129459,1,_,0,0,00,B,8,4,8,0,0,0,0,0,0,_,_,_,B00T1_E8080-4000X0_S00,T487
92297924,_,_,0,0,00,B,_,4,_,0,_,_,0,0,_,0,0,0,B00T__E____-4000X_0S00,B1540
92129946,1,1,0,0,20,B,9,_,8,_,0,0,_,_,0,_,_,_,B20T11E9080-____X0_S00,T575
92127057,1,1,0,_,00,B,_,0,_,0,_,_,0,0,_,0,0,0,B00T11E____-0000X_0S0_,T1075
92301634,1,1,_,0,00,B,0,_,0,_,0,0,_,_,0,_,_,_,B00T11E0000-____X0_S_0,B1786
92299272,1,1,0,0,00,B,0,3,0,0,0,0,3,4,_,0,0,0,B00T11E0000-3304X_0S00,B1610
92300524,1,1,0,0,00,B,0,_,0,_,0,0,_,_,0,_,_,_,B00T11E0000-____X0_S00,B1699
92128721,1,1,0,0,00,B,_,0,_,0,_,_,3,0,_,0,0,0,B00T11E____-0300X_0S00,T387
92101856,1,1,_,_,00,B,7,_,8,_,0,0,_,_,0,_,_,_,B00T11E7080-____X0_S__,B1122
92128685,1,1,0,0,00,B,0,0,0,0,0,0,0,0,_,0,0,0,B00T11E0000-0000X_0S00,T384
92129190,1,1,0,0,00,B,_,0,_,0,_,_,0,0,_,0,0,0,B00T11E____-0000X_0S00,T448
92129905,_,1,0,_,00,B,8,0,0,0,0,0,0,0,0,0,0,0,B00T_1E8000-0000X00S0_,T565
92129732,1,1,0,0,00,B,_,0,_,0,_,_,0,0,_,0,0,0,B00T11E____-0000X_0S00,T535
92102790,_,1,0,0,00,B,0,5,0,0,0,0,0,0,0,0,0,0,B00T_1E0000-5000X00S00,B1259
92306201,1,1,0,0,00,B,7,4,0,3,7,0,0,0,_,0,0,0,B00T11E7700-4030X_0S00,B2072
92303711,_,_,0,0,00,B,_,0,_,0,_,_,0,0,_,0,0,0,B00T__E____-0000X_0S00,B1930
92102485,_,_,0,0,00,B,7,3,0,3,9,0,0,0,0,0,0,0,B00T__E7900-3030X00S00,B1208
92102537,_,_,0,0,00,B,0,4,0,5,0,0,0,0,_,0,0,0,B00T__E0000-4050X_0S00,B1217
92129656,_,_,_,_,_,_,9,_,9,_,8,8,_,_,0,_,_,_,__T__E9898-____X0_S__,T521
92128208,1,_,0,0,00,B,8,_,9,_,0,0,_,_,0,_,_,_,B00T1_E8090-____X0_S00,T287
92101016,1,1,1,0,00,B,0,4,0,4,0,0,4,0,_,0,0,0,B00T11E0000-4440X_0S10,B1008
92129675,1,1,0,0,00,B,_,0,_,0,_,_,0,0,_,0,0,0,B00T11E____-0000X_0S00,T522
92129678,1,1,0,0,00,B,0,0,0,0,0,0,0,0,0,0,0,0,B00T11E0000-0000X00S00,T522
92295483,1,1,0,0,00,B,9,0,8,0,9,0,0,0,0,0,0,0,B00T11E9980-0000X00S00,B1401
92296118,1,1,0,0,00,B,_,0,_,0,_,_,0,0,_,0,0,0,B00T11E____-0000X_0S00,B1445
92102881,_,1,0,0,00,B,_,3,_,0,_,_,0,0,_,0,0,0,B00T_1E____-3000X_0S00,B1267
92102575,_,1,0,0,00,B,0,0,0,0,0,0,0,0,0,0,0,0,B00T_1E0000-0000X00S00,B1221
92128268,1,1,0,0,00,B,_,3,_,4,_,_,0,0,_,0,0,0,B00T11E____-3040X_0S00,T310
92102952,_,1,0,0,00,B,0,_,0,_,0,0,_,_,0,_,_,_,B00T_1E0000-____X0_S00,B1279
92103338,0,1,0,0,00,C,0,0,0,0,0,0,0,0,0,_,_,_,C00T01E0000-0000X0_S00,B1343
92129409,1,0,0,0,00,B,0,0,0,0,0,0,0,0,0,0,0,0,B00T10E0000-0000X00S00,T477
92127989,_,1,0,_,00,B,_,0,_,0,_,_,0,0,_,0,0,0,B00T_1E____-0000X_0S0_,T215
92296585,_,1,0,0,00,B,0,4,0,0,0,0,0,0,_,0,0,0,B00T_1E0000-4000X_0S00,B1474
92301799,1,1,0,0,00,B,0,_,0,_,0,0,_,_,0,_,_,_,B00T11E0000-____X0_S00,B1792
92100863,_,_,_,0,00,B,0,_,0,_,0,0,_,_,0,_,_,_,B00T__E0000-____X0_S_0,B1000
92128488,1,1,0,0,00,B,0,4,0,0,0,0,0,0,_,0,0,0,B00T11E0000-4000X_0S00,T356
92298878,1,1,0,0,00,B,_,3,_,0,_,_,0,0,_,0,0,0,B00T11E____-3000X_0S00,B1590
92102235,1,1,0,0,00,B,0,0,0,0,0,0,0,0,0,0,0,0,B00T11E0000-0000X00S00,B1169
92101771,1,1,0,0,00,B,8,0,7,0,0,0,3,0,_,0,0,0,B00T11E8070-0300X_0S00,B1111
92300392,_,1,0,1,00,B,_,3,_,0,_,_,0,0,_,0,0,0,B00T_1E____-3000X_0S01,B1691
92127613,_,_,_,_,00,B,,,,,,,,,,,,,B00T__Enannannannan-nannannannanXnannanS__,T1246
92299093,_,1,0,_,00,C,_,0,_,0,_,_,0,0,_,0,0,0,C00T_1E____-0000X_0S0_,B1600
92129553,1,_,0,0,00,B,0,_,0,_,0,0,_,_,0,_,_,_,B00T1_E0000-____X0_S00,T501
92129778,_,_,0,0,00,B,_,4,_,0,_,_,3,4,_,0,0,0,B00T__E____-4304X_0S00,T541
92102807,_,_,_,0,00,B,8,5,7,4,8,7,4,0,_,0,0,0,B00T__E8877-5440X_0S_0,B1261
92101448,1,1,0,0,00,B,8,4,0,0,0,0,4,0,0,_,_,_,B00T11E8000-4400X0_S00,B1063
92296522,_,_,0,0,00,B,8,4,9,5,0,0,0,0,0,0,0,0,B00T__E8090-4050X00S00,B1467
92103069,1,1,_,0,00,B,_,3,_,0,_,_,0,0,_,0,0,0,B00T11E____-3000X_0S_0,B1298
92128277,1,1,0,0,00,B,_,0,_,0,_,_,0,0,_,0,0,0,B00T11E____-0000X_0S00,T313
92127298,1,1,0,0,00,B,_,4,_,0,_,_,0,0,_,0,0,0,B00T11E____-4000X_0S00,T1160
92127539,1,1,0,0,00,B,8,0,8,0,0,0,0,0,0,0,0,0,B00T11E8080-0000X00S00,T1226
92102654,0,1,_,0,00,B,_,0,_,0,_,_,3,0,_,0,0,0,B00T01E____-0300X_0S_0,B1238
92304348,1,1,0,0,00,B,9,4,0,0,0,0,0,0,0,0,0,0,B00T11E9000-4000X00S00,B1967
92129141,1,0,0,0,00,B,0,4,0,4,0,0,0,0,0,0,0,0,B00T10E0000-4040X00S00,T441
92128256,1,1,0,0,00,B,_,0,_,0,_,_,0,0,_,0,0,0,B00T11E____-0000X_0S00,T307
92304697,1,1,0,0,00,B,0,4,0,5,0,0,3,0,0,_,_,_,B00T11E0000-4350X0_S00,B1989
92129641,_,_,0,0,00,B,9,4,0,0,0,0,3,0,0,0,0,0,B00T__E9000-4300X00S00,T520
92296040,1,1,0,0,00,B,9,4,0,5,0,0,0,0,0,0,0,0,B00T11E9000-4050X00S00,B1443
92305333,1,1,_,_,00,B,,,,,,,,,,,,,B00T11Enannannannan-nannannannanXnannanS__,B2022
92101676,1,1,0,0,00,B,_,4,_,4,_,_,0,0,_,0,0,0,B00T11E____-4040X_0S00,B1098
92127323,1,1,0,0,00,B,7,3,7,4,7,7,0,0,_,0,0,0,B00T11E7777-3040X_0S00,T1168
92102716,_,1,0,0,00,B,0,4,0,4,8,9,0,0,_,0,0,0,B00T_1E0809-4040X_0S00,B1251
92296633,1,1,0,0,00,B,9,5,8,0,0,0,5,4,0,_,_,_,B00T11E9080-5504X0_S00,B1476
92102110,_,1,0,0,00,B,0,4,0,0,0,0,0,0,0,0,0,0,B00T_1E0000-4000X00S00,B1153
92102222,1,1,0,0,00,B,0,_,0,_,0,0,_,_,0,_,_,_,B00T11E0000-____X0_S00,B1164
92298769,1,1,0,0,00,B,0,_,0,_,0,0,_,_,0,_,_,_,B00T11E0000-____X0_S00,B1584
92102796,1,1,0,0,00,B,0,4,0,3,0,0,0,0,0,0,0,0,B00T11E0000-4030X00S00,B1260
92129965,1,1,0,0,00,B,0,0,0,0,0,0,0,0,0,0,0,0,B00T11E0000-0000X00S00,T581
92304477,1,1,0,0,00,B,8,_,0,_,0,0,_,_,0,_,_,_,B00T11E8000-____X0_S00,B1977
92129025,_,1,0,0,00,B,0,5,0,0,0,0,0,0,_,0,0,0,B00T_1E0000-5000X_0S00,T433
92128145,1,1,0,_,00,B,7,4,0,0,0,0,0,0,0,0,0,0,B00T11E7000-4000X00S0_,T270
92101904,1,1,0,0,00,B,8,0,8,0,0,0,0,0,0,_,_,_,B00T11E8080-0000X0_S00,B1129
92301789,1,1,0,0,00,B,8,4,0,5,0,0,0,0,0,0,0,0,B00T11E8000-4050X00S00,B1791
92302167,1,1,_,_,00,B,_,0,_,0,_,_,4,0,_,0,0,0,B00T11E____-0400X_0S__,B1817
92304099,1,1,0,0,00,B,8,4,0,0,0,0,0,0,_,0,0,0,B00T11E8000-4000X_0S00,B1952
92101226,1,1,_,_,00,B,8,0,9,0,8,8,0,0,0,_,_,_,B00T11E8898-0000X0_S__,B1032
92127489,1,1,0,0,00,B,0,0,0,0,0,0,0,0,0,_,_,_,B00T11E0000-0000X0_S00,T1213
92102646,_,1,0,0,00,B,_,3,0,4,_,0,0,0,_,0,0,0,B00T_1E__00-3040X_0S00,B1236
92100930,_,_,0,0,00,B,_,4,_,3,_,_,0,0,_,0,0,0,B00T__E____-4030X_0S00,B1002
92302277,1,1,0,_,00,B,0,0,0,0,8,0,0,0,0,0,0,0,B00T11E0800-0000X00S0_,B1823
92129492,1,1,0,0,00,B,0,_,0,_,0,0,_,_,0,_,_,_,B00T11E0000-____X0_S00,T490
92102370,1,1,0,0,00,B,8,_,0,_,0,0,_,_,0,_,_,_,B00T11E8000-____X0_S00,B1191
92129926,_,1,0,0,00,B,_,3,_,0,_,_,0,0,_,0,0,0,B00T_1E____-3000X_0S00,T570
92101101,1,1,0,0,00,B,8,5,0,4,0,0,0,0,0,0,0,0,B00T11E8000-5040X00S00,B1016
92127131,1,1,0,0,00,B,9,_,0,_,0,0,_,_,0,_,_,_,B00T11E9000-____X0_S00,T1100
92129582,1,_,0,0,00,B,7,_,8,_,0,0,_,_,0,_,_,_,B00T1_E7080-____X0_S00,T509
92129972,1,_,0,0,00,C,0,0,0,0,0,0,0,0,_,0,0,0,C00T1_E0000-0000X_0S00,T582
92102577,_,_,0,0,00,B,0,0,0,0,8,8,0,0,0,_,_,_,B00T__E0808-0000X0_S00,B1221
92298508,1,1,0,0,00,C,_,0,_,0,_,_,0,0,_,0,0,0,C00T11E____-0000X_0S00,B1574
92102961,1,1,0,0,00,B,8,5,7,4,7,7,4,0,_,0,0,0,B00T11E8777-5440X_0S00,B1283
92298778,1,1,0,0,00,B,0,_,0,_,0,0,_,_,0,_,_,_,B00T11E0000-____X0_S00,B1584
92103345,_,1,0,0,00,B,_,4,_,4,_,_,0,0,_,0,0,0,B00T_1E____-4040X_0S00,B1346
92102491,1,1,0,0,00,B,0,0,0,0,0,0,0,0,0,0,0,0,B00T11E0000-0000X00S00,B1211
92129846,1,1,0,0,00,B,9,0,8,0,0,0,0,0,0,_,_,_,B00T11E9080-0000X0_S00,T554
92103177,1,1,0,_,00,B,0,5,0,0,0,0,0,0,0,_,_,_,B00T11E0000-5000X0_S0_,B1314
92128548,1,1,0,0,00,B,7,_,0,_,0,0,_,_,0,_,_,_,B00T11E7000-____X0_S00,T363
92102053,_,1,0,0,00,B,0,3,0,0,0,0,0,0,0,0,0,0,B00T_1E0000-3000X00S00,B1144
92129726,1,1,0,0,00,B,_,3,_,0,_,_,0,0,_,0,0,0,B00T11E____-3000X_0S00,T534
92295826,1,1,0,0,00,B,_,0,_,0,_,_,0,0,_,0,0,0,B00T11E____-0000X_0S00,B1424
92129746,1,1,0,0,00,B,0,0,0,0,0,0,0,0,0,0,0,0,B00T11E0000-0000X00S00,T537
92100994,1,1,0,0,00,B,0,0,0,0,0,0,0,0,0,0,0,0,B00T11E0000-0000X00S00,B1007
92103187,1,_,0,0,00,B,8,_,0,_,0,0,_,_,0,_,_,_,B00T1_E8000-____X0_S00,B1317
92303811,1,1,0,0,00,B,9,0,0,0,0,0,0,0,0,_,_,_,B00T11E9000-0000X0_S00,B1935
92101485,_,1,0,0,00,B,_,5,_,4,_,_,5,0,_,0,0,0,B00T_1E____-5540X_0S00,B1069
92129167,1,_,_,0,00,B,9,_,0,_,0,0,_,_,0,_,_,_,B00T1_E9000-____X0_S_0,T444
92299731,1,_,0,0,00,B,7,_,0,_,0,0,_,_,0,_,_,_,B00T1_E7000-____X0_S00,B1649
92298674,1,1,0,0,00,B,0,4,0,0,0,0,0,0,0,_,_,_,B00T11E0000-4000X0_S00,B1579
92129075,1,1,0,0,00,B,0,_,0,_,0,0,_,_,0,_,_,_,B00T11E0000-____X0_S00,T436
92102662,1,1,0,0,00,B,8,_,9,_,0,0,_,_,0,_,_,_,B00T11E8090-____X0_S00,B1239
92129631,1,1,0,0,20,B,0,4,0,0,0,0,4,0,0,0,0,0,B20T11E0000-4400X00S00,T518
92102852,1,1,0,0,00,B,9,_,8,_,8,0,_,_,0,_,_,_,B00T11E9880-____X0_S00,B1264
92128627,1,_,0,0,00,B,8,_,0,_,9,0,_,_,0,_,_,_,B00T1_E8900-____X0_S00,T376
92128844,1,1,0,0,00,B,_,3,_,0,_,_,0,0,_,0,0,0,B00T11E____-3000X_0S00,T410
92129978,1,1,0,0,00,B,9,3,0,0,0,0,0,0,0,0,0,0,B00T11E9000-3000X00S00,T582
92295788,1,1,0,0,00,B,_,3,_,4,_,_,0,0,_,0,0,0,B00T11E____-3040X_0S00,B1421
92100971,1,1,0,0,00,B,8,_,7,_,7,0,_,_,0,_,_,_,B00T11E8770-____X0_S00,B1005
92101660,1,1,0,0,00,B,_,0,_,0,_,_,0,0,_,0,0,0,B00T11E____-0000X_0S00,B1096
92102396,_,1,_,0,00,B,7,4,0,0,8,0,0,0,_,0,0,0,B00T_1E7800-4000X_0S_0,B1196
92102891,1,1,0,0,00,B,9,_,8,_,0,0,_,_,0,_,_,_,B00T11E9080-____X0_S00,B1268
92101768,_,_,0,0,00,B,_,0,_,0,_,_,0,0,_,0,0,0,B00T__E____-0000X_0S00,B1111
92101368,1,1,0,0,00,B,9,0,9,0,9,8,0,0,_,0,0,0,B00T11E9998-0000X_0S00,B1047
92128785,1,1,0,0,00,B,0,0,0,0,0,0,0,0,_,0,0,0,B00T11E0000-0000X_0S00,T400
92127723,1,1,0,0,00,B,7,_,0,_,0,0,_,_,0,_,_,_,B00T11E7000-____X0_S00,T1282
92103542,1,1,0,0,00,B,0,0,0,0,0,0,0,0,0,0,0,0,B00T11E0000-0000X00S00,B1380
92306264,1,1,0,0,00,B,9,5,8,4,0,0,4,4,0,0,0,0,B00T11E9080-5444X00S00,B2075
92302460,1,1,0,0,00,B,0,4,0,0,0,0,0,0,0,0,0,0,B00T11E0000-4000X00S00,B1845
92127212,0,1,0,0,00,B,0,_,0,_,0,0,_,_,0,_,_,_,B00T01E0000-____X0_S00,T1133
92128966,1,1,0,0,00,B,_,0,_,0,_,_,0,0,_,0,0,0,B00T11E____-0000X_0S00,T425
92129140,1,0,0,_,00,B,0,3,0,0,0,0,0,0,0,0,0,0,B00T10E0000-3000X00S0_,T441
92301817,1,1,_,_,00,B,_,4,_,3,_,_,0,0,_,0,0,0,B00T11E____-4030X_0S__,B1792
92127922,1,1,0,0,00,C,0,3,0,0,7,0,0,0,0,0,0,0,C00T11E0700-3000X00S00,T201
92128021,1,1,_,0,00,B,9,_,0,_,0,0,_,_,0,_,_,_,B00T11E9000-____X0_S_0,T239
92129102,1,1,0,0,00,B,7,3,0,0,0,0,0,0,0,0,0,0,B00T11E7000-3000X00S00,T438
92100974,1,1,0,0,00,B,8,3,0,4,9,7,0,0,_,0,0,0,B00T11E8907-3040X_0S00,B1005
92128745,1,1,0,0,00,B,_,0,_,0,_,_,0,0,_,0,0,0,B00T11E____-0000X_0S00,T393
92129956,1,1,0,0,00,B,0,_,0,_,0,0,_,_,0,_,_,_,B00T11E0000-____X0_S00,T579
92304302,1,_,0,0,00,B,9,3,0,5,7,0,0,0,0,_,_,_,B00T1_E9700-3050X0_S00,B1962
92128357,1,1,0,0,00,B,8,0,9,0,0,0,0,0,0,_,_,_,B00T11E8090-0000X0_S00,T334
92101540,_,1,0,0,00,B,_,4,_,4,_,_,0,0,_,0,0,0,B00T_1E____-4040X_0S00,B1076
92129256,1,1,0,0,00,B,0,4,0,0,0,0,0,0,0,0,0,0,B00T11E0000-4000X00S00,T455
92129274,1,1,0,0,20,B,0,_,0,_,0,0,_,_,0,_,_,_,B20T11E0000-____X0_S00,T459
92297466,1,1,0,0,00,B,0,_,0,_,9,0,_,_,0,_,_,_,B00T11E0900-____X0_S00,B1518
92128462,1,1,0,0,00,B,_,3,_,0,_,_,0,0,_,0,0,0,B00T11E____-3000X_0S00,T354
92129899,1,1,_,0,00,B,0,4,0,5,0,0,3,0,0,0,0,0,B00T11E0000-4350X00S_0,T563
92102734,1,1,0,0,00,B,0,0,0,0,0,0,0,0,_,0,0,0,B00T11E0000-0000X_0S00,B1253
92295383,1,1,0,0,00,B,0,3,0,3,7,9,0,0,_,0,0,0,B00T11E0709-3030X_0S00,B1391
92303933,1,1,0,0,00,B,0,_,0,_,0,0,_,_,0,_,_,_,B00T11E0000-____X0_S00,B1941
92304353,1,1,0,0,00,B,9,_,0,_,0,0,_,_,0,_,_,_,B00T11E9000-____X0_S00,B1967
92102715,_,1,0,0,00,B,7,0,9,0,0,0,0,0,_,0,0,0,B00T_1E7090-0000X_0S00,B1251
92129134,1,_,0,0,00,B,0,_,0,_,0,0,_,_,0,_,_,_,B00T1_E0000-____X0_S00,T441
92102356,1,_,_,0,00,B,8,_,0,_,0,0,_,_,0,_,_,_,B00T1_E8000-____X0_S_0,B1190
92102191,1,1,0,0,00,B,0,_,0,_,0,0,_,_,0,_,_,_,B00T11E0000-____X0_S00,B1157
92103195,_,_,0,0,00,B,_,3,_,3,_,_,0,0,_,0,0,0,B00T__E____-3030X_0S00,B1318
92101198,_,_,0,0,00,B,9,5,8,4,0,0,3,3,0,_,_,_,B00T__E9080-5343X0_S00,B1028
92305673,1,_,0,0,00,B,9,4,0,3,0,0,0,0,0,_,_,_,B00T1_E9000-4030X0_S00,B2042
92100843,_,_,0,0,00,B,0,4,0,4,0,0,5,0,_,0,0,0,B00T__E0000-4540X_0S00,B1000
92301680,1,1,0,0,00,B,8,5,7,5,0,0,0,0,0,0,0,0,B00T11E8070-5050X00S00,B1787
92128405,1,_,0,0,00,B,0,_,0,_,9,0,_,_,0,_,_,_,B00T1_E0900-____X0_S00,T342
92101677,1,1,0,0,00,B,_,3,_,4,_,_,0,0,_,0,0,0,B00T11E____-3040X_0S00,B1098
92129841,1,1,0,0,00,B,8,4,8,0,0,0,0,0,0,0,0,0,B00T11E8080-4000X00S00,T553
92295928,1,1,1,0,00,B,_,3,_,0,_,_,0,0,_,0,0,0,B00T11E____-3000X_0S10,B1430
92101706,1,1,_,0,20,B,9,0,0,0,9,0,0,0,0,_,_,_,B20T11E9900-0000X0_S_0,B1102
92127796,1,1,0,0,00,B,_,3,_,5,_,_,0,0,_,0,0,0,B00T11E____-3050X_0S00,T1303
92300547,1,1,_,_,20,_,0,_,0,_,8,0,_,_,0,_,_,_,_20T11E0800-____X0_S__,B1699
92103080,_,1,0,_,00,B,_,3,_,0,_,_,0,0,_,0,0,0,B00T_1E____-3000X_0S0_,B1298
92103156,1,1,0,0,00,B,_,5,_,0,_,_,0,0,_,0,0,0,B00T11E____-5000X_0S00,B1310
92102913,1,1,0,0,00,B,0,0,0,0,9,0,0,0,0,0,0,0,B00T11E0900-0000X00S00,B1271
92129210,1,1,0,0,00,B,9,_,9,_,0,0,_,_,0,_,_,_,B00T11E9090-____X0_S00,T450
92127423,1,1,0,0,00,B,0,_,0,_,9,8,_,_,0,_,_,_,B00T11E0908-____X0_S00,T1198
92302137,_,_,0,_,00,B,0,0,0,0,0,0,0,0,_,0,0,0,B00T__E0000-0000X_0S0_,B1814
92127113,1,1,0,0,00,B,7,0,8,0,0,0,0,0,0,_,_,_,B00T11E7080-0000X0_S00,T1095
92128379,1,_,0,0,00,B,0,_,0,_,0,0,_,_,0,_,_,_,B00T1_E0000-____X0_S00,T336
92300769,_,1,0,0,00,B,_,3,_,4,_,_,4,0,_,0,0,0,B00T_1E____-3440X_0S00,B1716
92103322,1,1,0,0,00,B,9,3,9,0,9,9,0,0,_,1,1,1,B00T11E9999-3000X_1S00,B1338
92128468,1,1,0,0,00,B,9,4,9,0,0,0,0,0,_,0,0,0,B00T11E9090-4000X_0S00,T354
92299336,1,1,0,0,00,B,9,3,0,5,8,0,5,0,0,_,_,_,B00T11E9800-3550X0_S00,B1615
92102232,_,1,_,_,00,B,_,0,_,0,_,_,0,0,_,0,0,0,B00T_1E____-0000X_0S__,B1167
92103498,1,1,0,0,00,B,9,_,8,_,0,0,_,_,0,_,_,_,B00T11E9080-____X0_S00,B1374
92297345,1,1,0,_,00,B,0,3,0,0,0,0,4,0,0,0,0,0,B00T11E0000-3400X00S0_,B1513
92129893,1,1,0,0,00,B,8,0,0,0,0,0,0,0,0,0,0,0,B00T11E8000-0000X00S00,T562
92127882,1,1,0,0,00,B,_,4,_,5,_,_,4,0,_,0,0,0,B00T11E____-4450X_0S00,T1327
92305309,1,0,_,0,00,B,7,_,7,_,7,0,_,_,0,_,_,_,B00T10E7770-____X0_S_0,B2021
92127861,1,1,0,0,00,B,_,4,_,3,_,_,0,0,_,0,0,0,B00T11E____-4030X_0S00,T1320
92101435,1,1,0,0,00,B,9,_,8,_,0,0,_,_,0,_,_,_,B00T11E9080-____X0_S00,B1060
92101501,1,1,_,0,00,B,_,3,_,4,_,_,4,4,_,0,0,0,B00T11E____-3444X_0S_0,B1070
92304508,1,1,0,0,00,B,_,0,_,0,_,_,0,0,_,0,0,0,B00T11E____-0000X_0S00,B1980
92128229,_,_,_,0,00,B,8,0,7,0,0,0,0,0,0,_,_,_,B00T__E8070-0000X0_S_0,T294
92302433,1,1,_,_,00,B,9,_,0,_,8,0,_,_,0,_,_,_,B00T11E9800-____X0_S__,B1841
92102033,1,1,0,0,00,B,8,4,9,3,0,0,0,0,0,0,0,0,B00T11E8090-4030X00S00,B1143
92101266,_,1,0,0,00,B,9,0,0,0,0,0,0,0,0,_,_,_,B00T_1E9000-0000X0_S00,B1035
92128561,1,_,0,0,00,B,8,_,0,_,0,0,_,_,0,_,_,_,B00T1_E8000-____X0_S00,T364
92302094,1,1,0,0,00,B,_,0,_,0,_,_,0,0,_,0,0,0,B00T11E____-0000X_0S00,B1810
92127956,_,1,0,0,00,B,_,4,_,0,_,_,0,0,_,0,0,0,B00T_1E____-4000X_0S00,T211
92102292,1,1,0,0,00,B,8,3,9,4,0,0,3,0,0,0,0,0,B00T11E8090-3340X00S00,B1180
92101854,1,_,_,_,00,B,7,5,0,4,0,0,0,0,0,_,_,_,B00T1_E7000-5040X0_S__,B1122
92128857,1,1,0,0,00,B,_,4,_,0,_,_,0,0,_,0,0,0,B00T11E____-4000X_0S00,T412
92101664,1,1,0,0,00,B,9,0,8,0,0,0,0,0,0,_,_,_,B00T11E9080-0000X0_S00,B1096
92102264,1,1,_,_,00,B,_,4,_,5,_,_,0,0,_,0,0,0,B00T11E____-4050X_0S__,B1175
92297069,1,1,0,0,00,B,8,3,0,0,0,0,4,0,0,0,0,0,B00T11E8000-3400X00S00,B1496
92127263,1,1,0,0,00,B,0,0,0,0,0,0,0,0,0,0,0,0,B00T11E0000-0000X00S00,T1149
92127376,1,1,0,0,00,B,8,0,0,0,0,0,0,0,0,_,_,_,B00T11E8000-0000X0_S00,T1184
92128941,1,1,0,0,00,B,9,0,8,0,0,0,0,0,0,0,0,0,B00T11E9080-0000X00S00,T422
92296797,1,1,0,0,00,B,0,0,0,0,0,0,0,0,_,0,0,0,B00T11E0000-0000X_0S00,B1483
92299347,1,1,0,0,00,C,_,0,_,0,_,_,0,0,_,0,0,0,C00T11E____-0000X_0S00,B1616
92127519,_,_,_,_,_,_,_,4,_,0,_,_,0,0,_,_,_,_,__T__E____-4000X__S__,T1220
92306153,1,1,0,0,00,B,_,3,_,4,_,_,4,0,_,0,0,0,B00T11E____-3440X_0S00,B2069
92101097,0,0,0,0,00,B,_,0,_,0,_,_,0,0,_,0,0,0,B00T00E____-0000X_0S00,B1014
92297673,1,1,0,0,00,B,0,3,0,4,0,0,3,5,0,_,_,_,B00T11E0000-3345X0_S00,B1530
92102248,_,1,0,0,00,B,_,0,_,0,_,_,0,0,_,0,0,0,B00T_1E____-0000X_0S00,B1171
92126992,1,1,0,0,00,B,0,_,0,_,0,0,_,_,0,_,_,_,B00T11E0000-____X0_S00,T1053
92302912,1,_,_,_,00,B,0,0,0,0,8,7,0,0,_,0,0,0,B00T1_E0807-0000X_0S__,B1874
92298337,1,1,0,0,00,B,8,5,0,0,0,0,0,0,0,0,0,0,B00T11E8000-5000X00S00,B1562
92127330,1,_,0,0,00,B,_,0,_,0,_,_,0,0,_,0,0,0,B00T1_E____-0000X_0S00,T1171
92103543,1,1,0,0,00,B,_,3,_,0,_,_,0,0,_,0,0,0,B00T11E____-3000X_0S00,B1381
92101593,1,1,0,0,00,B,0,0,8,0,0,0,0,0,0,0,0,0,B00T11E0080-0000X00S00,B1083
92127870,1,_,0,0,00,B,0,_,8,_,0,0,_,_,0,_,_,_,B00T1_E0080-____X0_S00,T1323
92301055,1,_,0,0,00,B,9,_,9,_,0,0,_,_,0,_,_,_,B00T1_E9090-____X0_S00,B1740
92300917,1,1,0,0,00,B,_,4,_,5,_,_,4,0,_,0,0,0,B00T11E____-4450X_0S00,B1730
92129244,_,_,0,0,00,B,8,_,9,_,0,0,_,_,0,_,_,_,B00T__E8090-____X0_S00,T453
92101343,1,1,0,0,00,B,0,0,0,0,0,0,0,0,0,0,0,0,B00T11E0000-0000X00S00,B1042
92127585,1,1,0,0,00,B,8,0,0,0,0,0,0,0,_,0,0,0,B00T11E8000-0000X_0S00,T1239
92129560,_,_,0,0,00,B,0,4,0,0,0,0,0,0,0,0,0,0,B00T__E0000-4000X00S00,T505
92302160,1,1,0,0,00,B,_,0,_,0,_,_,0,0,_,0,0,0,B00T11E____-0000X_0S00,B1816
92129635,1,1,0,0,00,C,0,0,0,0,0,0,0,0,0,0,0,0,C00T11E0000-0000X00S00,T518
92299315,1,1,0,0,00,B,9,_,0,_,0,0,_,_,0,_,_,_,B00T11E9000-____X0_S00,B1614
92101639,_,1,0,0,00,B,_,0,_,0,_,_,0,0,_,0,0,0,B00T_1E____-0000X_0S00,B1091
92304941,_,1,0,0,00,B,,,,,,,,,,,,,B00T_1Enannannannan-nannannannanXnannanS00,B2002
92101606,0,1,1,1,00,B,9,5,8,0,8,7,0,0,0,0,0,0,B00T01E9887-5000X00S11,B1085
92305067,1,1,0,0,20,B,0,_,0,_,0,0,_,_,0,_,_,_,B20T11E0000-____X0_S00,B2010
92300574,_,0,0,0,00,B,9,4,8,5,0,0,5,3,0,_,_,_,B00T_0E9080-4553X0_S00,B1702
92102839,1,1,0,0,00,B,7,0,0,0,8,0,0,0,0,_,_,_,B00T11E7800-0000X0_S00,B1262
92101362,1,1,0,0,00,B,_,4,_,4,_,_,0,0,_,0,0,0,B00T11E____-4040X_0S00,B1045
92127525,1,1,0,0,00,B,9,0,9,0,0,0,4,0,0,0,0,0,B00T11E9090-0400X00S00,T1222
92297489,1,_,0,0,00,B,7,_,0,_,0,0,_,_,0,_,_,_,B00T1_E7000-____X0_S00,B1518
92299816,_,_,0,0,00,B,8,0,0,0,7,8,0,0,_,0,0,0,B00T__E8708-0000X_0S00,B1655
92129205,1,_,0,0,00,B,9,_,0,_,8,0,_,_,0,_,_,_,B00T1_E9800-____X0_S00,T450
92303622,1,1,0,0,00,B,9,0,7,0,0,0,0,0,0,0,0,0,B00T11E9070-0000X00S00,B1927
92103052,1,1,0,0,00,B,7,4,9,4,0,0,0,0,0,0,0,0,B00T11E7090-4040X00S00,B1295
92128516,_,0,0,0,00,B,_,4,_,0,_,_,0,0,_,0,0,0,B00T_0E____-4000X_0S00,T359
92103288,1,1,0,0,00,B,8,_,0,_,0,0,_,_,0,_,_,_,B00T11E8000-____X0_S00,B1331
92129013,1,1,_,_,00,B,8,0,0,0,0,0,0,0,0,0,0,0,B00T11E8000-0000X00S__,T431
92127983,1,1,0,0,00,B,_,5,_,4,_,_,0,0,_,0,0,0,B00T11E____-5040X_0S00,T214
92303584,1,1,0,0,00,B,7,_,9,_,0,0,_,_,0,_,_,_,B00T11E7090-____X0_S00,B1922
92128976,1,1,0,0,20,C,7,0,0,0,0,0,0,0,0,_,_,_,C20T11E7000-0000X0_S00,T427
92103472,1,1,_,0,00,B,8,_,0,_,0,0,_,_,0,_,_,_,B00T11E8000-____X0_S_0,B1368
92128281,1,1,0,0,00,B,0,_,0,_,0,0,_,_,0,_,_,_,B00T11E0000-____X0_S00,T314
92295426,1,_,0,0,00,B,0,_,0,_,0,0,_,_,0,_,_,_,B00T1_E0000-____X0_S00,B1396
92101633,1,1,0,0,00,B,0,0,0,0,0,0,0,0,0,_,_,_,B00T11E0000-0000X0_S00,B1090
92103042,1,1,0,0,00,B,9,3,8,0,7,0,4,0,_,0,0,0,B00T11E9780-3400X_0S00,B1292
92296032,1,1,0,0,00,B,9,0,8,0,0,0,0,0,0,0,0,0,B00T11E9080-0000X00S00,B1442
92127430,1,1,0,0,00,B,_,0,_,0,_,_,0,0,_,0,0,0,B00T11E____-0000X_0S00,T1202
92297891,1,1,0,0,00,B,8,5,8,3,0,0,0,0,0,0,0,0,B00T11E8080-5030X00S00,B1537
92128029,1,1,0,0,00,B,8,0,9,0,0,0,0,0,0,0,0,0,B00T11E8090-0000X00S00,T240
92128949,_,_,0,0,00,B,_,4,_,4,_,_,0,0,_,0,0,0,B00T__E____-4040X_0S00,T423
92100900,_,_,0,0,00,B,9,0,0,0,0,0,0,0,0,_,_,_,B00T__E9000-0000X0_S00,B1001
92129461,1,1,0,0,00,B,8,_,0,_,0,0,_,_,0,_,_,_,B00T11E8000-____X0_S00,T487
92128754,_,_,_,_,00,B,9,_,8,_,0,0,_,_,0,_,_,_,B00T__E9080-____X0_S__,T395
92102693,1,1,0,0,00,B,0,0,0,0,0,0,0,0,0,0,0,0,B00T11E0000-0000X00S00,B1245
92101952,1,1,0,0,00,B,0,3,0,4,0,0,0,0,_,0,0,0,B00T11E0000-3040X_0S00,B1135
92129621,1,1,_,_,00,B,0,0,0,0,0,0,0,0,_,_,_,_,B00T11E0000-0000X__S__,T517
92127560,_,_,0,_,00,B,0,3,0,4,0,0,4,0,0,_,_,_,B00T__E0000-3440X0_S0_,T1231
92127734,1,1,0,0,00,B,_,3,_,0,_,_,0,0,_,0,0,0,B00T11E____-3000X_0S00,T1283
92129079,1,1,0,0,00,B,0,4,0,5,0,0,4,0,_,0,0,0,B00T11E0000-4450X_0S00,T436
92304839,1,0,0,0,00,B,8,_,8,_,0,0,_,_,0,_,_,_,B00T10E8080-____X0_S00,B1996
92129620,1,_,0,0,00,B,0,_,0,_,0,0,_,_,0,_,_,_,B00T1_E0000-____X0_S00,T517
92296252,1,1,0,0,00,B,7,4,7,5,0,0,0,0,_,0,0,0,B00T11E7070-4050X_0S00,B1451
92295791,1,1,0,0,00,B,8,3,0,0,0,0,0,0,_,0,0,0,B00T11E8000-3000X_0S00,B1421
92101866,1,_,0,0,00,B,8,5,0,4,0,0,0,0,0,0,0,0,B00T1_E8000-5040X00S00,B1124
92128163,1,1,0,_,00,B,_,3,_,0,_,_,0,0,_,0,0,0,B00T11E____-3000X_0S0_,T277
92302889,1,1,0,0,00,B,_,0,_,4,_,_,0,0,_,0,0,0,B00T11E____-0040X_0S00,B1873
92101248,_,1,0,_,00,B,_,3,_,4,_,_,3,0,_,0,0,0,B00T_1E____-3340X_0S0_,B1033
92101137,1,1,0,0,00,B,8,0,7,0,0,0,0,0,0,0,0,0,B00T11E8070-0000X00S00,B1018
92102791,1,1,0,0,00,B,8,_,0,_,0,0,_,_,0,_,_,_,B00T11E8000-____X0_S00,B1259
92101760,1,1,0,0,00,B,0,0,0,0,0,0,0,0,0,0,0,0,B00T11E0000-0000X00S00,B1110
92100870,1,1,0,0,00,B,8,5,8,4,0,0,0,0,0,_,_,_,B00T11E8080-5040X0_S00,B1000
92129970,1,1,0,0,00,B,7,0,8,0,0,0,0,0,_,0,0,0,B00T11E7080-0000X_0S00,T581
92297918,1,1,0,0,00,B,9,_,0,_,9,0,_,_,0,_,_,_,B00T11E9900-____X0_S00,B1539
92102111,1,1,_,0,00,B,7,4,9,4,0,0,0,0,0,0,0,0,B00T11E7090-4040X00S_0,B1153
92100921,1,1,0,0,00,B,8,3,9,4,8,0,0,0,_,0,0,0,B00T11E8890-3040X_0S00,B1002
92103541,_,_,0,0,00,B,_,0,_,0,_,_,0,0,_,0,0,0,B00T__E____-0000X_0S00,B1380
92300813,1,1,0,_,00,B,0,0,0,0,0,0,0,0,0,0,0,0,B00T11E0000-0000X00S0_,B1720
92102410,1,1,0,0,00,B,9,5,8,5,7,9,0,0,_,0,0,0,B00T11E9789-5050X_0S00,B1197
92102600,1,1,0,0,20,_,0,0,0,0,0,0,0,0,0,0,0,0,_20T11E0000-0000X00S00,B1226
92128667,1,_,0,_,00,B,_,5,_,4,_,_,0,0,_,0,0,0,B00T1_E____-5040X_0S0_,T381
92127523,1,1,0,0,00,B,8,0,0,0,0,0,0,0,0,0,0,0,B00T11E8000-0000X00S00,T1222
92299170,1,1,0,0,00,B,8,3,8,4,8,0,0,0,0,0,0,0,B00T11E8880-3040X00S00,B1604
92103031,_,1,0,0,00,B,_,0,_,0,_,_,0,0,_,0,0,0,B00T_1E____-0000X_0S00,B1292
92305030,_,_,0,0,00,B,0,_,8,_,0,0,_,_,0,_,_,_,B00T__E0080-____X0_S00,B2007
92103530,1,1,0,0,00,B,0,_,0,_,0,0,_,_,0,_,_,_,B00T11E0000-____X0_S00,B1378
92102486,_,_,0,0,00,B,0,_,0,_,0,0,_,_,0,_,_,_,B00T__E0000-____X0_S00,B1209
92306343,1,1,0,0,20,_,_,3,_,5,_,_,0,0,_,0,0,0,_20T11E____-3050X_0S00,B2080
92296187,1,1,_,0,00,B,9,_,7,_,0,0,_,_,0,_,_,_,B00T11E9070-____X0_S_0,B1449
92101397,1,1,0,0,00,B,_,3,_,4,_,_,3,5,_,0,0,0,B00T11E____-3345X_0S00,B1052
92298908,1,1,0,0,00,B,9,_,0,_,0,0,_,_,0,_,_,_,B00T11E9000-____X0_S00,B1590
92300181,1,_,0,0,00,B,_,0,_,0,_,_,0,0,_,0,0,0,B00T1_E____-0000X_0S00,B1682
92101056,_,_,0,0,00,B,8,_,0,_,0,0,_,_,0,_,_,_,B00T__E8000-____X0_S00,B1011
92127747,_,1,0,0,00,B,_,0,_,0,_,_,0,0,_,0,0,0,B00T_1E____-0000X_0S00,T1286
92295393,1,1,0,0,00,B,_,0,_,0,_,_,0,0,_,0,0,0,B00T11E____-0000X_0S00,B1392
92101304,1,1,0,0,20,B,_,3,_,3,_,_,0,0,_,0,0,0,B20T11E____-3030X_0S00,B1039
92101752,1,_,_,_,00,B,,,,,,,,,,,,,B00T1_Enannannannan-nannannannanXnannanS__,B1108
92303384,1,1,0,0,00,B,9,_,0,_,0,0,_,_,0,_,_,_,B00T11E9000-____X0_S00,B1910
92127431,1,1,0,0,00,B,_,0,_,0,_,_,0,0,_,0,0,0,B00T11E____-0000X_0S00,T1202
92129214,1,1,0,0,00,B,0,_,0,_,0,0,_,_,0,_,_,_,B00T11E0000-____X0_S00,T451
92126947,1,0,_,0,00,B,9,0,0,0,0,0,0,0,0,_,_,_,B00T10E9000-0000X0_S_0,T1041
92127368,1,1,0,0,00,B,0,0,0,0,0,0,0,0,0,0,0,0,B00T11E0000-0000X00S00,T1182
92127633,1,1,0,0,00,B,0,_,0,_,0,0,_,_,0,_,_,_,B00T11E0000-____X0_S00,T1251
92301993,1,1,0,0,20,_,9,0,0,0,0,0,0,0,0,0,0,0,_20T11E9000-0000X00S00,B1802
92101888,1,1,0,0,00,B,_,0,_,0,_,_,0,0,_,0,0,0,B00T11E____-0000X_0S00,B1126
92128776,_,_,_,_,00,B,0,0,0,0,9,0,4,0,0,_,_,_,B00T__E0900-0400X0_S__,T399
92302159,1,1,0,0,20,B,_,0,_,0,_,_,0,0,_,0,0,0,B20T11E____-0000X_0S00,B1816
92300443,0,1,0,0,00,B,8,3,0,4,0,0,4,0,0,0,0,0,B00T01E8000-3440X00S00,B1695
92128144,_,1,0,0,00,B,7,3,0,0,0,0,0,0,0,0,0,0,B00T_1E7000-3000X00S00,T270
92305393,1,1,0,0,00,C,_,0,_,0,_,_,0,0,_,0,0,0,C00T11E____-0000X_0S00,B2027
92296788,1,1,0,0,00,B,8,_,8,_,0,0,_,_,0,_,_,_,B00T11E8080-____X0_S00,B1483
92304848,_,_,0,_,00,B,0,_,0,_,7,0,_,_,0,_,_,_,B00T__E0700-____X0_S0_,B1997
92296558,1,1,0,0,20,B,0,4,0,0,0,0,0,0,_,0,0,0,B20T11E0000-4000X_0S00,B1471
92101563,1,1,0,0,00,B,8,3,0,4,8,0,3,0,_,0,0,0,B00T11E8800-3340X_0S00,B1078
92101837,1,1,0,0,00,B,_,5,_,0,_,_,5,0,_,0,0,0,B00T11E____-5500X_0S00,B1121
92129069,1,1,0,0,20,B,_,4,_,4,_,_,0,0,_,0,0,0,B20T11E____-4040X_0S00,T436
92299210,1,1,0,0,00,C,0,_,0,_,0,0,_,_,0,_,_,_,C00T11E0000-____X0_S00,B1606
92127359,1,1,0,0,00,B,0,4,0,0,0,0,0,0,0,0,0,0,B00T11E0000-4000X00S00,T1180
92128109,_,1,0,_,00,B,8,3,7,4,0,0,3,0,_,0,0,0,B00T_1E8070-3340X_0S0_,T260
92128764,1,1,0,0,00,B,8,0,9,0,0,0,0,0,0,_,_,_,B00T11E8090-0000X0_S00,T397
92298529,1,1,0,0,00,B,7,0,0,0,0,0,0,0,0,0,0,0,B00T11E7000-0000X00S00,B1574
92128680,1,1,0,0,00,B,0,4,0,0,0,0,0,0,_,0,0,0,B00T11E0000-4000X_0S00,T382
92129742,1,1,0,0,00,B,0,0,0,0,0,0,0,0,0,_,_,_,B00T11E0000-0000X0_S00,T537
92302483,1,1,0,0,00,B,0,_,0,0,8,0,_,0,0,_,_,_,B00T11E0800-__00X0_S00,B1847
92129313,1,1,0,_,00,B,9,0,0,0,0,0,0,0,0,_,_,_,B00T11E9000-0000X0_S0_,T466
92127133,1,_,0,0,00,B,9,0,8,0,0,0,0,0,0,_,_,_,B00T1_E9080-0000X0_S00,T1100
92299458,1,1,0,0,00,B,_,5,_,0,_,_,0,0,_,0,0,0,B00T11E____-5000X_0S00,B1625
92129094,1,1,0,0,00,B,_,0,_,0,_,_,0,0,_,0,0,0,B00T11E____-0000X_0S00,T437
92127063,1,_,0,0,00,B,_,0,_,0,_,_,0,0,_,0,0,0,B00T1_E____-0000X_0S00,T1077
92303165,1,_,0,0,00,B,8,_,9,_,0,0,_,_,0,_,_,_,B00T1_E8090-____X0_S00,B1893
92301578,1,1,0,0,00,B,0,_,0,_,0,0,_,_,0,_,_,_,B00T11E0000-____X0_S00,B1784
92301732,1,1,0,0,00,B,9,3,8,0,0,0,0,0,0,0,0,0,B00T11E9080-3000X00S00,B1788
92102430,_,1,0,0,00,B,_,0,_,0,_,_,0,0,_,0,0,0,B00T_1E____-0000X_0S00,B1200
92306233,_,1,0,0,00,B,_,3,_,0,_,_,3,0,_,0,0,0,B00T_1E____-3300X_0S00,B2073
92304601,1,1,0,0,00,B,_,0,_,0,_,_,0,0,_,0,0,0,B00T11E____-0000X_0S00,B1985
92103258,1,1,0,_,20,C,_,4,_,0,_,_,0,0,_,0,0,0,C20T11E____-4000X_0S0_,B1327
92129304,_,_,_,0,00,B,9,5,9,4,0,0,5,0,0,_,_,_,B00T__E9090-5540X0_S_0,T464
92103437,_,1,0,0,00,B,_,4,_,4,_,_,0,0,_,0,0,0,B00T_1E____-4040X_0S00,B1363
92101230,_,_,0,_,00,B,8,4,9,4,0,0,0,0,0,0,0,0,B00T__E8090-4040X00S0_,B1032
92129473,1,1,0,0,00,B,9,3,8,4,9,0,3,0,0,0,0,0,B00T11E9980-3340X00S00,T489
92128097,1,1,_,0,00,B,8,5,0,0,0,0,5,0,0,0,0,0,B00T11E8000-5500X00S_0,T258
92127764,1,_,_,_,00,B,8,5,0,3,0,0,4,5,0,_,_,_,B00T1_E8000-5435X0_S__,T1291
92103568,1,1,0,0,00,B,0,4,0,4,0,0,0,0,0,0,0,0,B00T11E0000-4040X00S00,B1386
92101671,_,1,0,0,00,B,_,4,_,0,_,_,0,0,_,0,0,0,B00T_1E____-4000X_0S00,B1097
92129760,1,1,0,0,00,B,9,0,0,0,0,0,0,0,0,0,0,0,B00T11E9000-0000X00S00,T539
92101491,1,1,0,0,00,B,7,3,8,0,0,0,0,0,0,0,0,0,B00T11E7080-3000X00S00,B1069
92129104,1,1,0,0,00,B,_,4,_,0,_,_,0,0,_,0,0,0,B00T11E____-4000X_0S00,T438
92129001,_,1,0,0,00,B,_,0,_,0,_,_,0,0,_,0,0,0,B00T_1E____-0000X_0S00,T430
92101102,1,1,0,0,00,B,8,0,0,0,0,0,0,0,0,_,_,_,B00T11E8000-0000X0_S00,B1016
92102348,_,_,0,0,00,B,9,_,0,_,0,0,_,_,0,_,_,_,B00T__E9000-____X0_S00,B1188
92128303,1,1,0,0,00,B,8,4,8,0,7,8,0,0,_,0,0,0,B00T11E8788-4000X_0S00,T320
92102407,1,1,0,0,00,B,0,_,0,_,0,0,_,_,0,_,_,_,B00T11E0000-____X0_S00,B1197
92126962,1,1,0,0,00,B,8,4,0,0,0,0,4,0,0,0,0,0,B00T11E8000-4400X00S00,T1044
92296886,1,1,0,0,00,B,0,_,0,_,0,0,_,_,0,_,_,_,B00T11E0000-____X0_S00,B1490
92300977,1,1,0,0,00,B,_,3,_,0,_,_,5,0,_,0,0,0,B00T11E____-3500X_0S00,B1736
92100959,1,1,0,0,00,B,8,0,9,0,7,0,0,0,0,0,0,0,B00T11E8790-0000X00S00,B1005
92102776,_,1,0,0,20,_,0,0,0,0,0,0,0,0,0,0,0,0,_20T_1E0000-0000X00S00,B1259
92128342,1,1,_,0,00,B,7,_,8,_,0,0,_,_,0,_,_,_,B00T11E7080-____X0_S_0,T329
92127443,1,1,0,_,20,B,7,5,8,5,0,0,0,0,0,0,0,0,B20T11E7080-5050X00S0_,T1207
92299904,_,_,0,0,00,B,0,3,0,0,0,0,0,0,0,0,0,0,B00T__E0000-3000X00S00,B1659
92299523,1,1,0,0,00,B,0,_,0,_,0,0,_,_,0,_,_,_,B00T11E0000-____X0_S00,B1629
92129682,1,1,0,0,00,B,8,0,7,0,0,0,4,0,0,0,0,0,B00T11E8070-0400X00S00,T522
92129544,1,1,0,0,00,B,8,_,8,_,0,0,_,_,0,_,_,_,B00T11E8080-____X0_S00,T501
92102564,1,1,0,0,00,B,0,_,0,_,0,0,_,_,0,_,_,_,B00T11E0000-____X0_S00,B1220
92128482,1,_,0,0,00,B,_,3,_,5,_,_,0,0,_,0,0,0,B00T1_E____-3050X_0S00,T355
92298312,1,1,_,0,00,B,8,0,7,0,0,0,0,0,0,0,0,0,B00T11E8070-0000X00S_0,B1559
92101195,1,0,0,0,00,C,_,4,_,0,_,_,0,0,_,0,0,0,C00T10E____-4000X_0S00,B1028
92297890,1,1,_,0,00,B,9,5,9,3,8,7,0,0,_,0,0,0,B00T11E9897-5030X_0S_0,B1537
92127126,_,1,_,0,00,B,8,4,7,4,7,9,0,0,_,0,0,0,B00T_1E8779-4040X_0S_0,T1098
92126888,1,1,_,0,00,B,0,_,0,_,8,0,_,_,0,_,_,_,B00T11E0800-____X0_S_0,T1023
92101708,1,1,0,0,00,B,8,_,0,_,0,0,_,_,0,_,_,_,B00T11E8000-____X0_S00,B1102
92128398,1,1,0,0,00,B,_,4,_,0,_,_,0,0,_,0,0,0,B00T11E____-4000X_0S00,T340
92129973,1,1,0,0,00,B,0,0,0,0,0,0,0,0,_,0,0,0,B00T11E0000-0000X_0S00,T582
92129458,1,_,0,0,00,B,8,_,8,_,0,0,_,_,0,_,_,_,B00T1_E8080-____X0_S00,T487
92102169,1,1,0,0,00,B,_,0,_,0,_,_,0,0,_,0,0,0,B00T11E____-0000X_0S00,B1156
92101215,1,_,0,0,00,B,8,4,0,5,0,0,3,5,0,_,_,_,B00T1_E8000-4355X0_S00,B1030
92129734,1,_,0,0,00,B,7,0,0,0,7,0,0,0,0,0,0,0,B00T1_E7700-0000X00S00,T536
92295775,1,1,0,0,00,B,_,5,_,4,_,_,0,0,_,0,0,0,B00T11E____-5040X_0S00,B1420
92304062,1,_,1,0,00,B,9,_,8,_,9,8,_,_,0,_,_,_,B00T1_E9988-____X0_S10,B1949
92127649,1,1,_,0,00,B,0,_,0,_,0,0,_,_,0,_,_,_,B00T11E0000-____X0_S_0,T1257
92102453,1,1,_,0,00,B,9,4,8,3,0,0,3,0,0,0,0,0,B00T11E9080-4330X00S_0,B1204
92129172,1,1,0,0,00,B,9,0,0,0,0,0,0,0,0,0,0,0,B00T11E9000-0000X00S00,T444
92102001,_,1,0,0,00,B,_,0,_,0,_,_,4,4,_,0,0,0,B00T_1E____-0404X_0S00,B1140
92100902,1,_,0,0,00,B,9,3,8,0,0,0,0,0,0,0,0,0,B00T1_E9080-3000X00S00,B1001
92129056,1,_,0,0,00,B,8,_,0,_,0,0,_,_,0,_,_,_,B00T1_E8000-____X0_S00,T435
92103274,1,1,0,0,00,B,8,_,0,_,0,0,_,_,0,_,_,_,B00T11E8000-____X0_S00,B1329
92129331,1,1,0,0,00,B,_,0,_,0,_,_,0,0,_,0,0,0,B00T11E____-0000X_0S00,T468
92306046,1,1,0,0,00,B,_,4,_,0,_,_,4,0,_,0,0,0,B00T11E____-4400X_0S00,B2064
92127936,1,1,0,0,00,B,0,_,0,_,8,0,_,_,0,_,_,_,B00T11E0800-____X0_S00,T206
92302474,1,1,0,0,00,B,0,4,0,0,0,0,0,0,0,0,0,0,B00T11E0000-4000X00S00,B1845
92102589,1,1,0,0,00,B,_,5,_,0,_,_,0,0,_,0,0,0,B00T11E____-5000X_0S00,B1224
92305838,_,1,0,0,00,B,0,0,0,0,0,0,3,0,0,0,0,0,B00T_1E0000-0300X00S00,B2053
92296351,_,1,0,0,00,B,_,0,_,0,_,_,0,0,_,0,0,0,B00T_1E____-0000X_0S00,B1458
92101115,1,1,_,0,00,B,9,4,0,0,8,0,4,0,0,_,_,_,B00T11E9800-4400X0_S_0,B1016
92299763,1,1,0,0,00,B,8,_,8,_,0,0,_,_,0,_,_,_,B00T11E8080-____X0_S00,B1651
92129858,1,1,0,0,00,B,_,0,_,0,_,_,0,0,_,0,0,0,B00T11E____-0000X_0S00,T555
92101699,1,1,0,0,00,C,0,0,0,0,0,0,0,0,_,0,0,0,C00T11E0000-0000X_0S00,B1101
92127766,_,_,0,0,00,C,0,0,0,0,0,0,0,0,_,0,0,0,C00T__E0000-0000X_0S00,T1292
92304806,1,1,0,0,00,B,8,4,8,4,0,0,0,0,0,0,0,0,B00T11E8080-4040X00S00,B1996
92299503,1,1,0,0,00,B,0,0,0,0,0,0,4,0,0,0,0,0,B00T11E0000-0400X00S00,B1629
92101462,1,1,0,_,00,B,8,3,8,3,0,0,3,5,0,_,_,_,B00T11E8080-3335X0_S0_,B1064
92129572,_,1,0,0,00,B,_,5,_,4,_,_,4,0,_,0,0,0,B00T_1E____-5440X_0S00,T507
92101824,1,1,0,0,00,B,_,5,_,4,_,_,0,0,_,0,0,0,B00T11E____-5040X_0S00,B1119
92300035,_,_,0,0,00,B,_,0,_,0,_,_,0,0,_,0,0,0,B00T__E____-0000X_0S00,B1668
92127876,1,1,0,0,00,B,7,_,8,_,0,0,_,_,0,_,_,_,B00T11E7080-____X0_S00,T1325
92127262,_,_,0,0,00,B,_,0,_,0,_,_,3,0,_,0,0,0,B00T__E____-0300X_0S00,T1149
92297136,1,1,0,0,00,B,0,_,0,_,0,0,_,_,0,_,_,_,B00T11E0000-____X0_S00,B1498
92301356,1,_,0,0,00,B,8,_,0,_,0,0,_,_,0,_,_,_,B00T1_E8000-____X0_S00,B1764
92102346,1,_,0,0,00,B,9,_,8,_,0,0,_,_,0,_,_,_,B00T1_E9080-____X0_S00,B1188
92302607,_,_,0,0,00,B,_,0,_,0,_,_,0,0,_,0,0,0,B00T__E____-0000X_0S00,B1856
92128896,1,1,0,0,00,B,_,3,_,0,_,_,0,0,_,0,0,0,B00T11E____-3000X_0S00,T418
92129142,1,0,_,0,20,C,9,4,0,0,0,0,0,0,0,0,0,0,C20T10E9000-4000X00S_0,T441
92298001,1,1,0,0,00,B,9,3,8,5,8,8,0,0,0,0,0,0,B00T11E9888-3050X00S00,B1546
92298370,1,1,0,0,00,B,7,3,0,4,0,0,0,0,0,0,0,0,B00T11E7000-3040X00S00,B1562
92129691,1,1,0,0,00,B,0,_,0,_,0,0,_,_,0,_,_,_,B00T11E0000-____X0_S00,T524
92128757,1,1,0,_,00,B,9,4,9,5,0,0,0,0,0,0,0,0,B00T11E9090-4050X00S0_,T396
92129748,_,1,0,0,00,B,_,5,_,4,_,_,0,0,_,0,0,0,B00T_1E____-5040X_0S00,T537
92296766,1,1,0,_,00,C,0,0,0,0,0,0,4,3,0,0,0,0,C00T11E0000-0403X00S0_,B1483
92100979,1,1,0,0,00,B,7,_,0,_,0,0,_,_,0,_,_,_,B00T11E7000-____X0_S00,B1005
92100969,1,_,0,0,00,B,8,_,9,_,7,0,_,_,0,_,_,_,B00T1_E8790-____X0_S00,B1005
92102737,_,_,0,0,00,B,_,5,_,0,_,_,0,0,_,0,0,0,B00T__E____-5000X_0S00,B1255
92127857,1,1,0,0,00,B,0,4,0,0,9,0,0,0,_,0,0,0,B00T11E0900-4000X_0S00,T1319
92127380,1,1,0,0,00,B,8,_,9,_,0,0,_,_,0,_,_,_,B00T11E8090-____X0_S00,T1184
92128646,_,1,0,0,00,B,,,,,,,,,,,,,B00T_1Enannannannan-nannannannanXnannanS00,T378
92129695,1,1,0,0,00,B,_,3,_,0,_,_,3,0,_,0,0,0,B00T11E____-3300X_0S00,T525
92127223,0,_,0,0,00,B,0,0,0,0,0,0,4,0,_,0,0,0,B00T0_E0000-0400X_0S00,T1137
92304881,1,1,0,0,00,B,0,5,0,3,0,0,0,3,0,0,0,0,B00T11E0000-5033X00S00,B2000
92305074,_,1,0,0,00,B,0,0,0,0,0,0,0,0,0,0,0,0,B00T_1E0000-0000X00S00,B2011
92102117,_,_,0,0,00,B,_,4,_,0,_,_,0,0,_,0,0,0,B00T__E____-4000X_0S00,B1153
92297652,1,1,0,0,00,B,_,5,_,0,_,_,0,0,_,0,0,0,B00T11E____-5000X_0S00,B1528
92301168,_,1,0,_,00,B,0,4,0,0,0,0,4,4,0,0,0,0,B00T_1E0000-4404X00S0_,B1752
92127646,1,1,0,0,00,B,0,_,0,_,0,0,_,_,0,_,_,_,B00T11E0000-____X0_S00,T1256
92298365,1,1,0,0,00,B,_,5,_,4,_,_,0,0,_,0,0,0,B00T11E____-5040X_0S00,B1562
92304053,1,1,0,0,00,B,0,5,0,3,0,0,4,0,0,_,_,_,B00T11E0000-5430X0_S00,B1948
92102219,1,1,0,0,00,B,_,0,_,0,_,_,0,0,_,0,0,0,B00T11E____-0000X_0S00,B1163
92304410,1,1,0,0,00,B,9,3,9,0,0,0,0,0,0,0,0,0,B00T11E9090-3000X00S00,B1971
92128184,_,1,0,0,00,B,0,_,0,_,8,0,_,_,0,_,_,_,B00T_1E0800-____X0_S00,T280
92305956,1,1,0,0,00,B,7,_,0,0,0,0,_,0,0,_,_,_,B00T11E7000-__00X0_S00,B2061
92296811,1,1,0,0,00,B,0,0,0,0,0,0,0,0,0,0,0,0,B00T11E0000-0000X00S00,B1484
92126963,1,1,0,0,00,B,0,4,0,0,8,0,4,0,0,0,0,0,B00T11E0800-4400X00S00,T1044
92296227,1,_,0,0,00,B,0,4,0,4,0,0,0,0,_,0,0,0,B00T1_E0000-4040X_0S00,B1450
92297145,1,1,0,0,00,B,9,3,0,4,0,0,5,5,0,_,_,_,B00T11E9000-3545X0_S00,B1498
92102281,1,1,0,0,00,B,0,0,0,0,0,0,0,0,_,0,0,0,B00T11E0000-0000X_0S00,B1178
92102832,1,1,0,0,00,B,7,_,8,_,0,0,_,_,0,_,_,_,B00T11E7080-____X0_S00,B1261
92129589,_,_,0,0,00,B,_,0,_,0,_,_,4,0,_,_,_,_,B00T__E____-0400X__S00,T511
92129359,1,1,0,0,00,B,0,_,0,_,0,0,_,_,0,_,_,_,B00T11E0000-____X0_S00,T472
92128114,1,1,0,0,00,B,0,0,9,0,0,0,0,0,0,0,0,0,B00T11E0090-0000X00S00,T261
92128872,1,_,0,0,00,B,0,4,0,4,9,0,5,0,0,_,_,_,B00T1_E0900-4540X0_S00,T415
92103529,1,1,0,0,00,B,9,3,7,0,0,0,0,0,0,_,_,_,B00T11E9070-3000X0_S00,B1377
92129224,1,1,0,0,00,B,0,_,0,_,8,0,_,_,0,_,_,_,B00T11E0800-____X0_S00,T451
92296216,1,1,0,0,00,B,9,3,7,5,7,8,5,0,_,0,0,0,B00T11E9778-3550X_0S00,B1449
92299627,1,1,0,0,00,B,8,_,7,_,8,0,_,_,0,_,_,_,B00T11E8870-____X0_S00,B1639
92128852,_,1,_,0,00,B,_,3,_,0,_,_,0,0,_,0,0,0,B00T_1E____-3000X_0S_0,T411
92129296,_,_,0,0,00,B,_,0,_,0,_,_,0,0,_,0,0,0,B00T__E____-0000X_0S00,T463
92129065,_,_,0,0,00,B,0,4,0,5,0,0,0,0,_,0,0,0,B00T__E0000-4050X_0S00,T436
92303035,1,_,0,_,00,C,_,3,_,4,_,_,0,0,_,0,0,0,C00T1_E____-3040X_0S0_,B1885
92102473,_,_,0,0,00,B,_,4,_,3,_,_,0,0,_,0,0,0,B00T__E____-4030X_0S00,B1207
92101931,1,1,0,0,00,B,0,_,0,_,0,0,_,_,0,_,_,_,B00T11E0000-____X0_S00,B1130
92102327,_,1,0,0,00,B,8,5,0,0,0,0,5,0,0,_,_,_,B00T_1E8000-5500X0_S00,B1184
92300069,1,1,0,0,00,B,_,0,_,0,_,_,0,0,_,0,0,0,B00T11E____-0000X_0S00,B1673
92303956,1,1,0,0,00,B,_,0,_,0,_,_,0,0,_,0,0,0,B00T11E____-0000X_0S00,B1942
92129081,1,1,_,_,00,B,9,_,9,_,0,0,_,_,0,_,_,_,B00T11E9090-____X0_S__,T437
92126978,1,1,0,0,00,B,_,4,_,3,_,_,0,0,_,0,0,0,B00T11E____-4030X_0S00,T1050
92129674,_,1,0,0,00,B,_,0,_,0,_,_,0,0,_,0,0,0,B00T_1E____-0000X_0S00,T522
92304854,1,1,0,0,00,B,8,0,7,0,0,0,0,0,0,_,_,_,B00T11E8070-0000X0_S00,B1998
92102105,_,1,0,0,20,B,0,0,0,0,0,0,0,0,_,0,0,0,B20T_1E0000-0000X_0S00,B1152
92300138,1,1,0,_,00,B,9,0,8,0,9,0,0,0,0,0,0,0,B00T11E9980-0000X00S0_,B1679
92298735,_,1,0,0,20,C,_,0,_,0,_,_,0,0,_,0,0,0,C20T_1E____-0000X_0S00,B1582
92102799,1,1,0,0,00,B,_,4,_,5,_,_,0,0,_,0,0,0,B00T11E____-4050X_0S00,B1260
92103220,1,1,1,0,00,B,7,3,7,4,9,9,3,4,0,0,0,0,B00T11E7979-3344X00S10,B1320
92102076,_,1,0,0,00,B,8,_,8,_,0,0,_,_,0,_,_,_,B00T_1E8080-____X0_S00,B1146
92103059,1,1,_,0,00,B,8,_,7,_,0,0,_,_,0,_,_,_,B00T11E8070-____X0_S_0,B1295
92102175,1,_,0,0,00,B,0,0,0,0,7,0,0,0,0,0,0,0,B00T1_E0700-0000X00S00,B1157
92100954,1,1,0,_,00,B,0,0,0,0,0,0,0,0,0,_,_,_,B00T11E0000-0000X0_S0_,B1004
92295824,_,1,0,0,00,B,0,0,0,0,8,0,3,0,_,0,0,0,B00T_1E0800-0300X_0S00,B1423
92128008,1,1,_,0,00,B,8,_,0,_,7,0,_,_,0,_,_,_,B00T11E8700-____X0_S_0,T220
92127224,_,_,0,0,00,B,8,3,8,0,8,9,0,0,_,0,0,0,B00T__E8889-3000X_0S00,T1137
92301734,1,1,0,0,00,B,_,4,_,0,_,_,0,0,_,0,0,0,B00T11E____-4000X_0S00,B1788
92101089,1,1,1,0,00,B,_,5,_,0,_,_,0,0,_,0,0,0,B00T11E____-5000X_0S10,B1013
92127100,1,1,0,0,00,B,_,0,_,0,_,_,0,0,_,0,0,0,B00T11E____-0000X_0S00,T1089
92128718,_,1,0,0,00,B,0,4,0,0,0,0,0,0,_,0,0,0,B00T_1E0000-4000X_0S00,T387
92301056,1,1,0,0,00,B,0,4,0,0,0,0,0,0,0,0,0,0,B00T11E0000-4000X00S00,B1741
92102741,1,_,0,0,00,B,0,_,0,_,7,0,_,_,0,_,_,_,B00T1_E0700-____X0_S00,B1255
92303430,1,_,0,0,00,B,0,_,0,_,0,0,_,_,0,_,_,_,B00T1_E0000-____X0_S00,B1911
92298259,1,0,0,0,00,B,0,4,0,4,0,0,0,0,0,0,0,0,B00T10E0000-4040X00S00,B1558
92306010,1,1,0,0,00,B,0,3,0,0,0,0,0,0,0,0,0,0,B00T11E0000-3000X00S00,B2062
92127229,1,1,0,0,00,B,0,_,0,_,0,0,_,_,0,_,_,_,B00T11E0000-____X0_S00,T1139
92297049,1,1,0,0,00,B,_,5,_,0,_,_,0,0,_,0,0,0,B00T11E____-5000X_0S00,B1495
92302225,1,1,0,0,00,B,_,3,_,5,_,_,0,0,_,0,0,0,B00T11E____-3050X_0S00,B1821
92127495,1,1,0,0,00,B,7,_,8,_,0,0,_,_,0,_,_,_,B00T11E7080-____X0_S00,T1214
92128819,1,1,_,_,00,B,_,4,_,4,_,_,0,0,_,0,0,0,B00T11E____-4040X_0S__,T405
92101114,1,1,0,0,00,B,8,5,8,3,8,7,4,0,_,0,0,0,B00T11E8887-5430X_0S00,B1016
92126878,1,_,0,_,00,B,8,_,0,4,0,0,_,4,_,_,_,_,B00T1_E8000-__44X__S0_,T1020
92295378,1,1,0,0,00,B,9,4,7,5,0,0,0,0,0,0,0,0,B00T11E9070-4050X00S00,B1391
92129775,1,1,0,0,00,B,9,_,8,_,8,0,_,_,0,_,_,_,B00T11E9880-____X0_S00,T540
92303300,1,_,0,0,00,B,7,0,9,0,0,0,0,0,_,0,0,0,B00T1_E7090-0000X_0S00,B1903
92128767,1,1,0,0,00,B,0,0,0,0,0,0,0,0,0,0,0,0,B00T11E0000-0000X00S00,T397
92127437,1,1,0,0,00,C,_,0,_,0,_,_,0,0,_,0,0,0,C00T11E____-0000X_0S00,T1204
92103205,_,_,0,0,00,B,_,4,_,4,_,_,3,3,_,0,0,0,B00T__E____-4343X_0S00,B1319
92103612,1,1,0,0,00,B,_,4,_,3,_,_,0,0,_,0,0,0,B00T11E____-4030X_0S00,B1391
92298790,1,1,0,0,00,B,0,5,0,0,7,0,0,0,_,0,0,0,B00T11E0700-5000X_0S00,B1585
92101576,_,_,_,0,00,B,8,_,0,_,7,0,_,_,0,_,_,_,B00T__E8700-____X0_S_0,B1082
92295911,1,1,0,0,00,B,0,3,0,4,0,0,0,0,0,0,0,0,B00T11E0000-3040X00S00,B1430
92301386,1,1,0,0,00,B,_,4,_,4,_,_,0,0,_,0,0,0,B00T11E____-4040X_0S00,B1769
92128933,1,_,0,0,00,B,0,_,0,_,0,0,_,_,0,_,_,_,B00T1_E0000-____X0_S00,T421
92101381,1,_,0,0,00,B,8,_,0,_,0,0,_,_,0,_,_,_,B00T1_E8000-____X0_S00,B1048
92302990,1,1,0,0,00,B,9,3,7,3,0,0,3,3,0,_,_,_,B00T11E9070-3333X0_S00,B1883
92303027,1,_,_,_,00,B,_,0,_,0,_,_,0,0,_,0,0,0,B00T1_E____-0000X_0S__,B1885
92101502,1,1,0,0,00,B,0,3,0,4,9,8,4,3,_,0,0,0,B00T11E0908-3443X_0S00,B1070
92302924,1,1,0,0,00,B,7,_,8,_,0,0,_,_,0,_,_,_,B00T11E7080-____X0_S00,B1879
92127318,1,1,_,0,00,B,_,4,_,0,_,_,0,0,_,0,0,0,B00T11E____-4000X_0S_0,T1166
92127256,1,1,0,0,00,B,,,,,,,,,,,,,B00T11Enannannannan-nannannannanXnannanS00,T1147
92101184,1,_,0,0,00,B,9,_,7,_,0,0,_,_,0,_,_,_,B00T1_E9070-____X0_S00,B1025
92102535,_,1,0,0,00,B,_,0,_,0,_,_,0,0,_,0,0,0,B00T_1E____-0000X_0S00,B1216
92295439,1,1,0,0,00,B,_,4,_,4,_,_,0,0,_,0,0,0,B00T11E____-4040X_0S00,B1398
92127157,1,1,_,0,00,B,_,3,_,0,_,_,0,0,_,0,0,0,B00T11E____-3000X_0S_0,T1109
92101204,_,_,0,0,00,B,_,3,0,4,_,0,0,0,_,0,0,0,B00T__E__00-3040X_0S00,B1028
92303702,_,_,_,0,00,B,0,0,0,0,0,0,0,0,0,0,0,0,B00T__E0000-0000X00S_0,B1930
92129513,1,0,0,0,00,B,0,0,0,0,0,0,0,0,0,0,0,0,B00T10E0000-0000X00S00,T493
92129800,1,1,0,0,00,B,0,_,0,_,0,0,_,_,0,_,_,_,B00T11E0000-____X0_S00,T545
92129453,1,_,0,0,00,B,9,_,8,_,0,0,_,_,0,_,_,_,B00T1_E9080-____X0_S00,T485
92101286,1,1,_,0,00,B,_,3,_,4,_,_,0,0,_,0,0,0,B00T11E____-3040X_0S_0,B1036
92127705,1,_,0,0,00,B,9,_,7,_,0,0,_,_,0,_,_,_,B00T1_E9070-____X0_S00,T1276
92129422,1,1,0,0,00,B,8,0,8,0,0,0,0,0,0,_,_,_,B00T11E8080-0000X0_S00,T480
92127719,1,1,0,0,00,B,8,_,0,_,0,0,_,_,0,_,_,_,B00T11E8000-____X0_S00,T1281
92300096,1,1,0,0,20,B,9,_,0,_,9,0,_,_,0,_,_,_,B20T11E9900-____X0_S00,B1674
92103062,1,1,0,0,00,B,7,_,9,_,0,0,_,_,0,_,_,_,B00T11E7090-____X0_S00,B1295
92128123,1,1,0,0,00,B,9,4,9,0,0,0,0,0,0,0,0,0,B00T11E9090-4000X00S00,T264
92304032,0,1,0,_,00,B,9,_,0,_,0,0,_,_,0,_,_,_,B00T01E9000-____X0_S0_,B1947
92102095,_,1,0,0,00,B,_,4,_,3,_,_,0,0,_,0,0,0,B00T_1E____-4030X_0S00,B1149
92128669,1,_,0,0,00,B,_,5,_,4,_,_,0,0,_,0,0,0,B00T1_E____-5040X_0S00,T381
92126867,1,1,0,0,00,B,0,0,0,0,0,0,0,0,0,0,0,0,B00T11E0000-0000X00S00,T1016
92129836,1,1,0,0,00,B,8,_,9,_,0,0,_,_,0,_,_,_,B00T11E8090-____X0_S00,T552
92298798,1,1,0,0,00,B,_,0,_,0,_,_,0,0,_,0,0,0,B00T11E____-0000X_0S00,B1586
92127599,1,1,0,0,00,B,0,0,0,0,0,0,0,0,0,0,0,0,B00T11E0000-0000X00S00,T1242
92101331,1,1,0,0,20,B,9,_,0,_,0,0,_,_,0,_,_,_,B20T11E9000-____X0_S00,B1041
92129580,1,_,0,0,00,B,7,_,0,_,0,0,_,_,0,_,_,_,B00T1_E7000-____X0_S00,T509
92127265,1,1,0,0,00,C,8,4,0,4,0,0,0,0,0,0,0,0,C00T11E8000-4040X00S00,T1150
92101028,1,1,0,0,00,B,9,0,0,0,0,0,0,0,0,0,0,0,B00T11E9000-0000X00S00,B1009
92128346,1,1,0,0,00,B,7,_,9,_,0,0,_,_,0,_,_,_,B00T11E7090-____X0_S00,T330
92298768,1,1,0,0,00,B,0,_,0,_,0,0,_,_,0,_,_,_,B00T11E0000-____X0_S00,B1584
92306293,1,1,_,_,00,B,9,_,8,_,8,0,_,_,0,_,_,_,B00T11E9880-____X0_S__,B2076
92302888,1,1,0,0,00,B,_,3,_,4,_,_,0,0,_,0,0,0,B00T11E____-3040X_0S00,B1873
92102469,1,1,0,0,00,B,_,0,_,0,_,_,0,0,_,0,0,0,B00T11E____-0000X_0S00,B1207
92102824,1,1,0,0,00,B,8,4,7,5,8,0,4,0,0,0,0,0,B00T11E8870-4450X00S00,B1261
92295498,1,1,0,0,00,B,_,4,_,5,_,_,0,0,_,0,0,0,B00T11E____-4050X_0S00,B1401
92303997,_,_,_,0,00,B,7,0,7,0,8,0,0,0,0,0,0,0,B00T__E7870-0000X00S_0,B1945
92129892,1,1,0,0,00,B,8,3,0,4,9,0,0,0,0,0,0,0,B00T11E8900-3040X00S00,T562
92129717,1,1,1,0,00,B,8,_,0,_,0,0,_,_,0,_,_,_,B00T11E8000-____X0_S10,T531
92301600,1,1,1,_,00,B,8,3,0,5,8,0,0,0,0,0,0,0,B00T11E8800-3050X00S1_,B1785
92126989,_,_,0,0,00,B,8,0,0,0,0,0,0,0,0,_,_,_,B00T__E8000-0000X0_S00,T1052
92127240,_,1,0,0,00,B,8,_,0,_,0,0,_,_,0,_,_,_,B00T_1E8000-____X0_S00,T1142
92127213,0,1,0,0,00,B,0,_,0,_,0,0,_,_,0,_,_,_,B00T01E0000-____X0_S00,T1133
92301738,1,1,0,0,00,B,9,3,8,4,9,0,0,0,0,0,0,0,B00T11E9980-3040X00S00,B1788
92101835,1,1,_,0,00,B,8,0,7,0,0,0,0,0,0,_,_,_,B00T11E8070-0000X0_S_0,B1121
92127150,1,1,0,0,00,B,8,4,7,5,0,0,0,0,0,0,0,0,B00T11E8070-4050X00S00,T1107
92127481,1,1,0,0,00,B,9,5,8,3,0,0,0,0,0,0,0,0,B00T11E9080-5030X00S00,T1212
92127271,1,_,0,0,00,B,0,_,0,_,0,0,_,_,0,_,_,_,B00T1_E0000-____X0_S00,T1152
92101325,1,1,1,0,00,B,_,4,_,3,_,_,5,0,_,0,0,0,B00T11E____-4530X_0S10,B1041
92295579,1,_,0,0,00,B,0,_,0,_,0,0,_,_,0,_,_,_,B00T1_E0000-____X0_S00,B1406
92101442,1,1,0,0,00,B,8,5,8,3,0,0,0,0,0,0,0,0,B00T11E8080-5030X00S00,B1062
92127726,_,_,0,0,00,B,8,_,0,_,8,0,_,_,0,_,_,_,B00T__E8800-____X0_S00,T1282
92296036,1,1,0,0,00,B,0,3,0,0,0,0,0,0,0,0,0,0,B00T11E0000-3000X00S00,B1443
92102939,1,1,0,0,00,B,7,_,8,_,0,0,_,_,0,_,_,_,B00T11E7080-____X0_S00,B1273
92129451,1,1,0,0,00,B,9,3,8,0,0,0,5,3,0,_,_,_,B00T11E9080-3503X0_S00,T485
92129003,1,1,0,_,00,B,9,_,8,_,0,0,_,_,0,_,_,_,B00T11E9080-____X0_S0_,T431
92298022,1,1,0,0,00,B,_,5,_,3,_,_,0,0,_,0,0,0,B00T11E____-5030X_0S00,B1548
92101735,1,1,0,0,00,B,9,0,8,0,8,0,0,0,0,0,0,0,B00T11E9880-0000X00S00,B1105
92101173,_,1,0,0,00,B,_,4,_,0,_,_,0,0,_,0,0,0,B00T_1E____-4000X_0S00,B1024
92298871,_,1,0,0,00,B,_,0,_,0,_,_,0,0,_,0,0,0,B00T_1E____-0000X_0S00,B1590
92128255,1,1,0,0,00,B,_,0,_,0,_,_,0,0,_,0,0,0,B00T11E____-0000X_0S00,T307
92305957,1,1,0,0,00,B,9,_,8,_,8,8,_,_,0,_,_,_,B00T11E9888-____X0_S00,B2061
92102721,_,1,0,0,00,B,_,4,_,0,_,_,0,0,_,0,0,0,B00T_1E____-4000X_0S00,B1251
92102925,1,1,0,0,00,B,0,_,0,_,9,0,_,_,0,_,_,_,B00T11E0900-____X0_S00,B1272
92129499,_,_,_,0,00,C,_,4,_,0,_,_,3,0,_,0,0,0,C00T__E____-4300X_0S_0,T491
92305486,1,1,0,0,00,B,9,0,0,0,9,0,0,0,0,_,_,_,B00T11E9900-0000X0_S00,B2033
92300962,1,1,0,0,00,B,9,0,9,0,0,0,0,0,0,_,_,_,B00T11E9090-0000X0_S00,B1734
92300519,1,1,0,0,00,B,8,_,0,_,0,0,_,_,0,_,_,_,B00T11E8000-____X0_S00,B1699
92102643,_,1,0,0,00,B,0,_,0,_,0,0,_,_,0,_,_,_,B00T_1E0000-____X0_S00,B1236
92301180,1,1,0,0,00,B,_,3,_,0,_,_,4,4,_,0,0,0,B00T11E____-3404X_0S00,B1752
92297250,_,1,0,_,_,_,0,4,0,3,0,0,0,0,_,0,0,0,__T_1E0000-4030X_0S0_,B1504
92101334,_,1,0,0,00,B,_,4,_,4,_,_,4,4,_,0,0,0,B00T_1E____-4444X_0S00,B1041
92128161,1,1,_,0,_,_,0,3,0,4,0,0,3,0,_,0,0,0,__T11E0000-3340X_0S_0,T274
92128138,1,_,_,0,00,B,0,_,0,_,0,0,_,_,0,_,_,_,B00T1_E0000-____X0_S_0,T268
92127427,1,1,0,0,00,B,_,0,_,0,_,_,0,0,_,0,0,0,B00T11E____-0000X_0S00,T1201
92302609,1,1,_,_,00,B,9,_,0,_,0,0,_,_,0,_,_,_,B00T11E9000-____X0_S__,B1856
92103005,1,1,0,0,00,B,0,_,0,_,0,0,_,_,0,_,_,_,B00T11E0000-____X0_S00,B1291
92126856,1,1,0,0,20,B,7,0,0,0,0,0,0,0,0,0,0,0,B20T11E7000-0000X00S00,T1013
92302444,1,1,_,0,00,B,8,_,8,_,0,0,_,_,0,_,_,_,B00T11E8080-____X0_S_0,B1842
92127952,_,_,_,_,00,B,,,,,,,,,,,,,B00T__Enannannannan-nannannannanXnannanS__,T211
92299249,1,1,0,0,00,B,8,0,0,0,0,0,0,0,0,0,0,0,B00T11E8000-0000X00S00,B1609
92129175,1,1,0,0,00,B,7,_,0,_,0,0,_,_,0,_,_,_,B00T11E7000-____X0_S00,T445
92128290,_,_,0,0,00,B,0,_,0,_,0,0,_,_,0,_,_,_,B00T__E0000-____X0_S00,T316
92102249,_,1,0,0,00,B,_,0,_,0,_,_,0,0,_,0,0,0,B00T_1E____-0000X_0S00,B1171
92295943,1,1,0,0,00,B,0,4,0,0,0,0,0,0,0,0,0,0,B00T11E0000-4000X00S00,B1432
92127375,1,1,0,0,00,B,8,_,0,_,0,0,_,_,0,_,_,_,B00T11E8000-____X0_S00,T1184
92102999,1,1,0,0,00,B,_,0,_,0,_,_,0,0,_,0,0,0,B00T11E____-0000X_0S00,B1291
92302919,1,1,0,_,00,B,9,_,0,_,0,0,_,_,0,_,_,_,B00T11E9000-____X0_S0_,B1877
92127559,_,_,0,0,00,B,0,0,0,0,0,0,0,0,0,_,_,_,B00T__E0000-0000X0_S00,T1231
92100973,1,1,0,0,00,B,_,3,_,0,_,_,0,0,_,0,0,0,B00T11E____-3000X_0S00,B1005
92103018,1,_,0,0,00,B,0,_,0,_,0,0,_,_,0,_,_,_,B00T1_E0000-____X0_S00,B1291
92126877,_,_,0,0,00,B,0,_,0,_,0,0,_,_,0,_,_,_,B00T__E0000-____X0_S00,T1019
92103351,_,_,0,0,00,B,_,3,_,0,_,_,0,0,_,0,0,0,B00T__E____-3000X_0S00,B1348
92300290,1,1,0,0,00,B,8,4,8,0,0,0,3,0,0,0,0,0,B00T11E8080-4300X00S00,B1686
92127319,_,1,0,0,20,B,_,0,_,0,_,_,0,0,_,0,0,0,B20T_1E____-0000X_0S00,T1166
92127360,1,1,0,0,00,B,0,5,0,3,7,0,0,0,0,0,0,0,B00T11E0700-5030X00S00,T1180
92103564,1,1,0,0,00,B,9,4,9,4,0,0,0,0,0,0,0,0,B00T11E9090-4040X00S00,B1385
92127012,1,1,1,0,00,B,0,4,0,0,0,0,0,0,0,0,0,0,B00T11E0000-4000X00S10,T1059
92298765,1,1,0,_,00,B,_,0,_,0,_,_,0,0,_,0,0,0,B00T11E____-0000X_0S0_,B1584
92129350,1,1,0,0,00,B,9,0,0,0,0,0,0,0,0,_,_,_,B00T11E9000-0000X0_S00,T470
92128877,_,_,0,0,00,B,0,0,0,0,0,0,0,0,_,_,_,_,B00T__E0000-0000X__S00,T415
92103518,1,1,0,0,00,B,0,0,0,0,0,0,0,0,0,0,0,0,B00T11E0000-0000X00S00,B1374
92128573,_,_,0,0,00,B,8,4,8,4,0,0,3,3,0,_,_,_,B00T__E8080-4343X0_S00,T366
92127929,_,_,0,0,00,B,0,4,0,3,0,0,5,0,_,0,0,0,B00T__E0000-4530X_0S00,T204
92102809,1,_,0,0,00,B,7,5,8,0,8,0,0,0,0,_,_,_,B00T1_E7880-5000X0_S00,B1261
92101403,0,1,0,0,00,B,0,4,0,0,7,0,3,0,0,0,0,0,B00T01E0700-4300X00S00,B1054
92102003,_,1,0,0,00,B,_,3,_,4,_,_,0,0,_,0,0,0,B00T_1E____-3040X_0S00,B1140
92127720,1,1,0,0,00,B,9,_,8,_,0,0,_,_,0,_,_,_,B00T11E9080-____X0_S00,T1281
92298285,1,1,_,0,00,B,_,3,_,4,_,_,0,0,_,0,0,0,B00T11E____-3040X_0S_0,B1558
92102610,1,1,0,0,00,B,_,3,_,0,_,_,4,5,_,0,0,0,B00T11E____-3405X_0S00,B1227
92128271,1,1,0,0,00,B,0,0,0,0,0,0,0,0,_,0,0,0,B00T11E0000-0000X_0S00,T311
92298997,1,1,0,0,20,C,_,0,_,0,_,_,0,0,_,0,0,0,C20T11E____-0000X_0S00,B1594
92295998,1,1,0,0,00,B,9,0,7,0,7,8,0,0,0,0,0,0,B00T11E9778-0000X00S00,B1439
92306266,1,1,1,0,00,B,9,4,7,3,0,0,0,0,0,0,0,0,B00T11E9070-4030X00S10,B2075
92299614,1,1,0,0,00,B,7,4,0,0,0,0,0,0,0,0,0,0,B00T11E7000-4000X00S00,B1639
92128585,1,_,0,0,00,B,9,_,8,_,0,0,_,_,0,_,_,_,B00T1_E9080-____X0_S00,T369
92127029,1,1,0,_,00,B,0,0,0,0,0,0,0,0,_,0,0,0,B00T11E0000-0000X_0S0_,T1065
92297468,1,1,0,0,00,B,0,_,0,_,8,0,_,_,0,_,_,_,B00T11E0800-____X0_S00,B1518
92101082,1,1,0,0,00,B,8,0,0,0,0,0,0,0,0,0,0,0,B00T11E8000-0000X00S00,B1012
92101993,1,_,0,0,00,B,9,4,8,3,0,0,0,0,0,_,_,_,B00T1_E9080-4030X0_S00,B1139
92297308,1,1,0,0,00,B,9,0,0,0,0,0,0,0,0,0,0,0,B00T11E9000-0000X00S00,B1509
92298350,1,1,0,_,00,B,7,5,0,4,0,0,0,0,_,0,0,0,B00T11E7000-5040X_0S0_,B1562
92127834,1,1,0,0,00,B,0,0,0,0,8,0,0,0,0,_,_,_,B00T11E0800-0000X0_S00,T1311
92101041,_,_,0,0,00,B,0,_,0,_,0,0,_,_,0,_,_,_,B00T__E0000-____X0_S00,B1011
92127848,1,1,0,0,00,B,9,4,8,0,9,0,0,0,0,0,0,0,B00T11E9980-4000X00S00,T1317
92101513,1,1,0,0,00,B,_,5,_,4,_,_,0,0,_,0,0,0,B00T11E____-5040X_0S00,B1070
92302746,1,1,_,0,00,B,0,_,0,_,7,0,_,_,0,_,_,_,B00T11E0700-____X0_S_0,B1864
92127789,1,_,0,0,00,B,7,_,0,_,9,0,_,_,0,_,_,_,B00T1_E7900-____X0_S00,T1301
92127378,1,1,0,0,00,B,0,_,0,_,0,0,_,_,0,_,_,_,B00T11E0000-____X0_S00,T1184
92128492,1,1,0,0,00,B,_,4,_,3,_,_,0,0,_,0,0,0,B00T11E____-4030X_0S00,T356
92127594,_,_,0,0,00,C,9,4,8,4,8,0,5,3,0,_,_,_,C00T__E9880-4543X0_S00,T1241
92304445,1,1,0,0,00,B,0,0,0,0,0,0,0,0,0,0,0,0,B00T11E0000-0000X00S00,B1974
92128409,_,_,_,_,00,B,9,0,8,0,0,0,4,0,0,_,_,_,B00T__E9080-0400X0_S__,T343
92297343,1,1,0,0,00,B,0,4,0,0,0,0,0,0,_,0,0,0,B00T11E0000-4000X_0S00,B1512
92102761,1,1,0,0,20,C,0,0,0,0,0,0,0,0,0,0,0,0,C20T11E0000-0000X00S00,B1258
92102733,_,_,0,0,00,B,0,_,0,_,8,0,_,_,0,_,_,_,B00T__E0800-____X0_S00,B1253
92103102,1,1,0,0,00,B,9,0,0,0,9,0,0,0,0,0,0,0,B00T11E9900-0000X00S00,B1305
92299982,1,_,0,0,00,B,0,_,0,_,0,0,_,_,0,_,_,_,B00T1_E0000-____X0_S00,B1666
92103006,1,1,0,0,00,B,0,3,0,0,0,0,0,0,_,0,0,0,B00T11E0000-3000X_0S00,B1291
92102521,1,1,0,0,00,B,_,0,_,0,_,_,0,0,_,0,0,0,B00T11E____-0000X_0S00,B1215
92126872,1,1,0,0,20,B,0,_,0,_,0,0,_,_,0,_,_,_,B20T11E0000-____X0_S00,T1018
92296308,_,_,0,0,00,B,8,_,8,_,0,0,_,_,0,_,_,_,B00T__E8080-____X0_S00,B1456
92129721,_,_,0,0,00,B,0,_,0,_,0,0,_,_,0,_,_,_,B00T__E0000-____X0_S00,T532
92103420,1,1,0,0,00,B,8,_,0,_,0,0,_,_,0,_,_,_,B00T11E8000-____X0_S00,B1359
92306002,1,1,0,0,00,B,0,_,0,_,0,0,_,_,0,_,_,_,B00T11E0000-____X0_S00,B2062
92299029,1,1,0,0,00,B,_,0,_,0,_,_,0,0,_,0,0,0,B00T11E____-0000X_0S00,B1595
92101901,1,1,0,0,00,B,8,0,0,0,0,0,0,0,0,_,_,_,B00T11E8000-0000X0_S00,B1129
92129035,1,1,0,0,00,B,0,4,0,4,0,0,0,0,0,0,0,0,B00T11E0000-4040X00S00,T434
92102863,1,1,0,0,00,B,0,4,0,5,0,0,3,3,_,0,0,0,B00T11E0000-4353X_0S00,B1264
92127397,1,1,0,0,00,B,_,0,_,0,_,_,0,0,_,_,_,_,B00T11E____-0000X__S00,T1187
92127908,1,1,0,0,00,B,0,_,0,_,0,0,_,_,0,_,_,_,B00T11E0000-____X0_S00,T173
92129759,_,_,0,0,00,B,_,0,_,0,_,_,0,0,_,0,0,0,B00T__E____-0000X_0S00,T538
92126965,1,1,0,0,00,B,0,_,0,_,0,0,_,_,0,_,_,_,B00T11E0000-____X0_S00,T1045
92103014,1,1,0,0,00,B,0,0,0,0,0,0,0,0,0,_,_,_,B00T11E0000-0000X0_S00,B1291
92305492,1,1,0,0,00,B,9,_,0,_,0,0,_,_,0,_,_,_,B00T11E9000-____X0_S00,B2033
92128461,1,1,_,0,00,B,_,3,_,3,_,_,0,0,_,0,0,0,B00T11E____-3030X_0S_0,T354
92301915,1,1,0,_,00,B,9,_,0,_,0,0,_,_,0,_,_,_,B00T11E9000-____X0_S0_,B1796
92129607,1,1,0,0,00,B,7,_,9,_,0,0,_,_,0,_,_,_,B00T11E7090-____X0_S00,T514
92306137,1,1,0,0,00,B,7,3,8,0,9,0,0,0,_,0,0,0,B00T11E7980-3000X_0S00,B2068
92103476,1,1,0,0,00,B,9,_,8,_,0,0,_,_,0,_,_,_,B00T11E9080-____X0_S00,B1369
92101383,0,1,0,0,00,B,9,3,8,3,0,0,0,0,0,0,0,0,B00T01E9080-3030X00S00,B1049
92305372,1,1,0,0,00,B,0,0,0,0,9,0,0,0,_,0,0,0,B00T11E0900-0000X_0S00,B2025
92126891,1,1,_,0,20,B,9,4,0,3,0,0,0,0,0,_,_,_,B20T11E9000-4030X0_S_0,T1024
92129743,1,1,0,0,00,B,_,4,_,0,_,_,4,0,_,0,0,0,B00T11E____-4400X_0S00,T537
92102229,_,_,0,0,00,B,9,_,0,_,0,0,_,_,0,_,_,_,B00T__E9000-____X0_S00,B1165
92303654,1,1,0,0,00,B,8,3,9,4,0,0,0,0,0,0,0,0,B00T11E8090-3040X00S00,B1929
92129089,1,1,0,0,00,B,8,3,7,0,7,7,0,0,_,0,0,0,B00T11E8777-3000X_0S00,T437
92129601,1,_,_,0,00,B,7,_,8,_,0,0,_,_,0,_,_,_,B00T1_E7080-____X0_S_0,T513
92102688,1,1,0,0,00,B,8,_,0,_,0,0,_,_,0,_,_,_,B00T11E8000-____X0_S00,B1244
92299414,1,1,0,_,00,B,_,0,_,0,_,_,0,0,_,0,0,0,B00T11E____-0000X_0S0_,B1625
92129547,1,1,0,0,00,B,0,_,0,_,0,0,_,_,0,_,_,_,B00T11E0000-____X0_S00,T501
92301536,_,1,0,0,00,B,_,4,_,4,_,_,0,0,_,0,0,0,B00T_1E____-4040X_0S00,B1782
92296483,1,1,0,0,00,B,8,_,0,_,0,0,_,_,0,_,_,_,B00T11E8000-____X0_S00,B1465
92103414,1,1,0,0,00,B,9,_,0,_,0,0,_,_,0,_,_,_,B00T11E9000-____X0_S00,B1358
92299910,1,1,0,0,20,B,0,3,0,0,0,0,0,0,0,0,0,0,B20T11E0000-3000X00S00,B1659
92103443,_,_,_,_,00,B,8,4,0,0,0,0,0,0,_,0,0,0,B00T__E8000-4000X_0S__,B1364
92101641,1,1,0,0,00,C,9,3,8,3,0,0,3,0,0,0,0,0,C00T11E9080-3330X00S00,B1091
92129817,1,1,0,0,00,B,0,0,0,0,0,0,0,0,0,0,0,0,B00T11E0000-0000X00S00,T549
92126882,_,_,1,0,00,B,7,3,0,3,0,0,3,3,_,0,0,0,B00T__E7000-3333X_0S10,T1021
92301887,1,1,0,0,00,B,0,4,0,0,0,0,0,0,_,0,0,0,B00T11E0000-4000X_0S00,B1794
92127257,_,_,_,_,_,_,_,4,_,4,_,_,0,0,_,0,0,0,__T__E____-4040X_0S__,T1147
92296915,1,1,0,0,00,B,9,_,0,_,0,0,_,_,0,_,_,_,B00T11E9000-____X0_S00,B1490
92103050,1,1,0,0,00,B,0,0,0,0,9,0,0,0,0,0,0,0,B00T11E0900-0000X00S00,B1293
92103596,1,1,0,0,00,B,0,0,0,0,0,0,5,4,0,0,0,0,B00T11E0000-0504X00S00,B1390
92295964,1,1,0,0,00,B,0,4,0,0,0,0,0,0,0,0,0,0,B00T11E0000-4000X00S00,B1434
92299908,1,1,0,0,00,B,0,3,0,3,0,0,0,0,0,0,0,0,B00T11E0000-3030X00S00,B1659
92101721,_,1,0,0,00,B,_,5,_,0,_,_,0,0,_,0,0,0,B00T_1E____-5000X_0S00,B1103
92102910,1,1,0,0,00,B,0,5,0,4,0,0,4,3,0,0,0,0,B00T11E0000-5443X00S00,B1270
92128091,1,1,0,0,00,B,7,0,8,0,0,0,0,0,_,0,0,0,B00T11E7080-0000X_0S00,T257
92102462,_,1,_,0,00,B,0,0,0,0,0,0,3,0,0,0,0,0,B00T_1E0000-0300X00S_0,B1205
92127068,1,_,0,0,00,B,8,_,0,_,0,0,_,_,0,_,_,_,B00T1_E8000-____X0_S00,T1079
92129188,1,1,_,_,00,C,_,3,_,5,_,_,0,0,_,0,0,0,C00T11E____-3050X_0S__,T447
92129110,1,1,0,0,00,B,7,_,9,_,0,0,_,_,0,_,_,_,B00T11E7090-____X0_S00,T439
92129922,1,1,0,_,00,B,9,_,8,_,8,0,_,_,0,_,_,_,B00T11E9880-____X0_S0_,T569
92102173,1,1,0,0,00,B,9,_,9,_,0,0,_,_,0,_,_,_,B00T11E9090-____X0_S00,B1156
92306330,1,1,0,0,00,B,_,3,_,0,_,_,0,0,_,0,0,0,B00T11E____-3000X_0S00,B2079
92101042,_,_,0,0,00,B,7,4,0,4,0,0,0,0,0,0,0,0,B00T__E7000-4040X00S00,B1011
92103381,1,1,0,0,00,B,9,4,9,0,0,0,0,0,0,0,0,0,B00T11E9090-4000X00S00,B1351
92129868,1,1,0,0,00,B,_,0,_,0,_,_,0,0,_,0,0,0,B00T11E____-0000X_0S00,T557
92101351,1,1,_,0,00,B,_,4,_,0,_,_,0,0,_,0,0,0,B00T11E____-4000X_0S_0,B1043
92302697,1,1,0,0,00,B,_,0,_,0,_,_,0,0,_,0,0,0,B00T11E____-0000X_0S00,B1861
92305002,1,1,0,0,00,B,0,4,0,0,0,0,4,0,0,0,0,0,B00T11E0000-4400X00S00,B2007
92127023,1,_,0,0,00,B,9,_,7,_,0,0,_,_,0,_,_,_,B00T1_E9070-____X0_S00,T1063
92101681,1,1,0,0,00,B,_,3,_,4,_,_,0,0,_,0,0,0,B00T11E____-3040X_0S00,B1098
92128536,1,_,0,0,00,B,0,_,0,_,0,0,_,_,0,_,_,_,B00T1_E0000-____X0_S00,T361
92101346,1,1,0,0,00,B,7,_,8,_,8,0,_,_,0,_,_,_,B00T11E7880-____X0_S00,B1043
92102335,1,1,0,0,00,B,0,0,0,0,0,0,0,0,0,0,0,0,B00T11E0000-0000X00S00,B1186
92299499,1,1,0,0,00,B,_,4,_,5,_,_,0,0,_,0,0,0,B00T11E____-4050X_0S00,B1628
92126843,1,1,0,0,00,B,_,0,_,0,_,_,0,0,_,0,0,0,B00T11E____-0000X_0S00,T1010
92299500,1,1,0,0,00,B,_,0,_,4,_,_,0,0,_,0,0,0,B00T11E____-0040X_0S00,B1628
92127821,1,1,0,0,00,B,9,0,0,0,0,0,0,0,0,0,0,0,B00T11E9000-0000X00S00,T1307
92101413,0,0,0,0,00,B,8,3,9,0,0,0,0,0,0,_,_,_,B00T00E8090-3000X0_S00,B1058
92127791,1,1,_,0,00,B,0,_,0,_,0,0,_,_,0,_,_,_,B00T11E0000-____X0_S_0,T1302
92301352,1,1,0,0,00,C,0,0,0,0,0,0,0,0,0,_,_,_,C00T11E0000-0000X0_S00,B1764
92299909,1,1,0,0,00,B,0,_,0,_,0,0,_,_,0,_,_,_,B00T11E0000-____X0_S00,B1659
92128985,1,1,0,0,00,B,_,3,_,3,_,_,0,0,_,0,0,0,B00T11E____-3030X_0S00,T428
92128568,1,_,0,0,00,B,9,0,0,0,0,0,5,3,0,_,_,_,B00T1_E9000-0503X0_S00,T365
92128254,1,1,1,0,00,B,_,4,_,3,_,_,3,0,_,0,0,0,B00T11E____-4330X_0S10,T306
92305008,1,1,0,0,00,B,8,3,0,4,0,0,4,0,0,0,0,0,B00T11E8000-3440X00S00,B2007
92301592,1,1,0,0,00,B,0,0,0,0,0,0,0,0,_,0,0,0,B00T11E0000-0000X_0S00,B1784
92102254,_,_,0,0,00,B,9,4,9,4,0,0,4,0,0,0,0,0,B00T__E9090-4440X00S00,B1172
92102208,1,1,0,0,00,B,_,3,_,0,_,_,0,0,_,0,0,0,B00T11E____-3000X_0S00,B1162
92102451,1,_,0,0,00,B,9,_,8,_,0,0,_,_,0,_,_,_,B00T1_E9080-____X0_S00,B1204
92102135,1,1,0,0,00,B,0,3,0,0,8,7,0,0,0,0,0,0,B00T11E0807-3000X00S00,B1154
92129303,_,_,0,0,00,B,,,,,,,,,,,,,B00T__Enannannannan-nannannannanXnannanS00,T464
92303102,1,1,0,0,00,B,0,0,0,0,8,0,0,0,0,0,0,0,B00T11E0800-0000X00S00,B1888
92128136,_,_,_,0,00,B,9,3,0,3,0,0,3,0,0,_,_,_,B00T__E9000-3330X0_S_0,T268
92297881,1,1,0,0,00,B,9,5,8,0,0,0,0,0,0,0,0,0,B00T11E9080-5000X00S00,B1537
92128577,1,_,0,0,00,B,0,_,0,_,0,0,_,_,0,_,_,_,B00T1_E0000-____X0_S00,T367
92129765,_,1,0,0,00,B,_,0,_,0,_,_,0,0,_,0,0,0,B00T_1E____-0000X_0S00,T539
92126832,1,1,_,_,00,B,_,4,_,0,_,_,0,0,_,1,1,1,B00T11E____-4000X_1S__,T1006
92129414,1,1,0,0,00,B,0,3,0,5,0,0,3,0,0,0,0,0,B00T11E0000-3350X00S00,T479
92102477,1,_,_,_,00,B,9,_,7,_,8,7,_,_,0,_,_,_,B00T1_E9877-____X0_S__,B1208
92126968,1,_,0,0,00,B,9,_,0,_,0,0,_,_,0,_,_,_,B00T1_E9000-____X0_S00,T1046
92129445,1,1,0,0,00,B,9,0,8,0,0,0,0,0,0,0,0,0,B00T11E9080-0000X00S00,T485
92101090,1,1,0,0,00,B,_,4,_,0,_,_,0,0,_,0,0,0,B00T11E____-4000X_0S00,B1013
92298586,_,_,_,_,00,B,,,,,,,,,,,,,B00T__Enannannannan-nannannannanXnannanS__,B1576
92102289,_,_,_,_,00,B,0,0,0,0,0,0,0,0,0,0,0,0,B00T__E0000-0000X00S__,B1179
92127605,1,1,0,0,00,B,0,_,0,_,0,0,_,_,0,_,_,_,B00T11E0000-____X0_S00,T1244
92304256,1,_,0,0,00,B,0,0,0,0,0,0,4,0,_,0,0,0,B00T1_E0000-0400X_0S00,B1959
92101452,1,1,0,0,00,B,8,_,9,_,0,0,_,_,0,_,_,_,B00T11E8090-____X0_S00,B1063
92127938,_,1,0,0,00,B,_,0,_,0,_,_,0,0,_,0,0,0,B00T_1E____-0000X_0S00,T207
92300666,1,1,0,0,00,B,0,4,0,4,0,0,0,0,0,0,0,0,B00T11E0000-4040X00S00,B1706
92298558,1,1,0,0,00,B,9,_,8,_,0,0,_,_,0,_,_,_,B00T11E9080-____X0_S00,B1575
92127466,_,_,0,0,00,B,0,_,0,_,0,0,_,_,0,_,_,_,B00T__E0000-____X0_S00,T1208
92127170,1,1,0,0,00,B,0,5,0,0,0,0,0,0,0,0,0,0,B00T11E0000-5000X00S00,T1116
92129284,1,1,0,0,00,B,0,0,0,0,0,0,0,0,_,0,0,0,B00T11E0000-0000X_0S00,T461
92102210,1,1,0,0,00,B,7,0,0,0,0,0,0,0,0,0,0,0,B00T11E7000-0000X00S00,B1163
92102098,1,1,0,0,00,B,_,4,_,3,_,_,0,0,_,0,0,0,B00T11E____-4030X_0S00,B1149
92302596,1,1,0,0,00,C,_,4,_,4,_,_,0,0,_,0,0,0,C00T11E____-4040X_0S00,B1855
92126974,1,1,0,0,00,B,0,_,0,_,0,0,_,_,0,_,_,_,B00T11E0000-____X0_S00,T1048
92302046,1,1,0,0,00,B,_,4,_,0,_,_,0,0,_,0,0,0,B00T11E____-4000X_0S00,B1806
92296666,0,_,0,_,00,B,0,_,0,_,0,0,_,_,0,_,_,_,B00T0_E0000-____X0_S0_,B1477
92101066,1,1,0,0,00,B,0,_,0,_,0,0,_,_,0,_,_,_,B00T11E0000-____X0_S00,B1012
92301174,1,1,_,_,00,B,7,0,8,0,0,0,4,4,0,0,0,0,B00T11E7080-0404X00S__,B1752
92128475,_,1,0,_,00,B,_,4,_,0,_,_,0,0,_,0,0,0,B00T_1E____-4000X_0S0_,T355
92128705,1,1,0,0,00,B,_,0,_,0,_,_,0,0,_,0,0,0,B00T11E____-0000X_0S00,T386
92103323,1,1,0,0,00,B,0,4,0,4,0,0,4,4,0,_,_,_,B00T11E0000-4444X0_S00,B1338
92127607,_,_,_,_,00,B,,,,,,,,,,,,,B00T__Enannannannan-nannannannanXnannanS__,T1245
92128704,1,1,0,0,00,B,_,0,_,0,_,_,0,0,_,0,0,0,B00T11E____-0000X_0S00,T386
92297670,1,1,0,0,00,B,9,5,0,0,9,0,0,0,0,0,0,0,B00T11E9900-5000X00S00,B1529
92306099,1,1,_,0,00,B,9,4,0,4,0,0,3,0,0,0,0,0,B00T11E9000-4340X00S_0,B2067
92303971,1,1,_,0,00,B,8,0,7,0,8,8,4,5,0,0,0,0,B00T11E8878-0405X00S_0,B1945
92127841,1,_,0,0,_,_,9,_,0,_,0,0,_,_,0,_,_,_,__T1_E9000-____X0_S00,T1314
92101385,1,1,0,0,00,B,8,4,7,0,9,8,0,0,_,0,0,0,B00T11E8978-4000X_0S00,B1050
92295417,1,_,0,0,00,B,0,0,0,0,0,0,0,0,0,_,_,_,B00T1_E0000-0000X0_S00,B1394
92102607,1,1,0,_,20,C,_,0,_,0,_,_,3,5,_,0,0,0,C20T11E____-0305X_0S0_,B1227
92129993,1,_,_,0,00,B,9,3,8,5,0,0,5,4,0,_,_,_,B00T1_E9080-3554X0_S_0,T585
92127425,_,1,_,_,00,C,_,0,_,0,_,_,0,0,_,0,0,0,C00T_1E____-0000X_0S__,T1200
92101038,_,_,0,0,00,B,0,_,8,_,0,0,_,_,0,_,_,_,B00T__E0080-____X0_S00,B1011
92102914,1,1,0,0,00,C,0,_,0,_,9,0,_,_,0,_,_,_,C00T11E0900-____X0_S00,B1271
92101443,1,1,0,0,00,B,8,3,8,4,0,0,3,0,0,0,0,0,B00T11E8080-3340X00S00,B1062
92127911,1,_,0,0,00,B,0,_,0,_,0,0,_,_,0,_,_,_,B00T1_E0000-____X0_S00,T182
92101786,_,_,0,0,00,B,_,3,_,0,_,_,3,0,_,0,0,0,B00T__E____-3300X_0S00,B1111
92103124,1,1,0,0,00,B,_,0,_,0,_,_,0,0,_,0,0,0,B00T11E____-0000X_0S00,B1309
92305304,1,_,0,0,00,B,7,_,0,_,0,0,_,_,0,_,_,_,B00T1_E7000-____X0_S00,B2021
92302870,1,0,0,0,00,B,9,_,0,_,0,0,_,_,0,_,_,_,B00T10E9000-____X0_S00,B1872
92102154,1,1,0,0,00,B,8,3,8,4,9,0,0,0,0,_,_,_,B00T11E8980-3040X0_S00,B1155
92296631,1,1,0,0,00,B,9,4,9,3,0,0,0,0,0,0,0,0,B00T11E9090-4030X00S00,B1476
92129338,_,_,_,0,00,B,_,4,_,0,_,_,4,0,_,0,0,0,B00T__E____-4400X_0S_0,T469
92127547,1,1,0,0,20,C,9,4,7,5,0,0,0,0,_,0,0,0,C20T11E9070-4050X_0S00,T1228
92102082,_,1,_,_,00,B,0,4,0,0,0,0,0,0,_,0,0,0,B00T_1E0000-4000X_0S__,B1147
92128283,1,1,0,0,00,B,9,_,0,_,0,0,_,_,0,_,_,_,B00T11E9000-____X0_S00,T315
92101899,_,1,_,0,00,B,,,,,,,,,,,,,B00T_1Enannannannan-nannannannanXnannanS_0,B1129
92129860,_,_,0,0,00,B,8,0,0,0,0,0,0,0,0,_,_,_,B00T__E8000-0000X0_S00,T555
92298432,1,1,0,0,00,B,9,3,7,0,0,0,0,0,0,0,0,0,B00T11E9070-3000X00S00,B1567
92102216,1,1,0,0,00,B,0,0,0,0,0,0,0,0,_,0,0,0,B00T11E0000-0000X_0S00,B1163
92128316,1,1,0,0,00,B,0,0,0,0,0,0,0,0,0,0,0,0,B00T11E0000-0000X00S00,T323
92127866,1,1,0,0,00,B,9,3,8,3,0,0,3,4,0,0,0,0,B00T11E9080-3334X00S00,T1322
92127657,1,1,0,0,00,B,_,3,_,0,_,_,0,0,_,0,0,0,B00T11E____-3000X_0S00,T1259
92128422,_,_,_,_,00,B,9,_,9,_,0,0,_,_,0,_,_,_,B00T__E9090-____X0_S__,T347
92127986,1,_,0,0,00,B,9,_,0,_,0,0,_,_,0,_,_,_,B00T1_E9000-____X0_S00,T214
92128927,1,_,0,0,00,B,0,3,0,0,0,0,3,0,0,0,0,0,B00T1_E0000-3300X00S00,T421
92102723,1,_,0,0,00,B,9,_,7,_,0,0,_,_,0,_,_,_,B00T1_E9070-____X0_S00,B1251
92128438,1,1,0,0,00,B,7,_,0,_,0,0,_,_,0,_,_,_,B00T11E7000-____X0_S00,T350
92305302,1,_,0,0,00,B,8,_,9,_,0,0,_,_,0,_,_,_,B00T1_E8090-____X0_S00,B2020
92128519,1,1,0,0,00,B,_,4,_,0,_,_,0,0,_,0,0,0,B00T11E____-4000X_0S00,T359
92304540,1,1,0,0,00,B,8,4,7,0,0,0,4,0,_,0,0,0,B00T11E8070-4400X_0S00,B1981
92129530,1,1,_,0,00,B,8,_,7,_,8,0,_,_,0,_,_,_,B00T11E8870-____X0_S_0,T496
92128965,_,1,0,0,00,B,0,5,0,0,0,0,0,0,_,0,0,0,B00T_1E0000-5000X_0S00,T425
92128518,1,_,0,0,00,B,_,4,_,0,_,_,0,0,_,0,0,0,B00T1_E____-4000X_0S00,T359
92127630,1,1,0,0,00,B,0,_,0,_,0,0,_,_,0,_,_,_,B00T11E0000-____X0_S00,T1251
92302695,1,1,_,0,00,C,0,4,0,0,0,0,0,0,_,0,0,0,C00T11E0000-4000X_0S_0,B1860
92129723,1,1,0,0,00,B,_,3,_,0,_,_,0,0,_,0,0,0,B00T11E____-3000X_0S00,T533
92129225,1,1,0,0,00,B,8,0,7,0,0,0,0,0,0,0,0,0,B00T11E8070-0000X00S00,T452
92128187,_,1,0,0,00,B,0,0,0,0,0,0,0,0,0,0,0,0,B00T_1E0000-0000X00S00,T280
92127540,1,1,0,_,00,B,0,0,0,0,0,0,0,0,0,0,0,0,B00T11E0000-0000X00S0_,T1226
92129196,_,1,0,0,00,B,_,3,_,0,_,_,0,0,_,0,0,0,B00T_1E____-3000X_0S00,T449
92128908,_,1,0,0,00,B,_,0,_,0,_,_,0,0,_,0,0,0,B00T_1E____-0000X_0S00,T419
92101196,0,1,0,0,20,_,0,0,0,0,0,0,0,0,_,0,0,0,_20T01E0000-0000X_0S00,B1028
92296361,1,1,0,0,00,B,_,0,_,0,_,_,0,0,_,0,0,0,B00T11E____-0000X_0S00,B1460
92129337,_,_,_,_,00,B,_,4,_,0,_,_,3,4,_,0,0,0,B00T__E____-4304X_0S__,T469
92300202,1,1,0,0,00,B,_,0,_,0,_,_,0,0,_,0,0,0,B00T11E____-0000X_0S00,B1683
92129306,1,1,0,0,00,B,0,0,0,0,0,0,0,0,0,0,0,0,B00T11E0000-0000X00S00,T465
92128157,1,1,0,0,00,B,9,0,0,0,0,0,4,0,0,0,0,0,B00T11E9000-0400X00S00,T273
92298263,1,0,0,_,00,B,8,4,9,3,8,9,0,0,_,0,0,0,B00T10E8899-4030X_0S0_,B1558
92303796,1,1,0,0,00,B,_,4,_,0,_,_,0,0,_,0,0,0,B00T11E____-4000X_0S00,B1934
92298054,1,1,0,0,00,B,9,4,0,5,0,0,0,0,0,0,0,0,B00T11E9000-4050X00S00,B1550
92102594,1,1,0,0,00,C,9,0,8,0,0,0,0,0,0,_,_,_,C00T11E9080-0000X0_S00,B1224
92303672,1,1,0,0,00,B,7,4,0,3,0,0,0,0,_,0,0,0,B00T11E7000-4030X_0S00,B1929
92103319,0,0,0,0,00,B,_,0,_,0,_,_,0,0,_,0,0,0,B00T00E____-0000X_0S00,B1336
92102215,1,1,0,0,00,B,0,0,0,0,0,0,0,0,0,_,_,_,B00T11E0000-0000X0_S00,B1163
92302348,1,1,0,0,00,B,0,0,0,0,0,0,3,0,0,0,0,0,B00T11E0000-0300X00S00,B1834
92101014,1,1,0,0,00,B,8,_,7,_,0,0,_,_,0,_,_,_,B00T11E8070-____X0_S00,B1008
92306068,1,1,0,0,00,B,0,0,0,0,0,0,0,0,0,0,0,0,B00T11E0000-0000X00S00,B2065
92303650,1,1,0,0,00,B,_,0,_,0,_,_,4,4,_,0,0,0,B00T11E____-0404X_0S00,B1928
92128841,_,1,0,0,00,B,_,0,_,0,_,_,0,0,_,0,0,0,B00T_1E____-0000X_0S00,T409
92128273,1,1,0,0,00,B,_,3,_,0,_,_,0,0,_,0,0,0,B00T11E____-3000X_0S00,T311
92101186,1,_,0,0,00,B,8,_,0,_,0,0,_,_,0,_,_,_,B00T1_E8000-____X0_S00,B1026
92295540,_,1,0,0,00,B,9,_,8,_,8,8,_,_,0,_,_,_,B00T_1E9888-____X0_S00,B1405
92102326,1,_,0,0,00,B,9,_,8,_,0,0,_,_,0,_,_,_,B00T1_E9080-____X0_S00,B1183
92101112,1,1,0,0,00,B,8,3,0,0,8,0,4,0,0,_,_,_,B00T11E8800-3400X0_S00,B1016
92102090,1,1,0,0,00,B,9,3,0,3,9,0,0,0,0,0,0,0,B00T11E9900-3030X00S00,B1148
92100877,1,1,0,0,00,B,8,4,9,3,0,0,0,0,_,0,0,0,B00T11E8090-4030X_0S00,B1000
92101503,1,1,0,0,00,B,9,3,8,4,0,0,5,4,0,0,0,0,B00T11E9080-3544X00S00,B1070
92101214,1,_,0,0,00,B,_,0,_,0,_,_,4,0,_,0,0,0,B00T1_E____-0400X_0S00,B1030
92102637,_,_,0,0,00,B,7,5,0,5,9,0,0,0,_,0,0,0,B00T__E7900-5050X_0S00,B1234
92305152,1,1,0,0,00,B,0,4,0,0,0,0,0,0,_,0,0,0,B00T11E0000-4000X_0S00,B2013
92128428,1,1,0,0,00,B,0,_,0,_,0,0,_,_,0,_,_,_,B00T11E0000-____X0_S00,T348
92128748,1,_,0,0,00,B,0,_,0,_,0,0,_,_,0,_,_,_,B00T1_E0000-____X0_S00,T394
92297773,1,_,0,0,00,B,7,_,0,_,0,0,_,_,0,_,_,_,B00T1_E7000-____X0_S00,B1534
92129546,1,1,0,0,00,B,0,_,0,_,0,0,_,_,0,_,_,_,B00T11E0000-____X0_S00,T501
92301317,1,_,0,0,00,B,7,_,7,_,0,0,_,_,0,_,_,_,B00T1_E7070-____X0_S00,B1761
92103313,1,0,0,0,00,B,_,4,_,4,_,_,0,0,_,0,0,0,B00T10E____-4040X_0S00,B1336
92128395,1,_,0,0,00,B,8,3,8,4,8,8,3,5,0,0,0,0,B00T1_E8888-3345X00S00,T339
92306262,_,1,0,0,00,B,_,3,_,4,_,_,0,0,_,0,0,0,B00T_1E____-3040X_0S00,B2075
92129478,1,1,0,0,00,B,8,_,8,_,8,0,_,_,0,_,_,_,B00T11E8880-____X0_S00,T489
92103348,_,_,0,_,20,_,8,_,8,_,7,0,_,_,0,_,_,_,_20T__E8780-____X0_S0_,B1348
92300968,_,_,_,_,_,_,_,4,_,4,_,_,0,0,_,0,0,0,__T__E____-4040X_0S__,B1735
92296121,1,1,0,0,00,B,8,4,0,0,0,0,0,0,0,0,0,0,B00T11E8000-4000X00S00,B1445
92127261,1,0,0,0,00,B,7,4,7,5,8,8,3,4,0,_,_,_,B00T10E7878-4354X0_S00,T1148
92127588,_,_,0,0,00,B,_,4,_,4,_,_,0,0,_,0,0,0,B00T__E____-4040X_0S00,T1240
92102894,1,1,_,_,00,B,8,3,9,4,0,0,0,0,0,0,0,0,B00T11E8090-3040X00S__,B1268
92128284,1,1,0,0,00,B,7,_,7,_,0,0,_,_,0,_,_,_,B00T11E7070-____X0_S00,T315
92103209,1,1,0,0,00,B,7,_,8,_,7,9,_,_,0,_,_,_,B00T11E7789-____X0_S00,B1320
92304379,1,1,0,0,00,B,_,0,_,0,_,_,0,0,_,0,0,0,B00T11E____-0000X_0S00,B1969
92304203,1,1,0,0,20,_,0,0,0,0,0,0,0,0,0,0,0,0,_20T11E0000-0000X00S00,B1958
92102072,_,_,0,0,00,B,8,_,9,_,0,0,_,_,0,_,_,_,B00T__E8090-____X0_S00,B1146
92100996,1,1,0,0,00,B,0,0,0,0,0,0,0,0,0,0,0,0,B00T11E0000-0000X00S00,B1007
92102252,1,1,0,0,00,B,_,0,_,0,_,_,0,0,_,0,0,0,B00T11E____-0000X_0S00,B1172
92297169,1,1,0,0,00,B,9,3,0,0,0,0,0,0,0,_,_,_,B00T11E9000-3000X0_S00,B1499
92297156,1,1,0,0,00,B,_,5,_,4,_,_,0,0,_,0,0,0,B00T11E____-5040X_0S00,B1499
92128879,1,1,0,0,00,B,0,0,0,0,0,0,0,0,_,0,0,0,B00T11E0000-0000X_0S00,T416
92303516,1,1,0,0,00,B,0,4,0,5,0,0,0,0,0,0,0,0,B00T11E0000-4050X00S00,B1916
92128943,1,1,0,0,00,B,8,0,0,0,0,0,0,0,0,0,0,0,B00T11E8000-0000X00S00,T422
92128521,1,1,0,0,00,B,_,3,_,4,_,_,0,0,_,0,0,0,B00T11E____-3040X_0S00,T360
92129749,1,1,0,0,00,B,0,4,0,0,0,0,3,4,_,0,0,0,B00T11E0000-4304X_0S00,T537
92303783,1,1,0,0,00,B,8,0,0,0,0,0,0,0,0,_,_,_,B00T11E8000-0000X0_S00,B1933
92128329,1,1,0,0,00,B,9,_,7,_,0,0,_,_,0,_,_,_,B00T11E9070-____X0_S00,T326
92129630,1,1,0,0,00,B,0,3,0,0,0,0,0,0,_,0,0,0,B00T11E0000-3000X_0S00,T518
92127892,1,0,0,0,00,B,0,_,0,_,0,0,_,_,0,_,_,_,B00T10E0000-____X0_S00,T1329
92102576,_,_,0,_,00,B,0,_,0,_,0,0,_,_,0,_,_,_,B00T__E0000-____X0_S0_,B1221
92103165,1,1,0,0,00,B,0,0,0,0,0,0,0,0,_,0,0,0,B00T11E0000-0000X_0S00,B1311
92128560,1,1,0,0,00,B,9,_,7,_,0,0,_,_,0,_,_,_,B00T11E9070-____X0_S00,T363
92101268,_,1,0,0,00,B,9,0,7,0,0,0,0,0,_,0,0,0,B00T_1E9070-0000X_0S00,B1035
92127993,1,_,_,0,00,B,9,_,0,_,0,0,_,_,0,_,_,_,B00T1_E9000-____X0_S_0,T217
92128417,1,1,_,_,00,B,9,_,9,_,9,0,_,_,0,_,_,_,B00T11E9990-____X0_S__,T347
92304106,1,1,0,0,00,B,0,4,0,0,0,0,0,0,0,0,0,0,B00T11E0000-4000X00S00,B1952
92128299,1,1,0,0,00,B,8,5,0,0,7,0,0,0,0,0,0,0,B00T11E8700-5000X00S00,T319
92303618,1,1,0,0,20,B,_,3,_,0,_,_,0,0,_,0,0,0,B20T11E____-3000X_0S00,B1927
92296724,1,_,0,_,00,B,8,_,9,_,8,0,_,_,0,_,_,_,B00T1_E8890-____X0_S0_,B1481
92129061,1,1,0,0,00,B,8,_,0,_,0,0,_,_,0,_,_,_,B00T11E8000-____X0_S00,T435
92127109,1,1,0,0,00,B,0,_,0,_,0,0,_,_,0,_,_,_,B00T11E0000-____X0_S00,T1094
92129064,1,1,0,0,00,B,_,3,_,3,_,_,0,0,_,0,0,0,B00T11E____-3030X_0S00,T435
92128354,1,1,0,0,00,B,0,_,0,_,0,0,_,_,0,_,_,_,B00T11E0000-____X0_S00,T332
92297637,1,1,0,0,00,B,_,0,_,0,_,_,0,0,_,0,0,0,B00T11E____-0000X_0S00,B1528
92300605,_,1,0,0,00,B,_,5,_,0,_,_,0,0,_,0,0,0,B00T_1E____-5000X_0S00,B1704
92127112,_,_,_,_,00,B,7,0,0,0,0,0,0,0,0,0,0,0,B00T__E7000-0000X00S__,T1095
92302531,_,1,1,0,00,B,7,_,7,_,0,0,_,_,0,_,_,_,B00T_1E7070-____X0_S10,B1848
92129994,_,_,0,0,00,B,0,0,0,0,0,0,3,0,_,0,0,0,B00T__E0000-0300X_0S00,T585
92127479,1,1,0,0,00,B,0,4,0,4,0,0,0,0,0,0,0,0,B00T11E0000-4040X00S00,T1212
92101402,1,1,_,0,00,B,9,3,7,4,7,8,4,0,0,0,0,0,B00T11E9778-3440X00S_0,B1052
92101530,1,1,0,0,00,B,8,0,0,0,9,0,3,0,0,0,0,0,B00T11E8900-0300X00S00,B1074
92127230,_,1,0,0,00,B,0,0,0,0,0,0,0,0,_,0,0,0,B00T_1E0000-0000X_0S00,T1139
92128766,1,1,0,_,00,B,0,0,0,0,0,0,0,0,0,0,0,0,B00T11E0000-0000X00S0_,T397
92103015,1,1,0,0,00,B,0,0,0,0,0,0,0,0,0,_,_,_,B00T11E0000-0000X0_S00,B1291
92102258,1,1,0,0,20,B,0,0,0,0,0,0,0,0,_,0,0,0,B20T11E0000-0000X_0S00,B1174
92129148,1,1,0,0,00,B,0,0,0,0,8,7,0,0,0,0,0,0,B00T11E0807-0000X00S00,T442
92300198,1,1,0,0,00,B,_,0,_,0,_,_,0,0,_,0,0,0,B00T11E____-0000X_0S00,B1683
92297017,1,1,0,0,00,B,_,0,_,0,_,_,0,0,_,0,0,0,B00T11E____-0000X_0S00,B1494
92295563,1,1,0,0,00,B,_,0,_,0,_,_,0,0,_,0,0,0,B00T11E____-0000X_0S00,B1406
92129217,1,1,0,0,00,B,0,0,0,0,0,0,4,0,0,0,0,0,B00T11E0000-0400X00S00,T451
92128135,1,_,_,0,00,B,9,3,8,4,0,0,5,0,0,_,_,_,B00T1_E9080-3540X0_S_0,T268
92102992,1,1,0,0,00,B,8,4,0,0,0,0,0,0,_,0,0,0,B00T11E8000-4000X_0S00,B1288
92300671,_,1,0,0,00,B,_,0,_,0,_,_,0,0,_,0,0,0,B00T_1E____-0000X_0S00,B1707
92303104,1,1,0,0,00,B,0,3,0,0,0,0,4,0,0,0,0,0,B00T11E0000-3400X00S00,B1889
92298726,1,_,0,0,00,B,8,5,0,4,0,0,0,0,0,0,0,0,B00T1_E8000-5040X00S00,B1581
92102168,1,1,0,0,00,B,0,0,0,0,0,0,0,0,_,0,0,0,B00T11E0000-0000X_0S00,B1156
92127309,1,1,0,0,00,B,9,0,8,0,9,0,0,0,0,0,0,0,B00T11E9980-0000X00S00,T1163
92101064,1,1,0,0,00,B,0,3,0,5,0,0,0,0,0,0,0,0,B00T11E0000-3050X00S00,B1012
92304982,_,1,0,0,00,B,9,_,9,_,0,0,_,_,0,_,_,_,B00T_1E9090-____X0_S00,B2006
92101744,_,_,_,0,00,B,,,,,,,,,,,,,B00T__Enannannannan-nannannannanXnannanS_0,B1106
92129650,1,_,0,0,00,B,0,4,0,5,0,0,0,0,0,0,0,0,B00T1_E0000-4050X00S00,T520
92129654,1,_,0,_,00,B,0,0,0,0,0,0,0,0,0,_,_,_,B00T1_E0000-0000X0_S0_,T521
92101876,1,_,0,0,00,B,7,4,8,5,0,0,0,0,_,0,0,0,B00T1_E7080-4050X_0S00,B1124
92301649,_,_,0,0,00,B,_,5,_,0,_,_,0,0,_,0,0,0,B00T__E____-5000X_0S00,B1786
92295664,1,1,0,0,00,B,0,4,0,0,0,0,0,0,0,0,0,0,B00T11E0000-4000X00S00,B1411
92306231,1,1,0,0,00,B,_,4,_,0,_,_,0,0,_,0,0,0,B00T11E____-4000X_0S00,B2073
92126816,1,1,0,0,00,B,_,0,_,4,_,_,0,0,_,0,0,0,B00T11E____-0040X_0S00,T1001
92128791,_,_,_,0,00,B,_,4,_,0,_,_,0,0,_,0,0,0,B00T__E____-4000X_0S_0,T401
92101987,1,1,0,0,00,C,0,0,0,0,0,0,0,0,_,0,0,0,C00T11E0000-0000X_0S00,B1138
92302898,1,1,0,0,00,B,9,_,8,_,0,0,_,_,0,_,_,_,B00T11E9080-____X0_S00,B1873
92103037,1,_,0,0,00,B,0,_,0,_,0,0,_,_,0,_,_,_,B00T1_E0000-____X0_S00,B1292
92295564,_,1,_,0,00,B,_,4,_,4,_,_,0,0,_,0,0,0,B00T_1E____-4040X_0S_0,B1406
92296086,_,1,1,0,00,B,9,_,0,_,0,0,_,_,0,_,_,_,B00T_1E9000-____X0_S10,B1444
92101939,_,1,0,0,00,B,0,0,0,0,0,0,0,0,0,_,_,_,B00T_1E0000-0000X0_S00,B1133
92302524,1,1,0,0,00,B,8,_,7,_,0,0,_,_,0,_,_,_,B00T11E8070-____X0_S00,B1848
92129215,1,1,0,0,00,B,0,_,0,_,0,0,_,_,0,_,_,_,B00T11E0000-____X0_S00,T451
92127642,1,1,_,0,20,_,9,4,0,0,9,0,4,0,0,0,0,0,_20T11E9900-4400X00S_0,T1254
92101017,1,1,1,0,00,B,_,4,_,3,_,_,0,0,_,0,0,0,B00T11E____-4030X_0S10,B1008
92127574,1,1,_,_,00,B,0,4,0,4,0,0,0,0,0,_,_,_,B00T11E0000-4040X0_S__,T1235
92299623,1,1,0,0,00,B,8,4,0,4,0,0,0,0,0,0,0,0,B00T11E8000-4040X00S00,B1639
92127923,1,1,0,0,00,B,0,_,0,_,0,0,_,_,0,_,_,_,B00T11E0000-____X0_S00,T202
92102703,_,_,_,0,00,B,9,_,8,_,0,0,_,_,0,_,_,_,B00T__E9080-____X0_S_0,B1248
92297991,1,_,1,0,00,B,9,3,0,3,8,0,4,0,0,_,_,_,B00T1_E9800-3430X0_S10,B1546
92128459,1,1,_,0,00,B,_,4,_,0,_,_,0,0,_,1,1,1,B00T11E____-4000X_1S_0,T354
92297255,1,1,0,_,00,B,8,_,0,_,0,0,_,_,0,_,_,_,B00T11E8000-____X0_S0_,B1505
92127746,1,1,0,0,00,B,0,_,0,_,0,0,_,_,0,_,_,_,B00T11E0000-____X0_S00,T1285
92129699,1,1,0,0,00,B,7,_,8,_,0,0,_,_,0,_,_,_,B00T11E7080-____X0_S00,T525
92129198,_,1,0,0,20,C,_,0,_,0,_,_,0,0,_,0,0,0,C20T_1E____-0000X_0S00,T449
92101702,1,_,0,0,00,B,9,_,0,_,0,0,_,_,0,_,_,_,B00T1_E9000-____X0_S00,B1102
92101063,_,_,0,0,00,B,9,0,0,0,0,0,0,0,0,0,0,0,B00T__E9000-0000X00S00,B1012
92305872,1,1,0,0,00,B,0,_,0,_,0,0,_,_,0,_,_,_,B00T11E0000-____X0_S00,B2055
92128397,1,1,_,_,00,B,0,0,0,0,0,0,0,0,0,_,_,_,B00T11E0000-0000X0_S__,T340
92295463,1,1,0,0,00,B,8,3,0,4,9,9,3,0,0,0,0,0,B00T11E8909-3340X00S00,B1401
92103441,1,1,_,0,00,B,_,4,_,4,_,_,0,0,_,0,0,0,B00T11E____-4040X_0S_0,B1364
92102758,1,1,0,0,00,B,0,0,0,0,0,0,0,0,_,0,0,0,B00T11E0000-0000X_0S00,B1258
92101815,_,_,0,0,00,B,9,_,8,_,9,0,_,_,0,_,_,_,B00T__E9980-____X0_S00,B1114
92126967,1,1,0,0,00,B,7,4,0,0,0,0,0,0,0,0,0,0,B00T11E7000-4000X00S00,T1045
92103367,1,1,0,0,00,B,0,_,0,_,0,0,_,_,0,_,_,_,B00T11E0000-____X0_S00,B1350
92129260,1,1,0,0,00,B,_,4,_,0,_,_,0,0,_,0,0,0,B00T11E____-4000X_0S00,T455
92128086,1,1,0,0,00,B,_,0,_,0,_,_,0,0,_,0,0,0,B00T11E____-0000X_0S00,T257
92127907,1,0,1,0,00,B,0,_,0,_,8,0,_,_,0,_,_,_,B00T10E0800-____X0_S10,T173
92129027,1,1,0,0,00,B,7,5,8,0,0,0,0,0,0,_,_,_,B00T11E7080-5000X0_S00,T433
92296850,1,1,0,0,20,C,9,4,8,0,9,9,0,0,_,0,0,0,C20T11E9989-4000X_0S00,B1487
92102148,_,1,0,0,00,B,_,3,_,4,_,_,0,0,_,0,0,0,B00T_1E____-3040X_0S00,B1154
92127544,1,1,0,0,00,B,0,0,0,0,0,0,4,0,0,0,0,0,B00T11E0000-0400X00S00,T1227
92102081,_,1,0,_,00,C,_,0,_,0,_,_,0,0,_,0,0,0,C00T_1E____-0000X_0S0_,B1147
92102242,_,1,0,_,00,B,_,3,_,0,_,_,0,0,_,0,0,0,B00T_1E____-3000X_0S0_,B1170
92102329,_,_,0,0,00,B,7,_,0,_,0,0,_,_,0,_,_,_,B00T__E7000-____X0_S00,B1184
92127550,1,1,0,0,00,B,9,3,8,0,9,0,0,0,0,0,0,0,B00T11E9980-3000X00S00,T1228
92127471,1,1,0,0,00,B,0,0,0,0,0,0,0,0,0,_,_,_,B00T11E0000-0000X0_S00,T1209
92101621,1,1,0,0,00,B,8,_,8,_,0,0,_,_,0,_,_,_,B00T11E8080-____X0_S00,B1087
92126929,_,1,0,0,00,B,_,3,_,5,_,_,0,0,_,0,0,0,B00T_1E____-3050X_0S00,T1038
92128887,1,1,0,0,00,B,_,4,_,4,_,_,0,0,_,0,0,0,B00T11E____-4040X_0S00,T417
92297138,1,1,0,0,00,B,0,_,0,_,0,0,_,_,0,_,_,_,B00T11E0000-____X0_S00,B1498
92101036,1,1,0,0,00,B,7,4,0,0,0,0,0,0,0,0,0,0,B00T11E7000-4000X00S00,B1010
92128375,1,1,0,0,00,B,0,4,0,0,0,0,0,0,_,0,0,0,B00T11E0000-4000X_0S00,T335
92126884,1,1,_,0,00,B,8,_,8,_,0,0,_,_,0,_,_,_,B00T11E8080-____X0_S_0,T1021
92298657,1,1,0,0,00,B,0,_,0,_,0,0,_,_,0,_,_,_,B00T11E0000-____X0_S00,B1579
92101418,_,_,0,0,00,B,_,0,_,5,_,_,0,0,_,0,0,0,B00T__E____-0050X_0S00,B1058
92129376,_,1,1,0,00,B,_,4,_,4,_,_,0,0,_,0,0,0,B00T_1E____-4040X_0S10,T473
92301117,1,1,0,0,00,B,9,4,0,0,0,0,0,0,_,0,0,0,B00T11E9000-4000X_0S00,B1746
92103118,1,1,0,0,00,B,7,0,0,0,0,0,0,0,0,0,0,0,B00T11E7000-0000X00S00,B1308
92303915,1,1,0,0,00,B,8,0,0,0,0,0,0,0,0,0,0,0,B00T11E8000-0000X00S00,B1940
92129192,1,1,0,0,00,B,_,3,_,4,_,_,0,0,_,0,0,0,B00T11E____-3040X_0S00,T448
92128132,1,1,0,0,00,B,9,4,0,3,0,0,3,0,0,0,0,0,B00T11E9000-4330X00S00,T267
92304029,0,_,0,_,00,B,9,0,0,0,0,0,0,0,0,_,_,_,B00T0_E9000-0000X0_S0_,B1947
92101225,_,1,0,0,00,B,8,0,0,0,0,0,0,0,0,0,0,0,B00T_1E8000-0000X00S00,B1032
92102008,1,1,0,0,00,B,0,0,0,0,0,0,0,0,0,0,0,0,B00T11E0000-0000X00S00,B1141
92302161,1,1,0,0,00,B,7,0,0,0,0,0,0,0,0,_,_,_,B00T11E7000-0000X0_S00,B1817
92102395,1,1,0,0,00,B,_,4,_,3,_,_,0,0,_,0,0,0,B00T11E____-4030X_0S00,B1196
92101516,1,1,0,0,00,B,8,0,0,0,8,9,3,0,0,0,0,0,B00T11E8809-0300X00S00,B1072
92102474,1,_,0,0,00,B,_,4,_,3,_,_,0,0,_,0,0,0,B00T1_E____-4030X_0S00,B1207
92102539,1,1,_,0,00,B,0,3,0,4,0,0,0,0,_,0,0,0,B00T11E0000-3040X_0S_0,B1217
92295598,_,1,0,0,00,B,_,4,_,0,_,_,0,0,_,0,0,0,B00T_1E____-4000X_0S00,B1406
92127099,1,_,0,0,00,B,_,3,_,3,_,_,0,0,_,0,0,0,B00T1_E____-3030X_0S00,T1088
92305428,1,1,0,0,00,B,0,4,0,0,0,0,0,0,0,_,_,_,B00T11E0000-4000X0_S00,B2029
92102840,1,1,0,0,00,B,7,_,0,_,0,0,_,_,0,_,_,_,B00T11E7000-____X0_S00,B1262
92100885,1,1,0,0,00,B,9,_,9,_,0,0,_,_,0,_,_,_,B00T11E9090-____X0_S00,B1001
92301093,_,1,0,0,00,B,_,4,_,0,_,_,0,0,_,0,0,0,B00T_1E____-4000X_0S00,B1746
92127597,1,1,0,0,00,B,_,0,_,0,_,_,0,0,_,0,0,0,B00T11E____-0000X_0S00,T1242
92129021,_,_,1,0,00,B,0,4,0,0,0,0,4,4,_,0,0,0,B00T__E0000-4404X_0S10,T432
92128954,1,_,0,0,00,B,0,3,0,4,0,0,0,0,_,0,0,0,B00T1_E0000-3040X_0S00,T423
92127379,1,_,0,0,00,B,0,0,0,0,0,0,0,0,0,0,0,0,B00T1_E0000-0000X00S00,T1184
92297204,1,1,0,0,00,B,9,0,0,0,0,0,0,0,0,_,_,_,B00T11E9000-0000X0_S00,B1501
92128131,1,1,0,0,00,B,9,4,0,0,0,0,0,0,0,0,0,0,B00T11E9000-4000X00S00,T267
92296389,1,1,0,0,00,B,0,0,0,0,0,0,0,0,0,0,0,0,B00T11E0000-0000X00S00,B1460
92103148,1,1,0,0,00,B,_,4,_,0,_,_,0,0,_,0,0,0,B00T11E____-4000X_0S00,B1310
92103044,1,1,0,0,00,B,0,0,0,0,0,0,0,0,0,_,_,_,B00T11E0000-0000X0_S00,B1292
92101847,1,1,_,_,00,B,7,0,0,0,7,0,0,0,0,_,_,_,B00T11E7700-0000X0_S__,B1121
92301795,_,_,0,0,00,B,0,_,0,_,0,0,_,_,0,_,_,_,B00T__E0000-____X0_S00,B1791
92128108,1,1,0,0,00,B,0,0,0,0,0,0,0,0,0,0,0,0,B00T11E0000-0000X00S00,T259
92128164,1,_,0,0,00,B,8,_,0,_,9,8,_,_,0,_,_,_,B00T1_E8908-____X0_S00,T277
92102580,_,1,0,0,00,B,0,0,0,0,0,0,0,0,_,0,0,0,B00T_1E0000-0000X_0S00,B1221
92127027,_,_,0,0,00,B,_,4,_,0,_,_,0,0,_,0,0,0,B00T__E____-4000X_0S00,T1064
92103056,1,1,0,0,00,B,7,_,8,_,0,0,_,_,0,_,_,_,B00T11E7080-____X0_S00,B1295
92103588,_,1,0,0,00,B,0,4,0,0,0,0,0,0,_,0,0,0,B00T_1E0000-4000X_0S00,B1389
92101995,0,1,0,0,00,C,9,_,0,_,0,0,_,_,0,_,_,_,C00T01E9000-____X0_S00,B1139
92100997,1,1,0,0,00,B,0,3,0,3,0,0,0,0,0,0,0,0,B00T11E0000-3030X00S00,B1007
92295499,_,_,0,0,00,B,9,_,8,_,9,0,_,_,0,_,_,_,B00T__E9980-____X0_S00,B1401
92101469,_,_,_,0,00,B,9,5,7,0,0,0,0,0,0,_,_,_,B00T__E9070-5000X0_S_0,B1066
92102789,1,1,_,0,00,B,_,3,_,5,_,_,0,0,_,0,0,0,B00T11E____-3050X_0S_0,B1259
92101841,_,1,_,0,00,B,_,5,_,0,_,_,0,0,_,0,0,0,B00T_1E____-5000X_0S_0,B1121
92128858,_,_,0,0,00,B,7,_,0,_,0,0,_,_,0,_,_,_,B00T__E7000-____X0_S00,T413
92127272,1,1,0,0,20,B,0,0,0,0,0,0,0,0,_,0,0,0,B20T11E0000-0000X_0S00,T1152
92128034,1,1,0,0,00,B,8,4,0,4,0,0,0,0,0,0,0,0,B00T11E8000-4040X00S00,T240
92101294,1,1,0,0,00,B,_,5,_,5,_,_,0,0,_,0,0,0,B00T11E____-5050X_0S00,B1038
92100871,1,1,_,0,00,B,8,_,9,_,0,0,_,_,0,_,_,_,B00T11E8090-____X0_S_0,B1000
92128664,1,_,0,0,00,B,_,0,_,0,_,_,0,0,_,0,0,0,B00T1_E____-0000X_0S00,T381
92129062,1,1,0,0,00,B,8,4,0,0,0,0,0,0,0,_,_,_,B00T11E8000-4000X0_S00,T435
92103246,0,_,0,0,00,B,0,0,0,0,0,0,4,5,0,0,0,0,B00T0_E0000-0405X00S00,B1322
92127606,1,1,0,0,00,B,0,_,0,_,0,0,_,_,0,_,_,_,B00T11E0000-____X0_S00,T1244
92298563,1,1,0,0,00,B,_,3,_,0,_,_,0,0,_,0,0,0,B00T11E____-3000X_0S00,B1575
92128676,1,_,0,0,00,B,0,_,0,_,0,0,_,_,0,_,_,_,B00T1_E0000-____X0_S00,T381
92303899,1,1,0,0,00,C,0,0,0,0,0,0,0,0,_,0,0,0,C00T11E0000-0000X_0S00,B1939
92127199,1,1,0,0,00,C,0,0,0,0,0,0,4,4,0,_,_,_,C00T11E0000-0404X0_S00,T1126
92102447,_,1,0,0,00,B,0,4,0,0,0,0,0,0,0,0,0,0,B00T_1E0000-4000X00S00,B1202
92296763,_,1,0,0,00,B,_,0,_,0,_,_,4,0,_,0,0,0,B00T_1E____-0400X_0S00,B1483
92128040,1,1,0,0,00,B,_,4,_,5,_,_,0,0,_,0,0,0,B00T11E____-4050X_0S00,T248
92305508,1,1,0,0,00,B,8,_,8,_,0,0,_,_,0,_,_,_,B00T11E8080-____X0_S00,B2034
92129289,1,1,0,0,00,B,0,4,0,0,0,0,0,0,_,0,0,0,B00T11E0000-4000X_0S00,T462
92127432,1,1,0,0,00,C,0,0,0,0,0,0,0,0,_,0,0,0,C00T11E0000-0000X_0S00,T1202
92129556,1,_,_,0,00,B,_,4,_,0,_,_,0,0,_,0,0,0,B00T1_E____-4000X_0S_0,T504
92301308,1,1,0,_,00,B,_,4,_,0,_,_,0,0,_,0,0,0,B00T11E____-4000X_0S0_,B1760
92102663,1,_,0,0,00,B,8,_,9,_,0,0,_,_,0,_,_,_,B00T1_E8090-____X0_S00,B1239
92100844,1,1,0,0,00,B,_,0,_,0,_,_,0,0,_,0,0,0,B00T11E____-0000X_0S00,B1000
92129425,_,_,_,0,00,B,8,_,8,_,0,0,_,_,0,_,_,_,B00T__E8080-____X0_S_0,T480
92303071,1,1,1,0,20,B,9,3,0,4,0,0,3,0,0,0,0,0,B20T11E9000-3340X00S10,B1886
92127328,_,1,0,0,00,B,_,0,_,0,_,_,0,0,_,0,0,0,B00T_1E____-0000X_0S00,T1170
92103074,_,_,0,_,00,B,_,0,_,0,_,_,0,0,_,0,0,0,B00T__E____-0000X_0S0_,B1298
92298239,1,1,0,0,20,B,7,0,0,0,0,0,0,0,0,0,0,0,B20T11E7000-0000X00S00,B1557
92101472,_,1,_,_,00,B,0,5,0,4,0,0,4,0,0,0,0,0,B00T_1E0000-5440X00S__,B1066
92100942,_,1,0,0,00,B,8,5,7,3,9,7,0,0,_,0,0,0,B00T_1E8977-5030X_0S00,B1003
92103046,1,1,0,0,00,B,0,0,0,0,0,0,0,0,0,0,0,0,B00T11E0000-0000X00S00,B1293
92127135,1,1,0,0,00,B,_,4,_,3,_,_,0,0,_,0,0,0,B00T11E____-4030X_0S00,T1101
92306012,1,1,0,0,00,B,0,4,0,5,0,0,4,4,0,0,0,0,B00T11E0000-4454X00S00,B2063
92129586,1,1,0,0,00,B,0,_,0,_,0,0,_,_,0,_,_,_,B00T11E0000-____X0_S00,T510
92302740,1,1,0,0,00,B,0,3,9,4,0,0,0,0,0,0,0,0,B00T11E0090-3040X00S00,B1864
92296455,_,_,_,_,00,B,_,4,_,5,_,_,0,0,_,0,0,0,B00T__E____-4050X_0S__,B1464
92295697,1,1,_,0,20,B,_,4,_,3,_,_,0,0,_,0,0,0,B20T11E____-4030X_0S_0,B1416
92299279,1,1,0,0,00,B,0,_,0,_,0,0,_,_,0,_,_,_,B00T11E0000-____X0_S00,B1610
92128278,1,1,0,0,00,B,0,4,0,0,0,0,0,0,0,0,0,0,B00T11E0000-4000X00S00,T313
92101527,1,1,0,0,00,B,8,3,0,0,0,0,3,0,0,0,0,0,B00T11E8000-3300X00S00,B1074
92300205,1,1,0,0,00,B,_,0,_,0,_,_,0,0,_,0,0,0,B00T11E____-0000X_0S00,B1683
92103547,_,1,0,_,00,C,0,4,0,0,0,0,0,0,0,0,0,0,C00T_1E0000-4000X00S0_,B1382
92128832,1,_,0,0,00,B,8,_,7,_,9,0,_,_,0,_,_,_,B00T1_E8970-____X0_S00,T408
92128314,1,1,0,0,00,B,_,0,_,0,_,_,0,0,_,0,0,0,B00T11E____-0000X_0S00,T323
92128327,_,_,0,0,00,B,_,0,_,0,_,_,0,0,_,0,0,0,B00T__E____-0000X_0S00,T324
92102495,1,_,0,0,20,B,0,_,0,_,0,0,_,_,0,_,_,_,B20T1_E0000-____X0_S00,B1212
92101919,1,1,0,0,00,B,9,3,7,0,8,7,0,0,_,0,0,0,B00T11E9877-3000X_0S00,B1130
92101698,_,_,_,0,00,B,,,,,,,,,,,,,B00T__Enannannannan-nannannannanXnannanS_0,B1101
92303069,_,_,0,_,00,B,9,_,8,_,0,0,_,_,0,_,_,_,B00T__E9080-____X0_S0_,B1885
92126933,1,1,_,0,00,B,_,3,_,0,_,_,0,0,_,0,0,0,B00T11E____-3000X_0S_0,T1038
92102073,_,1,0,0,00,B,9,3,7,4,7,7,3,0,_,0,0,0,B00T_1E9777-3340X_0S00,B1146
92103387,_,_,0,_,00,B,0,_,8,_,0,0,_,_,0,_,_,_,B00T__E0080-____X0_S0_,B1352
92103316,1,0,0,0,00,B,_,3,_,0,_,_,0,0,_,0,0,0,B00T10E____-3000X_0S00,B1336
92102692,_,1,0,0,00,B,_,0,_,0,_,_,0,0,_,0,0,0,B00T_1E____-0000X_0S00,B1245
92101149,1,1,0,0,00,B,0,_,0,_,0,0,_,_,0,_,_,_,B00T11E0000-____X0_S00,B1019
92128747,1,_,_,0,00,B,0,_,0,_,0,0,_,_,0,_,_,_,B00T1_E0000-____X0_S_0,T394
92101882,1,1,0,0,00,B,_,0,_,0,_,_,4,0,_,0,0,0,B00T11E____-0400X_0S00,B1125
92297159,_,1,0,0,00,B,_,0,_,0,_,_,0,0,_,0,0,0,B00T_1E____-0000X_0S00,B1499
92299944,1,1,0,0,00,B,0,_,0,_,0,0,_,_,0,_,_,_,B00T11E0000-____X0_S00,B1661
92127025,_,1,0,0,00,B,0,3,0,0,0,0,0,0,_,0,0,0,B00T_1E0000-3000X_0S00,T1064
92126875,_,1,0,_,00,B,_,4,_,0,_,_,0,0,_,0,0,0,B00T_1E____-4000X_0S0_,T1019
92127059,_,_,_,0,00,B,9,5,0,3,0,0,0,0,0,_,_,_,B00T__E9000-5030X0_S_0,T1075
92129539,1,1,0,0,00,B,8,_,9,_,0,0,_,_,0,_,_,_,B00T11E8090-____X0_S00,T499
92301572,1,_,0,0,00,B,0,_,0,_,0,0,_,_,0,_,_,_,B00T1_E0000-____X0_S00,B1784
92126826,1,1,0,0,00,B,0,0,0,0,8,0,0,0,0,0,0,0,B00T11E0800-0000X00S00,T1005
92304500,1,1,0,0,00,B,8,_,7,_,0,0,_,_,0,_,_,_,B00T11E8070-____X0_S00,B1979
92102645,1,1,0,0,00,B,7,_,0,_,0,0,_,_,0,_,_,_,B00T11E7000-____X0_S00,B1236
92103036,1,_,0,0,00,B,0,_,0,_,0,0,_,_,0,_,_,_,B00T1_E0000-____X0_S00,B1292
92298182,1,1,0,0,00,B,0,3,0,0,0,0,0,0,0,0,0,0,B00T11E0000-3000X00S00,B1556
92296358,_,1,0,0,00,B,7,0,8,0,9,8,0,0,_,0,0,0,B00T_1E7988-0000X_0S00,B1459
92127209,_,_,0,0,00,B,_,0,_,0,_,_,0,0,_,0,0,0,B00T__E____-0000X_0S00,T1131
92102660,1,1,0,0,00,B,7,3,9,0,0,0,0,0,0,0,0,0,B00T11E7090-3000X00S00,B1239
92296681,1,1,0,0,00,B,_,0,_,0,_,_,0,0,_,0,0,0,B00T11E____-0000X_0S00,B1478
92101437,_,1,0,0,00,B,_,3,_,3,_,_,3,0,_,0,0,0,B00T_1E____-3330X_0S00,B1061
92303595,1,1,0,0,00,B,0,_,0,_,0,0,_,_,0,_,_,_,B00T11E0000-____X0_S00,B1924
92102063,_,1,0,0,00,B,8,_,0,_,0,0,_,_,0,_,_,_,B00T_1E8000-____X0_S00,B1146
92128077,_,1,_,0,00,B,_,4,_,5,_,_,0,0,_,0,0,0,B00T_1E____-4050X_0S_0,T255
92129957,1,1,0,_,00,B,_,0,_,0,_,_,0,0,_,0,0,0,B00T11E____-0000X_0S0_,T580
92103481,_,1,0,0,00,B,_,3,_,3,_,_,0,0,_,0,0,0,B00T_1E____-3030X_0S00,B1370
92129017,_,_,0,0,00,B,_,5,_,4,_,_,0,0,_,0,0,0,B00T__E____-5040X_0S00,T432
92127373,1,1,0,0,00,B,8,_,7,_,0,0,_,_,0,_,_,_,B00T11E8070-____X0_S00,T1184
92129299,1,_,0,0,00,B,0,0,0,0,0,0,0,0,0,_,_,_,B00T1_E0000-0000X0_S00,T463
92297330,1,1,0,0,00,B,8,0,8,0,0,0,0,0,0,_,_,_,B00T11E8080-0000X0_S00,B1511
92300282,1,1,0,0,00,B,_,4,_,0,_,_,0,0,_,0,0,0,B00T11E____-4000X_0S00,B1685
92129782,1,_,0,0,00,B,0,_,0,_,0,0,_,_,0,_,_,_,B00T1_E0000-____X0_S00,T542
92128085,1,1,0,0,00,B,_,0,_,0,_,_,0,0,_,0,0,0,B00T11E____-0000X_0S00,T257
92303097,_,1,_,_,00,C,_,3,_,3,_,_,0,0,_,0,0,0,C00T_1E____-3030X_0S__,B1888
92128690,1,1,0,0,00,B,0,0,0,0,0,0,0,0,0,0,0,0,B00T11E0000-0000X00S00,T385
92101794,1,1,0,0,00,B,9,0,0,0,0,0,0,0,0,_,_,_,B00T11E9000-0000X0_S00,B1114
92127629,1,_,0,0,00,B,0,0,0,0,0,0,0,0,0,_,_,_,B00T1_E0000-0000X0_S00,T1250
92128761,1,1,0,0,00,B,9,4,9,0,0,0,0,0,0,0,0,0,B00T11E9090-4000X00S00,T396
92296220,1,1,0,0,00,B,_,4,_,4,_,_,0,0,_,0,0,0,B00T11E____-4040X_0S00,B1450
92127032,1,1,0,0,00,B,_,0,_,0,_,_,0,0,_,0,0,0,B00T11E____-0000X_0S00,T1066
92102365,1,1,0,0,00,B,_,3,_,0,_,_,0,0,_,0,0,0,B00T11E____-3000X_0S00,B1191
92101424,1,_,0,0,20,B,9,_,7,_,0,0,_,_,0,_,_,_,B20T1_E9070-____X0_S00,B1059
92102759,1,1,0,0,00,B,_,0,_,0,_,_,0,0,_,0,0,0,B00T11E____-0000X_0S00,B1258
92102915,1,1,0,0,00,C,_,0,_,0,_,_,0,0,_,0,0,0,C00T11E____-0000X_0S00,B1271
92128320,1,1,0,0,00,B,8,0,9,0,8,0,0,0,_,0,0,0,B00T11E8890-0000X_0S00,T323
92101994,0,1,0,0,00,B,9,_,9,_,0,0,_,_,0,_,_,_,B00T01E9090-____X0_S00,B1139
92129068,1,1,0,0,00,B,_,4,_,5,_,_,0,0,_,0,0,0,B00T11E____-4050X_0S00,T436
92102330,_,1,0,0,00,B,8,_,7,_,0,0,_,_,0,_,_,_,B00T_1E8070-____X0_S00,B1184
92102285,1,_,0,0,00,B,0,0,0,0,8,0,0,0,0,_,_,_,B00T1_E0800-0000X0_S00,B1179
92126980,_,_,_,0,00,B,_,4,_,0,_,_,0,0,_,0,0,0,B00T__E____-4000X_0S_0,T1051
92297065,1,1,_,0,00,B,9,3,8,0,0,0,0,0,0,0,0,0,B00T11E9080-3000X00S_0,B1496
92101618,_,1,0,0,00,B,_,4,_,0,_,_,0,0,_,0,0,0,B00T_1E____-4000X_0S00,B1085
92129408,1,1,0,0,00,B,8,0,7,0,0,0,0,0,0,0,0,0,B00T11E8070-0000X00S00,T477
92102027,_,_,0,0,00,B,_,3,_,0,_,_,0,0,_,0,0,0,B00T__E____-3000X_0S00,B1142
92126870,1,1,0,0,00,C,0,0,0,0,7,0,0,0,0,0,0,0,C00T11E0700-0000X00S00,T1017
92303743,1,1,0,0,00,B,_,0,_,0,_,_,0,0,_,0,0,0,B00T11E____-0000X_0S00,B1931
92128553,1,1,0,0,00,B,9,_,8,_,0,0,_,_,0,_,_,_,B00T11E9080-____X0_S00,T363
92128491,_,1,_,0,00,B,,,,,,,,,,,,,B00T_1Enannannannan-nannannannanXnannanS_0,T356
92305273,_,1,0,0,00,B,_,3,_,0,_,_,0,0,_,0,0,0,B00T_1E____-3000X_0S00,B2019
92297926,1,1,0,0,20,_,_,4,_,3,_,_,3,3,_,0,0,0,_20T11E____-4333X_0S00,B1541
92299297,1,_,0,0,00,B,0,_,0,_,9,0,_,_,0,_,_,_,B00T1_E0900-____X0_S00,B1613
92129324,1,1,0,0,00,B,0,0,0,0,0,0,0,0,_,0,0,0,B00T11E0000-0000X_0S00,T467
92128545,1,_,0,0,00,B,9,_,8,_,0,0,_,_,0,_,_,_,B00T1_E9080-____X0_S00,T362
92102499,_,_,0,0,00,C,0,5,0,4,0,0,0,0,0,0,0,0,C00T__E0000-5040X00S00,B1212
92298088,1,1,0,0,00,C,8,_,0,_,0,0,_,_,0,_,_,_,C00T11E8000-____X0_S00,B1552
92129480,1,1,0,0,00,B,_,3,_,0,_,_,0,0,_,0,0,0,B00T11E____-3000X_0S00,T490
92127675,1,1,0,0,00,B,0,0,0,0,0,0,0,0,0,0,0,0,B00T11E0000-0000X00S00,T1264
92304150,1,1,0,_,00,B,0,0,0,0,0,0,0,0,_,0,0,0,B00T11E0000-0000X_0S0_,B1954
92103277,1,1,0,0,00,B,8,_,9,_,0,0,_,_,0,_,_,_,B00T11E8090-____X0_S00,B1329
92102601,1,1,0,0,00,B,0,_,0,_,0,0,_,_,0,_,_,_,B00T11E0000-____X0_S00,B1226
92129165,1,_,0,_,20,_,9,_,8,_,0,0,_,_,0,_,_,_,_20T1_E9080-____X0_S0_,T444
92103567,1,1,0,0,00,B,_,3,_,0,_,_,0,0,_,0,0,0,B00T11E____-3000X_0S00,B1386
92102583,1,1,0,0,00,B,_,0,_,0,_,_,0,0,_,0,0,0,B00T11E____-0000X_0S00,B1223
92301258,1,1,0,0,00,B,0,_,0,_,0,0,_,_,0,_,_,_,B00T11E0000-____X0_S00,B1757
92102040,1,1,0,0,00,B,0,3,0,0,0,0,0,0,_,0,0,0,B00T11E0000-3000X_0S00,B1143
92302775,_,_,_,_,00,B,_,4,_,0,_,_,0,0,_,0,0,0,B00T__E____-4000X_0S__,B1867
92127780,1,_,0,0,00,B,0,_,0,_,0,0,_,_,0,_,_,_,B00T1_E0000-____X0_S00,T1298
92296945,1,1,0,0,00,B,9,4,8,5,0,0,3,0,0,_,_,_,B00T11E9080-4350X0_S00,B1492
92306363,1,1,0,0,00,B,0,0,0,0,0,0,0,0,0,0,0,0,B00T11E0000-0000X00S00,F1000
92296871,1,1,0,0,00,B,8,_,7,_,0,0,_,_,0,_,_,_,B00T11E8070-____X0_S00,B1489
92127502,1,1,0,0,00,B,7,0,0,0,0,0,0,0,0,_,_,_,B00T11E7000-0000X0_S00,T1217
92102984,1,1,0,0,00,B,8,0,0,0,8,0,0,0,0,0,0,0,B00T11E8800-0000X00S00,B1287
92301934,1,1,0,0,00,B,_,3,_,0,_,_,0,0,_,0,0,0,B00T11E____-3000X_0S00,B1798
92127424,1,1,0,0,00,B,9,3,9,0,0,0,0,0,_,0,0,0,B00T11E9090-3000X_0S00,T1198
92103475,1,1,_,0,00,B,8,_,0,_,0,0,_,_,0,_,_,_,B00T11E8000-____X0_S_0,B1368
92127182,_,1,0,0,00,C,0,4,0,4,0,0,0,0,_,0,0,0,C00T_1E0000-4040X_0S00,T1121
92129315,1,1,0,0,20,B,9,_,0,_,0,0,_,_,0,_,_,_,B20T11E9000-____X0_S00,T466
92102820,1,1,0,0,00,B,7,_,8,_,8,0,_,_,0,_,_,_,B00T11E7880-____X0_S00,B1261
92102638,1,1,0,0,00,B,_,0,_,0,_,_,0,0,_,0,0,0,B00T11E____-0000X_0S00,B1234
92298269,0,0,_,_,20,_,_,5,_,0,_,_,0,0,_,0,0,0,_20T00E____-5000X_0S__,B1558
92102924,1,1,0,0,00,B,9,0,0,0,0,0,0,0,0,_,_,_,B00T11E9000-0000X0_S00,B1272
92103494,1,1,0,0,00,B,9,0,0,0,9,0,0,0,0,0,0,0,B00T11E9900-0000X00S00,B1373
92300705,1,1,0,0,00,B,0,0,0,0,0,0,0,0,0,_,_,_,B00T11E0000-0000X0_S00,B1711
92128770,1,1,0,0,00,B,8,0,0,0,0,0,0,0,0,_,_,_,B00T11E8000-0000X0_S00,T398
92296629,_,1,0,0,00,B,9,4,8,4,0,0,0,0,0,0,0,0,B00T_1E9080-4040X00S00,B1476
92127884,1,0,0,0,00,B,8,_,9,_,8,0,_,_,0,_,_,_,B00T10E8890-____X0_S00,T1327
92129124,1,1,1,0,00,C,0,3,0,4,0,0,3,0,0,0,0,0,C00T11E0000-3340X00S10,T439
92306103,1,1,0,0,00,B,0,5,0,0,0,0,0,0,0,0,0,0,B00T11E0000-5000X00S00,B2067
92127704,1,1,0,0,00,B,9,0,8,0,0,0,0,0,0,0,0,0,B00T11E9080-0000X00S00,T1276
92102155,1,1,0,0,00,B,_,0,0,0,_,0,0,0,_,0,0,0,B00T11E__00-0000X_0S00,B1156
92127635,1,1,0,0,00,B,0,0,0,0,0,0,0,0,0,0,0,0,B00T11E0000-0000X00S00,T1251
92103111,1,1,0,0,00,B,8,_,0,_,0,0,_,_,0,_,_,_,B00T11E8000-____X0_S00,B1307
92127374,1,1,0,0,00,B,8,_,7,_,0,0,_,_,0,_,_,_,B00T11E8070-____X0_S00,T1184
92304550,1,1,1,0,00,B,_,3,_,4,_,_,3,0,_,0,0,0,B00T11E____-3340X_0S10,B1981
92129991,1,1,0,0,00,B,8,_,8,_,0,0,_,_,0,_,_,_,B00T11E8080-____X0_S00,T585
92127940,1,1,0,0,00,B,_,0,_,0,_,_,0,0,_,0,0,0,B00T11E____-0000X_0S00,T207
92101075,1,1,0,0,00,B,0,4,0,4,0,0,3,0,0,0,0,0,B00T11E0000-4340X00S00,B1012
92127335,1,1,0,0,00,B,_,0,_,0,_,_,0,0,_,0,0,0,B00T11E____-0000X_0S00,T1172
92102841,1,1,0,0,00,B,8,3,8,5,8,9,0,0,_,0,0,0,B00T11E8889-3050X_0S00,B1262
92128263,1,1,0,0,20,B,_,0,_,0,_,_,0,0,_,0,0,0,B20T11E____-0000X_0S00,T309
92102641,1,1,0,0,00,B,9,4,7,3,8,0,0,0,0,0,0,0,B00T11E9870-4030X00S00,B1235
92101478,1,1,0,0,20,B,9,5,8,3,0,0,3,0,0,0,0,0,B20T11E9080-5330X00S00,B1068
92101237,_,1,0,0,00,B,8,4,0,4,0,0,0,0,0,0,0,0,B00T_1E8000-4040X00S00,B1032
92127007,1,1,0,0,00,B,0,3,0,4,0,0,0,0,0,0,0,0,B00T11E0000-3040X00S00,T1057
92101143,1,1,0,0,00,B,7,0,8,0,0,0,0,0,0,0,0,0,B00T11E7080-0000X00S00,B1018
92129745,1,1,_,0,00,B,0,0,0,0,9,0,4,0,0,0,0,0,B00T11E0900-0400X00S_0,T537
92295657,_,1,0,0,00,B,_,4,_,0,_,_,0,0,_,0,0,0,B00T_1E____-4000X_0S00,B1409
92300797,1,1,0,0,00,B,9,3,0,4,0,0,5,0,0,0,0,0,B00T11E9000-3540X00S00,B1718
92300003,1,1,0,0,00,B,0,0,0,0,0,0,5,0,0,0,0,0,B00T11E0000-0500X00S00,B1667
92126840,_,_,0,0,00,B,_,0,_,0,_,_,0,0,_,0,0,0,B00T__E____-0000X_0S00,T1009
92128711,1,1,0,0,00,B,0,0,0,0,0,0,0,0,0,0,0,0,B00T11E0000-0000X00S00,T386
92128746,1,1,0,0,00,B,0,5,0,4,0,0,3,3,0,_,_,_,B00T11E0000-5343X0_S00,T394
92103206,1,1,_,0,_,_,9,_,0,_,0,0,_,_,0,_,_,_,__T11E9000-____X0_S_0,B1319
92100857,1,1,0,0,00,B,9,4,8,3,0,0,0,0,0,0,0,0,B00T11E9080-4030X00S00,B1000
92296911,1,1,0,0,00,B,_,0,_,0,_,_,0,0,_,0,0,0,B00T11E____-0000X_0S00,B1490
92297598,1,1,0,0,00,B,0,_,0,_,0,0,_,_,0,_,_,_,B00T11E0000-____X0_S00,B1526
92102533,1,_,0,0,20,_,8,_,7,_,9,0,_,_,0,_,_,_,_20T1_E8970-____X0_S00,B1216
92127090,1,1,0,0,00,B,_,0,_,0,_,_,0,0,_,0,0,0,B00T11E____-0000X_0S00,T1085
92295931,1,1,_,0,00,C,0,0,0,0,0,0,0,0,0,0,0,0,C00T11E0000-0000X00S_0,B1431
92128972,1,1,0,0,00,B,0,5,0,0,0,0,0,0,0,0,0,0,B00T11E0000-5000X00S00,T427
92128677,1,1,0,0,00,B,_,0,_,0,_,_,0,0,_,0,0,0,B00T11E____-0000X_0S00,T382
92101627,1,0,0,0,00,B,0,_,0,_,0,0,_,_,0,_,_,_,B00T10E0000-____X0_S00,B1088
92101746,1,1,0,0,00,B,0,4,0,5,0,0,0,0,_,0,0,0,B00T11E0000-4050X_0S00,B1106
92101578,1,1,0,0,00,B,8,_,0,_,7,9,_,_,0,_,_,_,B00T11E8709-____X0_S00,B1082
92102639,1,1,0,0,00,B,9,4,8,3,0,0,5,4,0,0,0,0,B00T11E9080-4534X00S00,B1235
92296119,1,1,0,0,20,B,9,0,8,0,0,0,0,0,0,0,0,0,B20T11E9080-0000X00S00,B1445
92128737,_,1,0,0,00,B,8,4,0,0,0,0,0,0,_,0,0,0,B00T_1E8000-4000X_0S00,T390
92101342,1,1,0,0,00,B,7,_,9,_,8,0,_,_,0,_,_,_,B00T11E7890-____X0_S00,B1042
92101151,1,_,0,0,00,B,0,_,0,_,0,0,_,_,0,_,_,_,B00T1_E0000-____X0_S00,B1019
92101245,_,_,_,_,00,B,0,4,0,5,0,0,5,0,_,0,0,0,B00T__E0000-4550X_0S__,B1032
92296723,1,1,0,0,00,B,8,4,9,5,0,0,4,0,_,0,0,0,B00T11E8090-4450X_0S00,B1481
92126982,1,1,0,0,00,B,_,3,_,5,_,_,0,0,_,0,0,0,B00T11E____-3050X_0S00,T1051
92305182,_,1,0,1,00,B,_,0,_,0,_,_,0,0,_,0,0,0,B00T_1E____-0000X_0S01,B2015
92102272,_,_,0,0,00,B,_,4,_,5,_,_,0,0,_,0,0,0,B00T__E____-4050X_0S00,B1176
92102434,1,1,0,0,00,B,8,_,7,_,0,0,_,_,0,_,_,_,B00T11E8070-____X0_S00,B1200
92295565,_,1,0,0,00,B,_,0,_,0,_,_,0,0,_,0,0,0,B00T_1E____-0000X_0S00,B1406
92102498,1,1,0,0,00,B,_,5,_,0,_,_,0,0,_,0,0,0,B00T11E____-5000X_0S00,B1212
92300835,1,1,0,0,00,C,0,_,0,_,9,0,_,_,0,_,_,_,C00T11E0900-____X0_S00,B1721
92101505,1,1,0,0,00,B,7,4,9,0,0,0,4,3,0,_,_,_,B00T11E7090-4403X0_S00,B1070
92129602,_,_,_,0,00,B,7,_,9,_,0,0,_,_,0,_,_,_,B00T__E7090-____X0_S_0,T513
92300586,_,1,0,0,00,B,_,0,_,0,_,_,0,0,_,0,0,0,B00T_1E____-0000X_0S00,B1704
92302825,_,_,_,_,20,B,0,0,0,0,0,0,0,0,_,0,0,0,B20T__E0000-0000X_0S__,B1869
92303896,1,1,0,0,00,B,9,0,0,0,0,0,0,0,0,0,0,0,B00T11E9000-0000X00S00,B1939
92101147,1,1,0,0,00,B,0,0,0,0,0,0,0,0,_,0,0,0,B00T11E0000-0000X_0S00,B1019
92127288,_,_,0,_,00,B,_,0,_,0,_,_,0,0,_,0,0,0,B00T__E____-0000X_0S0_,T1157
92129070,1,1,0,0,00,B,_,3,_,0,_,_,0,0,_,0,0,0,B00T11E____-3000X_0S00,T436
92129211,1,_,0,_,00,B,9,5,8,4,8,0,3,4,0,_,_,_,B00T1_E9880-5344X0_S0_,T450
92103125,1,1,0,0,00,B,8,0,7,0,0,0,0,0,0,0,0,0,B00T11E8070-0000X00S00,B1309
92102942,_,1,0,0,00,B,7,3,7,0,7,0,0,0,_,0,0,0,B00T_1E7770-3000X_0S00,B1276
92303144,1,1,0,0,00,B,9,0,8,0,7,0,0,0,0,0,0,0,B00T11E9780-0000X00S00,B1892
92128456,1,1,0,0,00,C,_,3,_,5,_,_,0,0,_,0,0,0,C00T11E____-3050X_0S00,T354
92302229,1,1,0,0,00,B,9,0,0,0,0,0,4,0,0,0,0,0,B00T11E9000-0400X00S00,B1822
92102323,1,1,0,0,00,B,8,_,8,_,0,0,_,_,0,_,_,_,B00T11E8080-____X0_S00,B1183
92128402,_,_,0,_,00,B,0,0,0,0,0,0,0,0,0,_,_,_,B00T__E0000-0000X0_S0_,T341
92300770,_,1,1,0,00,C,_,3,_,4,_,_,4,0,_,0,0,0,C00T_1E____-3440X_0S10,B1716
92128598,1,1,0,0,00,B,_,4,_,3,_,_,0,0,_,0,0,0,B00T11E____-4030X_0S00,T370
92101153,1,1,0,0,00,B,9,_,8,_,0,0,_,_,0,_,_,_,B00T11E9080-____X0_S00,B1019
92295930,1,1,0,0,00,B,9,_,0,_,0,0,_,_,0,_,_,_,B00T11E9000-____X0_S00,B1431
92296088,_,_,0,_,00,C,0,0,0,0,0,0,0,0,_,0,0,0,C00T__E0000-0000X_0S0_,B1444
92101733,1,1,0,0,00,B,9,4,8,0,0,0,0,0,0,0,0,0,B00T11E9080-4000X00S00,B1104
92101984,1,1,0,0,00,B,_,0,_,0,_,_,0,0,_,0,0,0,B00T11E____-0000X_0S00,B1137
92102104,_,1,0,0,00,B,0,_,0,_,0,0,_,_,0,_,_,_,B00T_1E0000-____X0_S00,B1152
92102022,0,_,0,0,00,B,9,_,0,_,0,0,_,_,0,_,_,_,B00T0_E9000-____X0_S00,B1142
92297232,1,1,0,0,00,B,_,0,_,0,_,_,0,0,_,0,0,0,B00T11E____-0000X_0S00,B1501
92101222,1,1,0,0,20,B,0,0,0,0,0,0,0,0,0,_,_,_,B20T11E0000-0000X0_S00,B1031
92126926,_,_,0,0,00,B,8,_,9,_,0,0,_,_,0,_,_,_,B00T__E8090-____X0_S00,T1036
92303552,1,1,0,0,00,B,_,3,_,4,_,_,0,0,_,0,0,0,B00T11E____-3040X_0S00,B1919
92301975,1,_,0,0,00,B,0,4,0,4,0,0,0,0,_,0,0,0,B00T1_E0000-4040X_0S00,B1801
92129487,1,1,_,_,00,B,0,_,0,_,9,0,_,_,0,_,_,_,B00T11E0900-____X0_S__,T490
92101347,1,1,0,0,00,B,9,5,8,0,8,0,0,0,0,0,0,0,B00T11E9880-5000X00S00,B1043
92126916,1,1,0,0,00,B,8,_,8,_,0,0,_,_,0,_,_,_,B00T11E8080-____X0_S00,T1031
92127042,_,_,0,0,00,B,_,0,_,0,_,_,0,0,_,0,0,0,B00T__E____-0000X_0S00,T1069
92129552,1,1,0,0,00,B,0,0,0,0,0,0,4,0,0,0,0,0,B00T11E0000-0400X00S00,T501
92127844,1,1,0,0,20,B,0,_,0,_,0,0,_,_,0,_,_,_,B20T11E0000-____X0_S00,T1316
92303486,1,1,0,0,00,B,_,0,_,0,_,_,0,0,_,0,0,0,B00T11E____-0000X_0S00,B1913
92127279,1,1,0,0,00,B,_,4,_,3,_,_,0,0,_,0,0,0,B00T11E____-4030X_0S00,T1154
92101167,1,1,0,0,00,B,9,_,0,_,0,0,_,_,0,_,_,_,B00T11E9000-____X0_S00,B1021
92102112,1,1,0,0,00,B,9,5,9,0,0,0,3,0,0,0,0,0,B00T11E9090-5300X00S00,B1153
92303733,1,_,0,0,00,B,0,0,0,0,0,0,0,0,0,_,_,_,B00T1_E0000-0000X0_S00,B1930
92102656,1,1,0,0,00,B,7,0,8,0,0,0,0,0,0,_,_,_,B00T11E7080-0000X0_S00,B1239
92296594,1,1,0,0,00,B,9,4,0,0,0,0,0,0,0,0,0,0,B00T11E9000-4000X00S00,B1475
92101889,1,1,0,0,00,B,8,0,0,0,9,9,0,0,0,0,0,0,B00T11E8909-0000X00S00,B1126
92302573,1,1,0,0,00,B,_,3,_,0,_,_,0,0,_,0,0,0,B00T11E____-3000X_0S00,B1853
92102605,1,1,0,0,00,B,0,0,0,0,0,0,3,5,0,0,0,0,B00T11E0000-0305X00S00,B1226
92296488,1,1,0,0,20,_,8,4,0,0,0,0,0,0,0,_,_,_,_20T11E8000-4000X0_S00,B1465
92303744,1,1,0,_,00,B,0,_,0,_,0,0,_,_,0,_,_,_,B00T11E0000-____X0_S0_,B1931
92101747,1,1,0,_,00,B,_,0,_,0,_,_,0,0,_,0,0,0,B00T11E____-0000X_0S0_,B1107
92128572,1,_,_,_,00,B,8,_,9,_,9,0,_,_,0,_,_,_,B00T1_E8990-____X0_S__,T366
92127943,1,1,0,0,00,B,8,3,8,5,8,7,0,0,0,0,0,0,B00T11E8887-3050X00S00,T208
92298499,1,1,0,0,00,B,_,0,_,0,_,_,0,0,_,0,0,0,B00T11E____-0000X_0S00,B1573
92101367,1,0,_,0,00,B,0,0,0,0,0,0,0,0,0,_,_,_,B00T10E0000-0000X0_S_0,B1047
92101499,1,1,0,0,00,B,0,0,0,0,0,0,0,0,0,_,_,_,B00T11E0000-0000X0_S00,B1070
92306140,1,1,0,0,00,B,_,0,_,5,_,_,0,0,_,0,0,0,B00T11E____-0050X_0S00,B2068
92101216,1,_,0,0,00,B,_,0,_,0,_,_,0,0,_,0,0,0,B00T1_E____-0000X_0S00,B1030
92128323,1,1,0,0,00,B,0,4,0,0,0,0,4,0,_,_,_,_,B00T11E0000-4400X__S00,T323
92126885,1,1,0,0,00,C,7,_,8,_,9,0,_,_,0,_,_,_,C00T11E7980-____X0_S00,T1022
92304338,_,1,0,0,00,B,_,4,_,0,_,_,0,0,_,0,0,0,B00T_1E____-4000X_0S00,B1965
92103329,1,1,0,0,00,B,_,0,_,0,_,_,0,0,_,0,0,0,B00T11E____-0000X_0S00,B1341
92101625,1,1,0,0,00,B,_,0,_,0,_,_,0,0,_,0,0,0,B00T11E____-0000X_0S00,B1088
92127506,1,1,0,0,00,B,0,0,0,0,0,0,0,0,0,0,0,0,B00T11E0000-0000X00S00,T1218
92101302,1,1,0,0,00,B,_,5,_,0,_,_,0,0,_,0,0,0,B00T11E____-5000X_0S00,B1038
92304478,1,1,0,0,00,B,8,_,8,_,0,0,_,_,0,_,_,_,B00T11E8080-____X0_S00,B1977
92100985,_,_,0,0,00,B,0,0,0,0,0,0,0,0,0,_,_,_,B00T__E0000-0000X0_S00,B1006
92129618,1,_,0,0,00,B,0,_,0,_,0,0,_,_,0,_,_,_,B00T1_E0000-____X0_S00,T517
92127420,_,_,0,0,00,B,8,4,8,0,9,8,0,0,_,_,_,_,B00T__E8988-4000X__S00,T1198
92103113,_,_,0,0,00,B,_,3,_,0,_,_,5,4,_,0,0,0,B00T__E____-3504X_0S00,B1308
92102411,1,1,0,0,00,B,0,0,0,0,0,0,0,0,0,0,0,0,B00T11E0000-0000X00S00,B1197
92129614,_,0,0,0,00,B,0,_,0,_,0,0,_,_,0,_,_,_,B00T_0E0000-____X0_S00,T515
92129988,1,1,0,0,00,B,_,4,_,4,_,_,0,0,_,0,0,0,B00T11E____-4040X_0S00,T584
92300511,1,_,0,0,20,B,7,_,8,_,0,0,_,_,0,_,_,_,B20T1_E7080-____X0_S00,B1698
92127201,1,1,_,0,00,B,8,0,0,0,7,0,0,0,0,_,_,_,B00T11E8700-0000X0_S_0,T1127
92299126,_,_,0,0,00,B,_,0,_,0,_,_,0,0,_,0,0,0,B00T__E____-0000X_0S00,B1602
92126854,1,1,_,_,00,B,0,3,0,0,0,0,0,0,_,0,0,0,B00T11E0000-3000X_0S__,T1013
92127977,1,_,0,0,00,B,7,_,9,_,8,0,_,_,0,_,_,_,B00T1_E7890-____X0_S00,T212
92103269,1,1,0,0,00,B,8,_,7,_,0,0,_,_,0,_,_,_,B00T11E8070-____X0_S00,B1328
92127078,1,1,0,0,00,B,0,_,0,_,9,0,_,_,0,_,_,_,B00T11E0900-____X0_S00,T1082
92127164,_,1,0,0,00,B,9,3,0,3,0,0,0,0,_,0,0,0,B00T_1E9000-3030X_0S00,T1113
92102572,1,1,0,0,00,B,0,3,0,0,0,0,0,0,0,0,0,0,B00T11E0000-3000X00S00,B1221
92129161,1,1,0,0,00,B,9,4,0,3,0,0,0,0,0,0,0,0,B00T11E9000-4030X00S00,T443
92100884,1,1,_,0,00,B,9,0,0,0,0,0,0,0,0,0,0,0,B00T11E9000-0000X00S_0,B1001
92126934,1,1,0,0,20,B,_,4,_,0,_,_,0,0,_,0,0,0,B20T11E____-4000X_0S00,T1039
92295691,1,1,0,0,00,B,9,0,0,0,9,0,0,0,0,_,_,_,B00T11E9900-0000X0_S00,B1414
92127390,1,1,0,0,00,B,8,4,0,5,0,0,0,0,0,0,0,0,B00T11E8000-4050X00S00,T1185
92126951,1,1,0,0,00,B,_,0,_,0,_,_,0,0,_,0,0,0,B00T11E____-0000X_0S00,T1042
92102088,1,1,0,0,00,B,0,_,0,_,0,0,_,_,0,_,_,_,B00T11E0000-____X0_S00,B1148
92129415,1,1,0,0,00,B,0,0,0,0,0,0,0,0,0,0,0,0,B00T11E0000-0000X00S00,T479
92102590,1,1,0,0,20,B,_,0,_,0,_,_,0,0,_,0,0,0,B20T11E____-0000X_0S00,B1224
92128415,_,1,0,0,00,B,8,0,7,0,7,0,0,0,0,_,_,_,B00T_1E8770-0000X0_S00,T346
92102838,_,_,_,_,00,B,,,,,,,,,,,,,B00T__Enannannannan-nannannannanXnannanS__,B1262
92128511,1,_,0,0,00,B,0,4,0,0,0,0,0,0,0,0,0,0,B00T1_E0000-4000X00S00,T359
92129877,1,1,_,_,00,B,,,,,,,,,,,,,B00T11Enannannannan-nannannannanXnannanS__,T558
92127003,1,_,0,0,00,B,0,4,0,3,0,0,5,0,0,0,0,0,B00T1_E0000-4530X00S00,T1056
92129563,_,_,0,0,00,B,_,4,_,5,_,_,0,0,_,0,0,0,B00T__E____-4050X_0S00,T505
92127049,1,1,0,0,00,B,_,4,_,0,_,_,0,0,_,0,0,0,B00T11E____-4000X_0S00,T1072
92127314,1,1,0,0,00,B,0,_,0,_,0,0,_,_,0,_,_,_,B00T11E0000-____X0_S00,T1164
92305759,1,0,0,0,00,B,_,3,_,4,_,_,0,0,_,0,0,0,B00T10E____-3040X_0S00,B2047
92297076,1,1,0,0,00,B,_,0,_,0,_,_,0,0,_,0,0,0,B00T11E____-0000X_0S00,B1496
92101303,_,1,0,0,00,B,9,3,9,4,8,0,0,0,_,0,0,0,B00T_1E9890-3040X_0S00,B1039
92301920,1,_,0,0,00,B,8,4,9,0,0,0,0,0,0,0,0,0,B00T1_E8090-4000X00S00,B1797
92103267,1,1,0,0,00,B,_,5,_,0,_,_,0,0,_,0,0,0,B00T11E____-5000X_0S00,B1328
92302204,1,1,0,0,00,B,0,_,0,_,0,0,_,_,0,_,_,_,B00T11E0000-____X0_S00,B1820
92299707,1,1,0,0,00,B,9,4,0,3,0,0,0,0,0,0,0,0,B00T11E9000-4030X00S00,B1646
92304989,0,1,0,0,00,B,0,0,0,0,0,0,0,0,0,0,0,0,B00T01E0000-0000X00S00,B2006
92128289,1,1,0,0,00,B,0,0,0,0,0,0,0,0,0,_,_,_,B00T11E0000-0000X0_S00,T316
92128529,_,1,0,0,00,B,0,3,0,4,0,0,4,3,_,0,0,0,B00T_1E0000-3443X_0S00,T360
92296716,1,1,0,0,00,B,0,4,0,0,0,0,0,0,0,0,0,0,B00T11E0000-4000X00S00,B1480
92102176,1,0,0,0,00,B,0,5,0,0,7,8,0,0,0,0,0,0,B00T10E0708-5000X00S00,B1157
92128741,_,_,0,0,00,B,_,4,_,0,_,_,0,0,_,0,0,0,B00T__E____-4000X_0S00,T392
92129232,1,1,_,0,00,B,_,5,_,4,_,_,0,0,_,0,0,0,B00T11E____-5040X_0S_0,T452
92302688,1,1,0,0,00,B,_,5,_,0,_,_,0,0,_,0,0,0,B00T11E____-5000X_0S00,B1859
92129155,1,1,0,0,00,B,0,3,0,4,0,0,0,0,0,0,0,0,B00T11E0000-3040X00S00,T443
92129541,1,1,0,0,00,B,8,_,9,_,0,0,_,_,0,_,_,_,B00T11E8090-____X0_S00,T499
92129042,1,1,0,0,00,B,7,3,9,4,0,0,4,0,0,0,0,0,B00T11E7090-3440X00S00,T434
92297923,_,1,0,0,00,B,_,4,_,0,_,_,0,0,_,0,0,0,B00T_1E____-4000X_0S00,B1540
92101599,1,_,0,0,00,B,0,_,0,_,9,8,_,_,0,_,_,_,B00T1_E0908-____X0_S00,B1084
92128332,1,0,0,0,20,B,_,3,_,4,_,_,0,0,_,0,0,0,B20T10E____-3040X_0S00,T327
92101051,_,1,0,_,00,B,0,0,0,0,0,0,0,0,0,_,_,_,B00T_1E0000-0000X0_S0_,B1011
92101337,1,_,0,0,_,_,0,_,0,_,0,0,_,_,0,_,_,_,__T1_E0000-____X0_S00,B1042
92304009,_,_,_,_,_,_,,,,,,,,,,,,,__T__Enannannannan-nannannannanXnannanS__,B1947
92301541,1,1,0,0,00,B,0,0,0,0,0,0,0,0,0,_,_,_,B00T11E0000-0000X0_S00,B1783
92102836,1,1,0,0,00,B,_,0,_,0,_,_,0,0,_,0,0,0,B00T11E____-0000X_0S00,B1262
92102130,1,1,0,0,00,B,0,_,0,_,7,8,_,_,0,_,_,_,B00T11E0708-____X0_S00,B1154
92300902,_,1,0,_,00,B,_,4,_,0,_,_,0,0,_,0,0,0,B00T_1E____-4000X_0S0_,B1728
92296444,_,1,0,0,00,B,_,3,_,0,_,_,0,0,_,0,0,0,B00T_1E____-3000X_0S00,B1462
92302470,1,1,0,0,00,B,0,3,0,4,0,0,0,0,0,0,0,0,B00T11E0000-3040X00S00,B1845
92128955,1,1,0,0,00,B,_,4,_,0,_,_,0,0,_,0,0,0,B00T11E____-4000X_0S00,T423
92101371,1,_,0,0,00,B,0,_,0,_,0,0,_,_,0,_,_,_,B00T1_E0000-____X0_S00,B1047
92305751,1,0,0,0,00,B,_,3,_,0,_,_,0,0,_,0,0,0,B00T10E____-3000X_0S00,B2047
92101241,1,1,_,_,20,_,,,,,,,,,,,,,_20T11Enannannannan-nannannannanXnannanS__,B1032
92295570,1,1,0,0,00,B,_,4,_,0,_,_,0,0,_,0,0,0,B00T11E____-4000X_0S00,B1406
92296186,1,1,0,0,00,B,_,3,_,4,_,_,0,0,_,0,0,0,B00T11E____-3040X_0S00,B1449
92298809,1,1,0,0,00,B,9,4,0,3,0,0,5,5,0,_,_,_,B00T11E9000-4535X0_S00,B1588
92129900,1,1,1,0,00,C,8,5,8,4,0,0,0,0,0,0,0,0,C00T11E8080-5040X00S10,T563
92129982,1,1,0,0,00,B,0,0,0,0,0,0,0,0,0,_,_,_,B00T11E0000-0000X0_S00,T583
92128011,1,1,0,0,00,B,0,5,0,4,0,0,4,5,0,_,_,_,B00T11E0000-5445X0_S00,T220
92301916,1,_,0,0,00,B,8,_,9,_,0,0,_,_,0,_,_,_,B00T1_E8090-____X0_S00,B1797
92129663,1,1,0,0,00,B,0,4,0,4,8,0,3,3,0,0,0,0,B00T11E0800-4343X00S00,T521
92128722,1,1,0,0,00,B,0,4,0,0,0,0,3,0,_,0,0,0,B00T11E0000-4300X_0S00,T387
92128936,1,1,0,0,00,B,_,0,_,0,_,_,0,0,_,0,0,0,B00T11E____-0000X_0S00,T422
92101404,_,1,0,0,00,B,0,4,0,0,7,0,4,0,0,0,0,0,B00T_1E0700-4400X00S00,B1054
92298498,1,1,0,0,00,B,7,0,9,0,8,0,0,0,_,0,0,0,B00T11E7890-0000X_0S00,B1573
92129469,1,1,0,0,00,B,9,_,9,_,9,0,_,_,0,_,_,_,B00T11E9990-____X0_S00,T489
92296153,1,_,0,0,00,B,9,_,0,_,0,0,_,_,0,_,_,_,B00T1_E9000-____X0_S00,B1447
92128466,1,1,0,0,00,B,9,3,0,0,0,0,0,0,0,0,0,0,B00T11E9000-3000X00S00,T354
92129575,_,_,0,0,00,B,_,5,_,0,_,_,4,0,_,0,0,0,B00T__E____-5400X_0S00,T507
92101858,_,1,_,_,00,B,,,,,,,,,,,,,B00T_1Enannannannan-nannannannanXnannanS__,B1122
92128681,1,1,0,0,00,B,0,4,0,5,9,8,0,0,_,0,0,0,B00T11E0908-4050X_0S00,T383
92128827,_,1,0,0,00,B,_,4,_,0,_,_,0,0,_,0,0,0,B00T_1E____-4000X_0S00,T407
92103197,_,_,_,_,00,B,9,0,0,0,0,0,0,0,0,_,_,_,B00T__E9000-0000X0_S__,B1319
92127014,1,_,0,0,20,B,0,0,0,0,0,0,4,5,0,_,_,_,B20T1_E0000-0405X0_S00,T1060
92127645,_,_,0,0,00,B,8,_,0,_,0,0,_,_,0,_,_,_,B00T__E8000-____X0_S00,T1255
92295493,1,1,0,0,00,B,_,0,_,0,_,_,0,0,_,0,0,0,B00T11E____-0000X_0S00,B1401
92129658,1,1,0,0,00,B,0,0,0,0,0,0,0,0,0,_,_,_,B00T11E0000-0000X0_S00,T521
92302381,1,1,0,0,00,B,9,_,0,_,9,8,_,_,0,_,_,_,B00T11E9908-____X0_S00,B1837
92127520,1,_,0,0,00,B,9,0,7,0,0,0,0,0,0,0,0,0,B00T1_E9070-0000X00S00,T1220
92303932,1,1,0,0,00,B,7,3,0,4,0,0,3,5,0,0,0,0,B00T11E7000-3345X00S00,B1941
92127964,1,_,0,0,00,B,0,4,0,0,0,0,3,0,0,_,_,_,B00T1_E0000-4300X0_S00,T211
92128882,_,1,0,0,00,B,8,5,7,5,9,0,0,0,_,0,0,0,B00T_1E8970-5050X_0S00,T416
92301765,1,1,0,0,00,B,9,_,0,_,0,0,_,_,0,_,_,_,B00T11E9000-____X0_S00,B1790
92127751,1,1,0,0,00,B,_,4,_,5,_,_,0,0,_,0,0,0,B00T11E____-4050X_0S00,T1287
92102634,_,1,0,0,00,C,_,3,_,4,_,_,0,0,_,0,0,0,C00T_1E____-3040X_0S00,B1232
92102483,1,1,0,_,00,B,7,5,8,5,9,8,0,0,0,0,0,0,B00T11E7988-5050X00S0_,B1208
92129007,1,1,0,0,00,B,_,0,_,0,_,_,0,0,_,0,0,0,B00T11E____-0000X_0S00,T431
92127897,1,_,0,_,00,B,_,4,_,5,_,_,0,0,_,0,0,0,B00T1_E____-4050X_0S0_,T1329
92303791,1,1,0,0,00,B,0,5,0,0,0,0,0,0,0,0,0,0,B00T11E0000-5000X00S00,B1933
92103584,1,1,0,0,00,B,0,_,0,_,0,0,_,_,0,_,_,_,B00T11E0000-____X0_S00,B1389
92101319,1,1,0,0,00,B,_,4,_,0,_,_,5,0,_,0,0,0,B00T11E____-4500X_0S00,B1041
92128274,1,1,0,0,00,B,8,0,9,0,8,8,3,0,_,0,0,0,B00T11E8898-0300X_0S00,T311
92128768,1,1,_,0,00,B,0,0,0,0,0,0,0,0,0,0,0,0,B00T11E0000-0000X00S_0,T397
92296878,1,1,0,0,00,B,_,0,_,0,_,_,0,0,_,0,0,0,B00T11E____-0000X_0S00,B1489
92101949,1,_,1,0,00,B,9,_,8,_,8,9,_,_,0,_,_,_,B00T1_E9889-____X0_S10,B1133
92305353,1,1,0,0,00,B,_,4,_,5,_,_,0,0,_,0,0,0,B00T11E____-4050X_0S00,B2024
92102151,1,1,0,0,00,B,9,_,0,_,9,0,_,_,0,_,_,_,B00T11E9900-____X0_S00,B1155
92299544,1,1,0,0,00,B,9,_,0,_,0,0,_,_,0,_,_,_,B00T11E9000-____X0_S00,B1631
92305718,1,1,_,0,00,B,9,4,8,5,0,0,0,0,0,0,0,0,B00T11E9080-4050X00S_0,B2044
92298323,1,1,_,0,00,B,_,0,_,0,_,_,0,0,_,0,0,0,B00T11E____-0000X_0S_0,B1561
92129638,0,_,0,0,00,B,9,_,7,_,0,0,_,_,0,_,_,_,B00T0_E9070-____X0_S00,T519
92103522,1,1,0,0,20,B,8,3,9,4,0,0,3,0,_,0,0,0,B20T11E8090-3340X_0S00,B1375
92128172,1,1,0,0,00,B,7,5,9,0,0,0,0,0,0,_,_,_,B00T11E7090-5000X0_S00,T278
92127708,_,_,_,_,00,B,_,3,_,4,_,_,0,0,_,0,0,0,B00T__E____-3040X_0S__,T1277
92295597,1,1,0,0,00,B,0,0,0,0,0,0,0,0,0,_,_,_,B00T11E0000-0000X0_S00,B1406
92103081,1,1,0,0,00,B,7,5,8,3,0,0,4,5,0,_,_,_,B00T11E7080-5435X0_S00,B1299
92102880,0,1,0,0,00,B,_,4,_,4,_,_,0,0,_,0,0,0,B00T01E____-4040X_0S00,B1267
92297170,1,1,0,0,00,B,0,_,0,_,0,0,_,_,0,_,_,_,B00T11E0000-____X0_S00,B1499
92127501,1,1,0,0,00,B,8,4,0,0,0,0,0,0,0,0,0,0,B00T11E8000-4000X00S00,T1217
92102510,1,1,0,0,00,B,0,0,0,0,0,0,0,0,0,_,_,_,B00T11E0000-0000X0_S00,B1214
92101983,1,1,0,0,00,B,7,_,0,_,8,0,_,_,0,_,_,_,B00T11E7800-____X0_S00,B1137
92102933,1,1,1,0,00,B,_,4,_,4,_,_,0,0,_,0,0,0,B00T11E____-4040X_0S10,B1273
92103454,0,_,0,0,00,B,8,_,8,_,8,0,_,_,0,_,_,_,B00T0_E8880-____X0_S00,B1365
92101019,_,_,0,0,00,B,8,_,8,_,0,0,_,_,0,_,_,_,B00T__E8080-____X0_S00,B1008
92129861,_,1,0,_,20,_,_,4,_,0,_,_,0,0,_,0,0,0,_20T_1E____-4000X_0S0_,T556
92102195,1,1,_,0,00,B,8,_,0,_,0,0,_,_,0,_,_,_,B00T11E8000-____X0_S_0,B1160
92102606,1,1,0,0,00,B,0,_,0,_,0,0,_,_,0,_,_,_,B00T11E0000-____X0_S00,B1227
92102895,_,1,0,0,00,B,0,3,0,4,0,0,0,0,_,0,0,0,B00T_1E0000-3040X_0S00,B1268
92101111,1,1,0,0,00,B,9,_,0,_,8,0,_,_,0,_,_,_,B00T11E9800-____X0_S00,B1016
92103152,_,1,_,0,00,B,7,4,7,0,7,7,0,0,_,0,0,0,B00T_1E7777-4000X_0S_0,B1310
92299220,1,1,0,0,00,B,0,4,8,0,0,0,4,0,0,0,0,0,B00T11E0080-4400X00S00,B1607
92102744,1,1,0,0,00,B,8,0,7,0,0,0,0,0,_,0,0,0,B00T11E8070-0000X_0S00,B1257
92129557,1,1,0,0,00,B,8,4,8,4,7,7,0,0,_,0,0,0,B00T11E8787-4040X_0S00,T504
92296099,1,1,1,0,00,B,9,0,0,0,9,0,4,0,0,0,0,0,B00T11E9900-0400X00S10,B1444
92306008,1,1,0,0,00,B,0,_,0,_,0,0,_,_,0,_,_,_,B00T11E0000-____X0_S00,B2062
92128103,1,1,0,0,00,B,_,3,_,0,_,_,0,0,_,0,0,0,B00T11E____-3000X_0S00,T258
92299877,1,1,0,0,20,B,_,3,_,3,_,_,0,0,_,0,0,0,B20T11E____-3030X_0S00,B1657
92101701,1,1,0,0,00,B,8,_,0,_,0,0,_,_,0,_,_,_,B00T11E8000-____X0_S00,B1102
92127088,1,1,0,0,00,B,9,4,0,0,0,0,0,0,0,_,_,_,B00T11E9000-4000X0_S00,T1085
92101015,1,1,_,0,00,B,0,4,0,4,0,0,0,0,_,0,0,0,B00T11E0000-4040X_0S_0,B1008
92299762,1,1,0,0,00,B,8,_,9,_,0,0,_,_,0,_,_,_,B00T11E8090-____X0_S00,B1651
92297864,1,1,0,0,20,B,0,3,0,3,0,0,0,0,_,0,0,0,B20T11E0000-3030X_0S00,B1536
92129222,_,1,0,0,00,B,_,0,_,0,_,_,0,0,_,0,0,0,B00T_1E____-0000X_0S00,T451
92299283,1,1,0,0,20,B,9,3,0,0,8,0,0,0,0,0,0,0,B20T11E9800-3000X00S00,B1612
92101720,1,1,0,0,00,B,_,5,_,0,_,_,0,0,_,0,0,0,B00T11E____-5000X_0S00,B1103
92102336,_,1,0,0,00,B,_,3,_,0,_,_,0,0,_,0,0,0,B00T_1E____-3000X_0S00,B1186
92128963,0,0,0,0,00,B,_,4,_,5,_,_,0,0,_,0,0,0,B00T00E____-4050X_0S00,T424
92302729,1,1,0,0,00,B,0,_,0,_,7,0,_,_,0,_,_,_,B00T11E0700-____X0_S00,B1864
92102772,1,1,0,0,00,B,9,4,0,4,0,0,0,0,0,0,0,0,B00T11E9000-4040X00S00,B1259
92101997,0,1,0,0,20,C,8,4,9,0,0,0,0,0,0,0,0,0,C20T01E8090-4000X00S00,B1139
92126896,_,_,0,_,00,B,_,0,_,0,_,_,0,0,_,0,0,0,B00T__E____-0000X_0S0_,T1026
92127440,1,1,0,0,00,B,_,0,_,0,_,_,0,0,_,0,0,0,B00T11E____-0000X_0S00,T1207
92102518,1,1,0,0,00,B,_,3,_,0,_,_,0,0,_,0,0,0,B00T11E____-3000X_0S00,B1215
92129526,1,1,0,0,00,B,9,0,8,0,8,8,0,0,0,0,0,0,B00T11E9888-0000X00S00,T496
92305805,1,1,0,0,00,B,8,_,0,_,9,0,_,_,0,_,_,_,B00T11E8900-____X0_S00,B2052
92127699,1,1,0,0,00,B,0,_,0,_,0,0,_,_,0,_,_,_,B00T11E0000-____X0_S00,T1274
92129389,1,1,0,0,00,B,_,0,_,0,_,_,0,0,_,0,0,0,B00T11E____-0000X_0S00,T475
92297005,1,1,0,0,00,B,0,0,8,0,0,0,0,0,0,_,_,_,B00T11E0080-0000X0_S00,B1493
92128194,_,1,0,0,00,B,_,3,_,0,_,_,0,0,_,0,0,0,B00T_1E____-3000X_0S00,T283
92296241,1,0,0,0,00,B,8,_,0,_,0,0,_,_,0,_,_,_,B00T10E8000-____X0_S00,B1450
92101689,1,1,0,0,00,B,9,3,8,4,0,0,0,0,0,0,0,0,B00T11E9080-3040X00S00,B1098
92302337,1,1,0,0,00,B,7,3,9,4,0,0,0,0,0,0,0,0,B00T11E7090-3040X00S00,B1830
92306016,1,1,0,0,00,B,0,4,0,4,0,0,4,0,0,0,0,0,B00T11E0000-4440X00S00,B2063
92300904,1,_,0,0,00,B,9,3,8,3,7,0,4,0,0,_,_,_,B00T1_E9780-3430X0_S00,B1729
92101703,1,1,0,0,00,B,8,_,8,_,0,0,_,_,0,_,_,_,B00T11E8080-____X0_S00,B1102
92129439,1,1,0,0,00,B,0,0,0,0,0,0,0,0,0,0,0,0,B00T11E0000-0000X00S00,T483
92101390,1,1,0,0,00,B,9,5,8,3,0,0,4,5,0,_,_,_,B00T11E9080-5435X0_S00,B1051
92300790,1,1,0,0,00,B,0,_,0,_,0,0,_,_,0,_,_,_,B00T11E0000-____X0_S00,B1718
92299598,1,1,0,0,00,B,9,_,8,_,9,0,_,_,0,_,_,_,B00T11E9980-____X0_S00,B1636
92128306,1,1,0,0,00,B,0,0,0,0,0,0,0,0,0,0,0,0,B00T11E0000-0000X00S00,T321
92128076,_,1,0,0,00,B,_,4,_,3,_,_,0,0,_,0,0,0,B00T_1E____-4030X_0S00,T255
92128851,_,1,0,0,00,B,9,3,8,0,7,7,0,0,_,_,_,_,B00T_1E9787-3000X__S00,T411
92296842,1,1,0,0,00,B,9,3,8,0,9,0,0,0,0,0,0,0,B00T11E9980-3000X00S00,B1487
92295685,1,1,0,0,00,B,9,_,0,_,0,0,_,_,0,_,_,_,B00T11E9000-____X0_S00,B1413
92128906,1,1,0,0,00,B,_,5,_,0,_,_,0,0,_,0,0,0,B00T11E____-5000X_0S00,T419
92126895,1,1,_,_,00,B,_,0,_,0,_,_,0,0,_,0,0,0,B00T11E____-0000X_0S__,T1026
92127851,1,1,0,0,00,B,0,_,0,_,0,0,_,_,0,_,_,_,B00T11E0000-____X0_S00,T1318
92103376,_,_,0,0,00,B,0,_,0,_,0,0,_,_,0,_,_,_,B00T__E0000-____X0_S00,B1350
92129114,1,1,0,0,00,B,_,3,_,0,_,_,0,0,_,0,0,0,B00T11E____-3000X_0S00,T439
92126862,1,1,0,0,00,B,_,0,_,0,_,_,0,0,_,0,0,0,B00T11E____-0000X_0S00,T1015
92101117,1,1,_,0,00,B,9,5,8,3,8,0,4,5,0,0,0,0,B00T11E9880-5435X00S_0,B1016
92303148,1,1,0,0,00,B,0,_,0,_,0,0,_,_,0,_,_,_,B00T11E0000-____X0_S00,B1892
92103605,1,_,0,0,00,B,9,_,0,_,0,0,_,_,0,_,_,_,B00T1_E9000-____X0_S00,B1391
92296033,1,1,0,0,00,B,_,3,_,0,_,_,0,0,_,0,0,0,B00T11E____-3000X_0S00,B1443
92102712,1,1,0,0,00,B,9,3,8,3,0,0,0,0,0,0,0,0,B00T11E9080-3030X00S00,B1251
92305409,1,1,0,0,00,B,8,_,7,_,0,0,_,_,0,_,_,_,B00T11E8070-____X0_S00,B2027
92103077,1,1,0,0,00,B,0,_,0,_,0,0,_,_,0,_,_,_,B00T11E0000-____X0_S00,B1298
92101062,1,1,0,0,00,B,_,0,_,0,_,_,0,0,_,0,0,0,B00T11E____-0000X_0S00,B1012
92102344,1,_,0,0,00,B,9,_,0,_,0,0,_,_,0,_,_,_,B00T1_E9000-____X0_S00,B1188
92128473,_,1,0,0,00,B,_,4,_,5,_,_,0,0,_,0,0,0,B00T_1E____-4050X_0S00,T355
92300534,1,1,0,0,00,B,_,0,_,0,_,_,0,0,_,0,0,0,B00T11E____-0000X_0S00,B1699
92129881,1,1,0,0,00,B,0,_,0,_,0,0,_,_,0,_,_,_,B00T11E0000-____X0_S00,T558
92129420,1,1,0,0,00,B,8,3,0,0,0,0,3,0,0,0,0,0,B00T11E8000-3300X00S00,T479
92100848,1,1,0,0,00,B,_,4,_,3,_,_,0,0,_,0,0,0,B00T11E____-4030X_0S00,B1000
92102517,1,1,0,0,00,B,_,3,_,0,_,_,0,0,_,0,0,0,B00T11E____-3000X_0S00,B1215
92305465,1,1,_,0,00,B,0,4,0,0,0,0,0,0,0,0,0,0,B00T11E0000-4000X00S_0,B2032
92298837,1,1,0,0,00,B,_,3,_,0,_,_,4,0,_,0,0,0,B00T11E____-3400X_0S00,B1589
92296087,1,1,0,0,00,B,9,5,0,4,0,0,3,4,0,_,_,_,B00T11E9000-5344X0_S00,B1444
92295927,1,1,0,0,00,B,_,3,_,3,_,_,0,0,_,0,0,0,B00T11E____-3030X_0S00,B1430
92127011,1,1,0,0,00,B,9,_,0,_,0,0,_,_,0,_,_,_,B00T11E9000-____X0_S00,T1059
92101536,_,1,0,0,00,B,7,0,8,3,9,9,3,0,_,0,0,0,B00T_1E7989-0330X_0S00,B1074
92127339,_,1,0,0,00,B,0,0,0,0,0,0,0,0,0,0,0,0,B00T_1E0000-0000X00S00,T1174
92302608,_,_,0,0,00,B,_,3,_,0,_,_,0,0,_,0,0,0,B00T__E____-3000X_0S00,B1856
92128947,1,1,0,0,00,B,8,5,7,0,8,0,0,0,_,0,0,0,B00T11E8870-5000X_0S00,T422
92302362,1,_,0,_,00,B,8,4,0,0,0,0,0,0,0,0,0,0,B00T1_E8000-4000X00S0_,B1835
92299012,1,1,0,0,20,C,_,0,_,0,_,_,0,0,_,0,0,0,C20T11E____-0000X_0S00,B1595
92304441,1,1,0,0,00,B,9,3,8,0,9,0,0,0,0,_,_,_,B00T11E9980-3000X0_S00,B1973
92305803,1,1,0,0,00,B,8,4,0,3,0,0,4,5,0,0,0,0,B00T11E8000-4435X00S00,B2052
92101031,1,1,0,0,00,B,_,0,_,0,_,_,0,0,_,0,0,0,B00T11E____-0000X_0S00,B1009
92127439,_,_,_,0,00,B,,,,,,,,,,,,,B00T__Enannannannan-nannannannanXnannanS_0,T1206
92304974,1,1,0,0,00,B,9,_,8,_,0,0,_,_,0,_,_,_,B00T11E9080-____X0_S00,B2005
92128980,1,1,0,0,00,C,8,4,0,0,0,0,0,0,0,0,0,0,C00T11E8000-4000X00S00,T428
92129671,1,1,0,0,00,B,0,0,0,0,0,0,4,0,0,0,0,0,B00T11E0000-0400X00S00,T522
92103223,1,1,0,0,00,B,0,4,0,0,0,0,0,0,_,0,0,0,B00T11E0000-4000X_0S00,B1321
92300580,1,1,0,0,00,B,_,3,_,0,_,_,0,0,_,0,0,0,B00T11E____-3000X_0S00,B1703
92101890,1,1,0,0,00,B,8,3,0,4,9,9,0,0,0,0,0,0,B00T11E8909-3040X00S00,B1126
92102454,1,1,0,0,00,B,9,3,0,4,0,0,3,0,0,0,0,0,B00T11E9000-3340X00S00,B1204
92129153,1,1,0,0,00,B,9,5,0,3,0,0,0,0,0,0,0,0,B00T11E9000-5030X00S00,T443
92128731,_,1,0,0,00,B,_,3,_,0,_,_,0,0,_,0,0,0,B00T_1E____-3000X_0S00,T389
92100903,1,1,0,0,00,B,_,4,_,5,_,_,0,0,_,0,0,0,B00T11E____-4050X_0S00,B1002
92102077,0,1,0,0,00,B,0,_,0,_,0,0,_,_,0,_,_,_,B00T01E0000-____X0_S00,B1147
92103536,1,1,0,0,00,C,0,0,0,0,0,0,0,0,_,0,0,0,C00T11E0000-0000X_0S00,B1379
92101242,_,1,0,0,00,B,0,4,9,5,0,0,5,4,0,_,_,_,B00T_1E0090-4554X0_S00,B1032
92304710,1,1,0,0,00,B,_,0,_,0,_,_,0,0,_,0,0,0,B00T11E____-0000X_0S00,B1989
92127534,1,1,0,0,00,B,8,4,8,5,0,0,0,0,0,0,0,0,B00T11E8080-4050X00S00,T1225
92102354,_,_,_,_,00,B,8,_,0,_,0,0,_,_,0,_,_,_,B00T__E8000-____X0_S__,B1190
92303819,1,1,0,0,00,B,0,_,0,_,0,0,_,_,0,_,_,_,B00T11E0000-____X0_S00,B1936
92102129,_,1,0,0,00,C,_,3,_,3,_,_,0,0,_,0,0,0,C00T_1E____-3030X_0S00,B1154
92295799,1,1,_,_,00,B,_,4,_,3,_,_,0,0,_,1,1,1,B00T11E____-4030X_1S__,B1422
92128068,1,1,0,0,00,B,0,3,0,4,0,0,0,0,_,0,0,0,B00T11E0000-3040X_0S00,T253
92303928,1,1,0,0,20,_,0,0,0,0,0,0,0,0,0,0,0,0,_20T11E0000-0000X00S00,B1940
92300868,1,1,0,0,00,B,_,4,_,3,_,_,3,0,_,0,0,0,B00T11E____-4330X_0S00,B1724
92299935,1,0,0,0,20,C,_,0,_,0,_,_,0,0,_,0,0,0,C20T10E____-0000X_0S00,B1660
92127074,1,1,0,0,00,B,_,0,_,0,_,_,0,0,_,0,0,0,B00T11E____-0000X_0S00,T1080
92100991,1,1,0,0,00,B,0,3,0,0,0,0,0,0,0,0,0,0,B00T11E0000-3000X00S00,B1007
92102221,1,1,0,0,00,B,8,_,0,_,0,0,_,_,0,_,_,_,B00T11E8000-____X0_S00,B1163
92127745,1,_,0,0,00,B,0,_,0,_,0,0,_,_,0,_,_,_,B00T1_E0000-____X0_S00,T1285
92127794,1,1,0,0,00,B,8,_,8,_,9,0,_,_,0,_,_,_,B00T11E8980-____X0_S00,T1303
92128315,1,1,0,0,00,B,_,0,_,0,_,_,0,0,_,0,0,0,B00T11E____-0000X_0S00,T323
92298057,1,1,_,_,00,B,7,0,0,0,0,0,0,0,0,0,0,0,B00T11E7000-0000X00S__,B1550
92101006,1,1,0,0,00,B,9,3,8,4,8,0,5,5,0,_,_,_,B00T11E9880-3545X0_S00,B1008
92304285,1,1,0,0,00,B,_,3,_,3,_,_,4,5,_,0,0,0,B00T11E____-3435X_0S00,B1961
92129769,1,1,1,0,00,B,_,4,_,5,_,_,0,0,_,0,0,0,B00T11E____-4050X_0S10,T540
92101146,1,1,_,_,00,B,0,3,0,5,0,0,0,0,0,_,_,_,B00T11E0000-3050X0_S__,B1019
92100846,1,1,0,0,00,B,9,3,8,0,0,0,0,0,0,_,_,_,B00T11E9080-3000X0_S00,B1000
92101473,1,1,0,0,00,B,_,4,_,4,_,_,0,0,_,0,0,0,B00T11E____-4040X_0S00,B1066
92103357,1,1,0,0,00,B,_,5,_,0,_,_,0,0,_,0,0,0,B00T11E____-5000X_0S00,B1350
92103397,1,1,0,0,00,B,9,_,8,_,0,0,_,_,0,_,_,_,B00T11E9080-____X0_S00,B1356
92129428,_,1,0,0,00,B,_,4,_,4,_,_,0,0,_,0,0,0,B00T_1E____-4040X_0S00,T480
92301880,_,_,_,0,00,B,_,4,_,5,_,_,0,0,_,0,0,0,B00T__E____-4050X_0S_0,B1793
92301220,_,1,0,0,00,C,9,_,9,_,0,0,_,_,0,_,_,_,C00T_1E9090-____X0_S00,B1754
92101323,1,1,0,0,00,B,_,4,_,3,_,_,0,0,_,0,0,0,B00T11E____-4030X_0S00,B1041
92103159,1,1,0,0,00,C,_,5,_,3,_,_,0,0,_,0,0,0,C00T11E____-5030X_0S00,B1310
92128113,1,1,_,_,20,_,0,0,0,0,0,0,0,0,0,0,0,0,_20T11E0000-0000X00S__,T261
92102438,1,1,0,0,00,B,0,_,0,_,0,0,_,_,0,_,_,_,B00T11E0000-____X0_S00,B1201
92101134,1,1,0,0,00,B,7,_,8,_,0,0,_,_,0,_,_,_,B00T11E7080-____X0_S00,B1018
92102597,1,1,0,0,00,B,_,0,_,0,_,_,0,0,_,0,0,0,B00T11E____-0000X_0S00,B1225
92126822,1,1,0,0,00,B,_,4,_,5,_,_,5,0,_,0,0,0,B00T11E____-4550X_0S00,T1003
92298028,1,_,0,0,00,B,9,_,0,_,0,0,_,_,0,_,_,_,B00T1_E9000-____X0_S00,B1548
92102024,_,_,0,0,00,B,_,3,_,0,_,_,0,0,_,0,0,0,B00T__E____-3000X_0S00,B1142
92128389,_,_,0,0,00,B,0,_,0,_,0,0,_,_,0,_,_,_,B00T__E0000-____X0_S00,T337
92128101,1,1,0,0,00,B,_,0,_,0,_,_,0,0,_,0,0,0,B00T11E____-0000X_0S00,T258
92126970,1,1,0,0,00,B,0,_,0,_,0,0,_,_,0,_,_,_,B00T11E0000-____X0_S00,T1046
92128331,0,0,_,_,00,B,_,5,_,4,_,_,0,0,_,0,0,0,B00T00E____-5040X_0S__,T327
92129974,1,1,0,0,00,B,9,0,0,0,0,0,0,0,0,0,0,0,B00T11E9000-0000X00S00,T582
92128216,_,1,0,0,00,B,0,_,0,_,0,0,_,_,0,_,_,_,B00T_1E0000-____X0_S00,T290
92102386,1,1,0,0,00,B,_,0,_,0,_,_,0,0,_,0,0,0,B00T11E____-0000X_0S00,B1193
92304126,1,1,0,0,00,C,7,0,9,0,9,0,0,0,0,0,0,0,C00T11E7990-0000X00S00,B1954
92127781,1,1,_,_,00,B,_,0,_,0,_,_,0,0,_,0,0,0,B00T11E____-0000X_0S__,T1298
92300901,1,1,0,_,00,B,0,0,0,0,0,0,0,0,0,_,_,_,B00T11E0000-0000X0_S0_,B1727
92305330,_,_,0,0,00,B,_,5,_,4,_,_,0,0,_,0,0,0,B00T__E____-5040X_0S00,B2022
92128261,1,1,0,0,00,B,0,0,0,0,0,0,0,0,_,0,0,0,B00T11E0000-0000X_0S00,T308
92298336,1,1,0,0,00,B,8,5,0,0,0,0,0,0,0,0,0,0,B00T11E8000-5000X00S00,B1562
92127625,1,1,_,_,20,_,0,3,0,0,0,0,0,0,_,_,_,_,_20T11E0000-3000X__S__,T1249
92101915,1,_,0,0,00,B,7,_,8,_,0,0,_,_,0,_,_,_,B00T1_E7080-____X0_S00,B1129
92299313,1,_,0,0,20,B,0,3,0,0,0,0,0,0,0,0,0,0,B20T1_E0000-3000X00S00,B1613
92101999,_,1,1,0,00,B,8,_,9,_,0,0,_,_,0,_,_,_,B00T_1E8090-____X0_S10,B1139
92129507,1,1,0,_,00,B,0,4,0,0,0,0,0,0,0,0,0,0,B00T11E0000-4000X00S0_,T493
92103488,1,1,0,0,20,B,9,_,0,_,0,0,_,_,0,_,_,_,B20T11E9000-____X0_S00,B1373
92102125,1,_,0,0,00,B,0,_,0,_,8,8,_,_,0,_,_,_,B00T1_E0808-____X0_S00,B1154
92101047,_,_,0,0,00,B,0,_,0,_,0,0,_,_,0,_,_,_,B00T__E0000-____X0_S00,B1011
92303823,1,1,0,_,00,B,0,_,8,_,0,0,_,_,0,_,_,_,B00T11E0080-____X0_S0_,B1937
92127458,_,1,0,0,00,B,_,5,_,0,_,_,0,0,_,0,0,0,B00T_1E____-5000X_0S00,T1208
92302668,1,1,0,0,00,B,_,4,_,0,_,_,0,0,_,0,0,0,B00T11E____-4000X_0S00,B1858
92128059,1,1,0,0,00,B,0,0,0,0,7,0,0,0,_,0,0,0,B00T11E0700-0000X_0S00,T252
92128183,1,1,_,0,00,B,7,_,0,_,0,0,_,_,0,_,_,_,B00T11E7000-____X0_S_0,T279
92102378,1,1,0,0,00,B,9,_,0,_,0,0,_,_,0,_,_,_,B00T11E9000-____X0_S00,B1193
92102768,1,1,_,0,00,C,0,0,0,0,0,0,5,5,0,0,0,0,C00T11E0000-0505X00S_0,B1258
92103234,1,1,0,0,00,B,_,4,_,4,_,_,0,0,_,0,0,0,B00T11E____-4040X_0S00,B1321
92102748,1,1,0,0,00,B,8,0,9,0,0,0,0,0,0,0,0,0,B00T11E8090-0000X00S00,B1258
92297262,1,1,0,0,00,B,_,4,_,4,_,_,0,0,_,0,0,0,B00T11E____-4040X_0S00,B1505
92101043,_,_,0,0,00,B,_,5,_,0,_,_,4,0,_,0,0,0,B00T__E____-5400X_0S00,B1011
92100949,0,_,0,0,00,B,8,4,0,3,0,0,3,3,0,0,0,0,B00T0_E8000-4333X00S00,B1003
92128445,1,1,0,0,00,B,_,4,_,0,_,_,0,0,_,0,0,0,B00T11E____-4000X_0S00,T352
92127999,1,1,0,0,00,B,0,3,0,0,0,0,0,0,0,0,0,0,B00T11E0000-3000X00S00,T220
92129506,1,_,0,0,00,B,0,_,0,_,0,0,_,_,0,_,_,_,B00T1_E0000-____X0_S00,T492
92298528,1,1,0,0,00,B,_,0,_,0,_,_,0,0,_,0,0,0,B00T11E____-0000X_0S00,B1574
92127696,1,1,0,0,00,B,8,3,7,4,0,0,0,0,0,0,0,0,B00T11E8070-3040X00S00,T1274
92128328,1,1,0,0,00,B,9,4,7,5,0,0,5,5,0,_,_,_,B00T11E9070-4555X0_S00,T326
92101754,1,1,_,0,00,B,_,0,_,0,_,_,0,0,_,0,0,0,B00T11E____-0000X_0S_0,B1108
92303522,1,_,0,0,00,B,0,0,0,0,0,0,0,0,0,0,0,0,B00T1_E0000-0000X00S00,B1917
92103259,1,1,_,_,00,B,_,3,_,4,_,_,0,0,_,0,0,0,B00T11E____-3040X_0S__,B1327
92298598,1,1,0,_,20,_,0,0,0,0,0,0,4,0,0,0,0,0,_20T11E0000-0400X00S0_,B1578
92102237,1,1,0,0,00,B,_,3,_,0,_,_,0,0,_,0,0,0,B00T11E____-3000X_0S00,B1169
92129937,1,1,0,0,00,B,9,_,0,_,0,0,_,_,0,_,_,_,B00T11E9000-____X0_S00,T572
92129790,1,_,0,0,00,B,0,0,0,0,0,0,0,0,0,_,_,_,B00T1_E0000-0000X0_S00,T543
92102818,1,1,0,0,00,B,7,_,8,_,8,0,_,_,0,_,_,_,B00T11E7880-____X0_S00,B1261
92126831,1,1,0,0,00,B,_,4,_,4,_,_,0,0,_,0,0,0,B00T11E____-4040X_0S00,T1006
92101202,1,0,0,0,20,B,0,_,0,_,0,0,_,_,0,_,_,_,B20T10E0000-____X0_S00,B1028
92298422,1,1,0,0,20,B,0,_,0,_,0,0,_,_,0,_,_,_,B20T11E0000-____X0_S00,B1566
92295429,_,1,0,0,00,B,_,4,_,0,_,_,0,0,_,0,0,0,B00T_1E____-4000X_0S00,B1397
92102953,1,_,0,0,00,B,9,_,7,_,0,0,_,_,0,_,_,_,B00T1_E9070-____X0_S00,B1280
92128050,1,1,0,0,00,B,_,0,_,0,_,_,0,0,_,0,0,0,B00T11E____-0000X_0S00,T251
92127568,1,1,_,_,_,_,0,0,0,0,0,0,0,0,0,_,_,_,__T11E0000-0000X0_S__,T1234
92297535,1,1,0,0,00,B,9,_,8,_,0,0,_,_,0,_,_,_,B00T11E9080-____X0_S00,B1521
92102902,1,1,0,0,20,_,_,0,_,0,_,_,0,0,_,0,0,0,_20T11E____-0000X_0S00,B1269
92128165,1,1,0,0,20,_,0,0,0,0,9,0,0,0,0,0,0,0,_20T11E0900-0000X00S00,T277
92101554,1,1,0,0,00,B,0,_,0,_,0,0,_,_,0,_,_,_,B00T11E0000-____X0_S00,B1077
92102875,1,1,0,0,00,B,_,4,_,0,_,_,0,0,_,0,0,0,B00T11E____-4000X_0S00,B1267
92102204,1,1,0,0,00,B,0,_,0,_,0,0,_,_,0,_,_,_,B00T11E0000-____X0_S00,B1161
92306085,1,0,0,0,00,B,_,0,_,0,_,_,0,0,_,0,0,0,B00T10E____-0000X_0S00,B2066
92302002,1,1,0,0,00,B,0,_,0,_,0,0,_,_,0,_,_,_,B00T11E0000-____X0_S00,B1802
92302518,_,_,0,0,00,B,8,4,7,5,0,0,5,0,0,0,0,0,B00T__E8070-4550X00S00,B1848
92102315,1,1,0,0,00,B,8,0,7,0,0,0,0,0,0,_,_,_,B00T11E8070-0000X0_S00,B1182
92101600,1,0,0,0,00,B,0,0,0,0,0,0,0,0,0,0,0,0,B00T10E0000-0000X00S00,B1084
92102197,1,1,0,0,00,B,0,5,0,0,0,0,3,4,0,_,_,_,B00T11E0000-5304X0_S00,B1161
92128903,1,1,0,0,00,B,_,0,_,0,_,_,0,0,_,0,0,0,B00T11E____-0000X_0S00,T419
92129622,1,1,0,0,00,B,0,0,0,0,0,0,0,0,_,_,_,_,B00T11E0000-0000X__S00,T517
92298833,1,1,0,0,00,B,0,_,0,_,0,0,_,_,0,_,_,_,B00T11E0000-____X0_S00,B1588
92103109,1,1,0,0,00,C,9,_,8,_,7,0,_,_,0,_,_,_,C00T11E9780-____X0_S00,B1306
92302009,1,1,_,_,00,B,0,4,0,5,0,0,0,0,_,0,0,0,B00T11E0000-4050X_0S__,B1803
92129117,1,1,1,0,00,B,_,3,_,0,_,_,0,0,_,0,0,0,B00T11E____-3000X_0S10,T439
92127476,1,1,0,0,00,B,0,0,0,0,0,0,0,0,0,0,0,0,B00T11E0000-0000X00S00,T1210
92102549,1,1,0,0,00,B,0,_,0,_,0,0,_,_,0,_,_,_,B00T11E0000-____X0_S00,B1218
92129644,_,_,0,_,00,B,9,4,0,5,0,0,3,0,0,0,0,0,B00T__E9000-4350X00S0_,T520
92128616,_,_,0,0,00,B,_,4,_,0,_,_,0,0,_,0,0,0,B00T__E____-4000X_0S00,T375
92304073,1,1,0,0,00,B,8,_,7,_,8,0,_,_,0,_,_,_,B00T11E8870-____X0_S00,B1951
92301456,1,1,0,0,00,B,9,_,7,_,0,0,_,_,0,_,_,_,B00T11E9070-____X0_S00,B1774
92129243,_,_,0,0,00,B,_,0,_,0,_,_,0,0,_,_,_,_,B00T__E____-0000X__S00,T453
92103616,_,1,0,0,00,B,_,4,_,3,_,_,0,0,_,0,0,0,B00T_1E____-4030X_0S00,B1391
92127912,1,_,0,0,00,B,0,_,0,_,0,0,_,_,0,_,_,_,B00T1_E0000-____X0_S00,T182
92127992,_,_,_,_,20,_,9,3,9,3,0,0,0,0,0,_,_,_,_20T__E9090-3030X0_S__,T216
92301978,1,1,0,0,00,B,7,0,8,0,9,0,0,0,0,0,0,0,B00T11E7980-0000X00S00,B1802
92102786,1,1,0,0,20,B,8,4,0,0,0,0,0,0,0,0,0,0,B20T11E8000-4000X00S00,B1259
92304673,1,1,0,0,00,B,_,3,0,5,_,0,0,0,_,0,0,0,B00T11E__00-3050X_0S00,B1988
92129129,_,_,0,0,00,B,_,0,_,0,_,_,0,0,_,_,_,_,B00T__E____-0000X__S00,T440
92301605,1,1,0,0,00,B,_,3,_,0,_,_,0,0,_,0,0,0,B00T11E____-3000X_0S00,B1785
92127778,_,_,_,_,00,B,9,5,7,0,0,0,0,0,0,_,_,_,B00T__E9070-5000X0_S__,T1297
92127105,1,_,0,0,00,B,9,_,8,_,0,0,_,_,0,_,_,_,B00T1_E9080-____X0_S00,T1091
92129595,_,_,0,0,00,B,9,_,8,_,8,0,_,_,0,_,_,_,B00T__E9880-____X0_S00,T512
92102787,1,1,0,0,20,B,0,3,0,5,0,0,0,0,_,0,0,0,B20T11E0000-3050X_0S00,B1259
92300210,1,1,0,0,00,B,_,0,_,0,_,_,0,0,_,0,0,0,B00T11E____-0000X_0S00,B1684
92296910,1,1,0,0,00,B,9,0,0,0,0,0,0,0,0,_,_,_,B00T11E9000-0000X0_S00,B1490
92296541,1,1,0,0,00,B,8,_,8,_,0,0,_,_,0,_,_,_,B00T11E8080-____X0_S00,B1470
92127015,1,1,0,0,20,B,7,0,8,0,9,8,0,0,_,0,0,0,B20T11E7988-0000X_0S00,T1060
92128242,_,_,0,0,00,B,_,0,_,0,_,_,0,0,_,0,0,0,B00T__E____-0000X_0S00,T299
92101719,1,1,0,0,00,B,7,4,0,0,8,0,0,0,0,0,0,0,B00T11E7800-4000X00S00,B1103
92300885,1,1,0,0,00,B,0,_,0,_,0,0,_,_,0,_,_,_,B00T11E0000-____X0_S00,B1726
92129933,1,1,0,0,00,B,8,0,0,0,0,0,0,0,0,_,_,_,B00T11E8000-0000X0_S00,T571
92129448,1,1,0,0,00,B,9,_,8,5,0,0,_,0,0,_,_,_,B00T11E9080-__50X0_S00,T485
92103110,1,1,0,0,00,B,9,_,7,_,0,0,_,_,0,_,_,_,B00T11E9070-____X0_S00,B1306
92128510,_,_,_,_,00,B,8,_,0,_,8,8,_,_,0,_,_,_,B00T__E8808-____X0_S__,T358
92127411,1,_,_,_,_,_,8,4,7,0,0,0,5,5,0,_,_,_,__T1_E8070-4505X0_S__,T1191
92128423,_,_,0,0,00,B,,,,,,,,,,,,,B00T__Enannannannan-nannannannanXnannanS00,T347
92128394,1,_,0,0,00,B,8,_,7,_,8,0,_,_,0,_,_,_,B00T1_E8870-____X0_S00,T339
92305243,1,1,0,0,00,B,8,0,0,0,8,0,0,0,0,0,0,0,B00T11E8800-0000X00S00,B2018
92127573,1,1,0,0,00,B,0,4,0,5,0,0,0,0,0,1,1,1,B00T11E0000-4050X01S00,T1235
92102798,1,1,0,0,00,B,_,4,_,4,_,_,0,0,_,0,0,0,B00T11E____-4040X_0S00,B1260
92304042,1,1,0,0,00,B,_,3,_,3,_,_,3,0,_,0,0,0,B00T11E____-3330X_0S00,B1948
92127532,1,1,0,0,00,B,_,4,_,4,_,_,0,0,_,0,0,0,B00T11E____-4040X_0S00,T1224
92127733,1,1,0,0,00,B,0,0,0,0,0,0,0,0,0,_,_,_,B00T11E0000-0000X0_S00,T1282
92128209,1,_,0,0,00,B,9,_,8,_,8,0,_,_,0,_,_,_,B00T1_E9880-____X0_S00,T287
92129096,1,1,0,0,00,B,8,5,9,4,0,0,5,5,_,_,_,_,B00T11E8090-5545X__S00,T438
92103489,1,_,0,0,00,B,0,_,0,_,9,0,_,_,0,_,_,_,B00T1_E0900-____X0_S00,B1373
92128239,0,1,0,0,00,B,9,5,9,5,8,8,0,0,_,0,0,0,B00T01E9898-5050X_0S00,T298
92101590,1,1,0,0,00,B,_,0,_,0,_,_,0,0,_,0,0,0,B00T11E____-0000X_0S00,B1082
92129866,1,1,0,0,00,B,_,0,_,0,_,_,0,0,_,0,0,0,B00T11E____-0000X_0S00,T557
92103561,1,1,0,0,00,B,9,3,8,4,0,0,0,0,0,0,0,0,B00T11E9080-3040X00S00,B1384
92129767,_,1,0,0,00,B,_,4,_,3,_,_,0,0,_,0,0,0,B00T_1E____-4030X_0S00,T539
92127695,_,_,0,0,00,B,8,3,0,4,9,8,4,0,_,0,0,0,B00T__E8908-3440X_0S00,T1273
92128446,_,1,0,0,00,B,0,0,0,0,0,0,0,0,_,0,0,0,B00T_1E0000-0000X_0S00,T352
92102972,1,1,0,0,00,B,8,0,0,0,0,0,0,0,0,0,0,0,B00T11E8000-0000X00S00,B1283
92304087,1,1,0,0,00,B,9,_,7,_,0,0,_,_,0,_,_,_,B00T11E9070-____X0_S00,B1951
92102926,1,1,0,0,00,B,0,3,0,4,0,0,0,0,0,0,0,0,B00T11E0000-3040X00S00,B1272
92298122,_,1,0,0,00,B,_,4,_,5,_,_,0,0,_,0,0,0,B00T_1E____-4050X_0S00,B1555
92127665,1,1,0,0,00,B,0,0,0,0,0,0,0,0,0,0,0,0,B00T11E0000-0000X00S00,T1261
92302502,1,1,0,0,00,C,8,3,7,5,0,0,4,0,0,0,0,0,C00T11E8070-3450X00S00,B1848
92127548,_,1,0,0,00,B,_,3,_,4,_,_,3,4,_,0,0,0,B00T_1E____-3344X_0S00,T1228
92127438,1,1,0,0,00,B,_,3,_,0,_,_,0,0,_,0,0,0,B00T11E____-3000X_0S00,T1204
92304509,1,1,0,0,00,B,_,0,_,0,_,_,0,0,_,0,0,0,B00T11E____-0000X_0S00,B1980
92129047,1,1,0,0,00,B,_,3,_,4,_,_,0,0,_,0,0,0,B00T11E____-3040X_0S00,T434
92304225,1,1,0,0,00,B,0,0,0,0,0,0,4,0,0,0,0,0,B00T11E0000-0400X00S00,B1959
92129311,1,1,0,0,00,B,9,_,8,_,0,0,_,_,0,_,_,_,B00T11E9080-____X0_S00,T466
92101887,1,1,0,0,00,B,8,0,0,0,0,0,0,0,0,0,0,0,B00T11E8000-0000X00S00,B1126
92295906,1,1,0,0,00,C,9,3,0,0,0,0,0,0,0,0,0,0,C00T11E9000-3000X00S00,B1430
92129623,_,1,0,_,00,B,_,0,_,0,_,_,0,0,_,0,0,0,B00T_1E____-0000X_0S0_,T517
92101243,0,1,0,0,00,B,8,4,7,5,7,8,5,0,0,0,0,0,B00T01E8778-4550X00S00,B1032
92129684,0,0,0,_,00,B,0,0,0,0,0,0,0,0,0,0,0,0,B00T00E0000-0000X00S0_,T523
92127413,_,_,0,0,00,B,8,4,8,3,0,0,4,5,0,_,_,_,B00T__E8080-4435X0_S00,T1192
92127382,_,_,0,0,00,B,8,4,8,0,0,0,0,0,0,0,0,0,B00T__E8080-4000X00S00,T1185
92101246,_,1,_,_,00,C,8,_,0,_,0,0,_,_,0,_,_,_,C00T_1E8000-____X0_S__,B1032
92128451,1,1,0,0,00,B,_,0,_,0,_,_,0,0,_,0,0,0,B00T11E____-0000X_0S00,T353
92126942,1,_,0,_,00,B,8,_,7,_,0,0,_,_,0,_,_,_,B00T1_E8070-____X0_S0_,T1040
92128497,_,_,_,_,_,_,9,_,0,_,0,0,_,_,0,_,_,_,__T__E9000-____X0_S__,T356
92101076,_,_,_,_,00,B,,,,,,,,,,,,,B00T__Enannannannan-nannannannanXnannanS__,B1012
92127283,1,1,0,0,00,B,8,_,0,_,0,0,_,_,0,_,_,_,B00T11E8000-____X0_S00,T1155
92300696,_,_,0,0,00,B,_,3,_,3,_,_,0,0,_,0,0,0,B00T__E____-3030X_0S00,B1709
92102152,1,1,0,0,20,_,0,4,0,4,0,0,3,0,0,0,0,0,_20T11E0000-4340X00S00,B1155
92298514,1,1,0,0,00,B,_,0,_,0,_,_,0,0,_,0,0,0,B00T11E____-0000X_0S00,B1574
92129657,1,1,_,0,00,B,7,0,9,0,7,0,0,0,0,_,_,_,B00T11E7790-0000X0_S_0,T521
92101394,1,1,0,0,00,B,8,4,0,4,0,0,0,0,0,0,0,0,B00T11E8000-4040X00S00,B1052
92302698,1,1,0,0,00,B,_,0,_,0,_,_,3,0,_,0,0,0,B00T11E____-0300X_0S00,B1861
92127580,1,1,_,_,00,B,_,0,_,0,_,_,0,0,_,0,0,0,B00T11E____-0000X_0S__,T1238
92129829,1,1,0,0,00,B,0,_,0,_,0,0,_,_,0,_,_,_,B00T11E0000-____X0_S00,T551
92127243,1,_,0,0,00,B,9,4,0,0,0,0,0,0,0,0,0,0,B00T1_E9000-4000X00S00,T1143
92100882,1,1,0,0,00,B,9,0,0,0,0,0,0,0,0,0,0,0,B00T11E9000-0000X00S00,B1001
92296991,1,1,0,0,00,C,8,5,8,4,0,0,3,0,0,_,_,_,C00T11E8080-5340X0_S00,B1493
92129828,_,1,0,0,00,B,8,_,0,_,0,0,_,_,0,_,_,_,B00T_1E8000-____X0_S00,T551
92128358,1,_,0,0,00,B,8,_,9,_,8,0,_,_,0,_,_,_,B00T1_E8890-____X0_S00,T334
92103563,1,1,0,0,00,B,9,3,9,4,0,0,0,0,0,0,0,0,B00T11E9090-3040X00S00,B1385
92102771,1,1,0,0,00,B,0,_,0,_,0,0,_,_,0,_,_,_,B00T11E0000-____X0_S00,B1258
92101921,1,1,0,0,00,B,0,0,0,0,0,0,0,0,_,0,0,0,B00T11E0000-0000X_0S00,B1130
92128813,1,1,0,0,00,B,0,3,0,3,0,0,5,0,_,0,0,0,B00T11E0000-3530X_0S00,T403
92127775,1,1,_,0,00,B,_,4,_,3,_,_,4,0,_,0,0,0,B00T11E____-4430X_0S_0,T1296
92101688,_,_,0,0,00,B,8,_,0,_,0,0,_,_,0,_,_,_,B00T__E8000-____X0_S00,B1098
92101845,_,1,_,0,00,B,0,5,0,0,0,0,5,0,0,0,0,0,B00T_1E0000-5500X00S_0,B1121
92129397,1,_,0,_,00,B,7,_,0,_,0,0,_,_,0,_,_,_,B00T1_E7000-____X0_S0_,T476
92296946,1,1,0,0,00,B,8,0,0,0,0,0,0,0,0,_,_,_,B00T11E8000-0000X0_S00,B1492
92129115,_,1,0,0,00,B,_,4,_,0,_,_,0,0,_,0,0,0,B00T_1E____-4000X_0S00,T439
92305461,1,1,0,0,00,B,0,_,0,_,0,0,_,_,0,_,_,_,B00T11E0000-____X0_S00,B2031
92127320,1,1,1,0,00,B,0,3,0,0,0,0,0,0,_,0,0,0,B00T11E0000-3000X_0S10,T1167
92296854,1,1,0,0,00,B,9,4,0,0,0,0,0,0,0,0,0,0,B00T11E9000-4000X00S00,B1487
92102312,_,1,0,0,00,B,9,4,8,0,7,8,0,0,_,0,0,0,B00T_1E9788-4000X_0S00,B1182
92296570,1,_,0,0,20,_,0,_,0,_,0,0,_,_,0,_,_,_,_20T1_E0000-____X0_S00,B1473
92298496,1,1,0,0,00,B,0,4,0,4,0,0,4,0,0,0,0,0,B00T11E0000-4440X00S00,B1572
92103344,_,_,_,_,_,_,_,4,_,0,_,_,0,0,_,0,0,0,__T__E____-4000X_0S__,B1346
92300869,1,1,0,0,00,B,0,_,0,_,0,0,_,_,0,_,_,_,B00T11E0000-____X0_S00,B1725
92305863,1,1,_,0,00,B,_,3,_,0,_,_,3,0,_,0,0,0,B00T11E____-3300X_0S_0,B2053
92129968,1,1,0,_,00,B,0,0,0,0,7,0,5,0,0,0,0,0,B00T11E0700-0500X00S0_,T581
92300058,1,1,0,0,00,B,0,_,0,_,0,0,_,_,0,_,_,_,B00T11E0000-____X0_S00,B1672
92128696,1,1,0,0,00,B,0,0,0,0,0,0,0,0,_,0,0,0,B00T11E0000-0000X_0S00,T386
92306011,1,1,0,_,00,B,0,_,0,_,0,0,_,_,0,_,_,_,B00T11E0000-____X0_S0_,B2063
92127493,_,_,0,0,20,C,_,0,_,0,_,_,0,0,_,_,_,_,C20T__E____-0000X__S00,T1214
92129086,1,1,0,0,00,B,8,_,0,_,0,0,_,_,0,_,_,_,B00T11E8000-____X0_S00,T437
92103318,0,0,0,0,20,B,_,0,_,0,_,_,0,0,_,0,0,0,B20T00E____-0000X_0S00,B1336
92296677,1,1,0,0,20,B,0,_,0,_,0,0,_,_,0,_,_,_,B20T11E0000-____X0_S00,B1478
92126824,_,_,_,0,00,B,_,0,_,0,_,_,4,4,_,0,0,0,B00T__E____-0404X_0S_0,T1004
92297515,1,1,0,0,00,B,_,0,_,0,_,_,0,0,_,0,0,0,B00T11E____-0000X_0S00,B1520
92101357,1,1,0,0,00,C,_,0,_,0,_,_,0,0,_,0,0,0,C00T11E____-0000X_0S00,B1043
92129731,1,1,0,0,00,B,9,0,0,0,0,0,0,0,0,0,0,0,B00T11E9000-0000X00S00,T535
92127505,1,1,0,0,00,B,0,0,0,0,0,0,0,0,0,0,0,0,B00T11E0000-0000X00S00,T1218
92103391,1,1,0,_,00,B,7,_,0,_,7,0,_,_,0,_,_,_,B00T11E7700-____X0_S0_,B1354
92102516,1,1,0,0,00,B,8,3,0,0,7,0,0,0,_,0,0,0,B00T11E8700-3000X_0S00,B1215
92128543,1,1,0,_,00,B,9,_,8,_,0,0,_,_,0,_,_,_,B00T11E9080-____X0_S0_,T362
92101617,0,1,0,0,00,B,9,0,8,5,8,7,0,0,0,0,0,0,B00T01E9887-0050X00S00,B1085
92301497,1,1,0,0,00,B,_,0,_,0,_,_,0,0,_,0,0,0,B00T11E____-0000X_0S00,B1779
92128052,1,1,0,0,00,B,0,0,0,0,0,0,0,0,0,0,0,0,B00T11E0000-0000X00S00,T251
92103343,_,1,0,_,00,B,8,4,8,3,0,0,0,0,_,0,0,0,B00T_1E8080-4030X_0S0_,B1346
92101610,0,1,0,0,00,B,_,3,_,5,_,_,0,0,_,0,0,0,B00T01E____-3050X_0S00,B1085
92298934,1,1,0,0,00,B,9,3,8,0,0,0,0,0,0,_,_,_,B00T11E9080-3000X0_S00,B1591
92300377,1,1,0,0,00,B,9,_,7,_,0,0,_,_,0,_,_,_,B00T11E9070-____X0_S00,B1691
92103286,1,1,0,0,00,B,_,0,_,0,_,_,0,0,_,0,0,0,B00T11E____-0000X_0S00,B1331
92101857,1,1,0,0,00,B,8,_,9,_,0,0,_,_,0,_,_,_,B00T11E8090-____X0_S00,B1122
92127768,_,_,0,_,20,_,8,_,0,_,0,0,_,_,0,_,_,_,_20T__E8000-____X0_S0_,T1293
92127634,1,1,0,0,00,B,0,0,0,0,0,0,0,0,0,0,0,0,B00T11E0000-0000X00S00,T1251
92101058,_,_,0,_,00,B,_,0,_,0,_,_,0,0,_,0,0,0,B00T__E____-0000X_0S0_,B1011
92101910,_,1,0,0,00,B,0,4,0,4,0,0,0,0,_,0,0,0,B00T_1E0000-4040X_0S00,B1129
92102598,1,1,_,0,00,B,9,0,8,0,8,0,0,0,0,0,0,0,B00T11E9880-0000X00S_0,B1225
92127927,_,_,_,_,00,B,_,4,_,0,_,_,0,0,_,0,0,0,B00T__E____-4000X_0S__,T204
92101853,1,1,0,0,00,B,7,_,8,_,0,0,_,_,0,_,_,_,B00T11E7080-____X0_S00,B1122
92102481,_,_,0,0,00,B,9,3,8,5,9,7,0,0,0,0,0,0,B00T__E9987-3050X00S00,B1208
92103292,1,1,0,0,00,B,9,0,0,0,9,0,0,0,0,0,0,0,B00T11E9900-0000X00S00,B1332
92102767,1,1,0,0,00,B,_,0,_,0,_,_,5,0,_,0,0,0,B00T11E____-0500X_0S00,B1258
92101037,1,1,0,0,00,C,7,0,8,0,9,0,0,0,0,_,_,_,C00T11E7980-0000X0_S00,B1010
92127852,1,_,0,0,00,B,8,4,0,0,0,0,0,0,0,0,0,0,B00T1_E8000-4000X00S00,T1318
92305462,1,1,0,0,20,B,0,_,0,_,0,0,_,_,0,_,_,_,B20T11E0000-____X0_S00,B2031
92129412,_,1,0,0,00,B,_,3,_,0,_,_,3,0,_,0,0,0,B00T_1E____-3300X_0S00,T478
92300967,1,1,0,0,00,B,8,_,7,_,0,0,_,_,0,_,_,_,B00T11E8070-____X0_S00,B1734
92128382,1,1,0,0,00,B,0,0,0,0,0,0,0,0,0,0,0,0,B00T11E0000-0000X00S00,T336
92301305,1,1,0,0,00,B,0,0,0,0,0,0,0,0,0,_,_,_,B00T11E0000-0000X0_S00,B1760
92300945,1,1,_,_,00,B,0,_,0,_,0,0,_,_,0,_,_,_,B00T11E0000-____X0_S__,B1733
92305923,_,1,0,0,00,B,8,4,0,0,8,0,0,0,0,0,0,0,B00T_1E8800-4000X00S00,B2058
92101809,1,1,0,0,00,B,_,0,_,0,_,_,0,0,_,0,0,0,B00T11E____-0000X_0S00,B1114
92305004,1,_,0,0,00,B,0,4,0,4,0,0,0,0,0,_,_,_,B00T1_E0000-4040X0_S00,B2007
92102047,1,1,0,0,00,B,9,3,9,3,0,0,0,0,0,0,0,0,B00T11E9090-3030X00S00,B1143
92126959,1,1,0,0,00,B,8,_,9,_,0,0,_,_,0,_,_,_,B00T11E8090-____X0_S00,T1043
92102283,1,1,1,0,00,B,8,_,0,_,0,0,_,_,0,_,_,_,B00T11E8000-____X0_S10,B1178
92128374,1,1,0,0,00,B,_,4,_,4,_,_,0,0,_,0,0,0,B00T11E____-4040X_0S00,T335
92102006,_,1,0,0,00,B,0,0,0,0,0,0,0,0,0,0,0,0,B00T_1E0000-0000X00S00,B1141
92129902,1,_,0,0,20,B,_,0,_,0,_,_,0,0,_,0,0,0,B20T1_E____-0000X_0S00,T564
92300709,1,1,0,0,00,B,0,3,0,4,0,0,4,0,0,0,0,0,B00T11E0000-3440X00S00,B1711
92100892,_,1,0,0,20,C,_,4,_,3,_,_,0,0,_,0,0,0,C20T_1E____-4030X_0S00,B1001
92297525,1,1,0,0,00,B,9,4,8,0,0,0,0,0,0,0,0,0,B00T11E9080-4000X00S00,B1521
92295575,_,1,0,0,00,B,_,3,_,0,_,_,0,0,_,0,0,0,B00T_1E____-3000X_0S00,B1406
92127400,_,1,0,0,00,B,0,4,0,0,0,0,0,0,_,0,0,0,B00T_1E0000-4000X_0S00,T1187
92103552,1,1,_,0,00,B,0,4,0,4,0,0,0,0,0,0,0,0,B00T11E0000-4040X00S_0,B1382
92305521,1,1,0,0,00,B,0,0,0,0,0,0,0,0,0,0,0,0,B00T11E0000-0000X00S00,B2034
92101780,1,1,0,0,00,B,0,_,0,_,0,0,_,_,0,_,_,_,B00T11E0000-____X0_S00,B1111
92127904,1,_,0,0,00,B,0,4,0,5,0,0,5,4,0,_,_,_,B00T1_E0000-4554X0_S00,T173
92100888,1,1,0,0,00,B,9,_,7,_,0,0,_,_,0,_,_,_,B00T11E9070-____X0_S00,B1001
92129128,_,1,0,0,00,B,,,,,,,,,,,,,B00T_1Enannannannan-nannannannanXnannanS00,T440
92129220,_,1,0,_,00,B,0,0,0,0,0,0,0,0,_,0,0,0,B00T_1E0000-0000X_0S0_,T451
92298302,1,1,0,0,00,B,8,0,7,0,0,0,0,0,0,0,0,0,B00T11E8070-0000X00S00,B1559
92126927,_,_,_,0,00,B,_,5,_,5,_,_,0,0,_,0,0,0,B00T__E____-5050X_0S_0,T1037
92101773,_,1,0,0,00,B,_,3,_,0,_,_,0,0,_,0,0,0,B00T_1E____-3000X_0S00,B1111
92298802,1,1,0,0,00,B,_,0,_,0,_,_,0,0,_,0,0,0,B00T11E____-0000X_0S00,B1587
92302380,1,1,0,0,00,B,9,_,0,_,0,0,_,_,0,_,_,_,B00T11E9000-____X0_S00,B1837
92300802,1,1,0,0,00,B,8,_,0,_,0,0,_,_,0,_,_,_,B00T11E8000-____X0_S00,B1719
92101071,1,1,0,0,00,B,8,3,0,0,0,0,0,0,0,0,0,0,B00T11E8000-3000X00S00,B1012
92101338,_,_,_,0,00,B,9,_,8,_,0,0,_,_,0,_,_,_,B00T__E9080-____X0_S_0,B1042
92298902,1,1,0,0,00,B,_,0,_,0,_,_,0,0,_,0,0,0,B00T11E____-0000X_0S00,B1590
92296546,1,1,0,0,00,B,0,0,0,0,0,0,0,0,0,0,0,0,B00T11E0000-0000X00S00,B1471
92299666,1,1,0,0,00,B,0,_,0,_,0,0,_,_,0,_,_,_,B00T11E0000-____X0_S00,B1643
92297855,1,1,0,0,20,B,7,5,8,5,9,9,0,0,_,0,0,0,B20T11E7989-5050X_0S00,B1535
92129593,_,1,0,0,00,B,9,_,0,_,0,0,_,_,0,_,_,_,B00T_1E9000-____X0_S00,T512
92127371,1,1,0,0,00,B,8,_,0,_,0,0,_,_,0,_,_,_,B00T11E8000-____X0_S00,T1184
92102051,_,_,0,0,20,B,0,4,0,0,7,7,0,0,0,0,0,0,B20T__E0707-4000X00S00,B1143
92101419,0,_,0,0,00,B,_,5,_,4,_,_,0,0,_,0,0,0,B00T0_E____-5040X_0S00,B1058
92128853,_,1,0,0,00,B,0,0,0,0,0,0,0,0,_,0,0,0,B00T_1E0000-0000X_0S00,T411
92299061,_,_,0,0,20,B,_,0,_,0,_,_,0,0,_,0,0,0,B20T__E____-0000X_0S00,B1598
92129353,1,1,0,_,00,B,_,0,_,0,_,_,3,0,_,0,0,0,B00T11E____-0300X_0S0_,T471
92297767,1,0,0,0,00,B,0,0,0,0,0,0,0,0,_,0,0,0,B00T10E0000-0000X_0S00,B1534
92128700,1,_,0,0,00,B,7,_,0,_,0,0,_,_,0,_,_,_,B00T1_E7000-____X0_S00,T386
92102250,1,1,0,0,00,B,0,_,8,_,0,0,_,_,0,_,_,_,B00T11E0080-____X0_S00,B1171
92129895,_,1,0,0,00,B,_,4,_,4,_,_,0,0,_,0,0,0,B00T_1E____-4040X_0S00,T563
92103599,1,1,0,0,00,B,0,4,0,0,0,0,0,0,0,0,0,0,B00T11E0000-4000X00S00,B1391
92101365,1,_,0,0,00,B,9,3,0,0,0,0,0,0,0,0,0,0,B00T1_E9000-3000X00S00,B1047
92100896,1,1,0,0,00,B,8,3,8,0,0,0,0,0,0,0,0,0,B00T11E8080-3000X00S00,B1001
92102459,1,1,0,0,00,B,0,0,0,0,0,0,3,0,0,0,0,0,B00T11E0000-0300X00S00,B1205
92298736,1,1,0,0,00,C,8,4,7,0,0,0,4,0,0,0,0,0,C00T11E8070-4400X00S00,B1583
92129600,1,_,_,0,00,B,9,_,8,_,0,0,_,_,0,_,_,_,B00T1_E9080-____X0_S_0,T513
92301664,1,1,0,_,00,B,0,4,0,5,0,0,4,5,0,0,0,0,B00T11E0000-4455X00S0_,B1786
92299882,1,1,0,0,00,B,9,0,0,0,0,0,0,0,0,0,0,0,B00T11E9000-0000X00S00,B1658
92303288,1,1,0,0,00,B,8,4,0,0,0,0,0,0,0,0,0,0,B00T11E8000-4000X00S00,B1902
92127829,_,_,0,_,20,_,,,,,,,,,,,,,_20T__Enannannannan-nannannannanXnannanS0_,T1309
92127416,1,_,0,0,00,B,8,_,0,_,7,0,_,_,0,_,_,_,B00T1_E8700-____X0_S00,T1194
92127216,1,1,0,0,20,C,9,_,8,_,0,0,_,_,0,_,_,_,C20T11E9080-____X0_S00,T1134
92101083,1,1,0,0,00,B,0,0,0,0,0,0,0,0,0,0,0,0,B00T11E0000-0000X00S00,B1012
92127357,1,1,0,0,00,C,9,0,9,0,0,0,3,0,0,0,0,0,C00T11E9090-0300X00S00,T1179
92299177,1,1,0,0,00,B,9,3,8,4,0,0,0,0,0,0,0,0,B00T11E9080-3040X00S00,B1604
92296816,1,1,0,0,00,B,0,0,0,0,0,0,0,0,0,_,_,_,B00T11E0000-0000X0_S00,B1485
92100887,_,_,_,_,_,_,,,,,,,,,,,,,__T__Enannannannan-nannannannanXnannanS__,B1001
92102166,1,1,0,0,00,B,9,0,0,0,7,0,0,0,0,0,0,0,B00T11E9700-0000X00S00,B1156
92296122,1,1,0,0,00,B,9,4,8,0,7,7,0,0,0,0,0,0,B00T11E9787-4000X00S00,B1445
92129177,1,1,0,0,20,_,,,,,,,,,,,,,_20T11Enannannannan-nannannannanXnannanS00,T445
92302033,_,1,0,0,00,C,_,3,_,0,_,_,5,0,_,0,0,0,C00T_1E____-3500X_0S00,B1805
92127008,1,1,0,0,00,B,9,_,8,_,8,0,_,_,0,_,_,_,B00T11E9880-____X0_S00,T1058
92127561,_,_,0,0,00,B,0,_,0,_,0,0,_,_,0,_,_,_,B00T__E0000-____X0_S00,T1231
92101339,1,_,0,0,00,B,8,_,0,_,8,0,_,_,0,_,_,_,B00T1_E8800-____X0_S00,B1042
92102298,1,1,0,0,00,B,8,3,9,0,0,0,0,0,0,0,0,0,B00T11E8090-3000X00S00,B1181
92101264,0,1,0,0,00,B,_,3,_,0,_,_,0,0,_,0,0,0,B00T01E____-3000X_0S00,B1035
92129417,1,1,0,0,00,B,0,0,0,0,0,0,3,0,_,0,0,0,B00T11E0000-0300X_0S00,T479
92128675,1,_,0,0,00,B,0,0,0,0,0,0,0,0,_,0,0,0,B00T1_E0000-0000X_0S00,T381
92102102,_,1,0,_,00,B,0,4,0,5,0,0,5,0,_,0,0,0,B00T_1E0000-4550X_0S0_,B1151
92102916,1,1,0,0,00,B,9,0,0,0,9,0,4,0,0,_,_,_,B00T11E9900-0400X0_S00,B1271
92128220,0,0,0,0,20,_,0,3,0,4,0,0,5,3,0,_,_,_,_20T00E0000-3543X0_S00,T292
92303237,_,_,0,0,00,B,_,3,_,0,_,_,3,0,_,0,0,0,B00T__E____-3300X_0S00,B1899
92127104,1,_,0,0,00,B,9,_,0,_,0,0,_,_,0,_,_,_,B00T1_E9000-____X0_S00,T1091
92129309,1,1,0,0,00,B,0,3,0,4,0,0,3,4,0,_,_,_,B00T11E0000-3344X0_S00,T465
92103293,_,1,0,0,00,B,_,0,_,0,_,_,0,0,_,0,0,0,B00T_1E____-0000X_0S00,B1332
92100873,1,1,0,0,00,B,8,4,8,0,0,0,0,0,0,0,0,0,B00T11E8080-4000X00S00,B1000
92300591,_,1,0,0,00,B,8,_,8,_,0,0,_,_,0,_,_,_,B00T_1E8080-____X0_S00,B1704
92101861,1,_,0,0,00,B,8,3,0,4,0,0,0,0,0,0,0,0,B00T1_E8000-3040X00S00,B1123
92101084,1,1,0,0,00,B,0,0,0,0,0,0,0,0,0,0,0,0,B00T11E0000-0000X00S00,B1012
92103096,1,1,0,0,00,B,0,_,0,_,7,0,_,_,0,_,_,_,B00T11E0700-____X0_S00,B1305
92129106,1,1,0,0,00,B,_,4,_,4,_,_,0,0,_,0,0,0,B00T11E____-4040X_0S00,T438
92128262,1,1,0,0,00,B,_,3,_,0,_,_,0,0,_,0,0,0,B00T11E____-3000X_0S00,T308
92127500,1,1,1,0,00,B,8,_,0,_,9,0,_,_,0,_,_,_,B00T11E8900-____X0_S10,T1216
92126918,1,_,0,0,00,B,8,_,7,_,0,0,_,_,0,_,_,_,B00T1_E8070-____X0_S00,T1032
92296249,1,1,0,0,00,B,_,4,_,4,_,_,0,0,_,0,0,0,B00T11E____-4040X_0S00,B1450
92299472,1,1,0,0,00,B,_,4,_,3,_,_,0,0,_,0,0,0,B00T11E____-4030X_0S00,B1627
92296596,1,1,0,0,00,B,9,0,0,0,0,0,0,0,0,0,0,0,B00T11E9000-0000X00S00,B1475
92101466,1,1,0,0,00,B,9,3,0,0,0,0,5,4,0,0,0,0,B00T11E9000-3504X00S00,B1064
92101658,1,1,0,0,00,B,0,0,0,0,0,0,0,0,0,0,0,0,B00T11E0000-0000X00S00,B1096
92128775,1,1,0,0,00,B,_,3,_,5,_,_,4,5,_,0,0,0,B00T11E____-3455X_0S00,T399
92102970,1,1,0,0,00,B,_,0,0,0,_,0,0,0,_,0,0,0,B00T11E__00-0000X_0S00,B1283
92101353,1,1,0,0,00,B,7,4,8,0,0,0,0,0,0,0,0,0,B00T11E7080-4000X00S00,B1043
92296395,1,1,_,0,00,B,9,_,0,_,0,0,_,_,0,_,_,_,B00T11E9000-____X0_S_0,B1460
92298831,1,1,0,0,00,B,0,_,0,_,0,0,_,_,0,_,_,_,B00T11E0000-____X0_S00,B1588
92101295,1,1,0,0,00,B,_,5,_,0,_,_,0,0,_,0,0,0,B00T11E____-5000X_0S00,B1038
92128974,_,1,0,0,00,B,0,4,0,0,0,0,0,0,0,_,_,_,B00T_1E0000-4000X0_S00,T427
92304902,_,_,0,0,00,B,0,_,0,_,0,0,_,_,0,_,_,_,B00T__E0000-____X0_S00,B2000
92103048,1,1,0,0,00,B,0,0,0,0,0,0,5,0,_,0,0,0,B00T11E0000-0500X_0S00,B1293
92103372,1,1,0,0,00,B,_,0,_,0,_,_,0,0,_,0,0,0,B00T11E____-0000X_0S00,B1350
92127139,1,1,0,0,00,B,0,0,0,0,0,0,0,0,_,0,0,0,B00T11E0000-0000X_0S00,T1103
92302933,1,1,0,0,00,B,_,3,_,4,_,_,3,0,_,0,0,0,B00T11E____-3340X_0S00,B1879
92101053,_,_,0,_,00,B,8,_,0,_,0,0,_,_,0,_,_,_,B00T__E8000-____X0_S0_,B1011
92299879,1,_,0,0,00,B,7,0,8,0,0,0,0,0,0,0,0,0,B00T1_E7080-0000X00S00,B1658
92128385,_,_,_,_,_,_,9,4,0,0,0,0,0,0,0,0,0,0,__T__E9000-4000X00S__,T337
92298293,_,0,_,_,00,B,_,3,_,4,_,_,4,0,_,0,0,0,B00T_0E____-3440X_0S__,B1558
92101380,1,_,0,0,00,B,7,5,0,0,0,0,0,0,0,0,0,0,B00T1_E7000-5000X00S00,B1048
92128989,_,_,0,0,00,B,8,_,0,_,0,0,_,_,0,_,_,_,B00T__E8000-____X0_S00,T429
92103034,1,1,0,0,00,B,0,_,0,_,0,0,_,_,0,_,_,_,B00T11E0000-____X0_S00,B1292
92299398,1,1,0,0,00,B,_,4,_,3,_,_,0,0,_,0,0,0,B00T11E____-4030X_0S00,B1623
92103314,1,0,0,0,00,B,0,3,0,5,0,0,0,0,_,0,0,0,B00T10E0000-3050X_0S00,B1336
92300344,1,1,_,0,00,B,8,5,7,5,0,0,4,0,0,0,0,0,B00T11E8070-5450X00S_0,B1688
92128411,1,_,0,0,00,B,7,_,9,_,0,0,_,_,0,_,_,_,B00T1_E7090-____X0_S00,T344
92102500,1,1,0,0,00,B,_,0,_,0,_,_,0,0,_,0,0,0,B00T11E____-0000X_0S00,B1212
92306302,_,1,_,0,00,B,_,4,_,4,_,_,0,0,_,0,0,0,B00T_1E____-4040X_0S_0,B2078
92128177,1,1,_,_,20,_,8,0,0,0,0,0,0,0,_,0,0,0,_20T11E8000-0000X_0S__,T279
92297519,1,1,0,_,00,B,_,0,_,0,_,_,0,0,_,0,0,0,B00T11E____-0000X_0S0_,B1521
92101299,1,1,0,0,00,B,_,0,_,0,_,_,0,0,_,0,0,0,B00T11E____-0000X_0S00,B1038
92295662,1,1,0,0,20,B,_,4,_,3,_,_,0,0,_,0,0,0,B20T11E____-4030X_0S00,B1409
92103560,1,1,_,0,00,B,0,3,0,3,0,0,0,0,0,0,0,0,B00T11E0000-3030X00S_0,B1384
92302194,0,_,_,_,00,B,7,5,0,0,0,0,0,0,0,_,_,_,B00T0_E7000-5000X0_S__,B1818
92101212,1,1,0,0,20,_,8,4,0,0,0,0,0,0,0,_,_,_,_20T11E8000-4000X0_S00,B1029
92126913,1,1,0,_,00,B,8,0,0,0,0,0,0,0,0,_,_,_,B00T11E8000-0000X0_S0_,T1030
92127995,1,_,0,0,00,B,8,_,0,_,0,0,_,_,0,_,_,_,B00T1_E8000-____X0_S00,T219
92103188,1,1,0,0,00,B,8,5,9,0,0,0,0,0,0,_,_,_,B00T11E8090-5000X0_S00,B1317
92101977,_,1,0,0,00,B,0,4,0,0,0,0,0,0,_,0,0,0,B00T_1E0000-4000X_0S00,B1136
92102392,1,1,0,0,00,B,7,3,0,5,0,0,0,0,0,0,0,0,B00T11E7000-3050X00S00,B1195
92303008,1,1,0,0,00,C,0,3,0,0,0,0,4,5,0,0,0,0,C00T11E0000-3405X00S00,B1884
92302975,1,1,0,0,00,B,_,0,_,0,_,_,0,0,_,0,0,0,B00T11E____-0000X_0S00,B1882
92129238,_,1,0,0,00,B,_,5,_,3,_,_,4,0,_,0,0,0,B00T_1E____-5430X_0S00,T453
92302730,1,1,0,_,00,B,0,3,0,4,0,0,0,0,0,0,0,0,B00T11E0000-3040X00S0_,B1864
92128032,1,1,0,0,00,B,0,4,0,0,9,0,0,0,0,0,0,0,B00T11E0900-4000X00S00,T240
92127878,1,_,0,0,00,B,8,5,0,4,0,0,3,4,0,_,_,_,B00T1_E8000-5344X0_S00,T1326
92127817,1,1,0,0,00,B,0,4,0,0,0,0,0,0,0,0,0,0,B00T11E0000-4000X00S00,T1307
92129054,1,_,_,_,00,B,9,4,8,4,0,0,0,0,_,0,0,0,B00T1_E9080-4040X_0S__,T435
92102802,1,1,0,0,00,B,0,0,0,4,0,0,0,0,0,0,0,0,B00T11E0000-0040X00S00,B1260
92298678,1,1,0,0,20,B,9,3,0,0,0,0,0,0,0,0,0,0,B20T11E9000-3000X00S00,B1580
92301710,1,1,0,0,00,B,9,0,8,0,0,0,0,0,0,0,0,0,B00T11E9080-0000X00S00,B1788
92128025,1,1,0,0,00,B,0,_,0,_,0,0,_,_,0,_,_,_,B00T11E0000-____X0_S00,T239
92305951,_,_,0,0,00,B,0,4,0,0,0,0,0,0,_,0,0,0,B00T__E0000-4000X_0S00,B2060
92101249,1,1,0,0,00,B,_,0,_,0,_,_,0,0,_,0,0,0,B00T11E____-0000X_0S00,B1033
92128788,_,_,0,0,00,B,0,0,0,0,0,0,0,0,0,0,0,0,B00T__E0000-0000X00S00,T400
92126839,_,1,0,0,00,B,_,3,_,3,_,_,0,0,_,0,0,0,B00T_1E____-3030X_0S00,T1008
92128921,1,_,0,_,00,B,0,0,0,0,0,0,0,0,0,0,0,0,B00T1_E0000-0000X00S0_,T421
92302855,1,1,0,0,00,B,_,0,_,0,_,_,0,0,_,0,0,0,B00T11E____-0000X_0S00,B1872
92103327,1,1,0,0,00,B,8,4,8,5,8,0,0,0,_,0,0,0,B00T11E8880-4050X_0S00,B1339
92305200,1,_,0,0,00,B,_,0,_,0,_,_,0,0,_,0,0,0,B00T1_E____-0000X_0S00,B2016
92300339,1,1,0,0,00,B,_,5,_,0,_,_,0,0,_,0,0,0,B00T11E____-5000X_0S00,B1687
92102927,1,1,0,0,00,B,0,3,0,0,0,0,0,0,_,0,0,0,B00T11E0000-3000X_0S00,B1272
92102094,_,1,1,0,00,B,9,4,9,3,0,0,0,0,0,0,0,0,B00T_1E9090-4030X00S10,B1149
92127535,1,1,0,0,00,B,8,4,8,0,0,0,0,0,0,0,0,0,B00T11E8080-4000X00S00,T1225
92298645,_,1,0,_,20,C,0,0,0,0,0,0,0,0,_,0,0,0,C20T_1E0000-0000X_0S0_,B1579
92303980,1,1,0,0,00,B,0,3,0,0,0,0,0,0,0,0,0,0,B00T11E0000-3000X00S00,B1945
92103613,_,1,0,0,00,B,_,4,_,0,_,_,0,0,_,0,0,0,B00T_1E____-4000X_0S00,B1391
92305212,1,1,0,0,00,B,_,0,_,0,_,_,0,0,_,0,0,0,B00T11E____-0000X_0S00,B2016
92305804,1,1,0,_,00,B,8,4,7,4,0,0,4,5,0,0,0,0,B00T11E8070-4445X00S0_,B2052
92297617,0,1,_,_,00,B,8,_,8,_,0,0,_,_,0,_,_,_,B00T01E8080-____X0_S__,B1527
92102810,1,1,0,0,00,B,7,_,8,_,0,0,_,_,0,_,_,_,B00T11E7080-____X0_S00,B1261
92128807,1,1,0,0,00,B,0,_,0,_,0,0,_,_,0,_,_,_,B00T11E0000-____X0_S00,T403
92128344,1,1,0,0,00,B,9,_,8,_,0,0,_,_,0,_,_,_,B00T11E9080-____X0_S00,T329
92128581,_,_,_,0,00,B,,,,,,,,,,,,,B00T__Enannannannan-nannannannanXnannanS_0,T367
92304124,1,_,0,0,00,B,0,_,0,_,0,0,_,_,0,_,_,_,B00T1_E0000-____X0_S00,B1953
92306073,1,0,0,0,00,B,_,0,_,0,_,_,0,0,_,0,0,0,B00T10E____-0000X_0S00,B2066
92295869,1,1,0,0,00,B,9,4,8,4,0,0,0,0,0,0,0,0,B00T11E9080-4040X00S00,B1429
92127468,_,1,0,0,20,B,8,_,0,_,0,0,_,_,0,_,_,_,B20T_1E8000-____X0_S00,T1209
92303129,_,_,0,0,00,C,0,_,0,_,0,0,_,_,0,_,_,_,C00T__E0000-____X0_S00,B1890
92304171,1,1,0,0,00,B,0,4,0,0,0,0,0,0,_,0,0,0,B00T11E0000-4000X_0S00,B1956
92297803,1,_,0,0,00,B,0,0,0,0,0,0,0,0,0,0,0,0,B00T1_E0000-0000X00S00,B1534
92303551,_,1,0,0,00,C,0,_,0,_,0,0,_,_,0,_,_,_,C00T_1E0000-____X0_S00,B1918
92100944,0,1,0,0,00,B,8,_,7,_,0,0,_,_,0,_,_,_,B00T01E8070-____X0_S00,B1003
92102313,1,1,0,0,00,B,8,0,0,0,0,0,0,0,0,_,_,_,B00T11E8000-0000X0_S00,B1182
92301769,1,1,_,_,00,B,0,0,0,0,0,0,0,0,0,_,_,_,B00T11E0000-0000X0_S__,B1790
92101333,1,1,_,_,00,B,_,4,_,4,_,_,0,0,_,0,0,0,B00T11E____-4040X_0S__,B1041
92127083,_,_,0,0,00,B,_,3,_,0,_,_,0,0,_,0,0,0,B00T__E____-3000X_0S00,T1083
92127930,1,1,0,0,00,B,7,_,0,_,0,0,_,_,0,_,_,_,B00T11E7000-____X0_S00,T205
92103540,1,1,0,0,00,B,_,0,_,0,_,_,0,0,_,0,0,0,B00T11E____-0000X_0S00,B1380
92128720,1,1,0,0,00,B,9,4,8,0,7,8,3,0,_,0,0,0,B00T11E9788-4300X_0S00,T387
92297791,1,0,0,0,00,B,7,0,8,0,0,0,0,0,_,0,0,0,B00T10E7080-0000X_0S00,B1534
92295933,1,1,0,0,00,B,8,4,0,4,0,0,4,0,0,0,0,0,B00T11E8000-4440X00S00,B1432
92128890,_,1,0,0,00,B,_,0,_,0,_,_,0,0,_,_,_,_,B00T_1E____-0000X__S00,T417
92303586,1,1,0,_,00,B,0,0,8,0,0,0,0,0,0,0,0,0,B00T11E0080-0000X00S0_,B1923
92101529,1,1,0,0,00,B,0,3,0,0,8,0,3,0,_,0,0,0,B00T11E0800-3300X_0S00,B1074
92297566,1,1,0,0,00,B,0,_,0,_,0,0,_,_,0,_,_,_,B00T11E0000-____X0_S00,B1522
92127092,1,1,0,0,00,B,9,4,0,0,0,0,4,0,0,0,0,0,B00T11E9000-4400X00S00,T1086
92129619,1,_,0,0,00,B,8,_,0,_,0,0,_,_,0,_,_,_,B00T1_E8000-____X0_S00,T517
92102509,1,1,0,0,00,B,0,_,0,_,0,0,_,_,0,_,_,_,B00T11E0000-____X0_S00,B1214
92129336,_,_,1,0,00,B,_,4,_,3,_,_,3,5,_,0,0,0,B00T__E____-4335X_0S10,T469
92101765,1,_,0,0,00,B,0,_,0,_,7,0,_,_,0,_,_,_,B00T1_E0700-____X0_S00,B1111
92129843,1,1,0,0,00,B,_,3,_,4,_,_,3,0,_,0,0,0,B00T11E____-3340X_0S00,T553
92127111,1,1,0,0,00,B,_,3,_,0,_,_,3,0,_,0,0,0,B00T11E____-3300X_0S00,T1094
92298904,1,1,0,0,00,B,9,_,8,_,0,0,_,_,0,_,_,_,B00T11E9080-____X0_S00,B1590
92128606,1,1,0,0,00,B,0,3,0,0,0,0,0,0,_,0,0,0,B00T11E0000-3000X_0S00,T372
92129896,1,_,0,0,00,B,0,5,0,4,0,0,0,0,_,0,0,0,B00T1_E0000-5040X_0S00,T563
92103122,1,1,0,0,00,B,0,0,0,0,0,0,0,0,0,0,0,0,B00T11E0000-0000X00S00,B1309
92127850,_,1,0,0,00,B,_,3,_,4,_,_,4,5,_,_,_,_,B00T_1E____-3445X__S00,T1317
92103569,1,1,0,0,00,B,_,3,_,0,_,_,0,0,_,0,0,0,B00T11E____-3000X_0S00,B1386
92102905,1,1,0,0,00,B,0,_,0,_,0,0,_,_,0,_,_,_,B00T11E0000-____X0_S00,B1270
92102013,1,_,0,0,20,_,9,_,0,_,0,0,_,_,0,_,_,_,_20T1_E9000-____X0_S00,B1142
92126827,1,1,0,0,00,B,8,0,0,0,9,0,0,0,0,0,0,0,B00T11E8900-0000X00S00,T1005
92103570,1,1,0,0,20,B,9,3,0,4,0,0,0,0,0,0,0,0,B20T11E9000-3040X00S00,B1386
92102000,_,1,0,0,00,B,8,3,8,0,8,8,0,0,0,0,0,0,B00T_1E8888-3000X00S00,B1140
92129938,1,1,_,0,00,B,9,3,8,0,9,0,3,0,0,_,_,_,B00T11E9980-3300X0_S_0,T572
92129578,_,1,0,0,00,B,_,0,_,0,_,_,0,0,_,0,0,0,B00T_1E____-0000X_0S00,T508
92304819,1,1,0,0,00,B,0,0,0,0,0,0,0,0,0,_,_,_,B00T11E0000-0000X0_S00,B1996
92126892,1,1,0,0,00,B,0,4,0,0,0,0,0,0,0,_,_,_,B00T11E0000-4000X0_S00,T1025
92101174,1,1,0,0,00,B,0,0,0,0,0,0,0,0,0,0,0,0,B00T11E0000-0000X00S00,B1024
92128503,1,1,_,_,00,B,0,_,0,_,9,0,_,_,0,_,_,_,B00T11E0900-____X0_S__,T357
92128310,_,1,0,0,00,B,_,4,_,0,_,_,0,0,_,0,0,0,B00T_1E____-4000X_0S00,T321
92128179,1,1,0,0,00,B,9,3,7,5,0,0,0,0,0,_,_,_,B00T11E9070-3050X0_S00,T279
92101444,1,1,0,0,00,B,9,_,8,_,0,0,_,_,0,_,_,_,B00T11E9080-____X0_S00,B1062
92102019,_,_,0,0,00,B,8,3,0,4,9,7,4,0,_,0,0,0,B00T__E8907-3440X_0S00,B1142
92127545,1,1,0,0,00,B,0,0,0,0,0,0,4,0,0,0,0,0,B00T11E0000-0400X00S00,T1227
92298803,1,1,0,0,20,B,0,0,0,0,0,0,0,0,_,0,0,0,B20T11E0000-0000X_0S00,B1587
92128567,1,1,0,0,00,B,0,_,0,_,0,0,_,_,0,_,_,_,B00T11E0000-____X0_S00,T365
92295857,1,1,0,0,00,B,7,_,0,_,0,0,_,_,0,_,_,_,B00T11E7000-____X0_S00,B1428
92296495,1,1,0,0,00,B,_,4,_,3,_,_,4,4,_,0,0,0,B00T11E____-4434X_0S00,B1467
92128625,1,1,0,0,00,B,9,4,0,5,9,0,3,0,0,_,_,_,B00T11E9900-4350X0_S00,T376
92127278,1,1,0,0,00,B,9,_,8,_,0,0,_,_,0,_,_,_,B00T11E9080-____X0_S00,T1154
92304411,1,1,1,0,00,B,0,3,0,4,0,0,3,0,0,0,0,0,B00T11E0000-3340X00S10,B1971
92101779,1,1,0,0,00,B,_,0,_,0,_,_,3,0,_,0,0,0,B00T11E____-0300X_0S00,B1111
92306258,_,1,_,0,00,B,_,0,_,0,_,_,0,0,_,0,0,0,B00T_1E____-0000X_0S_0,B2074
92103493,1,1,_,0,00,B,9,0,0,0,8,0,0,0,0,0,0,0,B00T11E9800-0000X00S_0,B1373
92303520,1,1,0,0,00,B,9,4,8,0,0,0,0,0,0,_,_,_,B00T11E9080-4000X0_S00,B1916
92101290,1,1,0,0,00,B,9,3,0,0,9,0,4,0,_,0,0,0,B00T11E9900-3400X_0S00,B1036
92300034,1,_,0,0,00,B,0,_,0,_,0,0,_,_,0,_,_,_,B00T1_E0000-____X0_S00,B1668
92128074,1,1,_,_,00,B,0,_,0,_,8,0,_,_,0,_,_,_,B00T11E0800-____X0_S__,T254
92103271,1,1,1,0,00,B,8,4,0,5,7,8,3,4,0,0,0,0,B00T11E8708-4354X00S10,B1329
92300950,1,1,0,0,00,B,0,_,0,_,0,0,_,_,0,_,_,_,B00T11E0000-____X0_S00,B1733
92299383,1,1,0,0,00,B,8,_,0,_,0,0,_,_,0,_,_,_,B00T11E8000-____X0_S00,B1621
92102666,_,1,0,0,00,B,7,0,7,0,7,0,0,0,0,_,_,_,B00T_1E7770-0000X0_S00,B1240
92128117,1,1,0,_,00,B,_,5,_,0,_,_,3,0,_,0,0,0,B00T11E____-5300X_0S0_,T262
92127034,1,1,_,_,00,B,0,_,0,_,0,0,_,_,0,_,_,_,B00T11E0000-____X0_S__,T1066
92101386,1,1,0,0,00,B,0,4,0,0,0,0,0,0,0,_,_,_,B00T11E0000-4000X0_S00,B1050
92300448,0,1,0,0,00,B,9,0,0,0,0,0,0,0,0,0,0,0,B00T01E9000-0000X00S00,B1695
92299348,1,1,0,0,00,B,_,0,_,0,_,_,0,0,_,0,0,0,B00T11E____-0000X_0S00,B1616
92103088,1,1,0,0,00,B,_,4,_,0,_,_,0,0,_,0,0,0,B00T11E____-4000X_0S00,B1301
92302325,1,1,0,0,00,B,_,3,_,4,_,_,0,0,_,0,0,0,B00T11E____-3040X_0S00,B1829
92129686,0,0,0,0,20,B,0,0,0,0,0,0,0,0,0,0,0,0,B20T00E0000-0000X00S00,T523
92295948,1,1,_,0,00,B,8,4,8,3,9,0,4,0,_,0,0,0,B00T11E8980-4430X_0S_0,B1432
92298151,1,1,_,_,00,B,8,3,0,0,0,0,0,0,0,0,0,0,B00T11E8000-3000X00S__,B1556
92102265,0,_,0,0,00,B,7,4,9,3,9,0,0,0,0,0,0,0,B00T0_E7990-4030X00S00,B1175
92102513,1,1,0,0,00,B,_,5,_,3,_,_,4,0,_,0,0,0,B00T11E____-5430X_0S00,B1214
92103216,1,1,0,0,00,C,9,0,9,0,9,9,0,0,0,0,0,0,C00T11E9999-0000X00S00,B1320
92127174,1,_,0,0,00,B,9,_,8,_,8,0,_,_,0,_,_,_,B00T1_E9880-____X0_S00,T1117
92102372,1,1,0,0,00,B,_,0,_,0,_,_,0,0,_,0,0,0,B00T11E____-0000X_0S00,B1192
92298431,1,1,0,0,00,B,_,3,_,0,_,_,4,0,_,0,0,0,B00T11E____-3400X_0S00,B1567
92102837,1,1,0,_,00,B,7,0,0,0,0,0,0,0,0,0,0,0,B00T11E7000-0000X00S0_,B1262
92128635,1,1,0,0,00,B,9,_,0,_,9,0,_,_,0,_,_,_,B00T11E9900-____X0_S00,T376
92303578,_,_,_,0,00,B,8,_,0,_,0,0,_,_,0,_,_,_,B00T__E8000-____X0_S_0,B1921
92103239,0,0,0,0,00,B,0,4,0,4,0,0,3,4,0,0,0,0,B00T00E0000-4344X00S00,B1322
92129463,_,_,_,_,_,_,,,,,,,,,,,,,__T__Enannannannan-nannannannanXnannanS__,T488
92100895,1,1,0,0,00,B,9,_,9,_,0,0,_,_,0,_,_,_,B00T11E9090-____X0_S00,B1001
92128107,1,_,0,0,00,B,9,_,0,_,0,0,_,_,0,_,_,_,B00T1_E9000-____X0_S00,T259
92103032,1,1,1,0,00,B,0,3,0,0,8,0,4,5,_,0,0,0,B00T11E0800-3405X_0S10,B1292
92101439,1,1,0,0,00,C,8,3,8,4,9,0,0,0,0,0,0,0,C00T11E8980-3040X00S00,B1061
92102831,1,1,0,0,00,B,_,4,_,4,_,_,4,0,_,0,0,0,B00T11E____-4440X_0S00,B1261
92127205,_,_,0,0,00,B,8,_,8,_,0,0,_,_,_,_,_,_,B00T__E8080-____X__S00,T1128
92129986,1,1,0,0,00,B,_,4,_,4,_,_,0,0,_,0,0,0,B00T11E____-4040X_0S00,T584
92302314,1,1,0,0,00,B,0,_,0,_,0,0,_,_,0,_,_,_,B00T11E0000-____X0_S00,B1828
92299261,1,_,0,0,00,B,8,_,9,_,0,0,_,_,0,_,_,_,B00T1_E8090-____X0_S00,B1609
92128938,1,1,0,0,00,B,_,0,7,4,_,0,0,0,_,0,0,0,B00T11E__70-0040X_0S00,T422
92305066,1,_,0,0,00,B,7,_,0,_,0,0,_,_,0,_,_,_,B00T1_E7000-____X0_S00,B2010
92103436,1,_,_,0,00,B,8,0,9,0,8,0,0,0,0,_,_,_,B00T1_E8890-0000X0_S_0,B1362
92101730,1,_,0,0,00,B,8,_,7,_,0,0,_,_,0,_,_,_,B00T1_E8070-____X0_S00,B1104
92127553,1,1,0,0,00,C,_,4,_,0,_,_,0,0,_,0,0,0,C00T11E____-4000X_0S00,T1229
92305082,1,1,0,0,00,B,8,0,0,0,8,0,0,0,0,0,0,0,B00T11E8800-0000X00S00,B2011
92128756,0,1,0,0,00,B,9,3,8,4,0,0,5,0,0,0,0,0,B00T01E9080-3540X00S00,T395
92295698,1,1,0,0,20,B,_,4,_,3,_,_,0,0,_,0,0,0,B20T11E____-4030X_0S00,B1416
92127771,1,1,0,0,00,B,_,0,_,0,_,_,0,0,_,0,0,0,B00T11E____-0000X_0S00,T1294
92302064,_,1,0,0,00,B,8,4,9,3,0,0,3,0,_,0,0,0,B00T_1E8090-4330X_0S00,B1807
92303930,1,1,0,0,20,_,0,4,0,4,0,0,0,0,_,0,0,0,_20T11E0000-4040X_0S00,B1940
92127483,1,1,0,0,00,B,_,0,_,0,_,_,0,0,_,0,0,0,B00T11E____-0000X_0S00,T1213
92129981,1,1,0,0,00,B,0,4,0,5,0,0,0,0,0,0,0,0,B00T11E0000-4050X00S00,T583
92102120,1,1,0,0,00,B,8,4,0,0,0,0,0,0,_,0,0,0,B00T11E8000-4000X_0S00,B1153
92297647,1,1,_,_,00,B,9,0,0,0,0,0,0,0,0,0,0,0,B00T11E9000-0000X00S__,B1528
92129288,_,_,0,0,00,B,_,0,_,0,_,_,0,0,_,0,0,0,B00T__E____-0000X_0S00,T461
92102127,1,1,0,0,00,B,0,0,0,0,0,0,0,0,0,_,_,_,B00T11E0000-0000X0_S00,B1154
92128763,1,1,0,0,00,B,0,_,0,_,0,0,_,_,0,_,_,_,B00T11E0000-____X0_S00,T397
92127480,1,1,0,0,00,B,7,4,0,0,0,0,0,0,0,0,0,0,B00T11E7000-4000X00S00,T1212
92102508,1,1,0,0,00,B,0,_,0,_,0,0,_,_,0,_,_,_,B00T11E0000-____X0_S00,B1214
92302032,0,1,0,0,00,B,_,0,_,3,_,_,4,3,_,0,0,0,B00T01E____-0433X_0S00,B1805
92101684,_,1,_,0,00,B,_,3,_,4,_,_,0,0,_,0,0,0,B00T_1E____-3040X_0S_0,B1098
92295612,1,_,0,0,00,B,8,_,8,_,0,0,_,_,0,_,_,_,B00T1_E8080-____X0_S00,B1406
92304571,_,_,0,0,00,B,_,3,_,4,_,_,0,0,_,0,0,0,B00T__E____-3040X_0S00,B1982
92126911,1,_,0,0,00,B,8,_,0,_,0,0,_,_,0,_,_,_,B00T1_E8000-____X0_S00,T1029
92102324,1,1,0,0,00,B,8,0,8,0,0,0,0,0,0,_,_,_,B00T11E8080-0000X0_S00,B1183
92103503,1,_,0,0,00,B,8,_,8,_,0,0,_,_,0,_,_,_,B00T1_E8080-____X0_S00,B1374
92128224,1,1,0,0,00,B,9,3,9,3,0,0,3,0,0,0,0,0,B00T11E9090-3330X00S00,T293
92102808,1,1,0,0,00,B,_,5,_,5,_,_,0,0,_,0,0,0,B00T11E____-5050X_0S00,B1261
92127080,1,1,0,0,00,B,0,0,0,0,0,0,0,0,_,0,0,0,B00T11E0000-0000X_0S00,T1082
92127954,1,1,0,0,00,B,_,3,_,0,_,_,0,0,_,_,_,_,B00T11E____-3000X__S00,T211
92296685,1,1,0,0,00,B,_,5,_,0,_,_,0,0,_,0,0,0,B00T11E____-5000X_0S00,B1478
92304357,1,1,0,0,00,B,0,0,0,0,0,0,0,0,_,0,0,0,B00T11E0000-0000X_0S00,B1968
92298541,1,1,0,0,00,B,0,5,0,0,0,0,0,0,0,0,0,0,B00T11E0000-5000X00S00,B1575
92129135,1,_,0,0,00,B,9,_,0,_,0,0,_,_,0,_,_,_,B00T1_E9000-____X0_S00,T441
92296049,1,_,_,_,00,B,,,,,,,,,,,,,B00T1_Enannannannan-nannannannanXnannanS__,B1443
92101372,_,_,0,_,00,B,0,_,0,_,0,0,_,_,0,_,_,_,B00T__E0000-____X0_S0_,B1047
92129571,_,1,0,_,00,B,9,_,0,_,0,0,_,_,0,_,_,_,B00T_1E9000-____X0_S0_,T506
92101573,1,1,0,0,00,B,8,5,0,4,7,0,0,0,0,0,0,0,B00T11E8700-5040X00S00,B1082
92128692,1,1,0,0,00,B,0,0,0,0,0,0,0,0,0,0,0,0,B00T11E0000-0000X00S00,T385
92103556,1,1,0,0,00,B,8,5,0,4,0,0,0,0,0,0,0,0,B00T11E8000-5040X00S00,B1382
92127252,1,1,0,_,00,B,_,4,_,0,_,_,0,0,_,0,0,0,B00T11E____-4000X_0S0_,T1146
92101762,1,1,0,0,00,B,0,3,0,3,0,0,0,0,0,0,0,0,B00T11E0000-3030X00S00,B1110
92304484,1,_,0,0,00,B,9,4,0,4,7,0,5,5,0,_,_,_,B00T1_E9700-4545X0_S00,B1978
92296287,1,1,0,0,00,B,9,_,0,_,0,0,_,_,0,_,_,_,B00T11E9000-____X0_S00,B1455
92306023,1,1,_,0,00,C,0,4,0,4,0,0,4,0,0,0,0,0,C00T11E0000-4440X00S_0,B2063
92102349,1,1,0,0,00,B,9,4,0,0,0,0,0,0,0,0,0,0,B00T11E9000-4000X00S00,B1188
92305359,1,1,0,0,00,B,_,4,_,0,_,_,0,0,_,0,0,0,B00T11E____-4000X_0S00,B2024
92297282,1,1,0,0,00,B,_,5,_,3,_,_,0,0,_,0,0,0,B00T11E____-5030X_0S00,B1505
92298952,1,1,0,0,00,B,8,4,0,5,0,0,0,0,0,0,0,0,B00T11E8000-4050X00S00,B1593
92103058,1,1,_,0,00,B,7,5,8,3,9,0,0,0,0,_,_,_,B00T11E7980-5030X0_S_0,B1295
92103135,1,1,_,_,_,_,8,0,9,0,0,0,0,0,0,0,0,0,__T11E8090-0000X00S__,B1309
92302921,1,1,0,0,00,B,_,3,_,5,_,_,5,0,_,0,0,0,B00T11E____-3550X_0S00,B1878
92305125,1,1,0,0,00,B,_,3,_,4,_,_,0,0,_,0,0,0,B00T11E____-3040X_0S00,B2012
92297334,1,1,0,0,00,B,0,_,0,_,0,0,_,_,0,_,_,_,B00T11E0000-____X0_S00,B1511
92129565,1,1,0,0,00,B,7,3,9,4,7,9,0,0,_,0,0,0,B00T11E7799-3040X_0S00,T505
92129099,1,1,0,0,00,B,8,_,0,_,7,0,_,_,0,_,_,_,B00T11E8700-____X0_S00,T438
92306063,1,1,0,0,00,B,0,0,0,0,0,0,0,0,0,0,0,0,B00T11E0000-0000X00S00,B2065
92102635,1,1,_,0,00,C,9,3,0,3,0,0,4,5,0,_,_,_,C00T11E9000-3435X0_S_0,B1232
92102944,1,1,0,0,00,B,0,_,7,_,8,0,_,_,0,_,_,_,B00T11E0870-____X0_S00,B1276
92127082,_,1,_,_,00,B,0,0,0,0,0,0,0,0,_,0,0,0,B00T_1E0000-0000X_0S__,T1083
92102189,1,1,0,0,00,B,0,_,0,_,7,7,_,_,0,_,_,_,B00T11E0707-____X0_S00,B1157
92100861,_,1,0,0,00,B,0,4,0,5,0,0,0,0,_,0,0,0,B00T_1E0000-4050X_0S00,B1000
92299565,1,1,0,_,00,B,0,_,0,_,0,0,_,_,0,_,_,_,B00T11E0000-____X0_S0_,B1633
92101549,1,1,0,0,00,B,0,_,0,_,0,0,_,_,0,_,_,_,B00T11E0000-____X0_S00,B1077
92101685,_,1,0,0,00,B,_,3,_,4,_,_,0,0,_,0,0,0,B00T_1E____-3040X_0S00,B1098
92129475,1,1,0,0,00,B,9,4,0,0,9,0,4,0,0,0,0,0,B00T11E9900-4400X00S00,T489
92100923,1,1,0,0,00,B,9,3,0,4,0,0,4,0,0,0,0,0,B00T11E9000-3440X00S00,B1002
92129945,_,1,0,0,20,B,9,_,8,_,0,0,_,_,0,_,_,_,B20T_1E9080-____X0_S00,T575
92301403,_,1,0,0,00,B,0,4,0,0,0,0,0,0,0,0,0,0,B00T_1E0000-4000X00S00,B1770
92102171,1,1,0,0,00,B,9,0,7,0,0,0,0,0,0,0,0,0,B00T11E9070-0000X00S00,B1156
92101905,1,1,_,0,00,B,0,4,0,0,0,0,0,0,_,0,0,0,B00T11E0000-4000X_0S_0,B1129
92126981,1,1,0,0,00,B,0,3,0,3,0,0,0,0,_,0,0,0,B00T11E0000-3030X_0S00,T1051
92127138,1,1,0,0,00,B,0,_,0,_,0,0,_,_,0,_,_,_,B00T11E0000-____X0_S00,T1102
92299026,_,_,0,0,00,B,9,0,8,0,7,7,0,0,_,0,0,0,B00T__E9787-0000X_0S00,B1595
92129354,1,1,0,0,00,C,_,0,_,0,_,_,3,0,_,0,0,0,C00T11E____-0300X_0S00,T471
92102137,_,1,1,0,00,B,_,3,_,4,_,_,0,0,_,0,0,0,B00T_1E____-3040X_0S10,B1154
92298493,1,1,0,0,00,B,0,0,0,0,0,0,0,0,0,0,0,0,B00T11E0000-0000X00S00,B1572
92127317,1,1,0,0,00,B,0,0,0,0,0,0,0,0,0,0,0,0,B00T11E0000-0000X00S00,T1166
92127351,1,1,0,0,00,B,0,0,0,0,0,0,0,0,0,_,_,_,B00T11E0000-0000X0_S00,T1178
92304544,1,1,0,0,00,C,0,4,0,0,0,0,0,0,_,0,0,0,C00T11E0000-4000X_0S00,B1981
92103218,1,1,_,0,00,C,7,4,9,5,9,9,3,4,0,0,0,0,C00T11E7999-4354X00S_0,B1320
92299972,1,1,0,0,00,C,0,_,0,_,0,0,_,_,0,_,_,_,C00T11E0000-____X0_S00,B1666
92103065,_,1,_,0,00,B,_,4,_,0,_,_,0,0,_,0,0,0,B00T_1E____-4000X_0S_0,B1298
92103374,1,1,0,0,00,B,0,5,0,0,0,0,0,0,_,0,0,0,B00T11E0000-5000X_0S00,B1350
92297628,0,1,0,_,00,B,8,0,7,0,0,0,0,0,0,_,_,_,B00T01E8070-0000X0_S0_,B1527
92128843,1,1,0,0,00,B,7,0,7,0,7,8,0,0,_,0,0,0,B00T11E7778-0000X_0S00,T409
92128081,_,1,0,0,00,B,_,0,_,0,_,_,0,0,_,0,0,0,B00T_1E____-0000X_0S00,T256
92101757,1,1,_,_,00,B,0,3,0,3,0,0,0,0,0,0,0,0,B00T11E0000-3030X00S__,B1109
92297608,0,1,0,0,00,B,8,_,8,_,0,0,_,_,0,_,_,_,B00T01E8080-____X0_S00,B1527
92300871,1,1,0,0,00,C,8,4,7,0,7,7,0,0,_,0,0,0,C00T11E8777-4000X_0S00,B1725
92299850,1,1,0,0,20,B,9,3,0,0,0,0,0,0,0,0,0,0,B20T11E9000-3000X00S00,B1656
92300546,1,1,_,_,00,B,8,4,0,0,0,0,3,0,0,0,0,0,B00T11E8000-4300X00S__,B1699
92127410,1,1,_,0,00,B,_,0,_,0,_,_,0,0,_,0,0,0,B00T11E____-0000X_0S_0,T1191
92303345,1,1,0,0,20,_,0,4,0,0,0,0,0,0,0,0,0,0,_20T11E0000-4000X00S00,B1908
92101401,1,_,_,_,_,_,8,_,7,_,7,8,_,_,0,_,_,_,__T1_E8778-____X0_S__,B1052
92298927,1,_,0,0,00,B,0,4,0,5,0,0,4,0,0,_,_,_,B00T1_E0000-4450X0_S00,B1590
92300187,1,1,0,0,00,B,7,0,9,0,8,7,0,0,_,0,0,0,B00T11E7897-0000X_0S00,B1683
92299788,1,1,0,_,00,B,0,_,0,_,0,0,_,_,0,_,_,_,B00T11E0000-____X0_S0_,B1652
92102751,1,1,0,0,00,B,_,0,_,0,_,_,0,0,_,0,0,0,B00T11E____-0000X_0S00,B1258
92297236,1,1,0,0,00,B,9,_,0,_,0,0,_,_,0,_,_,_,B00T11E9000-____X0_S00,B1501
92103551,_,1,0,0,00,B,_,0,_,0,_,_,0,0,_,0,0,0,B00T_1E____-0000X_0S00,B1382
92295628,1,_,0,0,00,B,8,0,0,0,0,0,0,0,0,_,_,_,B00T1_E8000-0000X0_S00,B1406
92302090,1,1,0,0,00,B,_,0,_,0,_,_,0,0,_,0,0,0,B00T11E____-0000X_0S00,B1810
92302892,1,1,0,0,00,B,0,4,0,0,0,0,5,0,0,0,0,0,B00T11E0000-4500X00S00,B1873
92127478,1,1,0,0,00,B,_,0,_,0,_,_,0,0,_,0,0,0,B00T11E____-0000X_0S00,T1212
92129702,1,1,0,0,00,B,0,_,0,_,0,0,_,_,0,_,_,_,B00T11E0000-____X0_S00,T526
92101810,1,1,0,0,00,B,0,0,0,0,0,0,0,0,_,0,0,0,B00T11E0000-0000X_0S00,B1114
92129383,1,1,0,0,00,B,0,_,0,0,0,0,_,0,0,_,_,_,B00T11E0000-__00X0_S00,T474
92128783,1,1,0,0,00,B,0,0,0,0,0,0,0,0,0,_,_,_,B00T11E0000-0000X0_S00,T400
92127354,1,1,0,0,00,B,8,0,7,0,0,0,0,0,_,0,0,0,B00T11E8070-0000X_0S00,T1179
92129793,1,1,0,0,00,B,0,3,0,0,0,0,0,0,0,0,0,0,B00T11E0000-3000X00S00,T544
92102648,_,1,0,0,00,B,_,3,_,0,_,_,0,0,_,0,0,0,B00T_1E____-3000X_0S00,B1236
92129407,1,1,0,_,00,B,0,0,0,0,0,0,0,0,0,0,0,0,B00T11E0000-0000X00S0_,T477
92302700,1,1,0,0,00,B,_,0,_,0,_,_,0,0,_,0,0,0,B00T11E____-0000X_0S00,B1862
92128019,1,0,0,0,00,B,9,_,0,_,0,0,_,_,0,_,_,_,B00T10E9000-____X0_S00,T221
92126937,_,1,_,0,00,B,_,3,_,0,_,_,0,0,_,0,0,0,B00T_1E____-3000X_0S_0,T1040
92127641,1,1,0,0,00,B,0,0,0,0,0,0,0,0,0,0,0,0,B00T11E0000-0000X00S00,T1253
92127391,1,1,0,0,00,B,8,4,8,5,0,0,0,0,0,0,0,0,B00T11E8080-4050X00S00,T1185
92127666,1,1,0,0,00,B,_,0,_,0,_,_,0,0,_,0,0,0,B00T11E____-0000X_0S00,T1262
92127101,1,1,_,0,00,B,_,0,_,0,_,_,0,0,_,0,0,0,B00T11E____-0000X_0S_0,T1089
92300999,1,_,0,0,00,B,9,_,8,_,0,0,_,_,0,_,_,_,B00T1_E9080-____X0_S00,B1737
92303882,1,1,_,0,00,B,9,0,0,0,0,0,0,0,0,0,0,0,B00T11E9000-0000X00S_0,B1939
92304729,1,1,0,0,00,B,8,0,0,0,0,0,0,0,0,0,0,0,B00T11E8000-0000X00S00,B1990
92127945,1,_,0,0,00,B,_,3,_,0,_,_,0,0,_,0,0,0,B00T1_E____-3000X_0S00,T208
92102164,1,1,0,0,00,B,_,0,_,0,_,_,0,0,_,0,0,0,B00T11E____-0000X_0S00,B1156
92103398,1,1,0,0,00,B,9,3,0,0,0,0,0,0,0,0,0,0,B00T11E9000-3000X00S00,B1356
92129466,_,1,_,0,00,B,_,5,_,4,_,_,4,3,_,0,0,0,B00T_1E____-5443X_0S_0,T488
92127735,1,1,0,0,00,B,0,3,0,0,0,0,0,0,0,0,0,0,B00T11E0000-3000X00S00,T1283
92103284,1,1,0,0,00,B,0,_,0,_,0,0,_,_,0,_,_,_,B00T11E0000-____X0_S00,B1331
92128046,_,1,0,0,00,B,_,0,_,0,_,_,0,0,_,0,0,0,B00T_1E____-0000X_0S00,T250
92101986,_,1,0,0,00,B,_,4,_,0,_,_,0,0,_,0,0,0,B00T_1E____-4000X_0S00,B1138
92128249,1,1,0,0,00,B,_,0,_,0,_,_,0,0,_,0,0,0,B00T11E____-0000X_0S00,T305
92127004,1,1,0,0,00,B,0,4,0,4,0,0,5,0,0,0,0,0,B00T11E0000-4540X00S00,T1056
92300445,0,1,0,0,00,B,_,3,_,4,_,_,0,0,_,0,0,0,B00T01E____-3040X_0S00,B1695
92306174,1,1,0,_,00,B,9,0,9,0,0,0,0,0,0,0,0,0,B00T11E9090-0000X00S0_,B2071
92128279,1,1,0,_,00,B,0,4,0,0,0,0,0,0,0,0,0,0,B00T11E0000-4000X00S0_,T313
92302100,1,1,0,0,00,B,0,0,0,0,8,0,0,0,0,0,0,0,B00T11E0800-0000X00S00,B1811
92127837,1,1,0,0,00,C,9,_,8,_,0,0,_,_,0,_,_,_,C00T11E9080-____X0_S00,T1312
92128615,_,_,0,0,00,B,0,0,0,0,0,0,0,0,_,0,0,0,B00T__E0000-0000X_0S00,T375
92302403,1,1,0,0,00,B,0,4,0,3,0,0,0,0,_,0,0,0,B00T11E0000-4030X_0S00,B1838
92304972,1,1,_,0,00,B,8,_,7,_,0,0,_,_,0,_,_,_,B00T11E8070-____X0_S_0,B2005
92129287,_,1,0,0,00,B,_,0,_,0,_,_,0,0,_,0,0,0,B00T_1E____-0000X_0S00,T461
92101804,0,1,0,0,00,B,8,3,0,0,0,0,0,0,0,_,_,_,B00T01E8000-3000X0_S00,B1114
92129599,1,_,_,0,00,B,7,_,7,_,0,0,_,_,0,_,_,_,B00T1_E7070-____X0_S_0,T513
92301068,_,_,0,0,00,B,0,_,0,_,0,0,_,_,0,_,_,_,B00T__E0000-____X0_S00,B1741
92127497,0,1,0,_,00,B,9,_,0,_,0,0,_,_,0,_,_,_,B00T01E9000-____X0_S0_,T1215
92102214,1,1,_,0,00,B,8,_,0,_,0,0,_,_,0,_,_,_,B00T11E8000-____X0_S_0,B1163
92102035,1,1,0,0,00,B,9,0,8,0,0,0,0,0,0,_,_,_,B00T11E9080-0000X0_S00,B1143
92129770,1,1,0,0,00,B,8,5,9,3,0,0,0,0,_,0,0,0,B00T11E8090-5030X_0S00,T540
92305831,1,1,0,0,00,B,8,4,8,4,9,0,4,5,0,0,0,0,B00T11E8980-4445X00S00,B2052
92129716,1,1,0,0,00,C,8,_,0,0,0,0,_,0,0,_,_,_,C00T11E8000-__00X0_S00,T531
92128098,1,1,0,0,00,B,0,3,0,4,0,0,0,0,0,0,0,0,B00T11E0000-3040X00S00,T258
92102979,1,1,0,0,00,C,0,0,0,0,0,0,0,0,0,0,0,0,C00T11E0000-0000X00S00,B1286
92128808,1,1,0,0,00,B,8,0,7,0,0,0,0,0,0,_,_,_,B00T11E8070-0000X0_S00,T403
92103133,1,_,0,0,00,B,7,_,8,_,0,0,_,_,0,_,_,_,B00T1_E7080-____X0_S00,B1309
92128221,1,1,0,0,20,_,8,4,0,0,0,0,0,0,0,0,0,0,_20T11E8000-4000X00S00,T292
92128698,1,_,0,0,00,B,7,_,0,_,0,0,_,_,0,_,_,_,B00T1_E7000-____X0_S00,T386
92300033,_,1,0,0,00,B,0,0,0,0,0,0,0,0,0,0,0,0,B00T_1E0000-0000X00S00,B1668
92102573,_,_,_,0,_,_,,,,,,,,,,,,,__T__Enannannannan-nannannannanXnannanS_0,B1221
92128904,1,1,0,0,00,B,_,0,_,0,_,_,0,0,_,0,0,0,B00T11E____-0000X_0S00,T419
92102325,_,1,0,0,00,B,_,5,_,3,_,_,0,0,_,0,0,0,B00T_1E____-5030X_0S00,B1183
92128066,1,1,0,0,00,B,0,3,0,4,0,0,0,0,0,0,0,0,B00T11E0000-3040X00S00,T253
92128916,1,1,0,0,00,B,_,5,_,0,_,_,0,0,_,0,0,0,B00T11E____-5000X_0S00,T420
92301763,_,_,0,0,00,B,9,_,8,_,9,8,_,_,0,_,_,_,B00T__E9988-____X0_S00,B1789
92127571,_,1,0,0,20,B,8,0,0,0,0,0,0,0,_,0,0,0,B20T_1E8000-0000X_0S00,T1234
92129498,1,1,0,0,00,C,0,_,0,_,0,0,_,_,0,_,_,_,C00T11E0000-____X0_S00,T491
92101795,1,1,0,0,00,B,9,_,8,_,0,0,_,_,0,_,_,_,B00T11E9080-____X0_S00,B1114
92102582,1,1,0,0,00,B,9,5,0,0,0,0,0,0,0,0,0,0,B00T11E9000-5000X00S00,B1223
92298669,1,1,0,0,00,B,9,3,7,0,8,7,0,0,_,0,0,0,B00T11E9877-3000X_0S00,B1579
92297408,1,1,0,0,00,B,0,_,0,_,8,0,_,_,0,_,_,_,B00T11E0800-____X0_S00,B1516
92128442,_,1,_,0,00,B,_,3,_,0,_,_,0,0,_,0,0,0,B00T_1E____-3000X_0S_0,T351
92129844,1,1,0,0,00,B,_,3,_,0,_,_,3,0,_,0,0,0,B00T11E____-3300X_0S00,T553
92129683,0,0,0,0,00,B,0,0,0,0,0,0,0,0,0,0,0,0,B00T00E0000-0000X00S00,T523
92100904,_,1,0,0,00,B,_,4,_,5,_,_,0,0,_,0,0,0,B00T_1E____-4050X_0S00,B1002
92305900,_,_,0,0,00,B,0,_,0,_,0,0,_,_,0,_,_,_,B00T__E0000-____X0_S00,B2057
92103076,1,1,_,_,00,B,0,_,0,_,0,0,_,_,0,_,_,_,B00T11E0000-____X0_S__,B1298
92101880,0,1,0,0,00,B,8,_,0,_,0,0,_,_,0,_,_,_,B00T01E8000-____X0_S00,B1124
92304536,1,_,0,0,00,B,8,_,9,_,0,0,_,_,0,_,_,_,B00T1_E8090-____X0_S00,B1980
92301102,1,1,0,0,00,B,8,4,9,4,0,0,0,0,0,0,0,0,B00T11E8090-4040X00S00,B1746
92101988,_,1,_,_,00,B,_,3,_,0,_,_,0,0,_,0,0,0,B00T_1E____-3000X_0S__,B1138
92101382,0,1,1,0,00,B,9,3,8,4,0,0,0,0,0,0,0,0,B00T01E9080-3040X00S10,B1049
92297376,_,_,0,0,00,B,_,4,_,0,_,_,0,0,_,0,0,0,B00T__E____-4000X_0S00,B1514
92101717,1,1,0,0,00,B,8,4,8,0,0,0,0,0,0,0,0,0,B00T11E8080-4000X00S00,B1103
92102621,1,_,0,0,00,B,9,_,0,_,0,0,_,_,0,_,_,_,B00T1_E9000-____X0_S00,B1228
92128062,1,1,0,0,00,B,_,3,_,5,_,_,0,0,_,0,0,0,B00T11E____-3050X_0S00,T253
92305585,1,1,0,0,00,_,_,3,_,0,_,_,0,0,_,0,0,0,_00T11E____-3000X_0S00,B2038
92128218,_,0,0,0,00,B,9,_,0,_,0,0,_,_,0,_,_,_,B00T_0E9000-____X0_S00,T291
92128373,1,1,_,0,00,B,_,4,_,3,_,_,0,0,_,0,0,0,B00T11E____-4030X_0S_0,T335
92127738,1,1,0,0,00,B,_,0,_,0,_,_,0,0,_,0,0,0,B00T11E____-0000X_0S00,T1283
92126902,1,1,0,0,00,B,9,_,8,_,9,0,_,_,0,_,_,_,B00T11E9980-____X0_S00,T1027
92298334,1,1,1,0,00,B,7,5,9,0,0,0,0,0,0,0,0,0,B00T11E7090-5000X00S10,B1562
92298463,1,1,0,0,00,B,9,_,8,_,0,0,_,_,0,_,_,_,B00T11E9080-____X0_S00,B1571
92128600,_,_,0,0,00,B,_,4,_,0,_,_,0,0,_,0,0,0,B00T__E____-4000X_0S00,T370
92128007,_,_,_,0,00,B,8,5,9,0,7,0,0,0,0,_,_,_,B00T__E8790-5000X0_S_0,T220
92303950,1,1,0,0,00,B,0,_,0,_,0,0,_,_,0,_,_,_,B00T11E0000-____X0_S00,B1942
92103407,_,_,0,0,00,B,_,0,_,0,_,_,0,0,_,0,0,0,B00T__E____-0000X_0S00,B1357
92300140,1,1,0,0,00,B,_,0,_,5,_,_,0,0,_,0,0,0,B00T11E____-0050X_0S00,B1679
92296313,1,1,0,0,00,B,0,4,0,4,0,0,0,0,_,0,0,0,B00T11E0000-4040X_0S00,B1456
92303726,1,1,_,0,00,B,0,_,0,_,0,0,_,_,0,_,_,_,B00T11E0000-____X0_S_0,B1930
92129975,1,1,0,0,00,B,0,0,0,0,0,0,0,0,0,0,0,0,B00T11E0000-0000X00S00,T582
92102720,1,_,0,0,20,_,8,_,8,_,0,0,_,_,0,_,_,_,_20T1_E8080-____X0_S00,B1251
92300970,1,1,0,0,00,B,8,_,7,_,8,8,_,_,0,_,_,_,B00T11E8878-____X0_S00,B1736
92127626,1,1,_,_,_,_,0,_,0,_,0,0,_,_,0,_,_,_,__T11E0000-____X0_S__,T1249
92301319,1,1,0,0,00,B,0,0,0,0,9,0,4,5,0,_,_,_,B00T11E0900-0405X0_S00,B1761
92102828,1,1,0,0,00,B,7,_,9,_,0,0,_,_,0,_,_,_,B00T11E7090-____X0_S00,B1261
92298966,1,_,_,_,00,B,8,4,0,5,0,0,0,0,0,0,0,0,B00T1_E8000-4050X00S__,B1593
92300727,1,1,0,0,00,B,0,0,0,0,0,0,0,0,0,_,_,_,B00T11E0000-0000X0_S00,B1713
92127624,_,_,_,_,00,B,_,4,_,0,_,_,4,0,_,_,_,_,B00T__E____-4400X__S__,T1249
92129044,1,1,0,0,00,B,8,0,9,0,0,0,0,0,0,0,0,0,B00T11E8090-0000X00S00,T434
92101772,1,0,0,0,00,B,_,0,_,0,_,_,0,0,_,0,0,0,B00T10E____-0000X_0S00,B1111
92101504,1,1,_,0,00,B,7,5,0,4,0,0,5,0,0,0,0,0,B00T11E7000-5540X00S_0,B1070
92302627,1,_,0,0,00,B,9,0,0,0,0,0,0,0,0,0,0,0,B00T1_E9000-0000X00S00,B1857
92103425,1,_,0,0,00,B,9,_,0,_,0,0,_,_,0,_,_,_,B00T1_E9000-____X0_S00,B1360
92102664,_,1,_,0,00,B,_,5,_,3,_,_,0,0,_,0,0,0,B00T_1E____-5030X_0S_0,B1240
92129267,1,1,_,0,00,B,0,0,0,0,0,0,0,0,0,0,0,0,B00T11E0000-0000X00S_0,T456
92128898,1,1,0,0,00,B,0,3,0,4,0,0,0,0,_,0,0,0,B00T11E0000-3040X_0S00,T418
92128333,0,0,0,0,00,B,_,3,_,5,_,_,0,0,_,0,0,0,B00T00E____-3050X_0S00,T327
92300416,_,1,0,0,20,B,_,4,_,5,_,_,0,0,_,0,0,0,B20T_1E____-4050X_0S00,B1693
92103030,1,1,0,0,00,B,_,3,_,3,_,_,3,0,_,0,0,0,B00T11E____-3330X_0S00,B1292
92302567,1,1,0,0,00,C,9,_,0,_,0,0,_,_,0,_,_,_,C00T11E9000-____X0_S00,B1853
92129757,1,1,0,0,00,B,_,0,_,0,_,_,0,0,_,0,0,0,B00T11E____-0000X_0S00,T538
92297054,1,1,0,0,00,B,0,_,0,_,0,0,_,_,0,_,_,_,B00T11E0000-____X0_S00,B1495
92129901,1,1,0,0,20,_,_,0,_,0,_,_,0,0,_,0,0,0,_20T11E____-0000X_0S00,T564
92103526,1,1,0,0,00,B,9,_,0,_,0,0,_,_,0,_,_,_,B00T11E9000-____X0_S00,B1377
92301623,1,_,0,_,00,B,9,_,8,_,0,0,_,_,0,_,_,_,B00T1_E9080-____X0_S0_,B1785
92302414,1,1,0,0,00,B,8,4,9,3,8,8,3,4,0,_,_,_,B00T11E8898-4334X0_S00,B1839
92102602,1,1,_,_,00,C,_,4,_,0,_,_,3,0,_,0,0,0,C00T11E____-4300X_0S__,B1226
92302301,1,1,0,0,00,B,0,0,0,0,0,0,4,0,0,0,0,0,B00T11E0000-0400X00S00,B1826
92102017,_,_,0,0,00,B,9,3,0,4,0,0,4,0,0,0,0,0,B00T__E9000-3440X00S00,B1142
92101927,1,1,0,0,00,B,_,0,_,0,_,_,0,0,_,0,0,0,B00T11E____-0000X_0S00,B1130
92298561,1,1,0,0,00,B,_,0,_,0,_,_,0,0,_,0,0,0,B00T11E____-0000X_0S00,B1575
92296191,1,1,0,0,00,C,_,4,_,3,_,_,0,0,_,0,0,0,C00T11E____-4030X_0S00,B1449
92296551,1,1,0,0,00,B,7,3,7,0,8,0,0,0,_,0,0,0,B00T11E7870-3000X_0S00,B1471
92296599,1,1,0,0,00,B,_,3,_,5,_,_,0,0,_,0,0,0,B00T11E____-3050X_0S00,B1476
92101603,1,0,0,0,00,B,_,4,_,0,_,_,0,0,_,0,0,0,B00T10E____-4000X_0S00,B1084
92126868,1,1,0,0,00,B,_,0,_,0,_,_,0,0,_,0,0,0,B00T11E____-0000X_0S00,T1017
92127041,_,1,0,0,00,B,0,0,0,0,0,0,0,0,_,0,0,0,B00T_1E0000-0000X_0S00,T1069
92300615,_,1,0,0,00,B,7,_,8,_,0,0,_,_,0,_,_,_,B00T_1E7080-____X0_S00,B1705
92129221,1,1,0,0,00,B,_,0,_,0,_,_,0,0,_,0,0,0,B00T11E____-0000X_0S00,T451
92101228,_,1,0,0,00,B,8,3,8,0,8,7,4,4,0,_,_,_,B00T_1E8887-3404X0_S00,B1032
92300755,1,1,0,_,00,B,0,3,0,0,0,0,4,0,_,0,0,0,B00T11E0000-3400X_0S0_,B1715
92299054,1,_,0,0,20,_,8,_,0,_,0,0,_,_,0,_,_,_,_20T1_E8000-____X0_S00,B1595
92127316,_,1,0,0,00,B,_,5,_,0,_,_,0,0,_,0,0,0,B00T_1E____-5000X_0S00,T1165
92303086,_,1,0,0,00,B,_,3,_,3,_,_,0,0,_,0,0,0,B00T_1E____-3030X_0S00,B1887
92297165,1,1,0,0,00,B,0,5,0,4,0,0,0,0,_,0,0,0,B00T11E0000-5040X_0S00,B1499
92299967,1,1,0,0,20,B,0,0,0,0,0,0,0,0,0,0,0,0,B20T11E0000-0000X00S00,B1663
92129661,1,1,0,0,00,B,9,3,0,3,8,8,5,4,0,_,_,_,B00T11E9808-3534X0_S00,T521
92127593,1,1,0,0,00,B,0,3,0,0,0,0,0,0,0,0,0,0,B00T11E0000-3000X00S00,T1240
92303794,_,1,0,0,00,B,8,_,0,_,0,0,_,_,0,_,_,_,B00T_1E8000-____X0_S00,B1933
92102929,1,1,0,0,00,B,_,0,_,0,_,_,0,0,_,0,0,0,B00T11E____-0000X_0S00,B1272
92299327,_,1,0,0,00,B,0,4,0,0,0,0,0,0,_,0,0,0,B00T_1E0000-4000X_0S00,B1614
92102419,1,1,0,0,00,B,0,0,0,0,0,0,0,0,_,0,0,0,B00T11E0000-0000X_0S00,B1200
92102141,1,0,0,0,00,B,0,_,0,_,0,0,_,_,0,_,_,_,B00T10E0000-____X0_S00,B1154
92102865,1,1,0,0,00,B,9,_,0,_,0,0,_,_,0,_,_,_,B00T11E9000-____X0_S00,B1264
92101932,1,_,0,0,00,B,0,0,0,0,0,0,0,0,0,_,_,_,B00T1_E0000-0000X0_S00,B1130
92295817,1,1,0,0,20,B,0,3,0,0,0,0,3,5,0,0,0,0,B20T11E0000-3305X00S00,B1423
92129792,1,1,0,0,00,B,0,0,0,0,0,0,0,0,0,0,0,0,B00T11E0000-0000X00S00,T544
92103083,1,1,0,0,00,B,8,_,9,_,0,0,_,_,0,_,_,_,B00T11E8090-____X0_S00,B1301
92128079,_,1,0,0,00,B,_,0,_,0,_,_,0,0,_,0,0,0,B00T_1E____-0000X_0S00,T256
92102331,0,1,0,0,00,B,8,_,9,_,0,0,_,_,0,_,_,_,B00T01E8090-____X0_S00,B1184
92127939,_,1,0,0,00,B,_,4,_,3,_,_,0,0,_,0,0,0,B00T_1E____-4030X_0S00,T207
92127832,1,_,0,0,00,B,8,_,7,_,0,0,_,_,0,_,_,_,B00T1_E8070-____X0_S00,T1310
92304513,1,1,0,0,00,B,_,0,_,0,_,_,0,0,_,0,0,0,B00T11E____-0000X_0S00,B1980
92127810,1,_,0,_,00,B,0,0,0,0,0,0,3,0,0,0,0,0,B00T1_E0000-0300X00S0_,T1306
92302580,1,1,0,0,00,B,8,4,9,5,8,0,0,0,0,0,0,0,B00T11E8890-4050X00S00,B1854
92297241,1,1,0,0,00,B,7,_,0,_,0,0,_,_,0,_,_,_,B00T11E7000-____X0_S00,B1504
92129577,_,_,0,0,00,B,_,5,_,3,_,_,0,0,_,0,0,0,B00T__E____-5030X_0S00,T508
92101667,1,1,0,0,00,B,9,_,0,_,0,0,_,_,0,_,_,_,B00T11E9000-____X0_S00,B1096
92126975,1,_,0,0,00,B,0,_,0,_,0,0,_,_,0,_,_,_,B00T1_E0000-____X0_S00,T1049
92127251,_,1,_,0,00,B,_,5,_,3,_,_,0,0,_,0,0,0,B00T_1E____-5030X_0S_0,T1145
92101168,1,1,0,0,00,B,8,0,0,0,7,0,0,0,0,_,_,_,B00T11E8700-0000X0_S00,B1021
92128248,1,1,0,0,00,B,_,4,_,3,_,_,0,0,_,0,0,0,B00T11E____-4030X_0S00,T303
92304967,1,1,0,0,00,B,8,_,7,_,0,0,_,_,0,_,_,_,B00T11E8070-____X0_S00,B2004
92102069,_,1,_,_,00,B,8,3,0,4,0,0,3,0,0,0,0,0,B00T_1E8000-3340X00S__,B1146
92127344,1,1,0,0,00,B,8,_,0,_,0,0,_,_,0,_,_,_,B00T11E8000-____X0_S00,T1175
92302341,1,1,_,0,00,B,0,4,0,3,0,0,0,0,0,0,0,0,B00T11E0000-4030X00S_0,B1830
92129816,_,1,0,0,00,B,0,0,0,0,0,0,0,0,0,0,0,0,B00T_1E0000-0000X00S00,T549
92128364,1,_,_,_,00,B,0,_,0,_,0,0,_,_,0,_,_,_,B00T1_E0000-____X0_S__,T335
92101725,1,1,0,_,00,B,_,4,_,0,_,_,0,0,_,0,0,0,B00T11E____-4000X_0S0_,B1104
92299795,1,1,0,0,00,B,0,_,0,_,8,0,_,_,0,_,_,_,B00T11E0800-____X0_S00,B1654
92129242,_,_,_,_,00,B,0,0,0,0,0,0,0,0,0,0,0,0,B00T__E0000-0000X00S__,T453
92101315,1,1,_,0,00,B,8,4,8,5,8,0,0,0,0,_,_,_,B00T11E8880-4050X0_S_0,B1041
92128392,1,1,_,_,00,B,0,3,0,4,0,0,0,0,_,0,0,0,B00T11E0000-3040X_0S__,T338
92299463,1,1,0,0,00,B,_,0,_,0,_,_,0,0,_,0,0,0,B00T11E____-0000X_0S00,B1626
92127233,1,1,0,0,00,B,9,0,8,0,7,0,5,5,_,0,0,0,B00T11E9780-0505X_0S00,T1140
92304861,1,1,0,0,00,B,8,_,7,_,0,0,_,_,0,_,_,_,B00T11E8070-____X0_S00,B1998
92101349,1,1,0,0,00,B,7,_,8,_,9,0,_,_,0,_,_,_,B00T11E7980-____X0_S00,B1043
92103131,1,1,0,0,00,B,_,0,_,0,_,_,0,0,_,0,0,0,B00T11E____-0000X_0S00,B1309
92103515,1,1,_,0,00,B,8,4,0,4,0,0,0,0,_,0,0,0,B00T11E8000-4040X_0S_0,B1374
92103237,1,_,0,0,00,B,8,_,0,_,0,0,_,_,0,_,_,_,B00T1_E8000-____X0_S00,B1321
92102245,1,1,0,_,00,C,0,_,0,_,0,0,_,_,0,_,_,_,C00T11E0000-____X0_S0_,B1170
92298793,1,1,0,0,00,B,_,0,_,0,_,_,0,0,_,0,0,0,B00T11E____-0000X_0S00,B1585
92127854,1,1,0,0,00,B,_,0,_,0,_,_,0,0,_,0,0,0,B00T11E____-0000X_0S00,T1318
92102377,1,1,0,0,00,B,_,0,_,0,_,_,0,0,_,0,0,0,B00T11E____-0000X_0S00,B1193
92127512,1,1,0,0,00,B,_,3,_,5,_,_,0,0,_,0,0,0,B00T11E____-3050X_0S00,T1219
92128122,_,_,0,0,00,B,9,0,9,0,0,0,0,0,0,0,0,0,B00T__E9090-0000X00S00,T264
92128440,1,1,0,0,00,B,8,_,8,_,0,0,_,_,0,_,_,_,B00T11E8080-____X0_S00,T350
92102528,1,1,_,0,00,B,9,4,9,0,0,0,0,0,0,0,0,0,B00T11E9090-4000X00S_0,B1216
92101078,1,1,_,0,00,B,8,4,0,5,0,0,4,3,0,_,_,_,B00T11E8000-4453X0_S_0,B1012
92302119,1,1,0,0,00,B,0,0,0,0,0,0,0,0,0,0,0,0,B00T11E0000-0000X00S00,B1813
92129555,_,1,_,0,00,B,_,3,_,4,_,_,0,0,_,0,0,0,B00T_1E____-3040X_0S_0,T504
92101630,1,1,0,0,00,B,0,4,0,4,0,0,0,0,0,0,0,0,B00T11E0000-4040X00S00,B1090
92102138,1,1,0,0,00,B,0,_,0,_,8,8,_,_,0,_,_,_,B00T11E0808-____X0_S00,B1154
92298590,_,1,0,0,00,B,0,4,0,4,0,0,0,0,0,0,0,0,B00T_1E0000-4040X00S00,B1577
92301252,_,1,0,0,00,B,_,0,_,0,_,_,0,0,_,0,0,0,B00T_1E____-0000X_0S00,B1757
92127396,1,1,0,0,00,B,8,_,0,_,0,0,_,_,0,_,_,_,B00T11E8000-____X0_S00,T1186
92297134,1,1,0,0,00,B,0,0,0,0,0,0,0,0,0,0,0,0,B00T11E0000-0000X00S00,B1498
92101012,1,1,0,0,00,B,_,4,_,3,_,_,0,0,_,0,0,0,B00T11E____-4030X_0S00,B1008
92101533,1,_,_,_,00,B,8,5,9,5,9,0,4,3,0,_,_,_,B00T1_E8990-5453X0_S__,B1074
92103453,0,1,0,0,00,B,8,_,0,_,0,0,_,_,0,_,_,_,B00T01E8000-____X0_S00,B1365
92102540,1,1,0,0,00,B,_,0,_,0,_,_,0,0,_,0,0,0,B00T11E____-0000X_0S00,B1217
92128706,1,1,0,0,00,B,_,0,_,0,_,_,0,0,_,0,0,0,B00T11E____-0000X_0S00,T386
92102479,1,_,0,0,00,B,9,_,0,_,9,8,_,_,0,_,_,_,B00T1_E9908-____X0_S00,B1208
92306116,1,1,0,0,00,B,_,4,_,5,_,_,3,4,_,0,0,0,B00T11E____-4354X_0S00,B2067
92101582,1,1,_,0,00,B,9,_,0,_,7,0,_,_,0,_,_,_,B00T11E9700-____X0_S_0,B1082
92127381,_,_,_,0,00,B,8,0,8,0,0,0,0,0,0,0,0,0,B00T__E8080-0000X00S_0,T1185
92128313,1,1,_,_,00,B,_,4,_,4,_,_,0,0,_,0,0,0,B00T11E____-4040X_0S__,T322
92103106,1,1,0,0,00,B,9,_,7,_,7,0,_,_,0,_,_,_,B00T11E9770-____X0_S00,B1306
92129645,1,1,0,0,00,B,0,4,0,4,0,0,0,0,0,0,0,0,B00T11E0000-4040X00S00,T520
92127721,1,1,1,0,00,B,8,_,8,_,0,0,_,_,0,_,_,_,B00T11E8080-____X0_S10,T1281
92296525,1,0,0,0,00,B,0,3,0,0,0,0,0,0,_,0,0,0,B00T10E0000-3000X_0S00,B1469
92299803,1,1,_,0,00,B,_,0,_,0,_,_,0,0,_,0,0,0,B00T11E____-0000X_0S_0,B1655
92302792,1,1,0,_,00,B,8,_,0,_,0,0,_,_,0,_,_,_,B00T11E8000-____X0_S0_,B1867
92102455,1,_,0,0,00,B,9,3,8,3,0,0,0,0,0,0,0,0,B00T1_E9080-3030X00S00,B1204
92302209,1,1,0,0,00,B,0,_,0,_,0,0,_,_,0,_,_,_,B00T11E0000-____X0_S00,B1820
92128339,1,1,0,0,00,B,9,_,0,_,0,0,_,_,0,_,_,_,B00T11E9000-____X0_S00,T329
92298741,_,1,0,0,00,B,9,3,0,4,8,7,5,0,_,0,0,0,B00T_1E9807-3540X_0S00,B1583
92129041,1,1,0,0,00,B,7,0,8,0,0,0,4,0,0,0,0,0,B00T11E7080-0400X00S00,T434
92127670,1,1,0,0,00,B,0,_,0,_,0,0,_,_,0,_,_,_,B00T11E0000-____X0_S00,T1263
92128246,1,1,0,0,00,B,8,4,7,5,0,0,0,0,_,0,0,0,B00T11E8070-4050X_0S00,T303
92103456,0,1,0,0,00,B,8,_,0,_,0,0,_,_,0,_,_,_,B00T01E8000-____X0_S00,B1365
92301140,1,1,0,0,00,B,8,4,9,5,0,0,0,0,_,0,0,0,B00T11E8090-4050X_0S00,B1748
92126873,1,_,0,0,00,B,0,_,0,_,0,0,_,_,0,_,_,_,B00T1_E0000-____X0_S00,T1018
92297360,1,1,1,0,00,B,_,3,_,3,_,_,4,5,_,0,0,0,B00T11E____-3435X_0S10,B1513
92128169,1,1,0,0,20,_,9,0,7,0,0,0,0,0,0,0,0,0,_20T11E9070-0000X00S00,T278
92303967,1,1,0,0,00,B,_,3,_,4,_,_,0,0,_,0,0,0,B00T11E____-3040X_0S00,B1945
92299671,1,1,0,0,00,B,8,3,8,5,9,0,0,0,0,_,_,_,B00T11E8980-3050X0_S00,B1644
92102949,1,_,0,0,00,B,0,_,0,_,0,0,_,_,0,_,_,_,B00T1_E0000-____X0_S00,B1278
92102547,_,1,0,0,00,B,0,3,0,3,7,8,0,0,_,0,0,0,B00T_1E0708-3030X_0S00,B1217
92302906,1,1,0,0,00,B,0,3,0,4,0,0,0,0,0,0,0,0,B00T11E0000-3040X00S00,B1873
92300690,1,1,0,0,00,B,0,0,0,0,0,0,0,0,0,0,0,0,B00T11E0000-0000X00S00,B1708
92302584,1,1,0,0,00,B,8,4,0,4,0,0,4,0,_,0,0,0,B00T11E8000-4440X_0S00,B1854
92303999,1,1,0,0,20,_,0,_,0,_,8,0,_,_,0,_,_,_,_20T11E0800-____X0_S00,B1946
92128564,1,_,0,0,00,B,8,_,0,_,0,0,_,_,0,_,_,_,B00T1_E8000-____X0_S00,T364
92129330,1,1,0,0,00,B,_,0,_,0,_,_,0,0,_,0,0,0,B00T11E____-0000X_0S00,T467
92127455,1,1,0,0,00,B,8,4,7,5,9,0,3,4,_,0,0,0,B00T11E8970-4354X_0S00,T1207
92298838,1,1,_,0,00,B,9,4,9,3,0,0,0,0,0,_,_,_,B00T11E9090-4030X0_S_0,B1589
92298747,1,1,_,0,00,B,7,_,7,_,0,0,_,_,0,_,_,_,B00T11E7070-____X0_S_0,B1583
92297933,1,1,0,0,00,B,0,3,0,4,0,0,4,0,0,0,0,0,B00T11E0000-3440X00S00,B1541
92101410,0,1,0,0,20,B,0,_,0,_,0,0,_,_,0,_,_,_,B20T01E0000-____X0_S00,B1057
92101656,1,1,0,0,00,C,9,0,8,0,8,0,0,0,_,0,0,0,C00T11E9880-0000X_0S00,B1096
92127598,1,1,0,0,00,C,7,0,7,0,8,0,0,0,_,0,0,0,C00T11E7870-0000X_0S00,T1242
92303900,1,1,0,0,00,B,_,0,_,0,_,_,0,0,_,0,0,0,B00T11E____-0000X_0S00,B1939
92129977,1,1,0,0,00,B,9,3,0,0,0,0,0,0,0,0,0,0,B00T11E9000-3000X00S00,T582
92303236,1,1,0,0,00,B,0,4,0,0,0,0,0,0,_,0,0,0,B00T11E0000-4000X_0S00,B1898
92129998,1,1,0,0,00,B,9,4,0,0,0,0,0,0,0,_,_,_,B00T11E9000-4000X0_S00,T586
92303400,1,0,0,0,00,B,0,4,0,0,0,0,0,0,0,0,0,0,B00T10E0000-4000X00S00,B1911
92302280,1,1,0,1,00,B,0,0,0,0,0,0,0,0,0,0,0,0,B00T11E0000-0000X00S01,B1823
92128631,1,_,0,0,00,B,9,0,0,0,9,0,5,0,0,0,0,0,B00T1_E9900-0500X00S00,T376
92102420,1,1,0,0,00,B,8,0,8,0,8,0,0,0,0,0,0,0,B00T11E8880-0000X00S00,B1200
92303118,1,1,0,0,00,B,_,0,_,0,_,_,0,0,_,0,0,0,B00T11E____-0000X_0S00,B1889
92103232,_,1,_,0,00,B,8,4,7,0,0,0,0,0,_,0,0,0,B00T_1E8070-4000X_0S_0,B1321
92127795,1,1,0,0,00,B,_,3,_,3,_,_,0,0,_,0,0,0,B00T11E____-3030X_0S00,T1303
92100909,1,1,_,0,00,B,0,3,0,0,0,0,0,0,_,0,0,0,B00T11E0000-3000X_0S_0,B1002
92305667,_,_,_,_,00,B,8,_,0,_,0,0,_,_,0,_,_,_,B00T__E8000-____X0_S__,B2042
92299009,1,1,0,0,00,B,9,0,0,0,0,0,0,0,0,0,0,0,B00T11E9000-0000X00S00,B1594
92301442,1,1,0,0,00,B,0,4,0,5,0,0,0,0,_,0,0,0,B00T11E0000-4050X_0S00,B1772
92301676,_,1,0,0,00,B,_,5,_,0,_,_,0,0,_,0,0,0,B00T_1E____-5000X_0S00,B1787
92101193,0,_,0,0,00,B,0,0,0,0,0,0,0,0,0,0,0,0,B00T0_E0000-0000X00S00,B1027
92103067,_,1,0,0,00,B,9,0,0,0,0,0,0,0,0,0,0,0,B00T_1E9000-0000X00S00,B1298
92303938,1,1,_,0,00,B,8,_,7,_,0,0,_,_,0,_,_,_,B00T11E8070-____X0_S_0,B1941
92101375,1,_,0,0,00,B,0,0,0,0,0,0,0,0,0,_,_,_,B00T1_E0000-0000X0_S00,B1048
92299121,1,1,0,0,00,B,_,0,_,0,_,_,0,0,_,0,0,0,B00T11E____-0000X_0S00,B1601
92301749,_,_,0,0,00,B,8,4,9,0,8,0,0,0,_,0,0,0,B00T__E8890-4000X_0S00,B1789
92102234,1,1,_,_,00,B,_,3,_,4,_,_,0,0,_,0,0,0,B00T11E____-3040X_0S__,B1168
92129590,_,_,0,_,00,B,_,_,_,_,_,_,_,_,_,_,_,_,B00T__E____-____X__S0_,T511
92297720,1,1,0,0,00,B,_,4,_,5,_,_,0,0,_,0,0,0,B00T11E____-4050X_0S00,B1532
92303490,_,1,0,0,00,B,_,3,_,3,_,_,0,0,_,0,0,0,B00T_1E____-3030X_0S00,B1914
92129535,1,_,0,_,00,B,8,0,8,0,0,0,0,0,0,_,_,_,B00T1_E8080-0000X0_S0_,T499
92305577,1,_,0,0,00,B,0,_,0,_,0,0,_,_,0,_,_,_,B00T1_E0000-____X0_S00,B2036
92301893,_,_,0,0,00,B,8,4,7,5,0,0,0,0,_,0,0,0,B00T__E8070-4050X_0S00,B1794
92297572,1,_,0,0,00,B,9,0,0,0,0,0,0,0,0,0,0,0,B00T1_E9000-0000X00S00,B1523
92103402,1,1,0,1,00,B,9,_,0,_,0,0,_,_,0,_,_,_,B00T11E9000-____X0_S01,B1356
92305186,_,1,_,_,00,B,0,0,0,4,0,0,0,0,_,0,0,0,B00T_1E0000-0040X_0S__,B2015
92128778,1,1,0,0,00,B,7,0,0,0,0,0,0,0,_,0,0,0,B00T11E7000-0000X_0S00,T400
92298732,1,1,0,0,00,B,9,_,0,_,9,0,_,_,0,_,_,_,B00T11E9900-____X0_S00,B1582
92305225,1,1,0,0,00,B,0,3,0,3,0,0,0,0,0,0,0,0,B00T11E0000-3030X00S00,B2017
92127812,1,_,0,_,00,B,0,0,0,0,0,0,0,0,_,0,0,0,B00T1_E0000-0000X_0S0_,T1306
92103217,1,1,1,0,00,B,8,4,7,5,9,8,3,4,0,0,0,0,B00T11E8978-4354X00S10,B1320
92304327,_,1,0,0,00,B,_,5,_,0,_,_,0,0,_,0,0,0,B00T_1E____-5000X_0S00,B1965
92302332,1,1,_,_,00,B,8,0,8,0,0,0,0,0,0,0,0,0,B00T11E8080-0000X00S__,B1829
92298023,_,_,0,0,00,C,0,4,0,0,9,0,0,0,_,0,0,0,C00T__E0900-4000X_0S00,B1548
92101828,1,1,0,0,00,B,8,_,0,_,0,0,_,_,0,_,_,_,B00T11E8000-____X0_S00,B1120
92102048,1,1,0,0,00,B,0,_,0,_,0,0,_,_,0,_,_,_,B00T11E0000-____X0_S00,B1143
92101814,1,1,0,0,00,B,0,_,0,_,0,0,_,_,0,_,_,_,B00T11E0000-____X0_S00,B1114
92300716,_,_,_,0,00,B,_,3,_,4,_,_,4,4,_,0,0,0,B00T__E____-3444X_0S_0,B1711
92129031,1,1,0,0,00,B,7,_,8,_,0,0,_,_,0,_,_,_,B00T11E7080-____X0_S00,T433
92127875,_,_,0,0,00,B,7,_,8,_,9,8,_,_,0,_,_,_,B00T__E7988-____X0_S00,T1325
92127141,1,_,0,0,00,B,_,3,_,3,_,_,0,0,_,0,0,0,B00T1_E____-3030X_0S00,T1104
92102911,_,_,_,0,00,B,9,_,0,_,0,0,_,_,0,_,_,_,B00T__E9000-____X0_S_0,B1270
92101132,1,1,_,0,00,B,7,_,8,_,0,0,_,_,0,_,_,_,B00T11E7080-____X0_S_0,B1018
92303488,1,1,0,0,00,B,9,0,0,0,0,0,0,0,0,_,_,_,B00T11E9000-0000X0_S00,B1913
92101490,1,1,0,0,00,B,8,_,7,_,0,0,_,_,0,_,_,_,B00T11E8070-____X0_S00,B1069
92101465,1,1,0,0,00,B,8,_,8,_,0,0,_,_,0,_,_,_,B00T11E8080-____X0_S00,B1064
92101177,1,1,0,0,20,C,8,4,0,5,0,0,4,5,0,_,_,_,C20T11E8000-4455X0_S00,B1024
92300145,1,_,_,_,00,B,8,_,8,_,8,0,_,_,0,_,_,_,B00T1_E8880-____X0_S__,B1679
92305833,_,_,0,0,00,B,8,_,0,_,8,0,_,_,0,_,_,_,B00T__E8800-____X0_S00,B2053
92101013,1,1,_,0,00,B,_,4,_,3,_,_,0,0,_,0,0,0,B00T11E____-4030X_0S_0,B1008
92100948,_,1,0,0,00,B,_,4,_,0,_,_,0,0,_,0,0,0,B00T_1E____-4000X_0S00,B1003
92102350,1,1,0,0,00,B,9,4,0,0,9,0,4,0,0,0,0,0,B00T11E9900-4400X00S00,B1188
92129483,_,1,0,0,00,B,8,0,0,0,0,0,0,0,0,_,_,_,B00T_1E8000-0000X0_S00,T490
92126903,_,_,0,0,00,B,9,0,0,0,0,0,0,0,0,0,0,0,B00T__E9000-0000X00S00,T1027
92298400,1,1,0,0,00,B,_,0,_,0,_,_,0,0,_,0,0,0,B00T11E____-0000X_0S00,B1564
92103181,1,1,0,_,00,B,0,3,0,0,0,0,0,0,_,0,0,0,B00T11E0000-3000X_0S0_,B1315
92295524,1,1,0,0,00,B,_,0,_,0,_,_,0,0,_,0,0,0,B00T11E____-0000X_0S00,B1404
92128544,1,1,0,0,00,B,9,5,8,5,0,0,3,4,0,_,_,_,B00T11E9080-5354X0_S00,T362
92126976,1,1,0,0,20,B,0,0,0,0,0,0,0,0,0,0,0,0,B20T11E0000-0000X00S00,T1049
92101674,0,1,0,0,00,B,9,0,0,0,0,0,0,0,0,_,_,_,B00T01E9000-0000X0_S00,B1097
92127785,1,1,0,0,00,B,0,3,0,4,0,0,0,0,_,0,0,0,B00T11E0000-3040X_0S00,T1300
92100865,1,1,0,0,00,B,_,4,_,3,_,_,5,5,_,0,0,0,B00T11E____-4535X_0S00,B1000
92102416,1,1,0,0,00,B,_,4,_,3,_,_,0,0,_,0,0,0,B00T11E____-4030X_0S00,B1199
92129794,1,1,0,0,00,B,0,0,0,0,0,0,0,0,0,0,0,0,B00T11E0000-0000X00S00,T544
92295462,1,1,0,0,00,B,9,4,7,5,0,0,0,0,0,0,0,0,B00T11E9070-4050X00S00,B1400
92102202,1,_,0,0,00,B,9,_,0,_,0,0,_,_,0,_,_,_,B00T1_E9000-____X0_S00,B1161
92101426,_,1,0,0,00,B,_,3,_,5,_,_,0,0,_,0,0,0,B00T_1E____-3050X_0S00,B1060
92129346,1,_,0,_,00,B,8,0,0,0,0,0,4,0,0,0,0,0,B00T1_E8000-0400X00S0_,T470
92102709,1,1,0,0,00,B,0,0,0,0,7,0,0,0,0,_,_,_,B00T11E0700-0000X0_S00,B1250
92102851,1,1,0,0,00,B,9,3,0,4,0,0,0,0,0,0,0,0,B00T11E9000-3040X00S00,B1264
92128376,1,1,0,0,00,B,_,4,_,5,_,_,4,0,_,0,0,0,B00T11E____-4450X_0S00,T335
92129567,_,_,0,_,00,B,7,0,0,0,0,0,0,0,0,0,0,0,B00T__E7000-0000X00S0_,T506
92102211,_,1,0,0,00,B,_,0,_,0,_,_,0,0,_,0,0,0,B00T_1E____-0000X_0S00,B1163
92128130,1,1,0,_,00,B,9,4,8,0,0,0,0,0,_,0,0,0,B00T11E9080-4000X_0S0_,T266
92298153,1,1,0,0,00,B,9,0,8,0,0,0,0,0,0,_,_,_,B00T11E9080-0000X0_S00,B1556
92102874,1,1,0,0,00,B,0,3,0,0,0,0,0,0,_,0,0,0,B00T11E0000-3000X_0S00,B1267
92303202,1,1,_,_,00,B,9,_,9,_,8,0,_,_,0,_,_,_,B00T11E9890-____X0_S__,B1896
92128866,1,_,0,0,00,B,0,_,0,_,0,0,_,_,0,_,_,_,B00T1_E0000-____X0_S00,T414
92297582,1,1,_,0,00,B,7,0,0,0,0,0,0,0,0,0,0,0,B00T11E7000-0000X00S_0,B1524
92129871,1,1,0,0,00,B,0,_,0,_,0,0,_,_,0,_,_,_,B00T11E0000-____X0_S00,T557
92127370,_,_,0,0,00,B,0,_,0,_,0,0,_,_,0,_,_,_,B00T__E0000-____X0_S00,T1182
92298575,1,1,0,0,00,B,8,3,0,0,0,0,0,0,0,0,0,0,B00T11E8000-3000X00S00,B1576
92300748,_,1,0,0,00,B,7,0,9,0,0,0,0,0,0,0,0,0,B00T_1E7090-0000X00S00,B1714
92101322,1,1,0,0,00,B,0,_,0,_,0,0,_,_,0,_,_,_,B00T11E0000-____X0_S00,B1041
92102650,1,1,0,0,00,B,_,3,_,0,_,_,0,0,_,0,0,0,B00T11E____-3000X_0S00,B1238
92128686,1,1,0,0,00,B,_,0,_,0,_,_,0,0,_,0,0,0,B00T11E____-0000X_0S00,T384
92300722,1,1,0,_,00,B,9,_,8,_,0,0,_,_,0,_,_,_,B00T11E9080-____X0_S0_,B1712
92295888,1,_,0,0,00,B,9,_,0,_,9,0,_,_,0,_,_,_,B00T1_E9900-____X0_S00,B1429
92101240,_,1,0,_,00,B,0,4,0,3,0,0,0,0,_,0,0,0,B00T_1E0000-4030X_0S0_,B1032
92103464,1,_,_,0,00,B,8,_,0,_,0,0,_,_,0,_,_,_,B00T1_E8000-____X0_S_0,B1368
92102946,1,1,0,0,00,B,9,3,0,4,8,0,4,0,0,0,0,0,B00T11E9800-3440X00S00,B1278
92299793,1,1,0,0,00,B,7,4,0,0,0,0,0,0,_,0,0,0,B00T11E7000-4000X_0S00,B1653
92129166,1,_,0,0,00,B,8,_,9,_,0,0,_,_,0,_,_,_,B00T1_E8090-____X0_S00,T444
92296647,_,1,0,0,00,B,9,0,8,0,0,0,0,0,0,_,_,_,B00T_1E9080-0000X0_S00,B1476
92128547,1,1,0,0,00,B,9,_,8,_,0,0,_,_,0,_,_,_,B00T11E9080-____X0_S00,T363
92101525,1,1,0,0,00,B,8,3,0,0,9,0,3,0,0,0,0,0,B00T11E8900-3300X00S00,B1074
92129894,1,1,0,0,00,B,8,0,0,0,0,0,3,0,0,0,0,0,B00T11E8000-0300X00S00,T562
92127865,1,1,0,0,00,B,9,0,8,0,9,0,3,4,0,0,0,0,B00T11E9980-0304X00S00,T1322
92128325,1,1,0,0,00,B,_,4,_,4,_,_,0,0,_,0,0,0,B00T11E____-4040X_0S00,T324
92296970,1,1,0,0,00,B,8,_,0,_,0,0,_,_,0,_,_,_,B00T11E8000-____X0_S00,B1492
92128981,1,1,0,0,00,B,_,4,_,0,_,_,0,0,_,0,0,0,B00T11E____-4000X_0S00,T428
92129379,_,1,0,0,20,B,_,4,_,3,_,_,0,0,_,0,0,0,B20T_1E____-4030X_0S00,T473
92101825,1,_,0,0,00,B,8,0,0,0,0,0,0,0,0,_,_,_,B00T1_E8000-0000X0_S00,B1120
92306374,1,1,0,0,00,B,0,0,0,0,0,0,0,0,0,0,0,0,B00T11E0000-0000X00S00,F1000
92299084,1,0,0,0,00,B,_,4,_,3,_,_,0,0,_,0,0,0,B00T10E____-4030X_0S00,B1599
92295631,1,1,0,0,00,C,0,4,0,3,9,0,5,3,0,_,_,_,C00T11E0900-4533X0_S00,B1407
92129265,1,1,0,0,00,B,0,3,0,0,0,0,0,0,0,0,0,0,B00T11E0000-3000X00S00,T456
92129006,1,1,0,0,00,B,_,0,_,0,_,_,0,0,_,0,0,0,B00T11E____-0000X_0S00,T431
92102055,1,1,0,0,00,B,0,0,0,0,0,0,0,0,0,0,0,0,B00T11E0000-0000X00S00,B1144
92103123,1,_,0,0,00,B,8,_,7,_,0,0,_,_,0,_,_,_,B00T1_E8070-____X0_S00,B1309
92127125,_,1,0,0,20,C,_,4,_,0,_,_,0,0,_,0,0,0,C20T_1E____-4000X_0S00,T1098
92129230,_,1,0,0,00,B,_,5,_,4,_,_,0,0,_,0,0,0,B00T_1E____-5040X_0S00,T452
92128363,1,1,0,0,00,B,0,_,0,_,0,0,_,_,0,_,_,_,B00T11E0000-____X0_S00,T335
92127159,1,1,0,_,20,_,_,5,_,0,_,_,0,0,_,0,0,0,_20T11E____-5000X_0S0_,T1110
92304068,1,1,0,0,00,B,7,3,0,0,0,0,0,0,0,0,0,0,B00T11E7000-3000X00S00,B1950
92103107,1,_,0,0,00,B,_,3,_,3,_,_,0,0,_,0,0,0,B00T1_E____-3030X_0S00,B1306
92126997,1,1,0,0,00,B,9,_,8,_,0,0,_,_,0,_,_,_,B00T11E9080-____X0_S00,T1054
92129584,1,1,0,0,00,B,0,0,0,0,0,0,0,0,0,_,_,_,B00T11E0000-0000X0_S00,T509
92102052,_,1,0,0,00,B,_,3,_,3,_,_,0,0,_,0,0,0,B00T_1E____-3030X_0S00,B1143
92296762,1,1,0,0,00,B,8,_,0,_,0,0,_,_,0,_,_,_,B00T11E8000-____X0_S00,B1482
92299760,1,1,0,0,00,B,_,0,_,0,_,_,0,0,_,0,0,0,B00T11E____-0000X_0S00,B1650
92127273,1,_,0,_,00,B,_,3,_,4,_,_,4,0,_,0,0,0,B00T1_E____-3440X_0S0_,T1153
92128779,1,1,0,_,00,B,0,0,0,0,0,0,0,0,_,0,0,0,B00T11E0000-0000X_0S0_,T400
92128993,_,_,0,_,00,B,8,_,0,_,0,0,_,_,0,_,_,_,B00T__E8000-____X0_S0_,T429
92103312,_,0,0,0,20,B,_,0,_,0,_,_,4,0,_,0,0,0,B20T_0E____-0400X_0S00,B1336
92127743,1,1,_,_,00,B,0,3,0,0,0,0,0,0,0,0,0,0,B00T11E0000-3000X00S__,T1284
92101493,1,1,0,0,00,B,8,_,7,_,0,0,_,_,0,_,_,_,B00T11E8070-____X0_S00,B1069
92128566,_,_,0,0,00,B,9,_,0,_,0,0,_,_,0,_,_,_,B00T__E9000-____X0_S00,T365
92102188,1,1,0,0,00,B,0,_,0,_,0,0,_,_,0,_,_,_,B00T11E0000-____X0_S00,B1157
92303666,1,1,0,0,00,B,_,4,_,3,_,_,0,0,_,0,0,0,B00T11E____-4030X_0S00,B1929
92103053,1,1,0,0,00,B,_,4,_,4,_,_,0,0,_,0,0,0,B00T11E____-4040X_0S00,B1295
92298335,1,1,0,0,00,B,_,4,_,0,_,_,0,0,_,0,0,0,B00T11E____-4000X_0S00,B1562
92129159,1,1,0,0,00,B,9,0,7,0,0,0,0,0,0,0,0,0,B00T11E9070-0000X00S00,T443
92101136,1,1,_,0,00,B,7,_,9,_,0,0,_,_,0,_,_,_,B00T11E7090-____X0_S_0,B1018
92296798,1,1,0,0,00,B,8,3,7,0,8,7,4,0,_,0,0,0,B00T11E8877-3400X_0S00,B1483
92103585,1,1,0,0,00,B,,,,,,,,,,,,,B00T11Enannannannan-nannannannanXnannanS00,B1389
92303154,_,_,_,_,20,_,,,,,,,,,,,,,_20T__Enannannannan-nannannannanXnannanS__,B1892
92127774,1,1,0,0,00,B,0,4,0,4,0,0,4,0,_,0,0,0,B00T11E0000-4440X_0S00,T1296
92127862,1,1,0,0,00,B,_,4,_,5,_,_,0,0,_,0,0,0,B00T11E____-4050X_0S00,T1320
92102096,_,1,1,0,00,B,_,4,_,0,_,_,0,0,_,0,0,0,B00T_1E____-4000X_0S10,B1149
92305795,1,1,0,0,00,B,8,4,0,3,0,0,4,5,0,0,0,0,B00T11E8000-4435X00S00,B2052
92129385,1,1,0,0,00,B,0,0,0,0,0,0,0,0,0,0,0,0,B00T11E0000-0000X00S00,T474
92302842,1,1,0,0,00,B,_,3,_,4,_,_,0,0,_,0,0,0,B00T11E____-3040X_0S00,B1871
92300838,1,1,0,0,00,B,_,5,_,0,_,_,0,0,_,0,0,0,B00T11E____-5000X_0S00,B1722
92129930,1,1,0,0,00,B,9,3,0,0,0,0,0,0,0,0,0,0,B00T11E9000-3000X00S00,T570
92301284,1,1,0,0,00,B,7,_,8,_,0,0,_,_,_,_,_,_,B00T11E7080-____X__S00,B1758
92127289,1,1,0,_,00,B,_,0,_,0,_,_,0,0,_,0,0,0,B00T11E____-0000X_0S0_,T1158
92103601,1,1,0,0,00,B,9,3,9,3,8,0,0,0,0,0,0,0,B00T11E9890-3030X00S00,B1391
92129465,1,1,0,0,00,B,_,5,_,4,_,_,0,0,_,0,0,0,B00T11E____-5040X_0S00,T488
92102300,_,1,0,0,00,B,_,5,_,0,_,_,0,0,_,0,0,0,B00T_1E____-5000X_0S00,B1182
92305570,1,1,0,0,00,B,_,4,_,0,_,_,0,0,_,0,0,0,B00T11E____-4000X_0S00,B2036
92102945,1,1,_,0,00,B,_,3,_,4,_,_,4,0,_,0,0,0,B00T11E____-3440X_0S_0,B1278
92128350,1,1,0,0,00,C,0,_,0,_,0,0,_,_,0,_,_,_,C00T11E0000-____X0_S00,T331
92103595,1,1,0,0,00,B,0,3,0,4,0,0,0,0,_,0,0,0,B00T11E0000-3040X_0S00,B1390
92129157,1,1,0,_,00,B,0,4,0,0,0,0,0,0,_,0,0,0,B00T11E0000-4000X_0S0_,T443
92101951,1,1,0,0,00,B,7,4,8,3,8,0,0,0,0,0,0,0,B00T11E7880-4030X00S00,B1135
92126853,1,1,0,0,00,B,_,0,_,0,_,_,0,0,_,0,0,0,B00T11E____-0000X_0S00,T1013
92101991,_,1,0,0,00,C,8,_,9,_,0,0,_,_,0,_,_,_,C00T_1E8090-____X0_S00,B1139
92127668,_,1,0,_,00,B,_,4,_,3,_,_,0,0,_,0,0,0,B00T_1E____-4030X_0S0_,T1262
92126932,1,1,0,0,00,B,_,3,_,4,_,_,0,0,_,0,0,0,B00T11E____-3040X_0S00,T1038
92129687,0,0,0,0,00,B,0,0,0,0,0,0,0,0,0,0,0,0,B00T00E0000-0000X00S00,T523
92128393,_,_,0,0,00,B,0,_,0,_,8,0,_,_,0,_,_,_,B00T__E0800-____X0_S00,T339
92304448,1,1,0,0,00,B,0,_,0,_,0,0,_,_,0,_,_,_,B00T11E0000-____X0_S00,B1974
92306074,1,0,0,0,00,B,_,0,_,0,_,_,0,0,_,0,0,0,B00T10E____-0000X_0S00,B2066
92299778,1,1,0,0,00,B,_,0,_,0,_,_,0,0,_,0,0,0,B00T11E____-0000X_0S00,B1652
92296874,_,_,_,_,00,B,_,0,_,0,_,_,0,0,_,0,0,0,B00T__E____-0000X_0S__,B1489
92128551,1,1,0,0,00,B,8,5,8,4,0,0,0,0,0,_,_,_,B00T11E8080-5040X0_S00,T363
92128082,_,1,0,0,00,B,_,0,_,0,_,_,0,0,_,0,0,0,B00T_1E____-0000X_0S00,T256
92101741,1,1,0,0,00,B,9,0,0,0,0,0,0,0,0,_,_,_,B00T11E9000-0000X0_S00,B1105
92103433,1,_,0,0,00,B,7,_,9,_,8,0,_,_,0,_,_,_,B00T1_E7890-____X0_S00,B1362
92302964,1,1,0,0,00,B,8,0,9,0,9,0,0,0,0,0,0,0,B00T11E8990-0000X00S00,B1882
92128983,1,1,0,0,00,B,8,4,0,0,7,7,0,0,_,0,0,0,B00T11E8707-4000X_0S00,T428
92301926,1,1,0,_,00,B,_,0,_,0,_,_,4,0,_,0,0,0,B00T11E____-0400X_0S0_,B1798
92128343,1,1,0,0,00,B,7,_,8,_,0,0,_,_,0,_,_,_,B00T11E7080-____X0_S00,T329
92128412,1,1,0,0,00,B,7,_,9,_,0,0,_,_,0,_,_,_,B00T11E7090-____X0_S00,T344
92100970,1,1,0,0,00,B,_,3,_,0,_,_,0,0,_,0,0,0,B00T11E____-3000X_0S00,B1005
92128000,1,1,0,0,00,B,_,0,_,0,_,_,0,0,_,0,0,0,B00T11E____-0000X_0S00,T220
92306238,1,1,0,0,00,B,_,4,_,4,_,_,0,0,_,0,0,0,B00T11E____-4040X_0S00,B2073
92297531,1,1,0,0,00,B,_,3,_,0,_,_,0,0,_,0,0,0,B00T11E____-3000X_0S00,B1521
92300104,1,1,0,0,00,B,0,_,0,_,0,0,_,_,0,_,_,_,B00T11E0000-____X0_S00,B1676
92129609,1,_,_,0,00,B,7,4,9,5,7,0,0,0,0,_,_,_,B00T1_E7790-4050X0_S_0,T514
92128490,_,1,_,_,_,_,_,3,_,4,_,_,0,0,_,0,0,0,__T_1E____-3040X_0S__,T356
92103180,1,1,0,0,20,_,0,_,0,_,8,0,_,_,0,_,_,_,_20T11E0800-____X0_S00,B1315
92306128,_,1,0,0,00,B,_,0,_,0,_,_,0,0,_,0,0,0,B00T_1E____-0000X_0S00,B2068
92127167,1,1,0,0,00,B,_,4,_,0,_,_,0,0,_,0,0,0,B00T11E____-4000X_0S00,T1115
92296439,1,_,0,0,00,B,9,_,0,_,0,0,_,_,0,_,_,_,B00T1_E9000-____X0_S00,B1462
92296321,1,1,0,0,00,B,8,_,9,_,0,0,_,_,0,_,_,_,B00T11E8090-____X0_S00,B1456
92126900,1,_,0,0,00,B,9,_,0,_,0,0,_,_,0,_,_,_,B00T1_E9000-____X0_S00,T1026
92129664,1,1,0,0,00,B,9,4,0,0,8,0,0,0,0,0,0,0,B00T11E9800-4000X00S00,T521
92127097,1,1,0,0,00,B,0,3,0,0,0,0,0,0,0,0,0,0,B00T11E0000-3000X00S00,T1087
92127132,1,1,0,0,00,B,9,_,0,_,0,0,_,_,0,_,_,_,B00T11E9000-____X0_S00,T1100
92129763,1,1,0,0,00,B,_,3,_,4,_,_,0,0,_,0,0,0,B00T11E____-3040X_0S00,T539
92101958,1,_,0,_,00,B,9,_,0,_,9,0,_,_,0,_,_,_,B00T1_E9900-____X0_S0_,B1136
92101538,1,1,0,0,00,B,8,_,8,_,7,0,_,_,0,_,_,_,B00T11E8780-____X0_S00,B1075
92101406,1,1,0,0,00,B,9,3,0,4,0,0,4,0,_,0,0,0,B00T11E9000-3440X_0S00,B1057
92305563,1,1,0,0,00,B,_,4,_,0,_,_,0,0,_,0,0,0,B00T11E____-4000X_0S00,B2036
92302355,1,1,0,_,00,B,8,4,9,3,0,0,0,0,0,0,0,0,B00T11E8090-4030X00S0_,B1835
92102680,1,1,_,0,00,B,_,4,_,3,_,_,0,0,_,0,0,0,B00T11E____-4030X_0S_0,B1244
92127388,1,1,0,0,00,B,8,_,0,_,0,0,_,_,0,_,_,_,B00T11E8000-____X0_S00,T1185
92298195,1,1,0,0,00,B,8,3,0,0,0,0,0,0,0,0,0,0,B00T11E8000-3000X00S00,B1556
92103150,1,1,_,_,00,B,_,4,_,0,_,_,0,0,_,0,0,0,B00T11E____-4000X_0S__,B1310
92304825,1,1,0,0,00,B,0,4,0,5,0,0,0,0,0,0,0,0,B00T11E0000-4050X00S00,B1996
92127350,_,1,0,_,00,B,0,0,0,0,0,0,0,0,0,_,_,_,B00T_1E0000-0000X0_S0_,T1177
92127890,1,1,0,0,00,B,8,_,0,_,0,0,_,_,0,_,_,_,B00T11E8000-____X0_S00,T1328
92129856,_,_,0,0,00,B,0,0,0,0,0,0,0,0,0,0,0,0,B00T__E0000-0000X00S00,T555
92101940,1,1,_,0,00,C,9,_,8,_,0,0,_,_,0,_,_,_,C00T11E9080-____X0_S_0,B1133
92128786,1,1,0,0,00,B,_,0,_,0,_,_,0,0,_,0,0,0,B00T11E____-0000X_0S00,T400
92127582,_,1,0,0,00,B,_,0,_,0,_,_,0,0,_,0,0,0,B00T_1E____-0000X_0S00,T1239
92297576,1,1,1,0,00,B,7,_,0,_,0,0,_,_,0,_,_,_,B00T11E7000-____X0_S10,B1524
92299686,1,1,0,0,00,B,8,0,8,0,8,0,0,0,0,0,0,0,B00T11E8880-0000X00S00,B1644
92128575,_,_,0,0,00,B,9,4,8,0,0,0,0,0,0,_,_,_,B00T__E9080-4000X0_S00,T366
92102468,1,1,0,0,00,B,_,4,_,3,_,_,5,0,_,0,0,0,B00T11E____-4530X_0S00,B1207
92103527,1,1,_,0,00,B,9,_,0,_,0,0,_,_,0,_,_,_,B00T11E9000-____X0_S_0,B1377
92129116,_,1,_,_,00,B,0,4,0,4,0,0,5,0,_,_,_,_,B00T_1E0000-4540X__S__,T439
92300557,1,_,0,_,00,B,8,_,8,_,0,0,_,_,0,_,_,_,B00T1_E8080-____X0_S0_,B1701
92303996,_,_,0,0,00,B,7,0,9,0,8,8,0,0,0,_,_,_,B00T__E7898-0000X0_S00,B1945
92101494,1,1,0,0,00,B,_,3,_,4,_,_,3,0,_,0,0,0,B00T11E____-3340X_0S00,B1070
92304159,1,1,0,0,00,B,8,_,8,_,0,0,_,_,0,_,_,_,B00T11E8080-____X0_S00,B1955
92103614,1,1,0,0,00,B,_,4,_,3,_,_,0,0,_,0,0,0,B00T11E____-4030X_0S00,B1391
92100855,1,1,0,0,00,B,7,0,8,0,0,0,0,0,0,0,0,0,B00T11E7080-0000X00S00,B1000
92102658,1,1,0,0,00,B,7,4,8,0,0,0,0,0,0,0,0,0,B00T11E7080-4000X00S00,B1239
92129825,1,1,0,0,00,B,_,5,_,4,_,_,0,0,_,0,0,0,B00T11E____-5040X_0S00,T550
92127294,1,1,0,0,00,B,_,0,_,0,_,_,0,0,_,0,0,0,B00T11E____-0000X_0S00,T1159
92128835,1,1,0,0,00,B,8,4,0,4,0,0,0,0,0,_,_,_,B00T11E8000-4040X0_S00,T408
92101034,1,1,0,0,00,C,_,0,_,0,_,_,0,0,_,0,0,0,C00T11E____-0000X_0S00,B1009
92297311,1,1,0,0,00,B,9,0,7,0,0,0,0,0,0,_,_,_,B00T11E9070-0000X0_S00,B1509
92296944,_,_,_,_,00,B,7,3,8,0,9,7,0,0,_,0,0,0,B00T__E7987-3000X_0S__,B1492
92126938,1,_,0,0,00,B,9,_,8,_,0,0,_,_,0,_,_,_,B00T1_E9080-____X0_S00,T1040
92103004,1,1,0,_,00,B,0,0,0,0,0,0,0,0,0,0,0,0,B00T11E0000-0000X00S0_,B1291
92129646,_,_,0,0,00,B,9,4,0,5,0,0,0,0,0,0,0,0,B00T__E9000-4050X00S00,T520
92297464,_,1,0,0,00,B,8,_,0,_,0,0,_,_,0,_,_,_,B00T_1E8000-____X0_S00,B1517
92129184,1,1,0,0,00,B,9,_,9,_,0,0,_,_,0,_,_,_,B00T11E9090-____X0_S00,T446
92103248,0,_,_,_,00,B,0,4,0,4,0,0,4,5,0,0,0,0,B00T0_E0000-4445X00S__,B1322
92102659,1,1,_,_,_,_,7,0,0,0,0,0,0,0,0,0,0,0,__T11E7000-0000X00S__,B1239
92129783,1,0,0,0,00,B,0,_,0,_,8,0,_,_,0,_,_,_,B00T10E0800-____X0_S00,T542
92297172,1,1,0,0,00,B,0,_,0,_,0,0,_,_,0,_,_,_,B00T11E0000-____X0_S00,B1500
92301848,1,1,0,0,00,B,_,4,_,5,_,_,0,0,_,0,0,0,B00T11E____-4050X_0S00,B1792
92101594,_,1,0,_,20,_,0,4,0,3,0,0,3,0,_,0,0,0,_20T_1E0000-4330X_0S0_,B1083
92127033,1,1,_,0,00,B,0,_,0,_,0,0,_,_,0,_,_,_,B00T11E0000-____X0_S_0,T1066
92296251,1,_,0,0,00,B,8,_,0,_,0,0,_,_,0,_,_,_,B00T1_E8000-____X0_S00,B1450
92129059,1,1,0,0,00,B,0,0,0,0,0,0,0,0,0,0,0,0,B00T11E0000-0000X00S00,T435
92129218,1,1,0,0,00,B,0,4,0,0,8,0,4,0,0,0,0,0,B00T11E0800-4400X00S00,T451
92103368,1,1,0,0,00,B,0,_,0,_,0,0,_,_,0,_,_,_,B00T11E0000-____X0_S00,B1350
92103263,_,_,_,0,00,B,9,_,0,_,0,0,_,_,0,_,_,_,B00T__E9000-____X0_S_0,B1327
92101498,1,1,0,0,00,B,9,4,8,5,8,9,5,5,0,0,0,0,B00T11E9889-4555X00S00,B1070
92302478,1,1,0,0,00,B,0,0,0,0,0,0,0,0,0,0,0,0,B00T11E0000-0000X00S00,B1846
92301685,1,_,0,0,00,B,8,_,8,_,0,0,_,_,0,_,_,_,B00T1_E8080-____X0_S00,B1787
92101033,1,1,0,0,00,B,_,0,_,0,_,_,0,0,_,0,0,0,B00T11E____-0000X_0S00,B1009
92301443,1,1,0,0,00,B,_,3,_,0,_,_,0,0,_,0,0,0,B00T11E____-3000X_0S00,B1773
92127215,1,_,0,0,00,B,9,_,0,_,0,0,_,_,0,_,_,_,B00T1_E9000-____X0_S00,T1134
92300672,_,1,0,0,00,B,_,0,_,0,_,_,0,0,_,0,0,0,B00T_1E____-0000X_0S00,B1707
92306168,1,_,0,0,00,B,0,0,0,0,0,0,0,0,0,0,0,0,B00T1_E0000-0000X00S00,B2070
92126943,_,1,0,0,00,B,_,0,_,0,_,_,0,0,_,0,0,0,B00T_1E____-0000X_0S00,T1041
92302848,1,1,0,0,00,B,0,_,0,_,0,0,_,_,0,_,_,_,B00T11E0000-____X0_S00,B1871
92298301,_,0,0,0,00,B,_,4,_,5,_,_,0,0,_,0,0,0,B00T_0E____-4050X_0S00,B1558
92301632,1,1,0,0,00,B,_,5,_,3,_,_,0,0,_,0,0,0,B00T11E____-5030X_0S00,B1786
92128470,_,_,0,0,00,B,_,0,_,0,_,_,0,0,_,0,0,0,B00T__E____-0000X_0S00,T355
92128932,1,1,0,_,00,B,7,4,9,0,8,0,4,0,0,0,0,0,B00T11E7890-4400X00S0_,T421
92102728,1,1,0,0,20,_,0,3,0,4,0,0,0,0,0,0,0,0,_20T11E0000-3040X00S00,B1252
92129178,1,1,0,0,00,B,7,0,0,0,0,0,0,0,0,0,0,0,B00T11E7000-0000X00S00,T445
92305643,_,1,_,0,00,B,8,4,8,3,9,7,0,0,_,0,0,0,B00T_1E8987-4030X_0S_0,B2042
92103303,1,1,0,0,00,B,0,0,0,0,0,0,0,0,0,0,0,0,B00T11E0000-0000X00S00,B1332
92129570,_,_,0,0,00,B,0,_,0,_,9,0,_,_,0,_,_,_,B00T__E0900-____X0_S00,T506
92299382,1,1,0,0,00,B,0,_,0,_,0,0,_,_,0,_,_,_,B00T11E0000-____X0_S00,B1621
92305396,1,1,0,0,00,B,7,_,7,_,0,0,_,_,0,_,_,_,B00T11E7070-____X0_S00,B2027
92127985,1,1,0,0,00,B,_,5,_,4,_,_,0,0,_,0,0,0,B00T11E____-5040X_0S00,T214
92101253,1,1,0,0,00,B,_,4,_,4,_,_,0,0,_,0,0,0,B00T11E____-4040X_0S00,B1034
92102640,_,_,0,0,00,B,9,4,8,3,0,0,0,0,0,0,0,0,B00T__E9080-4030X00S00,B1235
92306323,1,_,0,_,00,C,9,_,8,_,0,0,_,_,0,_,_,_,C00T1_E9080-____X0_S0_,B2078
92300740,1,1,0,0,00,B,0,0,0,0,0,0,0,0,_,0,0,0,B00T11E0000-0000X_0S00,B1714
92129833,1,1,0,0,00,B,0,5,0,0,0,0,0,0,0,0,0,0,B00T11E0000-5000X00S00,T552
92101964,1,1,0,0,00,B,9,3,0,0,9,0,0,0,0,0,0,0,B00T11E9900-3000X00S00,B1136
92129314,1,1,0,0,00,B,0,_,0,_,0,0,_,_,0,_,_,_,B00T11E0000-____X0_S00,T466
92103378,1,1,0,0,00,B,8,_,0,_,0,0,_,_,0,_,_,_,B00T11E8000-____X0_S00,B1351
92100869,1,_,0,0,00,B,9,3,8,5,0,0,0,0,0,0,0,0,B00T1_E9080-3050X00S00,B1000
92128070,_,1,0,0,00,B,0,0,0,0,0,0,0,0,0,0,0,0,B00T_1E0000-0000X00S00,T254
92298894,1,1,0,0,00,B,9,0,8,0,7,8,0,0,_,0,0,0,B00T11E9788-0000X_0S00,B1590
92295844,1,1,1,0,00,B,0,0,0,0,0,0,0,0,_,0,0,0,B00T11E0000-0000X_0S10,B1426
92129268,1,_,0,0,00,B,8,3,0,0,0,0,3,5,0,_,_,_,B00T1_E8000-3305X0_S00,T457
92129454,1,1,0,0,00,B,9,_,8,_,0,0,_,_,0,_,_,_,B00T11E9080-____X0_S00,T486
92102421,1,1,0,0,00,B,_,5,_,0,_,_,0,0,_,0,0,0,B00T11E____-5000X_0S00,B1200
92127409,1,1,_,_,00,B,_,0,_,0,_,_,0,0,_,0,0,0,B00T11E____-0000X_0S__,T1191
92302829,1,1,0,0,00,B,9,3,0,4,0,0,3,0,0,0,0,0,B00T11E9000-3340X00S00,B1871
92129903,1,1,0,0,00,B,_,0,_,0,_,_,0,0,_,0,0,0,B00T11E____-0000X_0S00,T564
92128127,1,1,0,0,00,B,7,0,8,0,9,8,0,0,_,0,0,0,B00T11E7988-0000X_0S00,T266
92306170,1,1,0,0,00,B,8,0,8,0,8,8,0,0,0,0,0,0,B00T11E8888-0000X00S00,B2071
92304558,1,1,0,0,00,B,0,0,0,0,0,0,0,0,_,0,0,0,B00T11E0000-0000X_0S00,B1982
92129358,1,1,0,_,00,B,0,0,0,0,0,0,3,5,0,0,0,0,B00T11E0000-0305X00S0_,T471
92296983,_,1,0,0,00,B,0,4,0,3,0,0,3,0,_,0,0,0,B00T_1E0000-4330X_0S00,B1493
92301853,1,_,0,0,00,B,9,_,8,_,0,0,_,_,0,_,_,_,B00T1_E9080-____X0_S00,B1793
92302496,1,_,0,0,00,B,8,4,7,0,0,0,0,0,0,0,0,0,B00T1_E8070-4000X00S00,B1848
92129887,1,1,0,0,00,B,7,0,8,0,9,0,0,0,_,0,0,0,B00T11E7980-0000X_0S00,T560
92101715,1,1,0,0,00,B,0,0,0,0,0,0,0,0,0,0,0,0,B00T11E0000-0000X00S00,B1102
92129715,1,1,0,0,20,_,0,0,0,0,0,0,0,0,0,0,0,0,_20T11E0000-0000X00S00,T531
92103196,1,0,0,0,00,B,8,0,0,0,0,0,0,0,0,_,_,_,B00T10E8000-0000X0_S00,B1318
92303868,1,1,0,0,00,B,0,_,0,_,0,0,_,_,0,_,_,_,B00T11E0000-____X0_S00,B1938
92128355,1,1,0,0,00,B,9,_,0,_,9,9,_,_,0,_,_,_,B00T11E9909-____X0_S00,T333
92300903,_,1,0,0,00,B,_,0,_,0,_,_,0,0,_,0,0,0,B00T_1E____-0000X_0S00,B1728
92297739,1,0,_,_,_,_,8,0,0,0,8,0,0,0,0,0,0,0,__T10E8800-0000X00S__,B1533
92127249,1,1,0,0,00,B,7,_,0,_,0,0,_,_,0,_,_,_,B00T11E7000-____X0_S00,T1145
92102803,1,_,0,0,00,B,0,_,0,_,0,0,_,_,0,_,_,_,B00T1_E0000-____X0_S00,B1260
92301947,1,1,_,0,00,B,0,3,0,0,0,0,0,0,0,0,0,0,B00T11E0000-3000X00S_0,B1799
92298683,1,0,0,0,00,B,8,5,8,4,9,8,4,4,0,0,0,0,B00T10E8988-5444X00S00,B1581
92295547,_,1,0,0,00,B,0,0,0,0,0,0,0,0,_,0,0,0,B00T_1E0000-0000X_0S00,B1406
92129378,_,1,0,0,00,B,_,3,_,4,_,_,0,0,_,0,0,0,B00T_1E____-3040X_0S00,T473
92129604,1,_,0,0,00,B,7,_,9,_,0,0,_,_,0,_,_,_,B00T1_E7090-____X0_S00,T514
92299553,1,1,0,0,00,B,0,_,0,_,0,0,_,_,0,_,_,_,B00T11E0000-____X0_S00,B1632
92298887,1,1,0,0,00,B,8,0,9,0,0,0,0,0,0,_,_,_,B00T11E8090-0000X0_S00,B1590
92128509,_,_,_,0,00,B,0,_,0,_,8,0,_,_,0,_,_,_,B00T__E0800-____X0_S_0,T358
92300778,_,1,0,0,00,B,8,4,0,0,0,0,0,0,0,0,0,0,B00T_1E8000-4000X00S00,B1717
92129591,_,_,_,0,00,B,_,_,_,_,_,_,_,_,_,_,_,_,B00T__E____-____X__S_0,T511
92301743,1,1,0,0,00,B,9,_,8,_,0,0,_,_,0,_,_,_,B00T11E9080-____X0_S00,B1788
92101201,_,_,0,0,00,C,9,_,0,_,0,0,_,_,0,_,_,_,C00T__E9000-____X0_S00,B1028
92101348,1,1,0,0,00,B,7,0,8,0,0,0,0,0,0,0,0,0,B00T11E7080-0000X00S00,B1043
92101434,1,1,0,0,00,B,9,3,7,5,0,0,0,0,1,1,1,1,B00T11E9070-3050X11S00,B1060
92128854,1,1,0,0,00,B,0,_,0,_,0,0,_,_,0,_,_,_,B00T11E0000-____X0_S00,T412
92303869,1,1,0,0,00,B,_,0,_,0,_,_,0,0,_,0,0,0,B00T11E____-0000X_0S00,B1939
92303474,1,1,0,0,00,B,_,4,_,4,_,_,5,4,_,0,0,0,B00T11E____-4544X_0S00,B1912
92101584,1,1,0,0,00,B,8,4,0,4,0,0,0,0,_,0,0,0,B00T11E8000-4040X_0S00,B1082
92102853,1,1,0,0,00,B,9,_,8,_,8,0,_,_,0,_,_,_,B00T11E9880-____X0_S00,B1264
92129055,1,1,0,0,00,B,7,_,8,_,0,0,_,_,_,_,_,_,B00T11E7080-____X__S00,T435
92101305,1,1,0,0,20,_,_,3,_,3,_,_,0,0,_,0,0,0,_20T11E____-3030X_0S00,B1039
92100907,1,1,0,0,00,B,8,4,9,3,0,0,3,0,_,0,0,0,B00T11E8090-4330X_0S00,B1002
92129362,1,1,0,0,00,B,0,_,0,_,0,0,_,_,0,_,_,_,B00T11E0000-____X0_S00,T472
92127542,_,_,0,0,00,B,9,0,0,0,0,0,0,0,0,0,0,0,B00T__E9000-0000X00S00,T1226
92302093,1,1,0,0,00,B,_,0,_,0,_,_,0,0,_,0,0,0,B00T11E____-0000X_0S00,B1810
92129690,1,1,0,0,20,B,9,_,0,_,0,0,_,_,0,_,_,_,B20T11E9000-____X0_S00,T524
92129455,1,_,0,0,00,B,9,_,7,_,0,0,_,_,0,_,_,_,B00T1_E9070-____X0_S00,T486
92128796,_,1,0,0,00,B,_,0,_,0,_,_,0,0,_,0,0,0,B00T_1E____-0000X_0S00,T401
92100912,1,1,0,0,00,B,9,4,9,3,0,0,0,0,0,0,0,0,B00T11E9090-4030X00S00,B1002
92300137,1,1,0,0,00,B,8,5,9,3,0,0,4,3,0,0,0,0,B00T11E8090-5433X00S00,B1679
92103465,1,1,0,0,00,B,8,0,7,0,0,0,0,0,0,0,0,0,B00T11E8070-0000X00S00,B1368
92101850,1,1,0,0,00,B,8,_,0,_,0,0,_,_,0,_,_,_,B00T11E8000-____X0_S00,B1121
92129725,_,1,0,0,00,B,_,0,_,0,_,_,0,0,_,0,0,0,B00T_1E____-0000X_0S00,T533
92305880,_,_,0,0,00,B,0,0,0,0,0,0,0,0,0,_,_,_,B00T__E0000-0000X0_S00,B2055
92127118,1,_,0,0,00,B,7,_,8,_,7,9,_,_,0,_,_,_,B00T1_E7789-____X0_S00,T1096
92295983,_,1,0,_,00,B,_,4,_,0,_,_,0,0,_,0,0,0,B00T_1E____-4000X_0S0_,B1435
92297181,1,1,_,0,00,B,0,0,0,0,0,0,0,0,_,0,0,0,B00T11E0000-0000X_0S_0,B1501
92100947,0,1,0,0,00,B,_,4,_,0,_,_,0,0,_,0,0,0,B00T01E____-4000X_0S00,B1003
92101926,_,1,0,0,00,B,0,0,0,0,0,0,0,0,_,0,0,0,B00T_1E0000-0000X_0S00,B1130
92127808,1,_,0,0,00,B,9,0,0,0,0,0,5,5,0,_,_,_,B00T1_E9000-0505X0_S00,T1306
92101736,1,1,0,_,20,B,8,3,0,3,0,0,0,0,0,0,0,0,B20T11E8000-3030X00S0_,B1105
92129655,1,_,0,0,00,B,7,_,0,_,8,0,_,_,0,_,_,_,B00T1_E7800-____X0_S00,T521
92127389,1,1,0,0,00,B,8,4,0,5,0,0,0,0,0,0,0,0,B00T11E8000-4050X00S00,T1185
92126901,_,1,0,0,00,B,9,3,8,3,9,0,3,0,0,_,_,_,B00T_1E9980-3330X0_S00,T1027
92101894,1,1,0,0,00,B,_,0,_,0,_,_,4,3,_,0,0,0,B00T11E____-0403X_0S00,B1127
92103300,1,1,_,_,00,C,8,0,7,0,8,8,0,0,0,0,0,0,C00T11E8878-0000X00S__,B1332
92127286,1,1,0,0,00,B,_,3,_,0,_,_,5,3,_,0,0,0,B00T11E____-3503X_0S00,T1156
92102014,_,1,0,0,00,B,9,_,0,_,0,0,_,_,0,_,_,_,B00T_1E9000-____X0_S00,B1142
92100968,1,1,0,0,00,B,_,0,_,0,_,_,0,0,_,0,0,0,B00T11E____-0000X_0S00,B1005
92101574,_,_,_,0,00,B,_,3,_,0,_,_,3,0,_,_,_,_,B00T__E____-3300X__S_0,B1082
92300076,1,1,0,0,00,B,0,0,0,0,0,0,0,0,0,0,0,0,B00T11E0000-0000X00S00,B1673
92296652,_,1,0,0,00,B,_,4,_,0,_,_,0,0,_,0,0,0,B00T_1E____-4000X_0S00,B1476
92302801,1,1,_,0,00,B,8,_,8,_,0,0,_,_,0,_,_,_,B00T11E8080-____X0_S_0,B1868
92303212,1,1,0,0,00,B,8,0,8,0,0,0,0,0,0,_,_,_,B00T11E8080-0000X0_S00,B1897
92101935,_,1,0,0,00,B,_,3,_,5,_,_,0,0,_,0,0,0,B00T_1E____-3050X_0S00,B1131
92103302,1,1,_,0,00,B,8,0,8,0,9,0,0,0,0,_,_,_,B00T11E8980-0000X0_S_0,B1332
92301566,1,1,0,0,00,B,0,0,0,0,0,0,4,3,0,_,_,_,B00T11E0000-0403X0_S00,B1783
92102306,1,1,0,_,00,B,8,0,0,0,0,0,0,0,0,_,_,_,B00T11E8000-0000X0_S0_,B1182
92129146,1,_,_,_,00,B,0,0,0,0,8,0,0,0,0,0,0,0,B00T1_E0800-0000X00S__,T442
92100940,_,_,0,0,00,B,9,_,8,_,0,0,_,_,0,_,_,_,B00T__E9080-____X0_S00,B1002
92304788,1,1,0,0,00,B,0,_,0,_,7,0,_,_,0,_,_,_,B00T11E0700-____X0_S00,B1995
92102948,1,_,0,0,00,B,0,_,0,_,8,0,_,_,0,_,_,_,B00T1_E0800-____X0_S00,B1278
92127232,1,1,0,0,00,C,0,0,0,0,0,0,0,0,_,0,0,0,C00T11E0000-0000X_0S00,T1139
92103339,1,1,0,0,00,C,9,_,0,_,0,0,_,_,0,_,_,_,C00T11E9000-____X0_S00,B1344
92128361,1,_,_,0,00,B,7,_,0,_,0,0,_,_,0,_,_,_,B00T1_E7000-____X0_S_0,T335
92101759,1,1,0,0,00,B,0,_,0,_,0,0,_,_,0,_,_,_,B00T11E0000-____X0_S00,B1110
92128308,_,1,_,_,00,B,0,3,0,0,0,0,3,0,_,0,0,0,B00T_1E0000-3300X_0S__,T321
92101429,1,1,0,0,00,B,8,_,7,_,0,0,_,_,0,_,_,_,B00T11E8070-____X0_S00,B1060
92127161,_,_,0,0,00,B,_,0,_,0,_,_,0,0,_,0,0,0,B00T__E____-0000X_0S00,T1111
92102015,1,_,0,_,00,B,9,3,0,0,0,0,0,0,0,0,0,0,B00T1_E9000-3000X00S0_,B1142
92103160,1,1,0,0,00,B,_,4,_,0,_,_,0,0,_,0,0,0,B00T11E____-4000X_0S00,B1310
92101229,_,_,0,_,00,B,8,_,0,_,0,0,_,_,0,_,_,_,B00T__E8000-____X0_S0_,B1032
92129670,1,1,0,0,00,B,0,0,0,0,0,0,0,0,0,0,0,0,B00T11E0000-0000X00S00,T522
92304722,1,_,0,0,20,B,0,_,8,_,0,0,_,_,0,_,_,_,B20T1_E0080-____X0_S00,B1990
92128538,1,1,_,_,00,B,,,,,,,,,,,,,B00T11Enannannannan-nannannannanXnannanS__,T362
92129418,1,1,0,0,00,B,_,0,_,0,_,_,3,0,_,0,0,0,B00T11E____-0300X_0S00,T479
92129278,1,_,0,0,00,B,_,3,_,0,_,_,0,0,_,0,0,0,B00T1_E____-3000X_0S00,T460
92102665,_,1,0,0,00,B,7,5,0,0,7,0,0,0,0,0,0,0,B00T_1E7700-5000X00S00,B1240
92127222,1,1,0,0,00,B,0,3,0,3,0,0,0,0,_,0,0,0,B00T11E0000-3030X_0S00,T1136
92300139,1,1,0,0,00,B,_,3,_,0,_,_,0,0,_,0,0,0,B00T11E____-3000X_0S00,B1679
92128715,1,1,0,0,00,B,_,3,_,0,_,_,0,0,_,0,0,0,B00T11E____-3000X_0S00,T386
92129367,1,1,0,0,00,B,0,0,0,0,0,0,0,0,0,0,0,0,B00T11E0000-0000X00S00,T472
92300118,1,1,0,0,00,C,8,0,8,0,7,9,0,0,_,0,0,0,C00T11E8789-0000X_0S00,B1677
92305659,_,_,0,0,00,B,_,5,_,4,_,_,0,0,_,0,0,0,B00T__E____-5040X_0S00,B2042
92128825,_,1,0,0,00,B,_,0,_,0,_,_,0,0,_,0,0,0,B00T_1E____-0000X_0S00,T406
92128991,_,_,_,_,00,B,9,_,0,_,0,0,_,_,0,_,_,_,B00T__E9000-____X0_S__,T429
92129941,1,_,0,_,00,B,8,3,0,3,8,0,0,0,0,0,0,0,B00T1_E8800-3030X00S0_,T574
92305453,1,1,0,0,00,B,0,0,0,0,0,0,0,0,0,0,0,0,B00T11E0000-0000X00S00,B2031
92102358,1,1,0,0,_,_,9,_,9,_,0,0,_,_,0,_,_,_,__T11E9090-____X0_S00,B1190
92102525,_,1,_,_,_,_,8,_,7,_,9,0,_,_,0,_,_,_,__T_1E8970-____X0_S__,B1216
92295440,_,_,0,0,00,B,,,,,,,,,,,,,B00T__Enannannannan-nannannannanXnannanS00,B1399
92305433,1,1,_,_,_,_,9,4,0,3,7,8,0,0,0,0,0,0,__T11E9708-4030X00S__,B2030
92102743,_,_,0,0,00,B,_,0,_,0,_,_,0,0,_,0,0,0,B00T__E____-0000X_0S00,B1257
92101969,1,1,0,0,00,B,9,0,9,0,9,0,0,0,0,0,0,0,B00T11E9990-0000X00S00,B1136
92101373,_,_,0,0,00,B,9,_,0,_,0,0,_,_,0,_,_,_,B00T__E9000-____X0_S00,B1047
92101292,1,1,1,0,00,B,_,5,_,0,_,_,0,0,_,0,0,0,B00T11E____-5000X_0S10,B1038
92100929,1,1,0,0,00,B,0,4,0,4,8,0,3,0,0,0,0,0,B00T11E0800-4340X00S00,B1002
92128578,1,1,0,0,00,B,0,_,0,_,0,0,_,_,0,_,_,_,B00T11E0000-____X0_S00,T367
92128051,1,1,0,0,00,B,0,0,0,0,0,0,0,0,0,0,0,0,B00T11E0000-0000X00S00,T251
92102679,_,1,0,0,00,B,_,3,_,0,_,_,0,0,_,_,_,_,B00T_1E____-3000X__S00,B1243
92129341,1,_,0,0,00,B,9,_,8,_,0,0,_,_,0,_,_,_,B00T1_E9080-____X0_S00,T470
92127688,1,_,0,0,00,B,9,_,0,_,0,0,_,_,0,_,_,_,B00T1_E9000-____X0_S00,T1270
92296702,1,1,0,0,00,B,0,_,0,_,0,0,_,_,0,_,_,_,B00T11E0000-____X0_S00,B1479
92103245,0,1,0,0,00,B,_,3,_,3,_,_,4,0,_,0,0,0,B00T01E____-3430X_0S00,B1322
92303373,_,1,0,0,00,B,_,4,_,0,_,_,0,0,_,0,0,0,B00T_1E____-4000X_0S00,B1909
92129293,_,_,0,0,00,B,_,4,_,0,_,_,4,5,_,0,0,0,B00T__E____-4405X_0S00,T462
92303772,1,1,1,0,00,B,8,5,8,5,0,0,0,0,0,0,0,0,B00T11E8080-5050X00S10,B1933
92100924,1,1,0,0,00,B,_,3,_,4,_,_,0,0,_,0,0,0,B00T11E____-3040X_0S00,B1002
92296381,1,_,0,0,00,B,9,_,0,_,0,0,_,_,0,_,_,_,B00T1_E9000-____X0_S00,B1460
92300286,1,1,0,0,00,B,0,4,0,0,0,0,4,0,0,0,0,0,B00T11E0000-4400X00S00,B1686
92298845,1,1,_,0,00,B,9,_,8,_,0,0,_,_,0,_,_,_,B00T11E9080-____X0_S_0,B1589
92103298,1,1,0,0,00,B,_,0,_,0,_,_,0,0,_,0,0,0,B00T11E____-0000X_0S00,B1332
92128223,_,_,_,0,20,C,_,4,_,0,_,_,0,0,_,0,0,0,C20T__E____-4000X_0S_0,T292
92102274,_,_,0,0,00,B,0,_,0,_,0,0,_,_,0,_,_,_,B00T__E0000-____X0_S00,B1176
92101992,_,1,_,_,00,B,0,_,0,_,0,0,_,_,0,_,_,_,B00T_1E0000-____X0_S__,B1139
92295531,1,1,0,0,00,B,0,0,0,0,0,0,0,0,_,0,0,0,B00T11E0000-0000X_0S00,B1404
92298396,1,1,0,0,00,B,_,5,_,4,_,_,0,0,_,0,0,0,B00T11E____-5040X_0S00,B1563
92103264,1,1,_,_,00,B,0,_,0,_,0,0,_,_,0,_,_,_,B00T11E0000-____X0_S__,B1327
92128016,1,0,0,0,20,B,_,4,_,3,_,_,0,0,_,0,0,0,B20T10E____-4030X_0S00,T221
92129431,1,1,0,0,00,B,9,3,8,5,0,0,0,0,0,0,0,0,B00T11E9080-3050X00S00,T481
92302735,1,1,0,0,00,B,0,_,0,_,7,0,_,_,0,_,_,_,B00T11E0700-____X0_S00,B1864
92128614,_,1,_,_,00,B,_,_,_,_,_,_,_,_,_,_,_,_,B00T_1E____-____X__S__,T375
92301548,1,1,0,0,00,B,0,0,0,0,0,0,0,0,0,0,0,0,B00T11E0000-0000X00S00,B1783
92301329,1,_,0,0,00,B,0,_,0,_,0,0,_,_,0,_,_,_,B00T1_E0000-____X0_S00,B1763
92129966,1,_,0,0,00,B,0,0,0,0,8,0,0,0,0,0,0,0,B00T1_E0800-0000X00S00,T581
92128968,1,1,0,0,00,B,_,0,_,0,_,_,0,0,_,0,0,0,B00T11E____-0000X_0S00,T426
92126850,1,1,0,0,00,B,0,5,0,4,0,0,0,0,0,_,_,_,B00T11E0000-5040X0_S00,T1011
92102729,1,_,0,0,00,B,0,0,0,0,0,0,0,0,_,0,0,0,B00T1_E0000-0000X_0S00,B1252
92127874,_,_,0,0,00,B,9,_,7,_,0,0,_,_,0,_,_,_,B00T__E9070-____X0_S00,T1325
92295694,1,1,0,0,00,B,9,_,0,_,9,0,_,_,0,_,_,_,B00T11E9900-____X0_S00,B1414
92128384,1,1,0,0,00,B,0,_,0,_,0,0,_,_,0,_,_,_,B00T11E0000-____X0_S00,T336
92298024,1,_,_,0,00,B,9,0,0,0,0,0,0,0,0,_,_,_,B00T1_E9000-0000X0_S_0,B1548
92127855,_,1,0,0,00,B,_,5,_,0,_,_,0,0,_,0,0,0,B00T_1E____-5000X_0S00,T1318
92103483,1,1,0,0,00,B,0,_,0,_,0,0,_,_,0,_,_,_,B00T11E0000-____X0_S00,B1370
92128605,1,1,0,0,00,B,_,4,_,0,_,_,0,0,_,0,0,0,B00T11E____-4000X_0S00,T372
92301300,_,_,0,_,00,B,8,_,0,_,0,0,_,_,0,_,_,_,B00T__E8000-____X0_S0_,B1760
92128811,1,1,0,0,00,B,0,3,0,0,0,0,0,0,_,0,0,0,B00T11E0000-3000X_0S00,T403
92102750,1,1,0,0,00,B,_,0,_,0,_,_,5,3,_,0,0,0,B00T11E____-0503X_0S00,B1258
92127718,1,_,0,_,00,B,0,_,0,_,0,0,_,_,0,_,_,_,B00T1_E0000-____X0_S0_,T1280
92304128,1,1,0,0,00,B,7,3,0,0,9,0,0,0,0,0,0,0,B00T11E7900-3000X00S00,B1954
92299636,1,1,1,0,00,B,_,4,_,5,_,_,3,0,_,0,0,0,B00T11E____-4350X_0S10,B1640
92102704,_,1,0,0,20,B,9,3,8,4,0,0,0,0,_,0,0,0,B20T_1E9080-3040X_0S00,B1249
92127978,1,1,_,_,00,C,7,_,0,_,8,8,_,_,0,_,_,_,C00T11E7808-____X0_S__,T212
92103421,1,1,0,0,00,B,8,_,0,_,0,0,_,_,0,_,_,_,B00T11E8000-____X0_S00,B1359
92129502,1,1,0,0,00,C,0,_,0,_,0,0,_,_,_,_,_,_,C00T11E0000-____X__S00,T492
92127859,1,1,0,0,00,B,0,4,0,5,0,0,0,0,_,0,0,0,B00T11E0000-4050X_0S00,T1319
92298173,1,1,0,0,00,B,8,3,7,0,0,0,0,0,0,0,0,0,B00T11E8070-3000X00S00,B1556
92128435,_,_,0,0,00,B,7,_,8,_,0,0,_,_,0,_,_,_,B00T__E7080-____X0_S00,T350
92127826,1,_,0,0,00,B,0,_,8,_,0,0,_,_,0,_,_,_,B00T1_E0080-____X0_S00,T1308
92102846,_,1,0,_,00,B,0,5,0,3,0,0,0,0,_,_,_,_,B00T_1E0000-5030X__S0_,B1262
92103166,1,1,0,0,00,B,_,0,_,0,_,_,0,0,_,0,0,0,B00T11E____-0000X_0S00,B1311
92305323,1,_,0,0,00,B,7,_,7,_,7,8,_,_,0,_,_,_,B00T1_E7778-____X0_S00,B2021
92296518,1,1,_,_,00,B,_,4,_,4,_,_,0,0,_,0,0,0,B00T11E____-4040X_0S__,B1467
92127755,1,1,0,0,00,B,9,3,0,0,0,0,5,0,0,0,0,0,B00T11E9000-3500X00S00,T1288
92128790,1,1,0,0,00,B,0,0,0,0,0,0,0,0,0,0,0,0,B00T11E0000-0000X00S00,T400
92102928,1,1,_,0,00,B,0,4,0,0,9,0,3,0,0,_,_,_,B00T11E0900-4300X0_S_0,B1272
92129549,1,1,0,0,00,B,0,_,0,_,0,0,_,_,0,_,_,_,B00T11E0000-____X0_S00,T501
92103191,_,_,_,0,20,_,_,4,_,3,_,_,0,0,_,0,0,0,_20T__E____-4030X_0S_0,B1317
92298367,1,1,_,_,00,B,_,5,_,0,_,_,0,0,_,0,0,0,B00T11E____-5000X_0S__,B1562
92305769,_,1,0,0,00,B,_,5,_,0,_,_,0,0,_,0,0,0,B00T_1E____-5000X_0S00,B2048
92302942,1,1,0,0,00,B,0,_,0,_,0,0,_,_,0,_,_,_,B00T11E0000-____X0_S00,B1880
92128154,1,1,0,0,00,B,0,0,0,0,0,0,4,0,0,0,0,0,B00T11E0000-0400X00S00,T273
92129477,1,1,0,0,00,B,9,4,9,3,0,0,4,0,0,0,0,0,B00T11E9090-4430X00S00,T489
92129840,1,_,0,0,00,B,9,0,8,0,0,0,0,0,0,_,_,_,B00T1_E9080-0000X0_S00,T553
92103521,_,1,0,_,20,B,_,4,_,4,_,_,0,0,_,0,0,0,B20T_1E____-4040X_0S0_,B1375
92103452,_,1,0,_,00,B,_,4,_,5,_,_,0,0,_,0,0,0,B00T_1E____-4050X_0S0_,B1365
92128964,_,0,_,0,00,B,9,3,8,0,0,0,0,0,_,0,0,0,B00T_0E9080-3000X_0S_0,T424
92298061,1,1,0,_,00,C,_,0,_,0,_,_,0,0,_,0,0,0,C00T11E____-0000X_0S0_,B1551
92102619,1,1,0,0,00,B,_,3,_,0,_,_,4,0,_,0,0,0,B00T11E____-3400X_0S00,B1228
92128524,1,1,0,0,00,B,0,3,0,0,0,0,3,0,_,0,0,0,B00T11E0000-3300X_0S00,T360
92101869,1,_,_,_,00,B,0,5,0,4,0,0,0,0,_,0,0,0,B00T1_E0000-5040X_0S__,B1124
92297873,1,1,_,0,00,B,9,3,8,5,0,0,5,5,0,_,_,_,B00T11E9080-3555X0_S_0,B1537
92101157,1,1,0,0,00,B,8,_,0,_,0,0,_,_,0,_,_,_,B00T11E8000-____X0_S00,B1020
92101181,1,1,0,0,00,B,0,0,0,0,0,0,0,0,0,0,0,0,B00T11E0000-0000X00S00,B1025
92299955,1,1,0,0,00,B,0,_,0,_,0,0,_,_,0,_,_,_,B00T11E0000-____X0_S00,B1663
92302510,1,_,1,_,00,B,0,3,0,5,0,0,4,0,0,0,0,0,B00T1_E0000-3450X00S1_,B1848
92297990,_,1,0,0,00,B,_,3,_,3,_,_,0,0,_,0,0,0,B00T_1E____-3030X_0S00,B1546
92127287,1,1,0,0,00,B,_,0,_,0,_,_,0,0,_,0,0,0,B00T11E____-0000X_0S00,T1157
92102156,1,1,0,0,00,B,9,_,9,_,0,0,_,_,0,_,_,_,B00T11E9090-____X0_S00,B1156
92303777,1,1,0,0,00,B,8,_,0,_,9,0,_,_,0,_,_,_,B00T11E8900-____X0_S00,B1933
92128436,1,1,0,0,00,B,7,_,8,_,0,0,_,_,0,_,_,_,B00T11E7080-____X0_S00,T350
92300736,1,1,0,0,00,B,9,_,0,_,0,0,_,_,0,_,_,_,B00T11E9000-____X0_S00,B1713
92295627,_,_,0,0,00,B,0,_,0,_,0,0,_,_,0,_,_,_,B00T__E0000-____X0_S00,B1406
92127163,1,1,0,0,00,B,_,3,_,0,_,_,0,0,_,0,0,0,B00T11E____-3000X_0S00,T1112
92300720,1,1,0,0,00,B,9,_,8,_,0,0,_,_,0,_,_,_,B00T11E9080-____X0_S00,B1712
92296927,1,1,0,0,00,B,0,_,0,_,0,0,_,_,0,_,_,_,B00T11E0000-____X0_S00,B1490
92102974,1,1,0,0,00,B,_,0,_,0,_,_,0,0,_,0,0,0,B00T11E____-0000X_0S00,B1283
92127678,1,_,0,0,00,B,0,_,0,_,0,0,_,_,0,_,_,_,B00T1_E0000-____X0_S00,T1266
92103410,1,_,0,0,00,B,0,3,0,0,0,0,5,0,0,_,_,_,B00T1_E0000-3500X0_S00,B1358
92296478,1,1,0,0,00,C,8,5,0,0,0,0,0,0,0,0,0,0,C00T11E8000-5000X00S00,B1464
92101030,1,1,0,0,00,B,8,5,0,0,0,0,5,0,0,_,_,_,B00T11E8000-5500X0_S00,B1009
92102778,1,1,0,0,00,B,_,3,_,5,_,_,0,0,_,0,0,0,B00T11E____-3050X_0S00,B1259
92129637,0,_,0,0,00,B,9,_,0,_,0,0,_,_,0,_,_,_,B00T0_E9000-____X0_S00,T519
92102270,_,_,0,1,00,B,0,0,0,0,0,0,0,0,0,0,0,0,B00T__E0000-0000X00S01,B1176
92305601,1,1,0,0,00,B,_,4,_,4,_,_,0,0,_,0,0,0,B00T11E____-4040X_0S00,B2039
92103200,_,_,_,0,00,B,_,5,_,3,_,_,3,4,_,0,0,0,B00T__E____-5334X_0S_0,B1319
92128185,_,1,0,0,00,B,0,0,0,0,8,0,0,0,0,_,_,_,B00T_1E0800-0000X0_S00,T280
92129831,1,1,0,0,00,B,9,0,0,0,0,0,0,0,0,_,_,_,B00T11E9000-0000X0_S00,T552
92300447,_,1,0,0,00,B,_,3,_,4,_,_,0,0,_,0,0,0,B00T_1E____-3040X_0S00,B1695
92127619,_,_,_,_,00,B,,,,,,,,,,,,,B00T__Enannannannan-nannannannanXnannanS__,T1248
92100915,1,1,0,0,00,B,_,3,_,3,_,_,0,0,_,0,0,0,B00T11E____-3030X_0S00,B1002
92299694,1,1,_,_,00,B,8,_,9,_,0,0,_,_,0,_,_,_,B00T11E8090-____X0_S__,B1644
92128508,_,_,0,0,00,B,9,_,9,_,8,8,_,_,0,_,_,_,B00T__E9898-____X0_S00,T358
92102710,1,1,0,_,00,B,0,_,0,_,0,0,_,_,0,_,_,_,B00T11E0000-____X0_S0_,B1250
92100987,1,1,0,0,00,B,0,0,0,0,0,0,4,0,0,0,0,0,B00T11E0000-0400X00S00,B1006
92304446,1,1,0,_,00,B,0,0,0,0,0,0,0,0,0,0,0,0,B00T11E0000-0000X00S0_,B1974
92102908,1,1,0,0,00,B,0,5,0,0,0,0,4,0,0,0,0,0,B00T11E0000-5400X00S00,B1270
92102093,1,1,0,0,00,B,8,4,0,5,0,0,3,0,0,_,_,_,B00T11E8000-4350X0_S00,B1149
92102551,1,1,_,_,00,B,0,_,0,_,0,0,_,_,0,_,_,_,B00T11E0000-____X0_S__,B1218
92295864,1,1,0,0,00,B,9,_,8,_,0,0,_,_,0,_,_,_,B00T11E9080-____X0_S00,B1429
92101029,1,1,0,0,00,B,0,0,0,0,0,0,0,0,0,_,_,_,B00T11E0000-0000X0_S00,B1009
92129193,1,1,1,0,00,B,8,3,7,4,0,0,0,0,_,0,0,0,B00T11E8070-3040X_0S10,T448
92101929,1,1,0,0,00,B,_,3,_,0,_,_,0,0,_,0,0,0,B00T11E____-3000X_0S00,B1130
92128695,1,1,0,0,00,B,0,0,0,0,0,0,0,0,0,0,0,0,B00T11E0000-0000X00S00,T385
92102384,1,1,0,0,00,B,9,_,0,_,0,0,_,_,0,_,_,_,B00T11E9000-____X0_S00,B1193
92103384,1,1,0,0,00,B,0,0,0,0,0,0,0,0,0,_,_,_,B00T11E0000-0000X0_S00,B1351
92102044,1,1,0,_,00,B,0,3,0,0,0,0,0,0,_,0,0,0,B00T11E0000-3000X_0S0_,B1143
92129774,_,_,0,0,00,B,9,4,8,3,0,0,5,4,0,_,_,_,B00T__E9080-4534X0_S00,T540
92297375,1,1,0,0,00,B,_,3,_,5,_,_,4,5,_,0,0,0,B00T11E____-3455X_0S00,B1513
92129847,_,_,_,_,00,B,9,0,9,0,9,0,0,0,0,0,0,0,B00T__E9990-0000X00S__,T554
92102472,1,1,0,0,00,B,8,4,7,3,0,0,0,0,_,0,0,0,B00T11E8070-4030X_0S00,B1207
92101129,1,1,0,0,00,B,7,_,0,_,0,0,_,_,0,_,_,_,B00T11E7000-____X0_S00,B1018
92305745,1,0,0,0,00,B,_,4,_,5,_,_,0,0,_,0,0,0,B00T10E____-4050X_0S00,B2047
92127655,1,1,0,0,_,_,0,0,0,0,0,0,0,0,0,_,_,_,__T11E0000-0000X0_S00,T1259
92100945,0,1,0,0,00,B,8,_,0,_,8,0,_,_,0,_,_,_,B00T01E8800-____X0_S00,B1003
92128250,1,1,0,0,00,B,0,0,0,0,8,0,0,0,_,0,0,0,B00T11E0800-0000X_0S00,T305
92299413,1,1,_,0,00,B,0,0,0,0,0,0,0,0,0,_,_,_,B00T11E0000-0000X0_S_0,B1624
92127179,_,1,0,0,00,B,_,0,_,0,_,_,0,0,_,0,0,0,B00T_1E____-0000X_0S00,T1119
92303767,1,1,_,0,00,B,8,_,9,_,0,0,_,_,0,_,_,_,B00T11E8090-____X0_S_0,B1932
92127096,_,1,0,0,00,B,_,0,_,0,_,_,0,0,_,0,0,0,B00T_1E____-0000X_0S00,T1087
92102089,1,1,0,0,00,B,_,3,_,4,_,_,3,0,_,0,0,0,B00T11E____-3340X_0S00,B1148
92128719,1,1,0,0,00,B,_,0,_,0,_,_,0,0,_,0,0,0,B00T11E____-0000X_0S00,T387
92129390,1,1,0,0,00,B,0,0,0,0,0,0,0,0,0,0,0,0,B00T11E0000-0000X00S00,T475
92101840,1,1,0,0,00,B,_,5,_,0,_,_,0,0,_,0,0,0,B00T11E____-5000X_0S00,B1121
92103147,1,1,0,_,00,B,0,5,0,0,8,0,0,0,0,0,0,0,B00T11E0800-5000X00S0_,B1310
92101535,0,1,_,0,00,B,_,0,_,0,_,_,3,0,_,0,0,0,B00T01E____-0300X_0S_0,B1074
92297724,1,1,_,0,00,B,9,_,7,_,8,0,_,_,0,_,_,_,B00T11E9870-____X0_S_0,B1532
92128057,1,1,_,0,00,C,_,0,_,0,_,_,0,0,_,0,0,0,C00T11E____-0000X_0S_0,T252
92102439,1,1,_,0,00,B,8,_,7,_,0,0,_,_,0,_,_,_,B00T11E8070-____X0_S_0,B1202
92304570,1,_,0,0,_,_,8,4,0,4,0,0,4,3,0,_,_,_,__T1_E8000-4443X0_S00,B1982
92300784,1,1,0,0,00,B,7,0,0,0,0,0,0,0,0,0,0,0,B00T11E7000-0000X00S00,B1717
92129854,1,1,0,0,00,B,8,0,0,5,0,0,0,4,0,0,0,0,B00T11E8000-0054X00S00,T555
92102174,1,1,_,0,00,B,_,0,_,0,_,_,0,0,_,0,0,0,B00T11E____-0000X_0S_0,B1156
92102864,1,1,0,0,00,B,_,3,_,5,_,_,3,0,_,0,0,0,B00T11E____-3350X_0S00,B1264
92102304,1,1,0,0,00,B,7,3,7,0,8,9,0,0,_,0,0,0,B00T11E7879-3000X_0S00,B1182
92297740,1,_,0,0,00,B,0,5,0,4,9,0,5,4,0,_,_,_,B00T1_E0900-5544X0_S00,B1533
92128670,1,1,0,0,00,B,_,0,_,0,_,_,0,0,_,0,0,0,B00T11E____-0000X_0S00,T381
92127966,1,1,0,_,00,B,0,4,0,0,0,0,0,0,0,0,0,0,B00T11E0000-4000X00S0_,T211
92102784,_,1,0,0,00,B,8,0,0,0,0,0,0,0,0,0,0,0,B00T_1E8000-0000X00S00,B1259
92303421,1,_,0,0,00,B,0,_,0,_,0,0,_,_,0,_,_,_,B00T1_E0000-____X0_S00,B1911
92297500,1,1,0,0,20,B,0,0,0,0,0,0,3,0,0,0,0,0,B20T11E0000-0300X00S00,B1519
92304592,1,1,0,0,00,B,8,4,8,0,7,7,0,0,_,0,0,0,B00T11E8787-4000X_0S00,B1983
92128702,1,1,0,0,00,B,0,3,0,5,0,0,5,5,0,_,_,_,B00T11E0000-3555X0_S00,T386
92301568,1,1,0,0,00,B,_,3,_,4,_,_,0,0,_,0,0,0,B00T11E____-3040X_0S00,B1783
92101608,0,1,0,0,00,B,9,5,8,0,0,0,0,0,0,_,_,_,B00T01E9080-5000X0_S00,B1085
92300018,_,1,0,0,00,B,0,4,0,0,0,0,0,0,_,0,0,0,B00T_1E0000-4000X_0S00,B1668
92101359,1,1,0,0,00,B,_,4,_,5,_,_,5,0,_,0,0,0,B00T11E____-4550X_0S00,B1043
92306179,1,1,0,0,00,C,_,5,_,4,_,_,0,0,_,0,0,0,C00T11E____-5040X_0S00,B2071
92127517,1,1,0,0,00,B,0,_,0,_,0,0,_,_,0,_,_,_,B00T11E0000-____X0_S00,T1219
92129030,1,1,0,0,00,B,0,_,7,_,0,0,_,_,0,_,_,_,B00T11E0070-____X0_S00,T433
92304221,1,1,0,0,00,C,0,_,0,_,0,0,_,_,0,_,_,_,C00T11E0000-____X0_S00,B1959
92127077,1,1,0,0,00,B,8,0,9,0,9,9,0,0,_,0,0,0,B00T11E8999-0000X_0S00,T1081
92296394,1,1,0,0,00,B,9,_,0,_,0,0,_,_,0,_,_,_,B00T11E9000-____X0_S00,B1460
92129496,1,_,0,0,00,B,0,0,0,0,0,0,4,0,0,_,_,_,B00T1_E0000-0400X0_S00,T491
92129258,1,1,0,0,00,B,0,3,0,0,0,0,0,0,_,0,0,0,B00T11E0000-3000X_0S00,T455
92102428,_,1,0,0,00,B,_,0,_,0,_,_,0,0,_,0,0,0,B00T_1E____-0000X_0S00,B1200
92128944,1,1,0,0,20,B,9,0,0,0,0,0,0,0,0,0,0,0,B20T11E9000-0000X00S00,T422
92298015,1,_,0,0,00,B,8,_,8,_,0,0,_,_,0,_,_,_,B00T1_E8080-____X0_S00,B1547
92101634,1,1,0,0,00,B,9,3,9,5,0,0,0,0,_,0,0,0,B00T11E9090-3050X_0S00,B1091
92128116,1,1,0,0,00,B,_,3,_,0,_,_,0,0,_,0,0,0,B00T11E____-3000X_0S00,T262
92128196,_,_,_,0,00,B,_,3,_,3,_,_,0,0,_,0,0,0,B00T__E____-3030X_0S_0,T283
92102558,1,_,0,0,00,B,8,_,0,_,0,0,_,_,0,_,_,_,B00T1_E8000-____X0_S00,B1219
92102031,1,1,0,0,00,B,9,3,0,0,0,0,0,0,0,0,0,0,B00T11E9000-3000X00S00,B1143
92101652,1,1,0,0,00,B,_,0,_,0,_,_,0,0,_,0,0,0,B00T11E____-0000X_0S00,B1096
92103260,1,1,0,0,00,C,_,3,_,4,_,_,3,0,_,0,0,0,C00T11E____-3340X_0S00,B1327
92128995,_,1,0,0,00,B,0,0,0,0,0,0,0,0,_,0,0,0,B00T_1E0000-0000X_0S00,T430
92128447,_,1,_,0,00,B,_,3,_,0,_,_,3,0,_,0,0,0,B00T_1E____-3300X_0S_0,T352
92297602,1,1,0,0,00,B,0,0,0,0,0,0,0,0,0,_,_,_,B00T11E0000-0000X0_S00,B1526
92297288,1,1,0,0,00,B,0,_,0,_,0,0,_,_,0,_,_,_,B00T11E0000-____X0_S00,B1506
92126852,0,1,0,0,20,B,_,0,_,0,_,_,0,0,_,0,0,0,B20T01E____-0000X_0S00,T1012
92126886,1,_,0,0,00,B,7,0,8,0,9,0,0,0,0,_,_,_,B00T1_E7980-0000X0_S00,T1022
92129201,1,_,0,0,00,B,9,_,8,_,0,0,_,_,0,_,_,_,B00T1_E9080-____X0_S00,T449
92101306,1,_,0,0,20,C,0,_,0,_,0,0,_,_,0,_,_,_,C20T1_E0000-____X0_S00,B1039
92127728,1,1,0,0,00,B,0,0,0,0,0,0,0,0,0,0,0,0,B00T11E0000-0000X00S00,T1282
92101045,1,_,0,0,00,B,0,0,0,0,0,0,0,0,0,0,0,0,B00T1_E0000-0000X00S00,B1011
92127549,1,1,0,0,00,B,8,3,8,0,0,0,0,0,0,0,0,0,B00T11E8080-3000X00S00,T1228
92306193,1,1,0,0,00,B,9,_,8,_,0,0,_,_,0,_,_,_,B00T11E9080-____X0_S00,B2071
92127880,1,1,0,0,00,B,_,5,_,4,_,_,4,0,_,0,0,0,B00T11E____-5440X_0S00,T1327
92295584,1,1,0,0,00,B,8,_,0,_,0,0,_,_,0,_,_,_,B00T11E8000-____X0_S00,B1406
92102785,1,1,0,0,00,B,8,3,9,5,0,0,0,0,0,0,0,0,B00T11E8090-3050X00S00,B1259
92302764,1,1,0,_,00,B,0,0,0,0,0,0,0,0,_,0,0,0,B00T11E0000-0000X_0S0_,B1867
92298006,1,1,0,0,00,B,8,_,0,_,8,8,_,_,0,_,_,_,B00T11E8808-____X0_S00,B1546
92128630,1,_,0,0,00,B,0,4,0,0,0,0,0,0,0,0,0,0,B00T1_E0000-4000X00S00,T376
92128897,1,1,0,0,00,B,_,3,_,3,_,_,5,0,_,0,0,0,B00T11E____-3530X_0S00,T418
92103486,1,_,0,0,00,B,8,_,0,_,0,0,_,_,0,_,_,_,B00T1_E8000-____X0_S00,B1372
92102194,1,1,0,0,00,B,9,_,0,_,0,0,_,_,0,_,_,_,B00T11E9000-____X0_S00,B1160
92126904,1,1,0,0,00,B,9,0,0,0,0,0,0,0,0,0,0,0,B00T11E9000-0000X00S00,T1027
92100849,1,1,0,0,00,B,9,_,8,_,0,0,_,_,0,_,_,_,B00T11E9080-____X0_S00,B1000
92129864,1,1,_,0,00,B,_,3,_,4,_,_,0,0,_,0,0,0,B00T11E____-3040X_0S_0,T556
92103035,1,1,0,0,00,B,0,0,0,0,0,0,0,0,0,_,_,_,B00T11E0000-0000X0_S00,B1292
92101791,1,1,0,0,00,B,9,_,7,_,0,0,_,_,0,_,_,_,B00T11E9070-____X0_S00,B1114
92305927,1,_,0,0,_,_,7,5,0,0,0,0,0,0,0,_,_,_,__T1_E7000-5000X0_S00,B2059
92128199,1,1,0,0,00,B,_,0,_,0,_,_,0,0,_,0,0,0,B00T11E____-0000X_0S00,T284
92295804,1,1,0,0,00,B,0,0,0,4,0,0,3,5,0,0,0,0,B00T11E0000-0345X00S00,B1423
92102441,1,1,0,0,00,B,_,5,_,4,_,_,0,0,_,0,0,0,B00T11E____-5040X_0S00,B1202
92103007,1,1,0,0,00,B,0,_,0,_,0,0,_,_,0,_,_,_,B00T11E0000-____X0_S00,B1291
92300374,1,1,0,0,20,B,_,0,_,0,_,_,3,0,_,0,0,0,B20T11E____-0300X_0S00,B1690
92127450,1,_,0,0,20,B,_,5,_,4,_,_,0,0,_,0,0,0,B20T1_E____-5040X_0S00,T1207
92101642,1,1,0,0,00,B,9,_,8,_,0,0,_,_,0,_,_,_,B00T11E9080-____X0_S00,B1091
92127366,1,_,0,0,00,B,_,4,_,0,_,_,0,0,_,0,0,0,B00T1_E____-4000X_0S00,T1181
92305926,1,0,0,_,20,_,7,_,9,_,0,0,_,_,0,_,_,_,_20T10E7090-____X0_S0_,B2059
92300882,1,1,0,0,00,B,0,_,0,_,0,0,_,_,0,_,_,_,B00T11E0000-____X0_S00,B1726
92128659,1,1,0,0,00,B,8,3,8,0,7,0,0,0,0,0,0,0,B00T11E8780-3000X00S00,T380
92129509,1,0,0,0,00,B,0,4,0,0,0,0,0,0,0,0,0,0,B00T10E0000-4000X00S00,T493
92102854,1,1,0,0,00,B,9,3,0,5,0,0,0,0,0,0,0,0,B00T11E9000-3050X00S00,B1264
92304755,1,1,0,0,00,B,_,0,_,0,_,_,0,0,_,0,0,0,B00T11E____-0000X_0S00,B1991
92129246,1,1,0,0,00,B,8,_,9,_,0,0,_,_,0,_,_,_,B00T11E8090-____X0_S00,T453
92302388,1,1,0,0,00,B,0,_,0,_,9,0,_,_,0,_,_,_,B00T11E0900-____X0_S00,B1838
92101541,1,1,0,0,00,B,8,4,7,5,9,0,0,0,0,0,0,0,B00T11E8970-4050X00S00,B1076
92101805,1,1,0,0,00,B,_,0,_,0,_,_,0,0,_,0,0,0,B00T11E____-0000X_0S00,B1114
92129133,1,0,0,0,00,B,0,_,0,_,0,0,_,_,0,_,_,_,B00T10E0000-____X0_S00,T441
92102805,1,1,1,0,00,B,7,_,9,_,9,0,_,_,0,_,_,_,B00T11E7990-____X0_S10,B1261
92297108,1,1,0,0,00,B,0,0,0,0,0,0,0,0,0,0,0,0,B00T11E0000-0000X00S00,B1497
92101464,1,1,0,0,00,B,0,0,0,0,8,0,5,4,0,0,0,0,B00T11E0800-0504X00S00,B1064
92127110,1,1,0,0,00,B,_,3,_,0,_,_,0,0,_,0,0,0,B00T11E____-3000X_0S00,T1094
92297208,1,1,0,0,00,B,9,0,8,0,0,0,0,0,0,0,0,0,B00T11E9080-0000X00S00,B1501
92128038,_,1,0,0,00,B,0,3,0,3,0,0,5,0,_,0,0,0,B00T_1E0000-3530X_0S00,T247
92300473,_,1,0,0,00,B,_,3,_,0,_,_,3,0,_,0,0,0,B00T_1E____-3300X_0S00,B1695
92101807,1,1,0,0,00,B,9,4,0,0,0,0,0,0,0,0,0,0,B00T11E9000-4000X00S00,B1114
92100872,_,_,0,0,00,B,0,4,0,3,0,0,0,0,_,0,0,0,B00T__E0000-4030X_0S00,B1000
92127681,1,_,0,0,00,B,0,0,0,0,0,0,0,0,0,_,_,_,B00T1_E0000-0000X0_S00,T1267
92296894,1,1,0,0,00,B,0,0,0,0,0,0,0,0,0,0,0,0,B00T11E0000-0000X00S00,B1490
92103396,1,1,_,0,00,B,9,0,9,0,0,0,0,0,0,0,0,0,B00T11E9090-0000X00S_0,B1356
92102581,1,1,_,0,00,B,_,3,_,4,_,_,0,0,_,0,0,0,B00T11E____-3040X_0S_0,B1223
92103587,_,_,_,_,_,_,,,,,,,,,,,,,__T__Enannannannan-nannannannanXnannanS__,B1389
92102352,1,1,0,0,00,B,9,4,0,3,0,0,5,4,0,_,_,_,B00T11E9000-4534X0_S00,B1188
92103593,1,1,0,_,20,C,_,4,_,0,_,_,0,0,_,0,0,0,C20T11E____-4000X_0S0_,B1389
92127510,1,1,0,0,00,B,0,_,0,_,0,0,_,_,0,_,_,_,B00T11E0000-____X0_S00,T1218
92127617,_,1,_,0,00,B,9,_,8,_,0,7,_,_,0,_,_,_,B00T_1E9087-____X0_S_0,T1247
92102497,1,1,0,0,00,B,8,5,7,0,9,9,0,0,_,0,0,0,B00T11E8979-5000X_0S00,B1212
92129521,1,1,0,0,00,B,8,0,8,0,8,8,3,0,0,0,0,0,B00T11E8888-0300X00S00,T496
92102405,_,1,0,0,00,B,_,5,_,0,_,_,0,0,_,0,0,0,B00T_1E____-5000X_0S00,B1197
92101163,1,1,_,0,00,B,8,3,0,4,0,0,0,0,0,0,0,0,B00T11E8000-3040X00S_0,B1020
92128584,1,1,0,0,00,B,0,_,0,_,0,0,_,_,0,_,_,_,B00T11E0000-____X0_S00,T368
92102238,1,1,0,0,00,B,8,0,0,0,0,0,0,0,0,0,0,0,B00T11E8000-0000X00S00,B1170
92128617,_,1,0,0,00,B,_,3,_,3,_,_,3,3,_,0,0,0,B00T_1E____-3333X_0S00,T375
92103557,1,1,0,0,00,B,0,0,0,0,0,0,0,0,0,0,0,0,B00T11E0000-0000X00S00,B1382
92303134,_,1,0,0,00,B,_,4,_,0,_,_,0,0,_,0,0,0,B00T_1E____-4000X_0S00,B1890
92304956,1,1,0,0,00,B,_,4,7,4,_,0,0,0,_,0,0,0,B00T11E__70-4040X_0S00,B2003
92129709,_,1,0,0,00,B,_,0,_,0,_,_,0,0,_,0,0,0,B00T_1E____-0000X_0S00,T528
92129386,1,1,0,_,00,B,8,4,0,0,0,0,0,0,0,_,_,_,B00T11E8000-4000X0_S0_,T474
92296370,1,_,0,0,00,B,9,_,0,_,0,0,_,_,0,_,_,_,B00T1_E9000-____X0_S00,B1460
92129837,1,1,0,0,00,B,7,_,9,_,0,0,_,_,0,_,_,_,B00T11E7090-____X0_S00,T552
92129961,1,1,0,0,00,B,0,0,0,0,0,0,5,4,0,_,_,_,B00T11E0000-0504X0_S00,T581
92303171,1,1,0,0,00,B,0,0,0,0,0,0,0,0,0,0,0,0,B00T11E0000-0000X00S00,B1894
92300136,1,1,0,0,00,B,8,_,7,_,0,0,_,_,0,_,_,_,B00T11E8070-____X0_S00,B1679
92126899,_,_,0,0,00,B,7,_,0,_,0,0,_,_,0,_,_,_,B00T__E7000-____X0_S00,T1026
92102830,1,1,0,0,00,B,7,4,9,3,8,0,4,0,0,0,0,0,B00T11E7890-4430X00S00,B1261
92296258,1,1,0,0,00,C,9,_,7,_,0,0,_,_,0,_,_,_,C00T11E9070-____X0_S00,B1451
92299634,1,1,0,0,00,B,9,4,8,0,7,9,0,0,0,0,0,0,B00T11E9789-4000X00S00,B1640
92101663,1,1,0,0,00,B,_,0,_,0,_,_,0,0,_,0,0,0,B00T11E____-0000X_0S00,B1096
92102018,1,1,0,0,00,B,9,3,9,4,0,0,0,0,0,0,0,0,B00T11E9090-3040X00S00,B1142
92129312,1,1,0,0,00,B,9,_,0,_,0,0,_,_,0,_,_,_,B00T11E9000-____X0_S00,T466
92299404,1,1,1,0,00,B,_,4,_,3,_,_,0,0,_,0,0,0,B00T11E____-4030X_0S10,B1623
92101255,1,_,_,_,20,_,0,4,0,5,0,0,0,0,_,0,0,0,_20T1_E0000-4050X_0S__,B1034
92127541,_,1,0,0,00,B,8,0,8,0,8,8,0,0,0,0,0,0,B00T_1E8888-0000X00S00,T1226
92102869,1,1,0,_,20,B,9,3,0,5,0,0,3,0,0,0,0,0,B20T11E9000-3350X00S0_,B1264
92101001,_,1,0,0,00,B,_,4,_,3,_,_,0,0,_,0,0,0,B00T_1E____-4030X_0S00,B1008
92127236,1,1,0,0,20,B,0,0,0,0,0,0,3,0,0,0,0,0,B20T11E0000-0300X00S00,T1141
92127334,1,1,0,0,00,B,8,5,0,0,0,0,0,0,_,0,0,0,B00T11E8000-5000X_0S00,T1172
92305738,1,_,0,_,00,C,_,3,_,0,_,_,0,0,_,0,0,0,C00T1_E____-3000X_0S0_,B2046
92103072,1,_,0,0,00,B,7,3,0,0,7,8,0,0,_,0,0,0,B00T1_E7708-3000X_0S00,B1298
92129990,1,1,0,0,00,B,_,4,_,4,_,_,0,0,_,0,0,0,B00T11E____-4040X_0S00,T584
92127919,1,1,0,0,20,B,0,0,0,0,0,0,0,0,0,0,0,0,B20T11E0000-0000X00S00,T201
92298868,1,1,0,0,00,B,_,0,_,0,_,_,0,0,_,0,0,0,B00T11E____-0000X_0S00,B1590
92129761,1,1,0,0,00,B,8,0,0,0,0,0,0,0,0,0,0,0,B00T11E8000-0000X00S00,T539
92127816,_,_,0,0,00,B,8,0,8,0,0,0,0,0,0,0,0,0,B00T__E8080-0000X00S00,T1307
92302576,1,1,0,0,00,B,8,4,9,4,0,0,0,0,_,0,0,0,B00T11E8090-4040X_0S00,B1854
92297239,1,1,0,_,00,B,0,0,0,0,0,0,0,0,0,0,0,0,B00T11E0000-0000X00S0_,B1502
92100874,_,1,0,0,00,B,_,4,_,3,_,_,0,0,_,0,0,0,B00T_1E____-4030X_0S00,B1000
92296486,1,_,0,0,00,C,9,_,8,_,0,0,_,_,0,_,_,_,C00T1_E9080-____X0_S00,B1465
92127498,0,1,0,0,00,B,9,_,0,_,0,0,_,_,0,_,_,_,B00T01E9000-____X0_S00,T1215
92304587,1,1,_,0,00,B,7,0,0,0,0,0,0,0,0,0,0,0,B00T11E7000-0000X00S_0,B1983
92102862,1,1,0,0,00,B,_,3,_,4,_,_,0,0,_,0,0,0,B00T11E____-3040X_0S00,B1264
92128001,_,1,1,0,00,B,_,0,_,0,_,_,0,0,_,0,0,0,B00T_1E____-0000X_0S10,T220
92300971,1,1,0,0,00,B,0,3,0,0,0,0,0,0,_,0,0,0,B00T11E0000-3000X_0S00,B1736
92128146,1,1,0,0,00,B,7,4,9,0,0,0,0,0,0,0,0,0,B00T11E7090-4000X00S00,T270
92102139,1,1,_,0,00,B,_,3,_,4,_,_,3,0,_,0,0,0,B00T11E____-3340X_0S_0,B1154
92126907,1,1,0,0,00,B,0,_,0,_,0,0,_,_,0,_,_,_,B00T11E0000-____X0_S00,T1028
92127507,1,1,0,0,00,B,0,_,0,_,0,0,_,_,0,_,_,_,B00T11E0000-____X0_S00,T1218
92101300,1,1,0,0,00,B,7,5,0,0,0,0,0,0,_,0,0,0,B00T11E7000-5000X_0S00,B1038
92302413,1,1,0,0,00,B,9,0,8,0,9,0,0,0,0,0,0,0,B00T11E9980-0000X00S00,B1839
92128017,1,_,0,0,00,B,0,_,0,_,0,0,_,_,0,_,_,_,B00T1_E0000-____X0_S00,T221
92102996,1,1,0,_,00,B,0,0,0,0,0,0,0,0,0,0,0,0,B00T11E0000-0000X00S0_,B1290
92101514,_,_,0,0,00,B,9,0,8,0,0,0,5,3,0,_,_,_,B00T__E9080-0503X0_S00,B1071
92128948,_,1,0,0,00,B,_,0,_,0,_,_,0,0,_,0,0,0,B00T_1E____-0000X_0S00,T423
92126869,1,1,0,0,00,B,0,0,0,0,0,0,0,0,_,0,0,0,B00T11E0000-0000X_0S00,T1017
92129024,_,_,0,0,00,B,0,5,0,0,0,0,0,0,_,0,0,0,B00T__E0000-5000X_0S00,T433
92103141,1,_,0,0,00,B,8,_,8,_,0,0,_,_,0,_,_,_,B00T1_E8080-____X0_S00,B1309
92305298,1,1,0,0,00,B,8,_,7,_,0,0,_,_,0,_,_,_,B00T11E8070-____X0_S00,B2020
92129688,1,1,0,0,00,B,9,0,8,0,0,0,0,0,0,_,_,_,B00T11E9080-0000X0_S00,T524
92126954,1,_,0,0,00,B,0,4,0,4,0,0,0,0,0,_,_,_,B00T1_E0000-4040X0_S00,T1042
92101966,_,1,0,0,00,B,9,3,0,0,9,0,0,0,0,0,0,0,B00T_1E9900-3000X00S00,B1136
92297559,1,1,0,0,00,B,0,4,0,3,0,0,0,0,0,0,0,0,B00T11E0000-4030X00S00,B1522
92128643,_,1,0,0,00,B,9,0,8,0,0,0,0,0,0,0,0,0,B00T_1E9080-0000X00S00,T377
92129285,1,1,0,0,00,B,_,0,_,0,_,_,0,0,_,0,0,0,B00T11E____-0000X_0S00,T461
92101763,1,_,0,0,00,B,_,0,_,0,_,_,3,0,_,0,0,0,B00T1_E____-0300X_0S00,B1111
92102458,1,1,0,0,00,B,0,_,0,_,0,0,_,_,0,_,_,_,B00T11E0000-____X0_S00,B1205
92101321,1,1,0,0,00,B,0,_,0,_,8,0,_,_,0,_,_,_,B00T11E0800-____X0_S00,B1041
92296127,1,1,0,_,00,B,9,0,0,0,0,0,0,0,0,0,0,0,B00T11E9000-0000X00S0_,B1446
92129334,1,1,0,0,20,C,9,0,7,0,0,0,3,4,0,0,0,0,C20T11E9070-0304X00S00,T468
92101803,1,1,0,0,00,C,9,_,8,_,0,0,_,_,0,_,_,_,C00T11E9080-____X0_S00,B1114
92129494,1,1,0,0,00,B,0,_,0,_,0,0,_,_,0,_,_,_,B00T11E0000-____X0_S00,T491
92100842,1,1,0,0,00,B,_,4,_,3,_,_,5,0,_,0,0,0,B00T11E____-4530X_0S00,B1000
92101326,1,1,_,0,00,B,_,4,_,3,_,_,0,0,_,0,0,0,B00T11E____-4030X_0S_0,B1041
92306072,1,1,0,0,00,B,7,4,8,0,9,8,5,0,_,_,_,_,B00T11E7988-4500X__S00,B2065
92102731,1,_,0,0,20,B,8,0,0,0,7,0,0,0,0,0,0,0,B20T1_E8700-0000X00S00,B1253
92128523,1,1,0,0,00,B,0,3,0,0,0,0,3,0,0,0,0,0,B00T11E0000-3300X00S00,T360
92102271,1,1,0,0,00,B,0,4,0,5,0,0,0,0,_,0,0,0,B00T11E0000-4050X_0S00,B1176
92128217,1,_,0,0,00,B,0,_,0,_,0,0,_,_,0,_,_,_,B00T1_E0000-____X0_S00,T290
92300939,1,_,0,_,00,B,7,_,8,_,8,0,_,_,0,_,_,_,B00T1_E7880-____X0_S0_,B1732
92103479,1,1,_,0,00,B,0,3,7,4,0,0,0,0,0,0,0,0,B00T11E0070-3040X00S_0,B1369
92297913,1,1,0,0,00,B,0,3,0,0,0,0,5,0,0,_,_,_,B00T11E0000-3500X0_S00,B1539
92102100,_,1,0,0,00,B,8,4,0,3,0,0,0,0,0,0,0,0,B00T_1E8000-4030X00S00,B1151
92298933,1,1,0,0,00,B,9,_,0,_,0,0,_,_,0,_,_,_,B00T11E9000-____X0_S00,B1591
92102114,_,_,0,0,00,B,8,0,0,0,0,0,0,0,0,_,_,_,B00T__E8000-0000X0_S00,B1153
92298158,_,_,_,_,_,_,_,3,_,0,_,_,0,0,_,0,0,0,__T__E____-3000X_0S__,B1556
92299094,_,1,0,0,00,B,_,0,_,0,_,_,0,0,_,0,0,0,B00T_1E____-0000X_0S00,B1600
92296336,1,1,0,0,00,B,0,3,0,0,0,0,0,0,_,0,0,0,B00T11E0000-3000X_0S00,B1457
92127963,1,1,0,0,00,B,0,5,0,0,0,0,0,0,_,_,_,_,B00T11E0000-5000X__S00,T211
92103331,1,1,0,0,00,B,7,0,8,0,0,0,0,0,0,0,0,0,B00T11E7080-0000X00S00,B1341
92129897,1,1,1,0,00,B,_,5,_,4,_,_,0,0,_,0,0,0,B00T11E____-5040X_0S10,T563
92128450,1,1,0,0,00,B,_,3,_,0,_,_,0,0,_,0,0,0,B00T11E____-3000X_0S00,T353
92297709,_,_,0,0,00,B,8,_,7,_,0,0,_,_,0,_,_,_,B00T__E8070-____X0_S00,B1532
92295995,1,1,0,0,20,C,0,0,0,0,0,0,0,0,0,0,0,0,C20T11E0000-0000X00S00,B1436
92128080,_,1,0,0,00,B,_,0,_,0,_,_,0,0,_,0,0,0,B00T_1E____-0000X_0S00,T256
92103449,_,1,0,0,00,B,_,4,_,0,_,_,0,0,_,0,0,0,B00T_1E____-4000X_0S00,B1365
92304888,1,1,0,0,00,C,8,4,7,4,9,0,3,0,_,0,0,0,C00T11E8970-4340X_0S00,B2000
92299631,1,1,0,0,00,B,_,0,_,0,_,_,0,0,_,0,0,0,B00T11E____-0000X_0S00,B1640
92129433,1,1,0,0,00,B,0,_,0,_,0,0,_,_,0,_,_,_,B00T11E0000-____X0_S00,T482
92298800,1,1,0,0,00,B,8,0,0,0,0,0,0,0,0,0,0,0,B00T11E8000-0000X00S00,B1586
92128418,_,_,_,0,00,B,8,3,9,5,9,0,0,0,0,_,_,_,B00T__E8990-3050X0_S_0,T347
92101613,_,1,0,0,00,B,_,3,_,5,_,_,0,0,_,0,0,0,B00T_1E____-3050X_0S00,B1085
92128769,_,_,0,0,00,B,0,_,0,_,0,0,_,_,0,_,_,_,B00T__E0000-____X0_S00,T398
92301806,1,1,0,0,00,B,9,3,8,0,0,0,0,0,0,0,0,0,B00T11E9080-3000X00S00,B1792
92102005,_,1,0,_,00,B,0,0,0,0,0,0,0,0,0,0,0,0,B00T_1E0000-0000X00S0_,B1141
92102980,1,1,0,0,00,B,0,_,0,_,0,0,_,_,0,_,_,_,B00T11E0000-____X0_S00,B1286
92102797,1,1,0,0,00,B,0,4,0,0,0,0,0,0,_,0,0,0,B00T11E0000-4000X_0S00,B1260
92297074,1,1,0,0,00,B,_,0,_,0,_,_,4,0,_,0,0,0,B00T11E____-0400X_0S00,B1496
92101972,1,1,0,0,00,B,0,3,0,4,0,0,0,0,_,_,_,_,B00T11E0000-3040X__S00,B1136
92129107,1,1,0,0,00,B,_,4,_,3,_,_,0,0,_,0,0,0,B00T11E____-4030X_0S00,T438
92101398,_,_,0,0,00,B,9,_,0,_,0,0,_,_,0,_,_,_,B00T__E9000-____X0_S00,B1052
92101422,1,1,_,0,00,B,_,4,_,3,_,_,0,0,_,0,0,0,B00T11E____-4030X_0S_0,B1059
92127942,1,1,_,_,00,B,9,4,0,0,0,0,0,0,_,0,0,0,B00T11E9000-4000X_0S__,T208
92128505,1,_,0,0,00,B,9,_,8,_,8,8,_,_,0,_,_,_,B00T1_E9888-____X0_S00,T358
92101460,1,1,0,_,00,B,9,_,0,_,0,0,_,_,0,_,_,_,B00T11E9000-____X0_S0_,B1064
92297985,1,1,0,0,00,B,9,_,9,_,0,0,_,_,0,_,_,_,B00T11E9090-____X0_S00,B1546
92127187,1,0,0,0,00,B,_,0,_,3,_,_,3,4,_,0,0,0,B00T10E____-0334X_0S00,T1123
92102172,1,1,0,0,00,B,0,0,0,0,0,0,0,0,0,0,0,0,B00T11E0000-0000X00S00,B1156
92127701,1,_,0,0,00,B,0,_,0,_,0,0,_,_,0,_,_,_,B00T1_E0000-____X0_S00,T1275
92102408,1,1,_,0,20,_,8,0,8,0,8,8,0,0,0,0,0,0,_20T11E8888-0000X00S_0,B1197
92101054,1,_,0,0,00,B,_,5,_,4,_,_,4,3,_,0,0,0,B00T1_E____-5443X_0S00,B1011
92128867,_,_,0,0,20,B,0,_,0,_,0,0,_,_,0,_,_,_,B20T__E0000-____X0_S00,T414
92128251,1,1,0,0,00,B,_,0,_,0,_,_,0,0,_,0,0,0,B00T11E____-0000X_0S00,T305
92306185,1,1,0,0,00,B,9,_,9,_,0,0,_,_,0,_,_,_,B00T11E9090-____X0_S00,B2071
92128772,1,1,0,0,00,B,0,_,0,_,0,0,_,_,0,_,_,_,B00T11E0000-____X0_S00,T398
92296700,1,_,0,0,00,B,0,_,0,0,0,0,_,0,0,_,_,_,B00T1_E0000-__00X0_S00,B1479
92129216,1,1,0,0,00,B,9,0,0,0,0,0,0,0,0,_,_,_,B00T11E9000-0000X0_S00,T451
92100941,_,_,0,0,00,B,9,_,8,_,8,0,_,_,0,_,_,_,B00T__E9880-____X0_S00,B1002
92127448,1,1,_,0,00,B,0,0,0,0,0,0,3,0,_,0,0,0,B00T11E0000-0300X_0S_0,T1207
92299222,1,1,_,0,00,B,8,0,8,0,7,0,0,0,0,0,0,0,B00T11E8780-0000X00S_0,B1607
92297378,_,_,_,_,00,B,0,_,0,_,8,0,_,_,0,_,_,_,B00T__E0800-____X0_S__,B1514
92127441,1,1,0,0,00,B,_,0,_,0,_,_,0,0,_,0,0,0,B00T11E____-0000X_0S00,T1207
92296836,1,1,0,0,20,_,9,_,0,_,0,0,_,_,0,_,_,_,_20T11E9000-____X0_S00,B1486
92129672,1,1,0,0,00,B,0,0,0,0,0,0,0,0,_,0,0,0,B00T11E0000-0000X_0S00,T522
92127087,1,1,0,0,00,B,_,0,_,0,_,_,0,0,_,0,0,0,B00T11E____-0000X_0S00,T1084
92302379,1,1,0,0,00,B,8,0,0,0,0,0,0,0,0,0,0,0,B00T11E8000-0000X00S00,B1837
92101587,1,_,0,0,00,B,0,_,0,_,0,0,_,_,0,_,_,_,B00T1_E0000-____X0_S00,B1082
92301186,1,1,0,0,00,B,7,3,0,0,0,0,5,0,_,0,0,0,B00T11E7000-3500X_0S00,B1753
92300548,1,1,0,0,00,B,0,_,0,_,0,0,_,_,0,_,_,_,B00T11E0000-____X0_S00,B1700
92304020,_,1,0,0,00,B,_,0,_,0,_,_,0,0,_,0,0,0,B00T_1E____-0000X_0S00,B1947
92127640,1,1,0,0,00,B,0,0,0,0,0,0,0,0,0,0,0,0,B00T11E0000-0000X00S00,T1253
92129710,1,1,0,0,00,B,0,0,0,0,0,0,0,0,0,0,0,0,B00T11E0000-0000X00S00,T529
92102305,_,1,0,0,00,B,9,4,7,0,7,7,0,0,_,0,0,0,B00T_1E9777-4000X_0S00,B1182
92101596,_,_,0,0,00,B,0,4,0,3,0,0,0,0,0,_,_,_,B00T__E0000-4030X0_S00,B1083
92127244,1,_,0,0,00,B,8,_,9,_,8,0,_,_,0,_,_,_,B00T1_E8890-____X0_S00,T1143
92128942,1,1,0,0,00,B,8,0,8,0,0,0,0,0,0,0,0,0,B00T11E8080-0000X00S00,T422
92305931,1,_,0,0,00,B,7,5,9,4,0,0,0,0,0,_,_,_,B00T1_E7090-5040X0_S00,B2059
92127208,_,1,0,0,00,B,_,3,_,4,_,_,4,0,_,0,0,0,B00T_1E____-3440X_0S00,T1131
92301660,_,_,0,0,00,B,0,5,7,0,0,0,0,0,0,0,0,0,B00T__E0070-5000X00S00,B1786
92304525,1,1,0,0,00,B,0,0,0,0,0,0,0,0,0,0,0,0,B00T11E0000-0000X00S00,B1980
92102487,_,_,0,_,20,B,9,4,0,0,0,0,0,0,0,0,0,0,B20T__E9000-4000X00S0_,B1209
92295432,1,1,0,0,00,B,0,3,0,4,0,0,0,0,_,0,0,0,B00T11E0000-3040X_0S00,B1398
92127385,1,1,0,0,00,B,0,4,0,0,0,0,0,0,0,0,0,0,B00T11E0000-4000X00S00,T1185
92101961,_,1,0,0,00,B,_,3,_,0,_,_,0,0,_,0,0,0,B00T_1E____-3000X_0S00,B1136
92128607,1,1,0,0,00,B,_,3,_,0,_,_,0,0,_,0,0,0,B00T11E____-3000X_0S00,T372
92100935,1,0,0,0,00,B,9,3,0,3,0,0,0,0,0,_,_,_,B00T10E9000-3030X0_S00,B1002
92301348,1,1,0,0,00,B,0,3,0,3,0,0,0,0,0,0,0,0,B00T11E0000-3030X00S00,B1764
92101260,1,1,0,_,00,B,8,_,9,_,9,9,_,_,0,_,_,_,B00T11E8999-____X0_S0_,B1035
92296600,1,1,0,0,00,B,9,5,8,4,0,0,0,0,0,0,0,0,B00T11E9080-5040X00S00,B1476
92127142,1,1,0,0,20,B,8,3,0,5,9,0,0,0,_,0,0,0,B20T11E8900-3050X_0S00,T1104
92296975,1,1,0,0,00,B,0,3,0,0,0,0,0,0,_,0,0,0,B00T11E0000-3000X_0S00,B1492
92306316,1,1,0,0,00,B,9,0,8,0,0,0,0,0,0,_,_,_,B00T11E9080-0000X0_S00,B2078
92103353,1,1,0,0,00,B,0,0,0,0,0,0,0,0,0,0,0,0,B00T11E0000-0000X00S00,B1348
92306299,_,_,0,0,00,B,_,3,_,4,_,_,0,0,_,0,0,0,B00T__E____-3040X_0S00,B2077
92127703,1,1,0,0,00,B,8,_,7,_,0,0,_,_,0,_,_,_,B00T11E8070-____X0_S00,T1276
92129845,1,1,0,0,00,B,_,3,_,5,_,_,0,0,_,0,0,0,B00T11E____-3050X_0S00,T553
92129197,_,1,0,0,00,B,_,0,_,0,_,_,0,0,_,0,0,0,B00T_1E____-0000X_0S00,T449
92102918,1,1,0,0,00,B,_,0,_,0,_,_,0,0,_,0,0,0,B00T11E____-0000X_0S00,B1271
92297742,1,0,0,0,00,B,_,0,_,0,_,_,0,0,_,0,0,0,B00T10E____-0000X_0S00,B1533
92103026,1,1,0,0,00,B,_,4,_,0,_,_,3,0,_,0,0,0,B00T11E____-4300X_0S00,B1292
92127693,1,_,0,0,00,B,0,_,0,_,0,0,_,_,0,_,_,_,B00T1_E0000-____X0_S00,T1272
92101127,1,1,0,0,00,B,7,_,8,_,0,0,_,_,0,_,_,_,B00T11E7080-____X0_S00,B1018
92103549,1,1,0,0,00,B,_,4,_,0,_,_,0,0,_,0,0,0,B00T11E____-4000X_0S00,B1382
92296667,1,1,0,0,00,B,0,3,7,3,7,0,4,4,0,_,_,_,B00T11E0770-3434X0_S00,B1477
92305768,1,1,_,0,00,B,9,4,8,0,7,0,0,0,_,0,0,0,B00T11E9780-4000X_0S_0,B2048
92128623,1,1,0,0,00,B,0,0,0,0,0,0,5,0,0,0,0,0,B00T11E0000-0500X00S00,T376
92302758,1,_,0,0,00,B,9,_,9,_,0,0,_,_,0,_,_,_,B00T1_E9090-____X0_S00,B1865
92102038,1,1,0,0,00,B,_,3,_,0,_,_,0,0,_,0,0,0,B00T11E____-3000X_0S00,B1143
92302392,1,1,0,0,00,B,0,5,0,4,8,0,5,0,0,0,0,0,B00T11E0800-5540X00S00,B1838
92305476,1,1,_,_,00,B,9,3,0,4,0,0,4,3,0,_,_,_,B00T11E9000-3443X0_S__,B2032
92297927,1,_,0,0,20,_,_,3,_,0,_,_,3,0,_,0,0,0,_20T1_E____-3300X_0S00,B1541
92295785,1,1,0,0,00,B,0,_,0,_,0,0,_,_,0,_,_,_,B00T11E0000-____X0_S00,B1420
92102295,_,_,0,0,00,B,8,3,0,0,0,0,0,0,0,0,0,0,B00T__E8000-3000X00S00,B1180
92103592,1,1,0,0,00,B,_,4,_,0,_,_,0,0,_,0,0,0,B00T11E____-4000X_0S00,B1389
92101585,_,_,0,0,00,B,_,3,_,5,_,_,0,0,_,0,0,0,B00T__E____-3050X_0S00,B1082
92299567,1,1,0,0,20,B,_,0,_,0,_,_,0,0,_,0,0,0,B20T11E____-0000X_0S00,B1634
92128370,1,1,0,0,00,B,0,_,0,0,9,0,_,0,0,_,_,_,B00T11E0900-__00X0_S00,T335
92129122,1,1,0,0,00,B,7,3,0,4,0,0,0,0,0,0,0,0,B00T11E7000-3040X00S00,T439
92102545,1,1,0,0,00,B,8,3,8,4,0,0,0,0,0,_,_,_,B00T11E8080-3040X0_S00,B1217
92303709,_,_,0,0,00,B,0,0,0,0,7,0,0,0,_,0,0,0,B00T__E0700-0000X_0S00,B1930
92303619,1,1,0,0,20,B,_,0,_,0,_,_,0,0,_,0,0,0,B20T11E____-0000X_0S00,B1927
92128579,1,_,0,0,00,B,0,_,0,_,0,0,_,_,0,_,_,_,B00T1_E0000-____X0_S00,T367
92128804,_,_,_,_,20,_,_,0,_,0,_,_,0,0,_,0,0,0,_20T__E____-0000X_0S__,T402
92126930,1,1,0,0,00,B,7,_,8,_,0,0,_,_,0,_,_,_,B00T11E7080-____X0_S00,T1038
92103491,1,1,0,0,00,B,9,_,0,_,9,0,_,_,0,_,_,_,B00T11E9900-____X0_S00,B1373
92103424,1,1,_,0,00,B,8,5,0,4,0,0,0,0,0,0,0,0,B00T11E8000-5040X00S_0,B1359
92303105,1,1,0,0,00,B,9,0,8,0,0,0,4,0,0,0,0,0,B00T11E9080-0400X00S00,B1889
92101764,1,_,1,0,00,B,9,3,8,0,7,0,3,0,0,0,0,0,B00T1_E9780-3300X00S10,B1111
92101968,_,1,0,0,00,B,9,_,8,_,0,0,_,_,0,_,_,_,B00T_1E9080-____X0_S00,B1136
92297152,1,1,0,0,00,B,0,_,0,_,0,0,_,_,0,_,_,_,B00T11E0000-____X0_S00,B1499
92100988,1,1,0,0,00,B,0,0,0,0,0,0,5,0,0,0,0,0,B00T11E0000-0500X00S00,B1006
92103095,1,1,0,0,00,B,_,0,_,0,_,_,0,0,_,0,0,0,B00T11E____-0000X_0S00,B1305
92127928,_,_,0,0,00,B,_,4,_,3,_,_,0,0,_,0,0,0,B00T__E____-4030X_0S00,T204
92102178,1,0,0,0,00,B,0,_,0,_,7,0,_,_,0,_,_,_,B00T10E0700-____X0_S00,B1157
92297692,1,1,0,0,00,B,8,_,0,_,0,0,_,_,0,_,_,_,B00T11E8000-____X0_S00,B1531
92296451,_,1,0,0,00,B,_,4,_,3,_,_,0,0,_,0,0,0,B00T_1E____-4030X_0S00,B1463
92103154,1,1,0,0,00,B,0,_,0,_,8,8,_,_,0,_,_,_,B00T11E0808-____X0_S00,B1310
92299044,1,_,0,0,00,B,0,_,0,_,0,0,_,_,0,_,_,_,B00T1_E0000-____X0_S00,B1595
92103275,1,1,0,0,00,B,8,3,9,3,7,0,4,4,0,_,_,_,B00T11E8790-3434X0_S00,B1329
92101120,_,1,0,0,00,B,8,4,7,0,7,0,0,0,_,0,0,0,B00T_1E8770-4000X_0S00,B1017
92128574,1,_,0,0,00,B,8,_,9,_,0,0,_,_,0,_,_,_,B00T1_E8090-____X0_S00,T366
92101648,_,1,0,0,00,B,9,5,8,5,0,0,0,0,0,0,0,0,B00T_1E9080-5050X00S00,B1092
92128111,_,_,0,0,00,B,0,_,0,_,0,0,_,_,0,_,_,_,B00T__E0000-____X0_S00,T260
92127756,1,1,0,0,00,B,0,_,0,_,0,0,_,_,0,_,_,_,B00T11E0000-____X0_S00,T1288
92305770,1,1,0,0,00,B,9,_,0,_,9,0,_,_,0,_,_,_,B00T11E9900-____X0_S00,B2049
92100999,1,1,0,0,20,C,_,4,_,3,_,_,0,0,_,0,0,0,C20T11E____-4030X_0S00,B1008
92304127,1,1,0,0,00,B,7,0,0,0,0,0,0,0,0,0,0,0,B00T11E7000-0000X00S00,B1954
92296030,1,1,0,0,00,B,9,0,0,0,0,0,0,0,0,0,0,0,B00T11E9000-0000X00S00,B1442
92296801,1,1,0,0,00,B,_,0,_,3,_,_,0,0,_,0,0,0,B00T11E____-0030X_0S00,B1484
92129438,1,_,_,0,00,B,0,0,0,0,8,0,0,0,0,_,_,_,B00T1_E0800-0000X0_S_0,T482
92129387,1,1,0,0,00,B,_,0,_,0,_,_,0,0,_,0,0,0,B00T11E____-0000X_0S00,T475
92302724,1,1,0,0,00,B,0,3,0,4,0,0,0,0,_,0,0,0,B00T11E0000-3040X_0S00,B1863
92296835,_,1,0,0,00,C,9,3,8,3,8,7,4,0,_,0,0,0,C00T_1E9887-3430X_0S00,B1486
92101873,1,1,0,0,00,B,_,4,_,5,_,_,0,0,_,0,0,0,B00T11E____-4050X_0S00,B1124
92129727,1,1,0,0,00,B,7,0,7,0,0,0,0,0,_,0,0,0,B00T11E7070-0000X_0S00,T534
92101558,_,_,_,_,00,B,7,_,0,_,0,0,_,_,0,_,_,_,B00T__E7000-____X0_S__,B1077
92302824,_,_,0,0,00,B,_,3,_,0,_,_,0,0,_,0,0,0,B00T__E____-3000X_0S00,B1869
92128849,1,1,1,0,00,B,_,3,_,0,_,_,0,0,_,1,1,1,B00T11E____-3000X_1S10,T411
92102593,1,1,0,0,00,B,_,3,_,0,_,_,0,0,_,0,0,0,B00T11E____-3000X_0S00,B1224
92128449,_,1,0,0,00,B,_,0,_,0,_,_,0,0,_,0,0,0,B00T_1E____-0000X_0S00,T353
92129865,1,1,0,0,00,B,_,0,_,0,_,_,0,0,_,0,0,0,B00T11E____-0000X_0S00,T557
92129830,1,1,0,0,00,B,7,0,9,0,0,0,0,0,0,0,0,0,B00T11E7090-0000X00S00,T552
92305594,1,1,0,0,00,B,_,4,_,4,_,_,3,0,_,0,0,0,B00T11E____-4340X_0S00,B2039
92102856,1,1,0,0,00,B,_,3,_,5,_,_,0,0,_,0,0,0,B00T11E____-3050X_0S00,B1264
92301016,1,1,0,0,00,B,9,_,7,_,0,0,_,_,0,_,_,_,B00T11E9070-____X0_S00,B1740
92299919,1,0,0,0,00,B,_,0,_,0,_,_,0,0,_,0,0,0,B00T10E____-0000X_0S00,B1660
92103183,_,_,_,0,00,B,0,4,0,3,0,0,0,0,_,0,0,0,B00T__E0000-4030X_0S_0,B1317
92103126,1,1,0,0,00,B,_,3,_,0,_,_,0,0,_,0,0,0,B00T11E____-3000X_0S00,B1309
92127047,_,_,0,0,00,B,_,5,_,3,_,_,0,0,_,0,0,0,B00T__E____-5030X_0S00,T1071
92102393,1,1,0,0,00,B,9,3,8,5,7,0,0,0,_,0,0,0,B00T11E9780-3050X_0S00,B1195
92127214,_,_,_,0,00,B,_,3,_,4,_,_,3,0,_,0,0,0,B00T__E____-3340X_0S_0,T1133
92305896,1,1,0,0,20,B,0,_,0,_,0,0,_,_,0,_,_,_,B20T11E0000-____X0_S00,B2057
92102382,1,1,0,0,00,C,0,0,0,0,0,0,0,0,_,0,0,0,C00T11E0000-0000X_0S00,B1193
92103175,1,1,0,0,00,B,_,4,_,0,_,_,0,0,_,0,0,0,B00T11E____-4000X_0S00,B1313
92305786,1,1,0,0,00,B,0,0,0,0,8,0,0,0,0,0,0,0,B00T11E0800-0000X00S00,B2050
92101851,1,1,0,0,00,B,8,_,0,_,0,0,_,_,0,_,_,_,B00T11E8000-____X0_S00,B1121
92303416,1,_,0,0,00,B,7,_,0,_,0,0,_,_,0,_,_,_,B00T1_E7000-____X0_S00,B1911
92129018,_,_,_,_,00,B,8,4,7,0,8,7,4,4,_,0,0,0,B00T__E8877-4404X_0S__,T432
92100905,1,1,0,0,00,B,9,0,0,0,8,0,0,0,0,_,_,_,B00T11E9800-0000X0_S00,B1002
92128119,1,1,0,0,00,B,0,_,0,_,0,0,_,_,0,_,_,_,B00T11E0000-____X0_S00,T263
92127185,_,1,0,0,00,B,0,0,0,0,0,0,0,0,_,0,0,0,B00T_1E0000-0000X_0S00,T1122
92103272,1,1,0,0,00,B,_,4,_,5,_,_,3,4,_,0,0,0,B00T11E____-4354X_0S00,B1329
92102794,_,1,0,0,00,B,0,0,0,0,0,0,0,0,_,0,0,0,B00T_1E0000-0000X_0S00,B1260
92100910,_,_,0,0,00,B,_,3,_,4,_,_,3,0,_,0,0,0,B00T__E____-3340X_0S00,B1002
92101790,1,1,0,0,00,B,9,_,0,_,0,0,_,_,0,_,_,_,B00T11E9000-____X0_S00,B1114
92301124,1,1,0,0,00,B,_,4,_,3,_,_,3,0,_,0,0,0,B00T11E____-4330X_0S00,B1747
92297240,1,1,0,0,00,B,8,_,9,_,0,0,_,_,0,_,_,_,B00T11E8090-____X0_S00,B1503
92301864,_,_,0,0,00,B,9,3,8,4,0,0,3,4,0,_,_,_,B00T__E9080-3344X0_S00,B1793
92128513,1,_,0,0,00,B,0,4,0,0,0,0,0,0,0,0,0,0,B00T1_E0000-4000X00S00,T359
92126948,_,_,0,0,00,B,9,0,8,0,9,8,0,0,_,0,0,0,B00T__E9988-0000X_0S00,T1041
92127482,1,1,_,0,00,B,8,5,7,4,0,0,0,0,0,0,0,0,B00T11E8070-5040X00S_0,T1212
92127180,_,1,0,0,00,B,_,4,_,4,_,_,0,0,_,0,0,0,B00T_1E____-4040X_0S00,T1120
92127551,1,1,0,0,00,B,_,4,_,3,_,_,0,0,_,0,0,0,B00T11E____-4030X_0S00,T1229
92129464,_,1,1,0,00,B,8,5,7,4,0,0,0,0,_,0,0,0,B00T_1E8070-5040X_0S10,T488
92296203,1,1,0,0,00,B,8,_,7,_,7,0,_,_,0,_,_,_,B00T11E8770-____X0_S00,B1449
92298771,1,1,0,0,00,B,0,5,0,3,0,0,4,5,0,_,_,_,B00T11E0000-5435X0_S00,B1584
92300413,1,1,0,0,00,B,8,4,9,0,0,0,0,0,0,0,0,0,B00T11E8090-4000X00S00,B1693
92102212,1,1,0,0,00,B,8,0,0,0,0,0,0,0,0,_,_,_,B00T11E8000-0000X0_S00,B1163
92304880,1,_,0,0,00,B,8,_,8,_,0,0,_,_,0,_,_,_,B00T1_E8080-____X0_S00,B1999
92100858,1,1,0,0,00,B,_,4,_,3,_,_,0,0,_,0,0,0,B00T11E____-4030X_0S00,B1000
92303944,1,1,0,_,00,B,0,_,0,_,0,0,_,_,0,_,_,_,B00T11E0000-____X0_S0_,B1942
92101925,1,1,0,0,00,B,0,0,0,0,0,0,0,0,0,0,0,0,B00T11E0000-0000X00S00,B1130
92302857,1,1,0,0,00,B,_,3,_,0,_,_,0,0,_,0,0,0,B00T11E____-3000X_0S00,B1872
92129484,1,1,_,_,00,B,_,3,_,0,_,_,0,0,_,0,0,0,B00T11E____-3000X_0S__,T490
92297342,1,_,0,_,00,B,0,3,0,4,0,0,5,5,0,_,_,_,B00T1_E0000-3545X0_S0_,B1512
92297859,_,1,0,0,00,B,8,4,0,4,0,0,4,4,0,_,_,_,B00T_1E8000-4444X0_S00,B1535
92103190,_,1,0,0,00,B,9,4,8,4,7,0,0,0,_,0,0,0,B00T_1E9780-4040X_0S00,B1317
92129071,1,1,0,0,00,B,_,5,_,0,_,_,0,0,_,0,0,0,B00T11E____-5000X_0S00,T436
92127760,1,0,0,0,00,B,0,_,0,_,0,0,_,_,0,_,_,_,B00T10E0000-____X0_S00,T1289
92101523,1,1,0,0,00,B,0,4,0,0,0,0,0,0,0,0,0,0,B00T11E0000-4000X00S00,B1073
92128837,1,1,0,0,00,B,0,5,0,4,0,0,3,5,0,_,_,_,B00T11E0000-5345X0_S00,T408
92127918,_,1,0,0,20,B,0,0,0,0,0,0,0,0,0,0,0,0,B20T_1E0000-0000X00S00,T201
92296244,1,1,0,0,00,B,8,5,0,4,0,0,5,3,0,_,_,_,B00T11E8000-5543X0_S00,B1450
92303399,0,0,0,0,00,B,7,_,0,_,0,0,_,_,0,_,_,_,B00T00E7000-____X0_S00,B1911
92128099,1,1,0,0,00,B,8,5,8,0,0,0,0,0,0,0,0,0,B00T11E8080-5000X00S00,T258
92127895,1,0,0,0,00,B,_,4,_,0,_,_,0,0,_,0,0,0,B00T10E____-4000X_0S00,T1329
92127054,_,1,0,0,00,B,0,0,0,0,0,0,0,0,_,0,0,0,B00T_1E0000-0000X_0S00,T1073
92102951,1,1,0,0,00,C,0,4,0,0,0,0,0,0,_,0,0,0,C00T11E0000-4000X_0S00,B1279
92299233,1,1,0,0,00,B,9,3,8,5,7,9,3,0,_,0,0,0,B00T11E9789-3350X_0S00,B1608
92103447,1,1,0,_,00,B,8,_,9,_,8,0,_,_,0,_,_,_,B00T11E8890-____X0_S0_,B1364
92103145,1,1,0,0,00,B,0,_,0,_,0,0,_,_,0,_,_,_,B00T11E0000-____X0_S00,B1310
92101269,1,1,0,0,00,B,8,4,8,3,0,0,0,0,_,0,0,0,B00T11E8080-4030X_0S00,B1035
92102167,1,_,0,0,00,B,9,0,0,0,0,0,0,0,0,_,_,_,B00T1_E9000-0000X0_S00,B1156
92128555,1,1,0,0,00,B,7,_,7,_,0,0,_,_,0,_,_,_,B00T11E7070-____X0_S00,T363
92103158,1,1,0,0,00,C,_,5,_,4,_,_,0,0,_,0,0,0,C00T11E____-5040X_0S00,B1310
92128883,1,_,0,0,00,B,0,4,0,0,0,0,0,0,_,0,0,0,B00T1_E0000-4000X_0S00,T417
92102826,_,_,_,0,00,B,_,4,_,5,_,_,4,0,_,0,0,0,B00T__E____-4450X_0S_0,B1261
92297793,1,0,_,0,00,B,0,0,0,0,0,0,0,0,_,0,0,0,B00T10E0000-0000X_0S_0,B1534
92128226,1,1,0,0,00,B,0,4,0,4,0,0,3,5,0,0,0,0,B00T11E0000-4345X00S00,T293
92101521,1,1,0,0,00,B,9,_,0,_,0,0,_,_,0,_,_,_,B00T11E9000-____X0_S00,B1073
92102332,1,1,0,0,00,B,_,3,_,0,_,_,0,0,_,0,0,0,B00T11E____-3000X_0S00,B1185
92126825,1,1,0,0,00,B,_,0,_,0,_,_,4,4,_,0,0,0,B00T11E____-0404X_0S00,T1004
92102647,_,1,_,_,00,B,_,4,_,0,_,_,0,0,_,0,0,0,B00T_1E____-4000X_0S__,B1236
92102153,_,1,0,0,00,B,_,0,_,0,_,_,0,0,_,0,0,0,B00T_1E____-0000X_0S00,B1155
92127652,1,1,0,0,00,B,8,_,0,_,0,0,_,_,0,_,_,_,B00T11E8000-____X0_S00,T1259
92102676,1,1,0,_,00,B,7,5,0,3,0,0,4,0,0,0,0,0,B00T11E7000-5430X00S0_,B1240
92101108,1,1,0,0,00,B,9,4,8,0,8,0,0,0,0,0,0,0,B00T11E9880-4000X00S00,B1016
92103360,1,1,0,0,00,B,0,_,0,_,0,0,_,_,0,_,_,_,B00T11E0000-____X0_S00,B1350
92296151,1,1,0,0,00,B,9,3,0,0,0,0,0,0,0,0,0,0,B00T11E9000-3000X00S00,B1446
92128501,1,1,0,0,00,B,_,3,_,4,_,_,0,0,_,0,0,0,B00T11E____-3040X_0S00,T357
92101500,1,1,1,0,00,B,9,3,0,0,0,0,4,0,_,0,0,0,B00T11E9000-3400X_0S10,B1070
92297961,1,1,0,0,00,B,7,_,8,_,7,0,_,_,0,_,_,_,B00T11E7780-____X0_S00,B1545
92129280,1,0,0,0,00,B,7,0,0,0,0,0,0,0,_,0,0,0,B00T10E7000-0000X_0S00,T460
92297992,1,1,0,0,00,B,0,3,0,3,0,0,3,0,_,0,0,0,B00T11E0000-3330X_0S00,B1546
92128439,1,1,0,0,00,B,7,_,8,_,0,0,_,_,0,_,_,_,B00T11E7080-____X0_S00,T350
92102889,1,1,0,0,00,B,0,_,0,_,0,0,_,_,0,_,_,_,B00T11E0000-____X0_S00,B1267
92296184,1,1,0,0,00,B,0,0,0,0,0,0,0,0,0,_,_,_,B00T11E0000-0000X0_S00,B1449
92127700,1,_,0,0,00,C,0,_,0,_,0,0,_,_,0,_,_,_,C00T1_E0000-____X0_S00,T1275
92302377,_,1,0,0,00,B,_,4,_,0,_,_,0,0,_,0,0,0,B00T_1E____-4000X_0S00,B1837
92127973,1,1,0,0,00,B,8,0,0,0,0,0,0,0,0,_,_,_,B00T11E8000-0000X0_S00,T211
92304704,1,1,0,0,00,B,8,4,9,4,9,0,0,0,0,0,0,0,B00T11E8990-4040X00S00,B1989
92302228,_,1,0,0,00,B,_,0,_,0,_,_,4,0,_,0,0,0,B00T_1E____-0400X_0S00,B1822
92101152,_,1,0,0,00,B,_,0,_,0,_,_,0,0,_,0,0,0,B00T_1E____-0000X_0S00,B1019
92129281,1,_,0,0,00,B,0,_,0,_,0,0,_,_,0,_,_,_,B00T1_E0000-____X0_S00,T460
92100927,1,_,0,0,00,B,_,4,_,3,_,_,0,0,_,0,0,0,B00T1_E____-4030X_0S00,B1002
92305397,1,1,0,0,00,B,7,0,0,0,0,0,0,0,_,0,0,0,B00T11E7000-0000X_0S00,B2027
92129681,1,1,0,0,00,B,7,4,7,3,0,0,4,0,0,0,0,0,B00T11E7070-4430X00S00,T522
92128527,1,1,_,0,00,B,_,4,_,5,_,_,3,0,_,0,0,0,B00T11E____-4350X_0S_0,T360
92302996,1,1,1,0,00,B,9,_,8,_,8,0,_,_,0,_,_,_,B00T11E9880-____X0_S10,B1883
92129643,1,1,0,0,00,B,8,5,0,4,0,0,4,0,0,0,0,0,B00T11E8000-5440X00S00,T520
92295771,1,1,0,0,00,B,0,3,0,4,9,0,0,0,0,0,0,0,B00T11E0900-3040X00S00,B1420
92306275,1,1,0,0,00,B,,,,,,,,,,,,,B00T11Enannannannan-nannannannanXnannanS00,B2076
92128312,1,1,_,0,00,B,_,5,_,5,_,_,0,0,_,0,0,0,B00T11E____-5050X_0S_0,T322
92296690,1,1,0,0,00,B,0,_,0,_,0,0,_,_,0,_,_,_,B00T11E0000-____X0_S00,B1478
92102556,1,1,0,0,00,B,0,5,0,0,0,0,0,0,_,0,0,0,B00T11E0000-5000X_0S00,B1219
92129740,1,1,0,0,00,B,8,0,7,0,0,0,0,0,0,_,_,_,B00T11E8070-0000X0_S00,T537
92102308,1,1,0,0,00,B,_,4,_,4,_,_,0,0,_,0,0,0,B00T11E____-4040X_0S00,B1182
92297060,1,1,0,0,00,B,_,3,_,0,_,_,4,0,_,0,0,0,B00T11E____-3400X_0S00,B1496
92129558,1,1,0,0,00,B,_,4,_,4,_,_,0,0,_,0,0,0,B00T11E____-4040X_0S00,T504
92103149,_,_,_,0,00,B,,,,,,,,,,,,,B00T__Enannannannan-nannannannanXnannanS_0,B1310
92101867,1,1,0,0,00,B,8,0,8,0,0,0,0,0,0,0,0,0,B00T11E8080-0000X00S00,B1124
92128372,1,1,0,0,00,B,0,0,0,0,0,0,0,0,0,_,_,_,B00T11E0000-0000X0_S00,T335
92304436,_,1,0,0,00,B,_,3,_,0,_,_,0,0,_,0,0,0,B00T_1E____-3000X_0S00,B1973
92128587,1,_,_,0,00,B,8,_,0,_,0,0,_,_,0,_,_,_,B00T1_E8000-____X0_S_0,T369
92101550,_,_,0,_,00,B,0,_,0,_,0,0,_,_,0,_,_,_,B00T__E0000-____X0_S0_,B1077
92102536,1,_,0,0,00,B,8,_,8,_,0,0,_,_,0,_,_,_,B00T1_E8080-____X0_S00,B1217
92300135,1,1,0,0,20,B,8,_,8,_,0,0,_,_,0,_,_,_,B20T11E8080-____X0_S00,B1679
92102736,1,_,0,_,00,B,_,0,_,0,_,_,0,0,_,0,0,0,B00T1_E____-0000X_0S0_,B1254
92128020,1,0,0,0,00,B,8,_,8,_,0,0,_,_,0,_,_,_,B00T10E8080-____X0_S00,T221
92103582,1,1,0,0,00,B,0,0,0,0,7,0,0,0,0,0,0,0,B00T11E0700-0000X00S00,B1388
92299573,_,1,0,0,00,B,_,5,_,5,_,_,0,0,_,0,0,0,B00T_1E____-5050X_0S00,B1635
92126817,1,_,0,_,00,C,_,4,_,0,_,_,0,0,_,0,0,0,C00T1_E____-4000X_0S0_,T1001
92128489,_,1,0,0,00,B,_,0,_,0,_,_,0,0,_,0,0,0,B00T_1E____-0000X_0S00,T356
92129257,1,1,0,0,00,B,0,0,0,0,0,0,0,0,0,0,0,0,B00T11E0000-0000X00S00,T455
92297958,1,1,0,0,00,B,8,_,8,_,0,0,_,_,0,_,_,_,B00T11E8080-____X0_S00,B1544
92103423,1,1,0,0,00,B,_,4,_,5,_,_,0,0,_,0,0,0,B00T11E____-4050X_0S00,B1359
92129057,1,1,0,0,00,B,8,_,9,_,0,0,_,_,0,_,_,_,B00T11E8090-____X0_S00,T435
92299016,1,1,0,0,00,B,_,0,_,0,_,_,0,0,_,0,0,0,B00T11E____-0000X_0S00,B1595
92102412,1,1,0,0,00,B,_,3,_,0,_,_,0,0,_,0,0,0,B00T11E____-3000X_0S00,B1197
92101753,_,1,0,0,00,B,9,5,0,0,8,7,0,0,_,0,0,0,B00T_1E9807-5000X_0S00,B1108
92103574,1,1,0,0,00,B,9,5,0,0,0,0,0,0,0,0,0,0,B00T11E9000-5000X00S00,B1386
92127958,_,1,0,0,00,B,_,4,_,4,_,_,0,0,_,0,0,0,B00T_1E____-4040X_0S00,T211
92296563,1,1,0,0,00,B,_,0,_,0,_,_,0,0,_,0,0,0,B00T11E____-0000X_0S00,B1472
92296953,1,1,0,0,00,B,_,4,_,0,_,_,0,0,_,0,0,0,B00T11E____-4000X_0S00,B1492
92127300,1,1,0,0,00,B,_,0,_,0,_,_,0,0,_,0,0,0,B00T11E____-0000X_0S00,T1161
92127095,1,1,0,0,00,B,_,0,_,0,_,_,0,0,_,0,0,0,B00T11E____-0000X_0S00,T1087
92129995,1,1,0,0,00,B,9,5,8,0,0,0,4,0,0,0,0,0,B00T11E9080-5400X00S00,T585
92101364,1,1,0,0,00,B,0,0,0,0,0,0,0,0,_,0,0,0,B00T11E0000-0000X_0S00,B1046
92129366,1,1,0,0,00,B,0,0,0,0,0,0,0,0,0,0,0,0,B00T11E0000-0000X00S00,T472
92101650,1,1,0,0,00,B,_,0,_,0,_,_,4,4,_,0,0,0,B00T11E____-0404X_0S00,B1093
92297656,1,1,0,0,00,B,_,4,_,0,_,_,0,0,_,0,0,0,B00T11E____-4000X_0S00,B1528
92128602,1,0,0,0,00,B,8,3,7,4,8,8,0,0,_,0,0,0,B00T10E8878-3040X_0S00,T371
92302066,1,1,0,0,00,B,0,3,0,0,0,0,0,0,_,0,0,0,B00T11E0000-3000X_0S00,B1808
92102142,1,1,_,0,00,B,0,4,0,3,8,9,4,0,0,0,0,0,B00T11E0809-4430X00S_0,B1154
92103082,1,1,0,0,00,B,7,_,8,_,0,0,_,_,0,_,_,_,B00T11E7080-____X0_S00,B1299
92101392,1,1,0,0,00,B,7,3,0,4,0,0,0,0,0,0,0,0,B00T11E7000-3040X00S00,B1052
92301468,1,1,0,0,00,B,9,0,0,0,0,0,0,0,0,_,_,_,B00T11E9000-0000X0_S00,B1775
92101916,1,_,0,0,00,B,0,_,0,_,0,0,_,_,0,_,_,_,B00T1_E0000-____X0_S00,B1129
92296365,1,_,0,0,00,B,9,_,0,_,0,0,_,_,0,_,_,_,B00T1_E9000-____X0_S00,B1460
92100911,_,1,0,0,00,B,_,4,_,3,_,_,3,0,_,0,0,0,B00T_1E____-4330X_0S00,B1002
92102444,1,1,0,0,20,_,_,4,_,5,_,_,0,0,_,0,0,0,_20T11E____-4050X_0S00,B1202
92305362,1,1,0,_,20,_,0,0,0,3,0,0,0,0,0,0,0,0,_20T11E0000-0030X00S0_,B2024
92126855,_,1,0,_,00,B,0,3,0,0,0,0,0,0,0,0,0,0,B00T_1E0000-3000X00S0_,T1013
92101166,1,1,_,_,00,B,_,4,_,4,_,_,0,0,_,0,0,0,B00T11E____-4040X_0S__,B1020
92128512,1,_,0,0,00,B,0,4,0,0,0,0,0,0,0,0,0,0,B00T1_E0000-4000X00S00,T359
92298097,1,1,0,_,00,B,0,3,0,0,0,0,4,0,0,0,0,0,B00T11E0000-3400X00S0_,B1553
92128599,_,1,0,0,00,B,0,0,0,0,0,0,0,0,_,0,0,0,B00T_1E0000-0000X_0S00,T370
92127845,1,1,0,0,00,B,0,0,0,0,0,0,0,0,0,_,_,_,B00T11E0000-0000X0_S00,T1316
92296292,1,1,0,0,00,B,9,3,7,3,0,0,0,0,0,0,0,0,B00T11E9070-3030X00S00,B1455
92103273,1,1,0,0,00,B,_,4,_,4,_,_,0,0,_,0,0,0,B00T11E____-4040X_0S00,B1329
92296526,1,0,0,0,00,B,_,4,_,4,_,_,0,0,_,0,0,0,B00T10E____-4040X_0S00,B1469
92300479,1,1,0,0,20,_,_,3,_,0,_,_,0,0,_,0,0,0,_20T11E____-3000X_0S00,B1696
92127137,1,1,_,_,00,B,7,0,0,0,0,0,0,0,0,_,_,_,B00T11E7000-0000X0_S__,T1102
92127564,1,1,_,0,20,C,_,0,_,0,_,_,4,0,_,0,0,0,C20T11E____-0400X_0S_0,T1233
92303091,_,1,0,_,00,C,_,3,_,3,_,_,0,0,_,0,0,0,C00T_1E____-3030X_0S0_,B1888
92103231,1,1,0,0,00,B,_,4,_,0,_,_,0,0,_,0,0,0,B00T11E____-4000X_0S00,B1321
92303776,1,_,0,0,00,B,9,_,8,_,0,0,_,_,0,_,_,_,B00T1_E9080-____X0_S00,B1933
92129587,1,1,0,0,00,B,8,5,0,5,0,0,4,5,0,_,_,_,B00T11E8000-5455X0_S00,T510
92127677,1,_,0,0,00,B,0,_,0,_,0,0,_,_,0,_,_,_,B00T1_E0000-____X0_S00,T1265
92127122,1,1,1,0,00,B,7,_,8,_,0,0,_,_,0,_,_,_,B00T11E7080-____X0_S10,T1096
92128214,1,1,0,0,00,B,9,_,0,_,0,0,_,_,0,_,_,_,B00T11E9000-____X0_S00,T289
92128828,_,1,0,0,00,B,_,4,_,5,_,_,0,0,_,0,0,0,B00T_1E____-4050X_0S00,T407
92129052,1,1,0,0,00,B,8,0,0,0,0,0,0,0,0,0,0,0,B00T11E8000-0000X00S00,T435
92302126,1,1,0,0,00,B,7,5,0,0,0,0,0,0,0,0,0,0,B00T11E7000-5000X00S00,B1813
92101052,1,1,0,_,00,B,,,,,,,,,,,,,B00T11Enannannannan-nannannannanXnannanS0_,B1011
92102959,1,1,0,_,00,B,9,0,0,0,7,0,0,0,_,0,0,0,B00T11E9700-0000X_0S0_,B1282
92303494,1,1,0,0,20,B,_,0,_,0,_,_,4,0,_,0,0,0,B20T11E____-0400X_0S00,B1914
92301324,1,_,0,0,00,B,7,_,0,_,0,0,_,_,0,_,_,_,B00T1_E7000-____X0_S00,B1763
92129797,1,1,0,0,00,B,0,_,0,_,0,0,_,_,0,_,_,_,B00T11E0000-____X0_S00,T545
92101714,1,1,0,0,00,B,0,0,0,0,0,0,0,0,0,0,0,0,B00T11E0000-0000X00S00,B1102
92129985,1,1,0,0,00,B,_,4,_,4,_,_,0,0,_,0,0,0,B00T11E____-4040X_0S00,T584
92127689,1,_,0,0,00,B,9,_,0,_,0,0,_,_,0,_,_,_,B00T1_E9000-____X0_S00,T1270
92101975,1,1,0,0,00,C,0,_,0,_,9,0,_,_,0,_,_,_,C00T11E0900-____X0_S00,B1136
92306349,1,1,0,0,20,B,0,0,0,0,0,0,0,0,0,0,0,0,B20T11E0000-0000X00S00,F1000
92127456,1,_,0,0,00,B,_,4,0,5,_,0,4,5,_,0,0,0,B00T1_E__00-4455X_0S00,T1207
92129053,_,1,0,0,00,B,0,0,0,0,0,0,0,0,_,_,_,_,B00T_1E0000-0000X__S00,T435
92127277,1,1,0,0,00,B,9,4,0,3,0,0,0,0,0,0,0,0,B00T11E9000-4030X00S00,T1154
92127250,1,1,0,0,00,B,0,0,0,0,0,0,0,0,0,_,_,_,B00T11E0000-0000X0_S00,T1145
92128088,1,_,0,_,00,B,8,0,7,0,0,0,0,0,0,0,0,0,B00T1_E8070-0000X00S0_,T257
92103586,1,_,0,0,00,B,,,,,,,,,,,,,B00T1_Enannannannan-nannannannanXnannanS00,B1389
92304849,1,1,0,0,00,B,0,0,0,0,7,0,0,0,0,_,_,_,B00T11E0700-0000X0_S00,B1997
92301529,_,_,0,0,00,B,9,0,7,0,0,0,0,0,0,_,_,_,B00T__E9070-0000X0_S00,B1781
92129449,1,1,0,0,00,B,9,_,8,_,0,0,_,_,0,_,_,_,B00T11E9080-____X0_S00,T485
92302004,1,1,0,0,00,B,_,3,_,4,_,_,0,0,_,0,0,0,B00T11E____-3040X_0S00,B1803
92127757,1,1,0,0,00,B,_,0,_,0,_,_,0,0,_,0,0,0,B00T11E____-0000X_0S00,T1289
92128049,1,1,0,0,00,B,_,0,_,0,_,_,0,0,_,0,0,0,B00T11E____-0000X_0S00,T251
92128905,1,1,0,0,00,B,8,0,0,0,0,0,0,0,_,0,0,0,B00T11E8000-0000X_0S00,T419
92306167,1,1,0,0,00,B,0,0,0,0,0,0,0,0,0,0,0,0,B00T11E0000-0000X00S00,B2070
92129738,1,_,0,_,00,B,0,_,0,_,0,0,_,_,0,_,_,_,B00T1_E0000-____X0_S0_,T537
92305134,1,1,0,0,20,C,0,0,0,0,0,0,0,0,0,0,0,0,C20T11E0000-0000X00S00,B2013
92102406,1,1,0,0,00,B,0,5,0,4,0,0,0,0,_,0,0,0,B00T11E0000-5040X_0S00,B1197
92128024,1,1,0,0,00,B,0,_,0,_,0,0,_,_,0,_,_,_,B00T11E0000-____X0_S00,T239
92101355,1,1,0,0,00,B,9,4,0,5,0,0,5,0,0,0,0,0,B00T11E9000-4550X00S00,B1043
92306354,1,1,0,0,00,B,0,0,0,0,0,0,0,0,0,0,0,0,B00T11E0000-0000X00S00,F1000
92306209,1,1,0,0,00,B,_,3,_,0,_,_,0,0,_,0,0,0,B00T11E____-3000X_0S00,B2072
92129971,1,1,0,0,20,_,0,0,0,0,0,0,0,0,0,0,0,0,_20T11E0000-0000X00S00,T582
92298903,1,1,0,0,00,B,0,_,0,_,0,0,_,_,0,_,_,_,B00T11E0000-____X0_S00,B1590
92295892,1,1,0,0,00,B,_,3,_,0,_,_,0,0,_,0,0,0,B00T11E____-3000X_0S00,B1430
92127968,1,1,0,0,00,B,7,4,7,0,0,0,0,0,0,0,0,0,B00T11E7070-4000X00S00,T211
92128914,1,1,0,0,00,B,_,0,_,0,_,_,0,0,_,0,0,0,B00T11E____-0000X_0S00,T420
92101811,1,1,0,0,20,C,9,_,0,_,0,0,_,_,0,_,_,_,C20T11E9000-____X0_S00,B1114
92103241,0,_,0,0,00,B,0,5,0,0,0,0,5,0,0,0,0,0,B00T0_E0000-5500X00S00,B1322
92298067,1,1,0,0,00,B,_,0,_,0,_,_,0,0,_,0,0,0,B00T11E____-0000X_0S00,B1551
92101182,1,1,0,0,00,B,9,4,0,0,0,0,4,0,0,0,0,0,B00T11E9000-4400X00S00,B1025
92304426,1,1,0,0,00,C,0,_,0,_,0,0,_,_,0,_,_,_,C00T11E0000-____X0_S00,B1972
92128030,1,1,0,0,00,B,0,4,0,4,0,0,0,0,0,0,0,0,B00T11E0000-4040X00S00,T240
92101646,1,1,0,0,00,B,_,3,_,0,_,_,0,0,_,0,0,0,B00T11E____-3000X_0S00,B1092
92101320,1,1,0,_,00,B,0,4,0,4,0,0,0,0,0,0,0,0,B00T11E0000-4040X00S0_,B1041
92305726,1,1,0,0,00,B,0,4,0,4,0,0,0,0,0,0,0,0,B00T11E0000-4040X00S00,B2044
92129984,1,1,0,0,00,B,7,_,8,_,0,0,_,_,0,_,_,_,B00T11E7080-____X0_S00,T583
92102338,1,1,0,0,00,B,9,_,7,_,0,0,_,_,0,_,_,_,B00T11E9070-____X0_S00,B1187
92298869,1,1,0,0,00,B,8,_,8,_,0,0,_,_,0,_,_,_,B00T11E8080-____X0_S00,B1590
92128197,1,1,0,0,00,B,_,3,_,5,_,_,0,0,_,0,0,0,B00T11E____-3050X_0S00,T283
92102958,1,1,0,0,00,B,0,0,0,0,0,0,0,0,0,0,0,0,B00T11E0000-0000X00S00,B1282
92101922,1,1,0,0,00,B,0,3,0,0,0,0,0,0,0,0,0,0,B00T11E0000-3000X00S00,B1130
92103523,1,1,0,0,00,B,0,0,0,0,0,0,0,0,0,0,0,0,B00T11E0000-0000X00S00,B1375
92102541,1,1,0,0,00,B,0,0,0,0,0,0,0,0,_,0,0,0,B00T11E0000-0000X_0S00,B1217
92103432,1,_,0,0,20,C,0,_,0,_,0,0,_,_,0,_,_,_,C20T1_E0000-____X0_S00,B1362
92127948,1,1,0,0,00,B,0,3,0,4,0,0,0,0,_,0,0,0,B00T11E0000-3040X_0S00,T209
92295895,1,1,0,0,00,B,0,_,0,_,0,0,_,_,0,_,_,_,B00T11E0000-____X0_S00,B1430
92301881,_,_,0,0,00,B,8,_,8,_,0,0,_,_,0,_,_,_,B00T__E8080-____X0_S00,B1793
92302971,1,1,0,0,00,B,7,3,8,0,9,8,0,0,0,0,0,0,B00T11E7988-3000X00S00,B1882
92303921,1,1,0,0,00,B,0,_,0,_,0,0,_,_,0,_,_,_,B00T11E0000-____X0_S00,B1940
92101547,1,1,_,0,00,B,_,4,_,3,_,_,0,0,_,0,0,0,B00T11E____-4030X_0S_0,B1076
92301473,1,1,0,0,00,B,0,_,0,_,0,0,_,_,0,_,_,_,B00T11E0000-____X0_S00,B1777
92127901,1,1,0,0,00,B,0,0,0,0,0,0,0,0,_,0,0,0,B00T11E0000-0000X_0S00,T1330
92297042,1,1,0,0,00,B,9,_,8,_,0,0,_,_,0,_,_,_,B00T11E9080-____X0_S00,B1494
92129806,1,1,0,0,00,B,0,_,0,_,0,0,_,_,0,_,_,_,B00T11E0000-____X0_S00,T546
92304096,1,1,0,0,00,B,8,4,0,4,0,0,0,0,0,0,0,0,B00T11E8000-4040X00S00,B1952
92128036,1,1,0,0,20,_,_,4,_,3,_,_,0,0,_,0,0,0,_20T11E____-4030X_0S00,T247
92127358,1,1,_,0,00,B,9,_,8,_,0,0,_,_,0,_,_,_,B00T11E9080-____X0_S_0,T1179
92127327,1,1,0,_,00,B,_,0,_,0,_,_,0,0,_,0,0,0,B00T11E____-0000X_0S0_,T1170
92129169,1,1,0,0,00,B,0,_,0,_,0,0,_,_,0,_,_,_,B00T11E0000-____X0_S00,T444
92127490,_,_,0,0,00,B,_,4,_,4,_,_,0,0,_,0,0,0,B00T__E____-4040X_0S00,T1214
92306169,1,1,0,0,00,B,0,0,0,0,0,0,0,0,0,_,_,_,B00T11E0000-0000X0_S00,B2070
92128494,1,1,_,_,00,B,0,0,0,0,0,0,0,0,0,0,0,0,B00T11E0000-0000X00S__,T356
92101672,0,_,0,0,20,B,8,_,0,_,0,0,_,_,0,_,_,_,B20T0_E8000-____X0_S00,B1097
92101751,_,_,_,_,00,B,0,0,0,0,0,0,0,0,0,_,_,_,B00T__E0000-0000X0_S__,B1108
92102825,1,_,_,0,00,B,8,4,7,4,8,0,4,0,0,0,0,0,B00T1_E8870-4440X00S_0,B1261
92303518,1,1,0,0,00,B,7,4,0,0,0,0,0,0,_,0,0,0,B00T11E7000-4000X_0S00,B1916
92127276,1,1,_,_,00,B,8,0,7,0,7,0,0,0,0,0,0,0,B00T11E8770-0000X00S__,T1153
92101495,_,_,_,0,00,B,9,_,8,_,9,8,_,_,0,_,_,_,B00T__E9988-____X0_S_0,B1070
92127346,1,1,_,_,00,B,9,0,7,0,0,0,0,0,0,_,_,_,B00T11E9070-0000X0_S__,T1176
92127181,_,1,0,0,00,B,_,4,_,0,_,_,0,0,_,0,0,0,B00T_1E____-4000X_0S00,T1120
92129777,_,_,_,_,00,B,_,4,_,4,_,_,4,0,_,0,0,0,B00T__E____-4440X_0S__,T541
92101769,_,_,0,_,00,B,_,0,_,0,_,_,3,0,_,0,0,0,B00T__E____-0300X_0S0_,B1111
92102651,_,1,0,0,00,B,_,3,_,4,_,_,0,0,_,0,0,0,B00T_1E____-3040X_0S00,B1238
92102689,_,1,0,0,00,B,_,3,_,0,_,_,0,0,_,0,0,0,B00T_1E____-3000X_0S00,B1244
92102223,1,1,0,0,00,B,0,0,0,0,0,0,0,0,0,0,0,0,B00T11E0000-0000X00S00,B1164
92103189,1,_,0,0,00,B,8,4,9,4,0,0,3,3,0,_,_,_,B00T1_E8090-4343X0_S00,B1317
92127020,1,1,_,0,00,C,9,3,8,4,0,0,4,4,0,0,0,0,C00T11E9080-3444X00S_0,T1062
92295392,1,1,0,0,00,B,0,_,0,_,0,0,_,_,0,_,_,_,B00T11E0000-____X0_S00,B1391
92101545,1,1,0,0,00,B,_,3,_,4,_,_,0,0,_,0,0,0,B00T11E____-3040X_0S00,B1076
92129886,1,1,0,0,00,B,8,0,9,0,8,7,0,0,_,0,0,0,B00T11E8897-0000X_0S00,T560
92304604,_,1,0,0,00,B,_,3,_,0,_,_,0,0,_,0,0,0,B00T_1E____-3000X_0S00,B1985
92129012,1,1,0,0,00,B,9,0,8,0,0,0,0,0,0,0,0,0,B00T11E9080-0000X00S00,T431
92304689,1,1,0,0,00,B,0,0,0,0,0,0,0,0,0,_,_,_,B00T11E0000-0000X0_S00,B1988
92296537,1,1,0,0,00,B,_,4,_,0,_,_,0,0,_,0,0,0,B00T11E____-4000X_0S00,B1470
92304369,1,_,0,_,00,B,8,0,0,0,0,0,0,0,_,0,0,0,B00T1_E8000-0000X_0S0_,B1969
92101072,1,1,_,0,00,B,8,3,0,0,0,0,0,0,0,0,0,0,B00T11E8000-3000X00S_0,B1012
92303867,1,1,0,0,00,B,0,_,0,_,0,0,_,_,0,_,_,_,B00T11E0000-____X0_S00,B1938
92102774,1,1,0,0,00,B,0,4,0,5,0,0,3,0,0,0,0,0,B00T11E0000-4350X00S00,B1259
92101441,1,1,0,0,00,C,9,0,9,0,0,0,4,3,0,_,_,_,C00T11E9090-0403X0_S00,B1062
92298856,1,1,0,0,00,B,8,3,8,0,0,0,0,0,0,0,0,0,B00T11E8080-3000X00S00,B1589
92295629,1,1,0,0,00,B,8,5,0,0,0,0,0,0,0,0,0,0,B00T11E8000-5000X00S00,B1407
92101564,1,1,0,0,00,B,8,4,7,5,9,7,4,0,_,0,0,0,B00T11E8977-4450X_0S00,B1079
92101640,1,1,0,0,20,C,9,3,7,5,0,0,0,0,0,0,0,0,C20T11E9070-3050X00S00,B1091
92102563,1,1,0,0,00,B,9,4,7,0,9,0,0,0,0,_,_,_,B00T11E9970-4000X0_S00,B1220
92300544,_,_,0,_,00,B,_,0,_,5,_,_,0,0,_,0,0,0,B00T__E____-0050X_0S0_,B1699
92103430,1,1,_,_,00,_,0,3,0,4,0,0,3,0,_,0,0,0,_00T11E0000-3340X_0S__,B1361
92101716,1,1,0,0,00,B,0,_,0,_,0,0,_,_,0,_,_,_,B00T11E0000-____X0_S00,B1103
92304531,1,_,0,0,20,B,0,_,0,_,0,0,_,_,0,_,_,_,B20T1_E0000-____X0_S00,B1980
92103116,_,1,0,0,00,B,7,0,0,0,7,0,0,0,0,_,_,_,B00T_1E7700-0000X0_S00,B1308
92300382,1,1,0,0,00,B,9,4,0,4,0,0,3,0,0,0,0,0,B00T11E9000-4340X00S00,B1691
92102302,1,1,0,0,00,B,8,_,9,_,0,0,_,_,0,_,_,_,B00T11E8090-____X0_S00,B1182
92101258,_,1,0,_,00,B,8,4,0,4,0,0,4,5,0,0,0,0,B00T_1E8000-4445X00S0_,B1035
92302819,_,1,_,0,00,B,_,0,_,0,_,_,0,0,_,0,0,0,B00T_1E____-0000X_0S_0,B1868
92127667,1,1,0,0,00,B,7,0,0,0,9,0,0,0,0,0,0,0,B00T11E7900-0000X00S00,T1262
92127638,1,1,0,0,00,B,9,_,8,_,0,0,_,_,0,_,_,_,B00T11E9080-____X0_S00,T1252
92127134,1,1,0,0,00,B,_,4,_,3,_,_,0,0,_,0,0,0,B00T11E____-4030X_0S00,T1101
92301585,1,_,_,_,00,B,0,_,0,_,0,0,_,_,0,_,_,_,B00T1_E0000-____X0_S__,B1784
92129363,1,1,0,0,00,B,0,_,0,_,0,0,_,_,0,_,_,_,B00T11E0000-____X0_S00,T472
92103105,1,1,0,0,00,B,0,0,0,0,0,0,3,0,0,_,_,_,B00T11E0000-0300X0_S00,B1306
92302918,1,1,0,0,00,B,_,5,_,3,_,_,3,0,_,0,0,0,B00T11E____-5330X_0S00,B1876
92127792,1,1,0,0,00,B,_,0,_,0,_,_,0,0,_,0,0,0,B00T11E____-0000X_0S00,T1302
92295406,_,1,0,0,00,B,_,0,_,0,_,_,0,0,_,0,0,0,B00T_1E____-0000X_0S00,B1393
92127543,1,1,0,0,00,B,_,0,_,0,_,_,0,0,_,0,0,0,B00T11E____-0000X_0S00,T1226
92128977,_,_,0,0,00,B,0,_,0,_,0,0,_,_,0,_,_,_,B00T__E0000-____X0_S00,T427
92300703,1,1,0,0,00,B,_,0,_,0,_,_,3,0,_,0,0,0,B00T11E____-0300X_0S00,B1710
92301644,_,_,0,_,00,B,_,5,_,4,_,_,0,0,_,0,0,0,B00T__E____-5040X_0S0_,B1786
92128133,1,1,0,_,00,B,0,0,8,0,0,0,0,0,0,_,_,_,B00T11E0080-0000X0_S0_,T268
92128471,_,_,0,0,00,B,_,0,_,0,_,_,0,0,_,0,0,0,B00T__E____-0000X_0S00,T355
92103615,1,1,0,0,00,B,_,4,_,0,_,_,0,0,_,0,0,0,B00T11E____-4000X_0S00,B1391
92129944,_,1,0,0,00,B,9,0,8,0,0,0,0,0,0,0,0,0,B00T_1E9080-0000X00S00,T575
92102183,1,1,0,0,00,B,9,5,0,0,0,0,0,0,0,0,0,0,B00T11E9000-5000X00S00,B1157
92302312,1,1,_,0,00,B,0,4,0,0,0,0,4,0,0,0,0,0,B00T11E0000-4400X00S_0,B1827
92298592,1,1,0,0,00,B,0,0,0,0,0,0,0,0,0,0,0,0,B00T11E0000-0000X00S00,B1577
92297696,1,1,0,0,00,B,9,5,7,5,8,0,0,0,0,_,_,_,B00T11E9870-5050X0_S00,B1532
92128072,1,_,0,_,00,B,_,3,_,0,_,_,0,0,_,0,0,0,B00T1_E____-3000X_0S0_,T254
92126841,_,1,0,0,00,B,_,0,_,0,_,_,0,0,_,0,0,0,B00T_1E____-0000X_0S00,T1009
92127748,1,1,0,0,00,B,_,0,_,0,_,_,0,0,_,0,0,0,B00T11E____-0000X_0S00,T1286
92128153,1,1,_,0,00,B,0,0,0,0,0,0,0,0,0,0,0,0,B00T11E0000-0000X00S_0,T272
92127085,1,1,0,0,00,B,9,0,0,0,8,9,0,0,_,0,0,0,B00T11E9809-0000X_0S00,T1084
92304063,_,_,_,0,00,B,9,_,8,_,9,7,_,_,0,_,_,_,B00T__E9987-____X0_S_0,B1949
92101670,0,1,0,0,00,B,0,4,0,0,0,0,0,0,_,0,0,0,B00T01E0000-4000X_0S00,B1097
92129703,1,_,0,0,00,B,9,_,0,_,9,0,_,_,0,_,_,_,B00T1_E9900-____X0_S00,T526
92102867,_,1,0,0,00,B,_,0,_,0,_,_,0,0,_,0,0,0,B00T_1E____-0000X_0S00,B1264
92101843,1,_,0,0,00,B,0,_,0,_,0,0,_,_,0,_,_,_,B00T1_E0000-____X0_S00,B1121
92101309,1,_,0,0,00,B,_,0,_,0,_,_,5,5,_,0,0,0,B00T1_E____-0505X_0S00,B1040
92127577,_,1,0,0,00,B,0,0,0,0,0,0,0,0,0,0,0,0,B00T_1E0000-0000X00S00,T1238
92102921,1,1,0,0,00,C,0,0,0,0,0,0,0,0,0,0,0,0,C00T11E0000-0000X00S00,B1271
92101483,_,_,0,0,00,B,8,3,7,5,9,0,0,0,_,0,0,0,B00T__E8970-3050X_0S00,B1069
92102801,1,1,0,0,00,B,0,4,0,0,0,0,0,0,0,0,0,0,B00T11E0000-4000X00S00,B1260
92100856,1,1,1,_,00,B,0,4,0,3,0,0,4,0,0,0,0,0,B00T11E0000-4430X00S1_,B1000
92306263,1,1,1,0,00,B,0,4,0,0,0,0,0,0,0,0,0,0,B00T11E0000-4000X00S10,B2075
92129542,1,1,0,0,00,B,8,_,9,_,0,0,_,_,0,_,_,_,B00T11E8090-____X0_S00,T501
92128878,_,_,0,0,00,B,_,4,_,0,_,_,4,0,_,0,0,0,B00T__E____-4400X_0S00,T415
92101838,1,1,0,0,00,B,9,5,9,3,9,9,0,0,_,0,0,0,B00T11E9999-5030X_0S00,B1121
92103270,1,1,0,0,00,B,8,4,0,5,7,8,3,4,0,0,0,0,B00T11E8708-4354X00S00,B1329
92296289,1,1,0,0,00,B,9,3,8,4,7,0,0,0,_,0,0,0,B00T11E9780-3040X_0S00,B1455
92102672,_,_,0,0,20,B,0,5,0,3,0,0,4,4,_,0,0,0,B20T__E0000-5434X_0S00,B1240
92298183,1,1,0,0,00,B,8,3,7,0,0,0,0,0,_,0,0,0,B00T11E8070-3000X_0S00,B1556
92300836,1,0,0,0,00,B,0,_,0,_,0,0,_,_,0,_,_,_,B00T10E0000-____X0_S00,B1722
92299532,1,1,0,0,00,B,_,4,_,5,_,_,3,0,_,0,0,0,B00T11E____-4350X_0S00,B1630
92303072,1,1,0,0,00,B,8,_,9,_,0,0,_,_,0,_,_,_,B00T11E8090-____X0_S00,B1887
92101142,1,1,0,0,00,B,8,4,8,0,8,0,0,0,0,0,0,0,B00T11E8880-4000X00S00,B1018
92102870,_,1,0,0,00,B,9,5,0,4,8,0,3,4,0,0,0,0,B00T_1E9800-5344X00S00,B1264
92101126,1,1,0,0,00,B,_,0,_,0,_,_,0,0,_,0,0,0,B00T11E____-0000X_0S00,B1018
92306053,_,1,0,0,00,B,_,4,_,0,_,_,4,0,_,0,0,0,B00T_1E____-4400X_0S00,B2064
92300484,1,1,0,0,00,B,0,_,0,_,0,0,_,_,0,_,_,_,B00T11E0000-____X0_S00,B1697
92128683,1,1,0,0,00,B,_,4,_,5,_,_,0,0,_,0,0,0,B00T11E____-4050X_0S00,T383
92101067,1,1,0,0,00,B,8,3,8,3,0,0,0,0,0,0,0,0,B00T11E8080-3030X00S00,B1012
92298011,1,_,0,0,00,B,8,_,0,_,0,0,_,_,0,_,_,_,B00T1_E8000-____X0_S00,B1547
92303455,_,_,0,_,00,B,0,0,0,0,0,0,0,0,0,_,_,_,B00T__E0000-0000X0_S0_,B1911
92128381,_,_,_,_,00,B,9,0,9,0,9,0,0,0,0,_,_,_,B00T__E9990-0000X0_S__,T336
92103283,_,1,0,0,00,B,7,0,0,0,7,7,0,0,_,0,0,0,B00T_1E7707-0000X_0S00,B1331
92296656,1,1,0,0,00,B,7,3,7,5,7,7,0,0,_,0,0,0,B00T11E7777-3050X_0S00,B1476
92127934,1,1,0,0,00,B,0,4,0,5,0,0,4,0,0,0,0,0,B00T11E0000-4450X00S00,T205
92127168,_,1,0,0,00,B,0,0,0,0,0,0,0,0,_,0,0,0,B00T_1E0000-0000X_0S00,T1115
92128188,1,1,0,0,00,B,0,0,0,0,0,0,0,0,0,0,0,0,B00T11E0000-0000X00S00,T280
92102482,1,0,0,0,00,B,9,3,8,0,9,7,0,0,0,0,0,0,B00T10E9987-3000X00S00,B1208
92102804,1,1,0,0,00,B,7,_,8,_,8,0,_,_,0,_,_,_,B00T11E7880-____X0_S00,B1261
92300363,1,_,0,0,00,B,_,4,_,0,_,_,0,0,_,_,_,_,B00T1_E____-4000X__S00,B1689
92127732,1,1,0,0,00,B,9,0,0,0,8,0,0,0,0,_,_,_,B00T11E9800-0000X0_S00,T1282
92101070,1,1,0,0,00,B,8,3,0,5,0,0,0,0,0,0,0,0,B00T11E8000-3050X00S00,B1012
92295766,1,1,0,0,00,B,0,0,0,0,8,0,0,0,0,_,_,_,B00T11E0800-0000X0_S00,B1420
92101761,1,1,0,0,20,B,0,_,0,_,0,0,_,_,0,_,_,_,B20T11E0000-____X0_S00,B1110
92128765,1,1,0,0,00,B,8,_,8,_,0,0,_,_,0,_,_,_,B00T11E8080-____X0_S00,T397
92299794,_,1,0,0,00,B,7,4,8,0,0,0,0,0,0,0,0,0,B00T_1E7080-4000X00S00,B1653
92129029,1,1,0,0,00,B,7,_,7,_,0,0,_,_,0,_,_,_,B00T11E7070-____X0_S00,T433
92296386,1,1,0,0,00,B,9,_,8,_,0,0,_,_,0,_,_,_,B00T11E9080-____X0_S00,B1460
92103119,1,1,0,0,00,B,7,_,0,_,0,0,_,_,0,_,_,_,B00T11E7000-____X0_S00,B1308
92101679,_,_,0,0,00,B,8,4,0,0,0,0,0,0,0,_,_,_,B00T__E8000-4000X0_S00,B1098
92101657,1,1,0,0,00,B,9,0,8,0,0,0,0,0,0,0,0,0,B00T11E9080-0000X00S00,B1096
92128712,1,1,0,0,00,B,0,0,0,0,0,0,0,0,0,0,0,0,B00T11E0000-0000X00S00,T386
92128846,1,1,0,0,00,B,_,3,_,5,_,_,0,0,_,0,0,0,B00T11E____-3050X_0S00,T410
92127682,1,1,0,0,00,C,8,_,7,_,0,0,_,_,0,_,_,_,C00T11E8070-____X0_S00,T1268
92304208,1,1,0,0,20,B,7,0,0,0,0,0,0,0,0,0,0,0,B20T11E7000-0000X00S00,B1958
92101482,1,1,0,0,00,B,7,_,7,_,0,0,_,_,0,_,_,_,B00T11E7070-____X0_S00,B1069
92128910,1,1,0,0,00,B,_,0,_,0,_,_,0,0,_,0,0,0,B00T11E____-0000X_0S00,T420
92303334,1,1,0,0,20,B,_,0,_,0,_,_,0,0,_,0,0,0,B20T11E____-0000X_0S00,B1907
92103342,1,1,_,0,00,B,0,4,0,4,0,0,0,0,_,0,0,0,B00T11E0000-4040X_0S_0,B1344
92128212,1,1,0,0,00,C,8,4,0,5,0,0,0,0,0,_,_,_,C00T11E8000-4050X0_S00,T289
92126829,1,1,0,0,20,B,0,3,0,0,0,0,0,0,0,0,0,0,B20T11E0000-3000X00S00,T1006
92101943,_,1,_,0,00,B,9,_,9,_,0,0,_,_,0,_,_,_,B00T_1E9090-____X0_S_0,B1133
92103576,1,1,0,0,00,B,9,0,8,0,0,0,0,0,0,0,0,0,B00T11E9080-0000X00S00,B1387
92295810,1,1,0,0,00,B,0,4,0,0,0,0,3,5,0,0,0,0,B00T11E0000-4305X00S00,B1423
92102288,1,_,0,0,00,B,0,_,0,_,0,0,_,_,0,_,_,_,B00T1_E0000-____X0_S00,B1179
92305118,1,1,0,0,00,C,9,_,0,_,0,0,_,_,0,_,_,_,C00T11E9000-____X0_S00,B2012
92128204,1,1,0,0,00,B,_,5,_,4,_,_,0,0,_,0,0,0,B00T11E____-5040X_0S00,T286
92300553,1,_,0,0,00,B,8,_,8,_,0,0,_,_,0,_,_,_,B00T1_E8080-____X0_S00,B1701
92103142,_,_,_,0,00,B,_,4,_,0,_,_,0,0,_,0,0,0,B00T__E____-4000X_0S_0,B1310
92101369,1,_,0,0,00,B,0,0,0,0,0,0,0,0,0,0,0,0,B00T1_E0000-0000X00S00,B1047
92101566,_,1,0,0,00,B,_,5,_,5,_,_,0,0,_,0,0,0,B00T_1E____-5050X_0S00,B1079
92304882,1,1,0,0,00,B,_,5,_,4,_,_,0,0,_,0,0,0,B00T11E____-5040X_0S00,B2000
92129078,1,1,0,0,00,B,_,4,_,5,_,_,0,0,_,0,0,0,B00T11E____-4050X_0S00,T436
92128247,1,1,0,0,00,B,_,4,_,5,_,_,0,0,_,0,0,0,B00T11E____-4050X_0S00,T303
92128997,1,1,0,_,00,B,9,0,0,0,0,0,0,0,0,0,0,0,B00T11E9000-0000X00S0_,T430
92128042,_,1,0,0,00,B,_,0,_,0,_,_,0,0,_,0,0,0,B00T_1E____-0000X_0S00,T249
92129842,1,1,0,0,00,B,_,3,_,0,_,_,0,0,_,0,0,0,B00T11E____-3000X_0S00,T553
92127235,1,1,0,0,00,B,8,0,9,0,0,0,3,0,0,0,0,0,B00T11E8090-0300X00S00,T1141
92129680,1,1,0,0,00,B,8,0,7,0,0,0,0,0,0,0,0,0,B00T11E8070-0000X00S00,T522
92296104,_,_,_,0,00,B,8,_,9,_,8,0,_,_,0,_,_,_,B00T__E8890-____X0_S_0,B1445
92296912,_,1,0,0,00,B,_,3,_,0,_,_,0,0,_,0,0,0,B00T_1E____-3000X_0S00,B1490
92296247,1,_,0,_,00,B,9,4,0,4,0,0,0,0,_,0,0,0,B00T1_E9000-4040X_0S0_,B1450
92127915,1,1,0,0,00,B,_,0,_,0,_,_,0,0,_,0,0,0,B00T11E____-0000X_0S00,T188
92102800,1,1,0,0,00,B,_,4,_,0,_,_,0,0,_,0,0,0,B00T11E____-4000X_0S00,B1260
92296452,_,1,0,0,00,B,_,4,_,5,_,_,5,0,_,0,0,0,B00T_1E____-4550X_0S00,B1463
92127879,1,1,0,0,00,B,_,4,_,4,_,_,3,0,_,0,0,0,B00T11E____-4340X_0S00,T1327
92102815,1,1,0,0,00,B,8,4,0,4,8,0,0,0,0,0,0,0,B00T11E8800-4040X00S00,B1261
92128176,1,1,0,0,00,B,7,_,0,_,0,0,_,_,0,_,_,_,B00T11E7000-____X0_S00,T279
92129234,1,1,0,0,_,_,9,4,8,5,0,0,0,0,0,_,_,_,__T11E9080-4050X0_S00,T452
92297023,1,1,0,0,00,B,9,4,8,4,0,0,0,0,_,0,0,0,B00T11E9080-4040X_0S00,B1494
92127197,1,1,0,0,00,B,_,0,_,0,_,_,0,0,_,0,0,0,B00T11E____-0000X_0S00,T1125
92127575,1,_,0,0,00,B,0,_,0,_,0,0,_,_,0,_,_,_,B00T1_E0000-____X0_S00,T1236
92102106,1,1,0,0,00,B,8,_,0,_,0,0,_,_,0,_,_,_,B00T11E8000-____X0_S00,B1153
92101897,_,_,0,0,00,B,_,4,_,0,_,_,0,0,_,0,0,0,B00T__E____-4000X_0S00,B1129
92103341,1,_,0,_,20,_,0,0,0,0,0,0,0,0,0,0,0,0,_20T1_E0000-0000X00S0_,B1344
92101707,1,1,0,0,00,B,8,0,0,0,0,0,0,0,0,0,0,0,B00T11E8000-0000X00S00,B1102
92103482,1,1,0,0,00,B,7,_,0,_,0,0,_,_,_,_,_,_,B00T11E7000-____X__S00,B1370
92129356,1,1,0,0,00,B,0,0,0,0,0,0,3,5,0,0,0,0,B00T11E0000-0305X00S00,T471
92129468,_,1,0,0,00,B,_,5,_,4,_,_,3,0,_,0,0,0,B00T_1E____-5340X_0S00,T488
92302513,1,_,0,0,00,B,8,_,8,_,0,0,_,_,0,_,_,_,B00T1_E8080-____X0_S00,B1848
92300861,1,1,0,0,00,B,8,_,9,_,0,0,_,_,0,_,_,_,B00T11E8090-____X0_S00,B1723
92128899,_,1,0,0,00,B,_,0,_,0,_,_,0,0,_,0,0,0,B00T_1E____-0000X_0S00,T418
92103555,1,1,_,0,00,B,0,4,0,0,0,0,0,0,0,0,0,0,B00T11E0000-4000X00S_0,B1382
92304380,1,1,0,0,00,B,0,_,0,_,0,0,_,_,0,_,_,_,B00T11E0000-____X0_S00,B1969
92127356,1,1,0,0,00,B,9,4,8,0,0,0,5,0,0,_,_,_,B00T11E9080-4500X0_S00,T1179
92101103,1,1,_,0,00,B,8,4,0,3,0,0,4,0,0,0,0,0,B00T11E8000-4430X00S_0,B1016
92103020,1,_,0,0,00,B,9,_,0,_,0,0,_,_,0,_,_,_,B00T1_E9000-____X0_S00,B1292
92297377,1,1,0,0,00,B,0,_,7,_,0,0,_,_,0,_,_,_,B00T11E0070-____X0_S00,B1514
92102595,1,1,0,0,20,C,8,_,9,_,0,0,_,_,0,_,_,_,C20T11E8090-____X0_S00,B1224
92101296,1,1,0,0,00,B,_,5,_,0,_,_,0,0,_,0,0,0,B00T11E____-5000X_0S00,B1038
92302826,1,1,0,0,00,B,0,0,0,0,8,0,0,0,0,0,0,0,B00T11E0800-0000X00S00,B1870
92101440,1,1,_,0,00,B,8,3,8,4,8,9,0,0,0,0,0,0,B00T11E8889-3040X00S_0,B1061
92298141,1,1,0,0,00,B,_,4,_,5,_,_,0,0,_,0,0,0,B00T11E____-4050X_0S00,B1555
92102143,1,1,0,0,00,B,0,_,0,_,0,0,_,_,0,_,_,_,B00T11E0000-____X0_S00,B1154
92129819,_,_,0,0,00,B,0,_,0,_,0,0,_,_,0,_,_,_,B00T__E0000-____X0_S00,T549
92297275,1,1,0,0,00,B,9,5,9,3,9,7,0,0,_,0,0,0,B00T11E9997-5030X_0S00,B1505
92304742,1,1,0,0,00,B,9,_,8,_,0,0,_,_,0,_,_,_,B00T11E9080-____X0_S00,B1990
92302063,_,1,0,0,00,B,_,4,_,0,_,_,0,0,_,0,0,0,B00T_1E____-4000X_0S00,B1807
92128452,_,_,_,_,00,B,,,,,,,,,,,,,B00T__Enannannannan-nannannannanXnannanS__,T354
92296014,1,1,0,0,00,B,_,3,_,0,_,_,0,0,_,0,0,0,B00T11E____-3000X_0S00,B1441
92129878,1,1,0,0,00,B,9,0,0,0,0,0,0,0,_,_,_,_,B00T11E9000-0000X__S00,T558
92129204,0,_,0,0,00,B,8,_,8,_,0,0,_,_,0,_,_,_,B00T0_E8080-____X0_S00,T449
92102261,1,_,0,0,00,C,0,0,0,0,0,0,0,0,0,0,0,0,C00T1_E0000-0000X00S00,B1174
92102668,_,_,0,0,00,B,_,5,_,3,_,_,0,0,_,0,0,0,B00T__E____-5030X_0S00,B1240
92101692,1,1,0,0,00,B,_,4,_,5,_,_,4,0,_,0,0,0,B00T11E____-4450X_0S00,B1100
92302936,1,1,0,0,00,B,_,3,_,0,_,_,3,0,_,0,0,0,B00T11E____-3300X_0S00,B1879
92103426,1,1,0,0,00,B,8,_,0,_,0,0,_,_,0,_,_,_,B00T11E8000-____X0_S00,B1360
92300048,1,1,0,0,00,B,0,_,0,_,0,0,_,_,0,_,_,_,B00T11E0000-____X0_S00,B1671
92126887,1,1,0,0,00,B,0,_,0,_,8,0,_,_,0,_,_,_,B00T11E0800-____X0_S00,T1023
92103519,1,1,0,0,00,B,8,_,0,_,0,0,_,_,0,_,_,_,B00T11E8000-____X0_S00,B1374
92298526,1,1,0,0,00,B,7,_,0,_,0,0,_,_,0,_,_,_,B00T11E7000-____X0_S00,B1574
92301504,1,1,0,0,00,B,0,_,0,_,0,0,_,_,0,_,_,_,B00T11E0000-____X0_S00,B1779
92299381,1,1,0,0,20,_,0,4,0,0,0,0,0,0,0,0,0,0,_20T11E0000-4000X00S00,B1621
92128495,1,_,0,0,00,B,9,_,0,_,0,0,_,_,0,_,_,_,B00T1_E9000-____X0_S00,T356
92300856,1,1,0,0,20,C,8,0,0,0,0,0,0,0,0,_,_,_,C20T11E8000-0000X0_S00,B1723
92299854,1,_,0,0,00,B,0,3,0,0,0,0,0,0,0,_,_,_,B00T1_E0000-3000X0_S00,B1656
92102418,1,1,0,0,20,B,_,0,_,0,_,_,0,0,_,0,0,0,B20T11E____-0000X_0S00,B1200
92102611,1,1,0,0,00,B,_,3,_,0,_,_,3,0,_,0,0,0,B00T11E____-3300X_0S00,B1227
92301869,1,1,0,0,00,B,_,4,_,4,_,_,0,0,_,0,0,0,B00T11E____-4040X_0S00,B1793
92100933,_,_,_,0,00,B,8,4,7,4,8,7,3,0,_,0,0,0,B00T__E8877-4340X_0S_0,B1002
92101427,1,1,_,0,00,B,9,_,8,_,0,0,_,_,0,_,_,_,B00T11E9080-____X0_S_0,B1060
92295978,_,1,0,0,20,B,_,4,_,0,_,_,5,0,_,0,0,0,B20T_1E____-4500X_0S00,B1435
92102730,_,1,0,0,00,B,0,4,0,4,0,0,0,0,_,0,0,0,B00T_1E0000-4040X_0S00,B1252
92102899,1,1,0,0,00,B,0,0,0,0,0,0,0,0,_,0,0,0,B00T11E0000-0000X_0S00,B1269
92301362,1,1,0,0,00,B,0,_,0,_,0,0,_,_,0,_,_,_,B00T11E0000-____X0_S00,B1765
92102433,_,1,0,0,00,B,8,0,0,0,0,0,0,0,0,0,0,0,B00T_1E8000-0000X00S00,B1200
92296339,_,_,_,_,00,B,_,3,_,4,_,_,0,0,_,0,0,0,B00T__E____-3040X_0S__,B1458
92126863,1,1,0,0,00,B,0,4,0,0,0,0,0,0,_,0,0,0,B00T11E0000-4000X_0S00,T1016
92103039,1,0,0,0,00,B,_,4,_,4,_,_,4,0,_,0,0,0,B00T10E____-4440X_0S00,B1292
92300013,_,_,0,0,00,B,7,0,8,0,7,8,0,0,_,0,0,0,B00T__E7788-0000X_0S00,B1668
92129228,1,1,0,0,00,B,_,0,_,0,_,_,0,0,_,0,0,0,B00T11E____-0000X_0S00,T452
92306216,1,1,0,0,00,B,8,4,0,4,0,0,0,0,0,0,0,0,B00T11E8000-4040X00S00,B2073
92129123,1,1,0,0,00,B,0,3,0,0,0,0,0,0,0,0,0,0,B00T11E0000-3000X00S00,T439
92304444,1,1,0,0,00,B,_,0,_,0,_,_,0,0,_,0,0,0,B00T11E____-0000X_0S00,B1973
92101350,1,1,0,0,00,B,7,_,8,_,0,0,_,_,0,_,_,_,B00T11E7080-____X0_S00,B1043
92102671,_,1,0,_,00,B,0,4,7,5,0,0,3,4,0,_,_,_,B00T_1E0070-4354X0_S0_,B1240
92102569,1,1,0,0,00,B,0,_,0,_,9,0,_,_,0,_,_,_,B00T11E0900-____X0_S00,B1220
92295821,1,1,0,0,00,B,9,0,9,0,9,8,3,0,_,0,0,0,B00T11E9998-0300X_0S00,B1423
92306109,1,1,0,0,00,B,_,0,_,0,_,_,3,4,_,0,0,0,B00T11E____-0304X_0S00,B2067
92299331,1,1,0,0,00,B,0,_,0,_,0,0,_,_,0,_,_,_,B00T11E0000-____X0_S00,B1614
92101884,1,1,0,0,20,B,_,0,_,0,_,_,4,0,_,0,0,0,B20T11E____-0400X_0S00,B1125
92129906,1,1,1,0,00,B,8,0,0,0,0,0,0,0,0,0,0,0,B00T11E8000-0000X00S10,T565
92297638,1,1,0,0,00,B,_,4,_,0,_,_,0,0,_,0,0,0,B00T11E____-4000X_0S00,B1528
92103230,1,1,_,_,00,B,8,0,9,0,0,0,0,0,0,_,_,_,B00T11E8090-0000X0_S__,B1321
92303483,1,1,0,0,00,B,8,_,0,_,9,8,_,_,0,_,_,_,B00T11E8908-____X0_S00,B1912
92296891,1,_,0,0,00,B,8,_,0,_,0,0,_,_,0,_,_,_,B00T1_E8000-____X0_S00,B1490
92298435,1,1,0,0,00,B,9,3,7,0,0,0,0,0,0,0,0,0,B00T11E9070-3000X00S00,B1567
92299221,1,1,0,0,00,B,8,0,0,0,7,0,0,0,0,0,0,0,B00T11E8700-0000X00S00,B1607
92129091,1,1,0,_,00,B,9,0,7,0,0,0,0,0,0,0,0,0,B00T11E9070-0000X00S0_,T437
92102552,1,1,0,0,00,B,0,_,0,_,0,0,_,_,0,_,_,_,B00T11E0000-____X0_S00,B1219
92127988,_,1,_,_,00,C,_,3,_,0,_,_,0,0,_,0,0,0,C00T_1E____-3000X_0S__,T215
92128296,0,1,0,_,00,B,_,4,_,4,_,_,3,0,_,0,0,0,B00T01E____-4340X_0S0_,T318
92127311,_,_,0,0,00,B,0,0,0,0,0,0,0,0,_,0,0,0,B00T__E0000-0000X_0S00,T1164
92303401,1,0,0,0,00,B,_,0,_,0,_,_,0,0,_,0,0,0,B00T10E____-0000X_0S00,B1911
92129316,1,1,0,0,00,B,0,0,0,0,0,0,0,0,0,0,0,0,B00T11E0000-0000X00S00,T466
92102314,1,1,_,0,00,B,8,3,8,0,8,9,0,0,_,0,0,0,B00T11E8889-3000X_0S_0,B1182
92301129,1,1,0,0,00,B,8,4,7,0,8,0,4,0,0,0,0,0,B00T11E8870-4400X00S00,B1747
92127886,1,1,0,0,00,B,7,_,9,_,9,0,_,_,0,_,_,_,B00T11E7990-____X0_S00,T1327
92103128,1,_,0,0,00,B,7,_,8,_,0,0,_,_,0,_,_,_,B00T1_E7080-____X0_S00,B1309
92100913,1,1,_,0,00,B,9,4,0,4,0,0,4,0,0,0,0,0,B00T11E9000-4440X00S_0,B1002
92298276,1,0,0,0,00,B,8,3,0,4,8,7,0,0,_,0,0,0,B00T10E8807-3040X_0S00,B1558
92303138,_,_,0,0,00,B,0,0,0,0,0,0,0,0,0,_,_,_,B00T__E0000-0000X0_S00,B1891
92298835,1,1,0,0,00,B,9,0,8,0,0,0,0,0,0,0,0,0,B00T11E9080-0000X00S00,B1589
92101480,1,1,0,_,00,B,_,5,_,4,_,_,4,3,_,0,0,0,B00T11E____-5443X_0S0_,B1068
92302693,1,1,0,0,00,B,0,0,0,0,0,0,0,0,0,0,0,0,B00T11E0000-0000X00S00,B1860
92102440,_,1,_,0,00,B,_,5,_,4,_,_,0,0,_,0,0,0,B00T_1E____-5040X_0S_0,B1202
92102417,_,_,0,0,00,B,8,_,0,_,0,0,_,_,0,_,_,_,B00T__E8000-____X0_S00,B1200
92100850,1,1,_,_,00,B,9,4,8,3,0,0,0,0,0,0,0,0,B00T11E9080-4030X00S__,B1000
92127807,1,1,0,0,00,B,9,0,8,0,0,0,0,0,0,_,_,_,B00T11E9080-0000X0_S00,T1305
92298357,1,1,0,0,00,B,0,5,0,4,0,0,0,0,0,0,0,0,B00T11E0000-5040X00S00,B1562
92297858,1,1,0,0,00,B,8,5,0,4,0,0,0,0,0,0,0,0,B00T11E8000-5040X00S00,B1535
92100920,1,1,0,0,00,B,0,_,0,_,8,0,_,_,0,_,_,_,B00T11E0800-____X0_S00,B1002
92129240,_,_,0,0,00,B,_,4,_,0,_,_,0,0,_,0,0,0,B00T__E____-4000X_0S00,T453
92101456,1,1,0,0,00,B,8,_,0,_,0,0,_,_,0,_,_,_,B00T11E8000-____X0_S00,B1063
92304031,0,1,0,_,00,B,0,_,0,_,0,0,_,_,0,_,_,_,B00T01E0000-____X0_S0_,B1947
92129202,1,1,0,0,00,B,9,0,0,0,0,0,0,0,0,_,_,_,B00T11E9000-0000X0_S00,T449
92302835,1,1,0,0,00,B,_,3,_,3,_,_,0,0,_,0,0,0,B00T11E____-3030X_0S00,B1871
92127401,_,1,0,0,00,B,_,4,_,4,_,_,0,0,_,0,0,0,B00T_1E____-4040X_0S00,T1187
92128305,1,1,0,0,00,B,0,0,0,0,0,0,0,0,0,0,0,0,B00T11E0000-0000X00S00,T321
92302427,1,1,0,0,00,B,0,4,0,4,0,0,5,0,0,0,0,0,B00T11E0000-4540X00S00,B1841
92303389,1,1,0,0,00,B,0,4,0,4,0,0,0,0,_,0,0,0,B00T11E0000-4040X_0S00,B1910
92297272,1,1,0,0,00,B,_,0,_,0,_,_,0,0,_,0,0,0,B00T11E____-0000X_0S00,B1505
92295647,1,1,0,0,00,B,0,_,0,_,0,0,_,_,0,_,_,_,B00T11E0000-____X0_S00,B1409
92303021,1,_,0,1,00,B,9,_,0,_,0,0,_,_,0,_,_,_,B00T1_E9000-____X0_S01,B1885
92127849,1,1,0,0,00,B,9,4,0,0,0,0,0,0,0,0,0,0,B00T11E9000-4000X00S00,T1317
92127308,1,1,0,0,00,B,9,4,0,0,0,0,0,0,0,_,_,_,B00T11E9000-4000X0_S00,T1163
92127228,_,1,0,0,00,C,_,4,_,5,_,_,0,0,_,0,0,0,C00T_1E____-4050X_0S00,T1138
92127001,1,1,0,0,00,B,8,0,0,0,0,0,0,0,_,0,0,0,B00T11E8000-0000X_0S00,T1055
92102039,1,1,0,0,00,B,0,4,0,0,0,0,0,0,0,0,0,0,B00T11E0000-4000X00S00,B1143
92128742,1,1,0,0,00,B,_,3,_,0,_,_,0,0,_,0,0,0,B00T11E____-3000X_0S00,T393
92103222,1,1,0,0,00,B,_,0,_,0,_,_,0,0,_,0,0,0,B00T11E____-0000X_0S00,B1321
92301691,1,1,0,0,00,B,9,0,0,0,0,0,0,0,0,_,_,_,B00T11E9000-0000X0_S00,B1787
92128591,_,_,0,0,00,B,9,0,0,0,0,0,0,0,0,0,0,0,B00T__E9000-0000X00S00,T370
92129112,_,1,0,_,00,B,_,3,_,0,_,_,3,0,_,0,0,0,B00T_1E____-3300X_0S0_,T439
92127602,1,1,0,_,20,B,_,0,_,0,_,_,0,0,_,0,0,0,B20T11E____-0000X_0S0_,T1243
92128583,1,1,0,0,00,B,0,5,0,4,0,0,3,4,0,_,_,_,B00T11E0000-5344X0_S00,T368
92129524,1,_,0,0,00,B,8,_,8,_,8,8,_,_,0,_,_,_,B00T1_E8888-____X0_S00,T496
92302034,1,1,0,0,00,B,9,_,0,_,0,0,_,_,0,_,_,_,B00T11E9000-____X0_S00,B1805
92297937,1,1,0,0,00,B,0,0,0,0,0,0,0,0,0,0,0,0,B00T11E0000-0000X00S00,B1542
92300468,0,1,0,0,00,B,9,3,8,4,0,0,0,0,0,0,0,0,B00T01E9080-3040X00S00,B1695
92128013,1,_,0,0,00,B,9,_,8,_,0,0,_,_,0,_,_,_,B00T1_E9080-____X0_S00,T220
92101007,1,1,0,0,00,B,9,_,0,_,0,0,_,_,0,_,_,_,B00T11E9000-____X0_S00,B1008
92102699,1,1,0,0,20,_,0,_,0,_,0,0,_,_,0,_,_,_,_20T11E0000-____X0_S00,B1247
92297641,_,1,0,0,00,B,_,4,_,0,_,_,0,0,_,0,0,0,B00T_1E____-4000X_0S00,B1528
92298121,_,1,0,0,00,B,_,0,_,0,_,_,0,4,_,0,0,0,B00T_1E____-0004X_0S00,B1554
92302313,1,1,0,0,00,B,0,_,0,_,0,0,_,_,0,_,_,_,B00T11E0000-____X0_S00,B1828
92103373,1,1,0,0,00,B,0,0,0,0,0,0,0,0,0,0,0,0,B00T11E0000-0000X00S00,B1350
92128090,1,1,0,0,00,B,_,0,_,0,_,_,0,0,_,0,0,0,B00T11E____-0000X_0S00,T257
92301052,1,1,1,0,00,B,9,_,8,_,0,0,_,_,0,_,_,_,B00T11E9080-____X0_S10,B1740
92127529,_,1,0,0,00,B,8,4,0,0,0,0,4,0,0,_,_,_,B00T_1E8000-4400X0_S00,T1223
92103002,1,1,_,0,00,B,_,0,_,0,_,_,0,0,_,0,0,0,B00T11E____-0000X_0S_0,B1291
92102317,1,1,0,0,00,B,8,0,9,0,0,0,0,0,0,0,0,0,B00T11E8090-0000X00S00,B1182
92297957,1,1,0,_,00,B,0,_,0,_,0,0,_,_,0,_,_,_,B00T11E0000-____X0_S0_,B1543
92129640,_,_,0,0,00,B,9,0,0,4,0,0,0,0,0,0,0,0,B00T__E9000-0040X00S00,T520
92301353,1,1,0,0,00,B,8,3,0,0,0,0,4,0,0,0,0,0,B00T11E8000-3400X00S00,B1764
92299376,1,1,0,0,00,B,8,0,7,0,0,0,0,0,0,0,0,0,B00T11E8070-0000X00S00,B1618
92127687,1,_,0,0,00,B,9,_,0,_,0,0,_,_,0,_,_,_,B00T1_E9000-____X0_S00,T1270
92129581,1,0,0,0,00,B,7,_,7,_,0,0,_,_,0,_,_,_,B00T10E7070-____X0_S00,T509
92103545,1,1,0,0,00,B,8,4,8,4,0,0,0,0,_,0,0,0,B00T11E8080-4040X_0S00,B1381
92128730,1,1,0,0,00,B,0,0,0,0,0,0,0,0,_,0,0,0,B00T11E0000-0000X_0S00,T388
92103170,1,1,0,0,00,B,0,0,0,0,0,0,0,0,0,_,_,_,B00T11E0000-0000X0_S00,B1312
92300409,1,1,0,0,00,B,_,0,_,0,_,_,0,0,_,0,0,0,B00T11E____-0000X_0S00,B1692
92301085,1,1,0,0,00,B,9,_,0,_,0,0,_,_,0,_,_,_,B00T11E9000-____X0_S00,B1743
92128102,1,1,0,0,00,C,_,3,_,0,_,_,0,0,_,0,0,0,C00T11E____-3000X_0S00,T258
92103383,1,1,0,0,00,B,9,_,9,_,0,0,_,_,0,_,_,_,B00T11E9090-____X0_S00,B1351
92128781,1,1,0,0,00,B,0,0,0,0,0,0,0,0,0,0,0,0,B00T11E0000-0000X00S00,T400
92102227,1,1,0,0,00,B,_,0,_,0,_,_,0,0,_,0,0,0,B00T11E____-0000X_0S00,B1165
92303678,1,1,0,_,00,B,8,_,8,_,0,0,_,_,0,_,_,_,B00T11E8080-____X0_S0_,B1929
92128818,1,1,0,0,00,B,_,4,_,4,_,_,0,0,_,0,0,0,B00T11E____-4040X_0S00,T405
92129442,_,1,0,0,_,_,_,0,_,0,_,_,0,0,_,0,0,0,__T_1E____-0000X_0S00,T484
92305003,1,_,0,0,00,B,0,3,0,3,0,0,3,0,0,0,0,0,B00T1_E0000-3330X00S00,B2007
92102617,1,1,0,0,00,B,_,0,_,0,_,_,0,0,_,0,0,0,B00T11E____-0000X_0S00,B1228
92102361,1,_,0,1,00,B,8,_,0,_,0,0,_,_,0,_,_,_,B00T1_E8000-____X0_S01,B1190
92102725,1,1,0,0,00,B,9,4,8,3,0,0,0,0,0,0,0,0,B00T11E9080-4030X00S00,B1251
92102400,1,1,0,0,00,B,0,3,0,4,8,0,0,0,0,0,0,0,B00T11E0800-3040X00S00,B1197
92300070,_,_,0,0,00,B,_,0,_,0,_,_,0,0,_,0,0,0,B00T__E____-0000X_0S00,B1673
92127266,1,1,0,0,00,B,_,4,_,4,_,_,0,0,_,0,0,0,B00T11E____-4040X_0S00,T1150
92100955,1,1,0,0,00,B,_,0,_,0,_,_,0,0,_,0,0,0,B00T11E____-0000X_0S00,B1004
92102931,1,1,0,0,00,B,_,4,_,4,_,_,0,0,_,0,0,0,B00T11E____-4040X_0S00,B1273
92304776,1,_,0,0,00,B,0,_,0,_,0,0,_,_,0,_,_,_,B00T1_E0000-____X0_S00,B1992
92101974,1,1,0,0,00,B,0,3,0,3,0,0,0,0,_,0,0,0,B00T11E0000-3030X_0S00,B1136
92295467,1,1,_,_,00,B,9,4,0,4,9,0,4,0,0,_,_,_,B00T11E9900-4440X0_S__,B1401
92102263,1,1,0,0,00,B,7,4,8,0,0,0,0,0,0,0,0,0,B00T11E7080-4000X00S00,B1175
92295506,_,1,0,0,00,B,8,4,0,0,0,0,3,0,_,0,0,0,B00T_1E8000-4300X_0S00,B1402
92101559,_,_,_,_,00,B,,,,,,,,,,,,,B00T__Enannannannan-nannannannanXnannanS__,B1077
92128170,1,1,0,0,00,B,9,0,7,0,0,0,0,0,0,_,_,_,B00T11E9070-0000X0_S00,T278
92297171,1,1,0,0,00,B,8,5,8,4,9,7,0,0,_,0,0,0,B00T11E8987-5040X_0S00,B1499
92300768,1,1,0,0,00,B,0,_,0,_,0,0,_,_,0,_,_,_,B00T11E0000-____X0_S00,B1716
92128871,_,_,0,_,00,B,8,_,0,_,0,0,_,_,0,_,_,_,B00T__E8000-____X0_S0_,T415
92128565,1,1,0,0,00,B,0,_,0,_,0,0,_,_,0,_,_,_,B00T11E0000-____X0_S00,T365
92127761,1,1,0,0,00,B,_,0,_,0,_,_,3,0,_,0,0,0,B00T11E____-0300X_0S00,T1289
92102004,_,1,0,0,00,B,_,0,_,0,_,_,0,0,_,0,0,0,B00T_1E____-0000X_0S00,B1141
92129627,_,1,0,0,00,B,_,0,_,0,_,_,0,0,_,0,0,0,B00T_1E____-0000X_0S00,T517
92303328,1,1,0,0,00,B,9,_,0,_,0,0,_,_,0,_,_,_,B00T11E9000-____X0_S00,B1906
92300732,1,1,0,0,00,B,0,_,0,_,0,0,_,_,0,_,_,_,B00T11E0000-____X0_S00,B1713
92128672,1,1,0,0,00,B,7,5,0,0,0,0,0,0,0,0,0,0,B00T11E7000-5000X00S00,T381
92102144,1,_,0,0,00,B,_,3,_,0,_,_,3,0,_,0,0,0,B00T1_E____-3300X_0S00,B1154
92297570,1,_,0,0,00,B,9,_,0,_,0,0,_,_,0,_,_,_,B00T1_E9000-____X0_S00,B1523
92128407,1,1,0,0,00,B,0,_,0,_,0,0,_,_,0,_,_,_,B00T11E0000-____X0_S00,T342
92102630,1,1,0,0,00,B,9,0,0,0,0,0,0,0,0,_,_,_,B00T11E9000-0000X0_S00,B1231
92101199,1,1,_,_,00,B,0,3,0,0,0,0,0,0,_,0,0,0,B00T11E0000-3000X_0S__,B1028
92129839,1,_,0,0,00,B,9,_,7,_,0,0,_,_,0,_,_,_,B00T1_E9070-____X0_S00,T553
92303367,1,1,0,0,00,B,0,5,0,0,0,0,0,0,0,_,_,_,B00T11E0000-5000X0_S00,B1909
92128762,1,1,0,0,00,B,8,0,0,0,0,0,0,0,0,0,0,0,B00T11E8000-0000X00S00,T397
92304199,1,1,0,0,00,B,8,0,0,0,0,0,0,0,0,_,_,_,B00T11E8000-0000X0_S00,B1958
92305694,1,1,0,_,00,B,9,_,8,_,0,0,_,_,0,_,_,_,B00T11E9080-____X0_S0_,B2043
92298964,1,_,0,0,00,B,8,4,9,0,0,0,0,0,0,0,0,0,B00T1_E8090-4000X00S00,B1593
92103140,_,1,0,0,00,B,8,0,7,0,7,7,0,0,_,0,0,0,B00T_1E8777-0000X_0S00,B1309
92298980,1,1,0,0,00,B,_,4,_,0,_,_,0,0,_,0,0,0,B00T11E____-4000X_0S00,B1594
92101049,_,_,0,0,00,B,0,_,0,_,0,0,_,_,0,_,_,_,B00T__E0000-____X0_S00,B1011
92128485,1,1,0,0,00,B,_,3,_,4,_,_,0,0,_,0,0,0,B00T11E____-3040X_0S00,T355
92102437,1,1,0,0,20,_,0,_,0,_,0,0,_,_,0,_,_,_,_20T11E0000-____X0_S00,B1201
92129989,1,1,0,0,00,B,_,4,_,4,_,_,0,0,_,0,0,0,B00T11E____-4040X_0S00,T584
92296560,1,1,0,0,00,B,9,0,8,0,0,0,0,0,0,_,_,_,B00T11E9080-0000X0_S00,B1471
92102722,1,1,1,0,00,B,9,4,8,3,0,0,0,0,0,0,0,0,B00T11E9080-4030X00S10,B1251
92102010,_,1,_,_,00,B,8,3,0,0,8,0,0,0,_,0,0,0,B00T_1E8800-3000X_0S__,B1142
92298166,1,1,_,0,00,B,7,3,9,4,8,0,0,0,_,0,0,0,B00T11E7890-3040X_0S_0,B1556
92127454,1,_,0,0,20,C,_,4,_,4,_,_,4,5,_,0,0,0,C20T1_E____-4445X_0S00,T1207
92129679,1,1,0,0,00,B,8,0,0,0,0,0,0,0,0,0,0,0,B00T11E8000-0000X00S00,T522
92128317,1,1,0,0,00,B,_,0,_,0,_,_,0,0,_,0,0,0,B00T11E____-0000X_0S00,T323
92304093,1,1,0,0,00,B,9,_,7,_,0,0,_,_,0,_,_,_,B00T11E9070-____X0_S00,B1951
92128260,1,1,0,0,00,C,_,0,_,0,_,_,0,0,_,0,0,0,C00T11E____-0000X_0S00,T308
92305443,1,1,0,0,00,B,0,0,0,0,0,0,0,0,0,0,0,0,B00T11E0000-0000X00S00,B2031
92300173,1,1,0,0,00,B,_,4,_,0,_,_,0,0,_,0,0,0,B00T11E____-4000X_0S00,B1681
92296840,1,1,0,0,20,B,8,0,8,0,9,0,0,0,0,0,0,0,B20T11E8980-0000X00S00,B1487
92127869,1,1,0,_,00,B,9,_,8,_,0,0,_,_,0,_,_,_,B00T11E9080-____X0_S0_,T1323
92127648,1,1,_,_,20,_,0,_,0,_,0,0,_,_,0,_,_,_,_20T11E0000-____X0_S__,T1257
92299997,1,1,0,0,00,B,_,3,_,0,_,_,0,0,_,0,0,0,B00T11E____-3000X_0S00,B1666
92297771,1,0,0,0,00,B,0,0,0,0,0,0,0,0,_,_,_,_,B00T10E0000-0000X__S00,B1534
92305580,1,1,0,0,00,B,7,3,8,0,9,7,3,0,_,0,0,0,B00T11E7987-3300X_0S00,B2037
92128687,1,1,0,0,00,B,_,0,_,0,_,_,0,0,_,0,0,0,B00T11E____-0000X_0S00,T384
92127362,1,1,0,0,00,B,_,4,_,0,_,_,0,0,_,0,0,0,B00T11E____-4000X_0S00,T1180
92101018,_,1,0,0,00,B,_,4,_,4,_,_,0,0,_,0,0,0,B00T_1E____-4040X_0S00,B1008
92127026,1,1,0,0,00,B,_,0,_,0,_,_,0,0,_,0,0,0,B00T11E____-0000X_0S00,T1064
92301119,_,1,0,0,00,C,_,3,_,3,_,_,0,0,_,0,0,0,C00T_1E____-3030X_0S00,B1746
92304400,0,1,0,0,00,B,9,_,0,_,0,0,_,_,0,_,_,_,B00T01E9000-____X0_S00,B1970
92101998,_,1,0,0,00,C,9,3,9,3,0,0,0,0,0,_,_,_,C00T_1E9090-3030X0_S00,B1139
92129370,_,1,0,0,20,B,9,3,8,0,0,0,0,0,0,_,_,_,B20T_1E9080-3000X0_S00,T473
92103500,1,1,0,0,00,B,9,4,8,0,0,0,0,0,0,0,0,0,B00T11E9080-4000X00S00,B1374
92101934,1,1,0,0,00,C,0,4,0,0,0,0,0,0,_,0,0,0,C00T11E0000-4000X_0S00,B1131
92127552,1,1,0,0,20,B,_,4,_,0,_,_,4,3,_,0,0,0,B20T11E____-4403X_0S00,T1229
92128724,1,1,0,0,00,B,9,0,0,0,0,0,4,0,_,0,0,0,B00T11E9000-0400X_0S00,T387
92101743,1,1,0,0,00,B,9,_,0,_,8,9,_,_,0,_,_,_,B00T11E9809-____X0_S00,B1106
92299465,1,1,0,0,00,B,_,0,_,0,_,_,0,0,_,0,0,0,B00T11E____-0000X_0S00,B1626
92129479,1,1,0,0,00,B,7,3,0,0,7,0,0,0,0,0,0,0,B00T11E7700-3000X00S00,T490
92101238,_,1,0,0,00,B,0,0,0,0,0,0,0,0,0,0,0,0,B00T_1E0000-0000X00S00,B1032
92298079,1,1,0,0,00,B,8,0,9,0,0,0,0,0,0,_,_,_,B00T11E8090-0000X0_S00,B1552
92128861,1,1,0,0,20,B,0,_,0,_,0,0,_,_,0,_,_,_,B20T11E0000-____X0_S00,T413
92101871,1,1,0,0,00,B,8,_,9,_,0,0,_,_,0,_,_,_,B00T11E8090-____X0_S00,B1124
92126813,1,1,0,0,00,B,8,0,8,0,0,0,0,0,0,0,0,0,B00T11E8080-0000X00S00,T1000
92101488,1,1,0,0,00,B,8,_,7,_,0,0,_,_,0,_,_,_,B00T11E8070-____X0_S00,B1069
92295902,1,1,0,0,00,B,0,0,0,0,0,0,0,0,0,0,0,0,B00T11E0000-0000X00S00,B1430
92102467,1,1,0,0,00,B,9,4,0,3,0,0,5,0,0,0,0,0,B00T11E9000-4530X00S00,B1207
92296618,1,1,0,0,00,B,9,4,0,3,0,0,5,4,0,_,_,_,B00T11E9000-4534X0_S00,B1476
92296274,1,1,0,0,00,B,9,4,0,0,0,0,0,0,0,0,0,0,B00T11E9000-4000X00S00,B1453
92101085,1,1,0,0,00,B,0,0,0,0,0,0,0,0,0,_,_,_,B00T11E0000-0000X0_S00,B1012
92301374,1,1,0,0,00,B,8,_,8,_,0,0,_,_,0,_,_,_,B00T11E8080-____X0_S00,B1766
92129349,1,_,0,0,00,B,9,0,0,0,0,0,0,0,0,0,0,0,B00T1_E9000-0000X00S00,T470
92303369,_,1,0,0,00,B,_,0,_,0,_,_,0,0,_,0,0,0,B00T_1E____-0000X_0S00,B1909
92127442,1,_,0,0,00,B,_,5,_,0,_,_,0,0,_,0,0,0,B00T1_E____-5000X_0S00,T1207
92101148,_,1,0,0,00,B,0,0,0,0,0,0,0,0,_,0,0,0,B00T_1E0000-0000X_0S00,B1019
92301283,1,1,0,0,00,B,8,_,7,_,0,0,_,_,0,_,_,_,B00T11E8070-____X0_S00,B1758
92128633,1,1,0,0,00,B,9,0,0,0,9,0,5,0,0,0,0,0,B00T11E9900-0500X00S00,T376
92297217,1,1,0,0,00,B,0,0,0,0,0,0,0,0,_,0,0,0,B00T11E0000-0000X_0S00,B1501
92101957,_,_,0,0,00,B,9,_,9,_,0,0,_,_,0,_,_,_,B00T__E9090-____X0_S00,B1136
92298398,1,1,0,0,00,B,_,0,_,0,_,_,0,0,_,0,0,0,B00T11E____-0000X_0S00,B1564
92128414,_,_,_,_,_,_,,,,,,,,,,,,,__T__Enannannannan-nannannannanXnannanS__,T345
92127280,1,1,0,0,00,B,9,4,8,4,0,0,0,0,0,0,0,0,B00T11E9080-4040X00S00,T1154
92296467,1,0,0,0,00,B,9,5,0,0,0,0,0,0,0,_,_,_,B00T10E9000-5000X0_S00,B1464
92103440,1,1,0,0,00,B,8,5,0,4,0,0,0,0,0,0,0,0,B00T11E8000-5040X00S00,B1363
92304003,0,1,0,0,00,B,9,_,8,_,8,0,_,_,0,_,_,_,B00T01E9880-____X0_S00,B1947
92127453,1,_,0,0,00,B,9,3,8,5,7,0,0,0,0,_,_,_,B00T1_E9780-3050X0_S00,T1207
92129295,1,1,0,0,00,B,0,0,0,0,0,0,0,0,_,0,0,0,B00T11E0000-0000X_0S00,T463
92296218,1,1,_,_,00,B,8,4,9,4,7,8,0,0,_,0,0,0,B00T11E8798-4040X_0S__,B1450
92297010,1,_,0,0,00,B,8,_,7,_,0,0,_,_,0,_,_,_,B00T1_E8070-____X0_S00,B1493
92304757,1,1,0,0,00,B,_,0,_,0,_,_,0,0,_,0,0,0,B00T11E____-0000X_0S00,B1991
92128064,1,1,0,0,00,B,0,3,0,4,0,0,0,0,_,0,0,0,B00T11E0000-3040X_0S00,T253
92299255,1,1,0,0,00,B,8,_,0,_,0,0,_,_,0,_,_,_,B00T11E8000-____X0_S00,B1609
92128992,_,_,0,0,00,B,8,0,0,0,0,0,0,0,0,_,_,_,B00T__E8000-0000X0_S00,T429
92102180,_,_,0,0,00,B,9,_,0,_,7,9,_,_,0,_,_,_,B00T__E9709-____X0_S00,B1157
92126985,_,1,0,0,00,B,_,0,_,0,_,_,0,0,_,0,0,0,B00T_1E____-0000X_0S00,T1051
92101144,1,1,0,0,00,B,0,0,0,0,0,0,0,0,_,0,0,0,B00T11E0000-0000X_0S00,B1018
92296837,1,1,0,0,00,B,_,4,_,4,_,_,5,0,_,0,0,0,B00T11E____-4540X_0S00,B1486
92128335,1,1,0,0,00,B,0,0,0,0,0,0,0,0,0,0,0,0,B00T11E0000-0000X00S00,T328
92128586,1,_,0,0,00,B,0,_,0,_,0,0,_,_,0,_,_,_,B00T1_E0000-____X0_S00,T369
92103049,1,1,0,0,20,_,0,0,0,0,0,0,5,0,0,0,0,0,_20T11E0000-0500X00S00,B1293
92101792,1,1,0,0,00,C,9,_,8,_,0,0,_,_,0,_,_,_,C00T11E9080-____X0_S00,B1114
92127484,1,_,0,0,00,B,_,0,_,0,_,_,0,0,_,0,0,0,B00T1_E____-0000X_0S00,T1213
92127353,1,1,0,0,00,B,9,4,0,3,0,0,0,0,0,0,0,0,B00T11E9000-4030X00S00,T1178
92301784,1,1,0,0,00,B,8,4,8,4,8,8,4,0,_,0,0,0,B00T11E8888-4440X_0S00,B1790
92129305,1,1,0,0,00,B,0,_,0,_,0,0,_,_,0,_,_,_,B00T11E0000-____X0_S00,T465
92102103,1,1,0,_,00,B,0,0,0,0,0,0,0,0,0,_,_,_,B00T11E0000-0000X0_S0_,B1152
92129077,1,1,1,0,20,C,7,4,7,5,9,9,4,0,_,0,0,0,C20T11E7979-4450X_0S10,T436
92127487,1,_,0,0,00,B,0,_,0,_,0,0,_,_,0,_,_,_,B00T1_E0000-____X0_S00,T1213
92303103,1,1,0,0,00,C,0,3,0,4,0,0,0,0,0,0,0,0,C00T11E0000-3040X00S00,B1888
92100928,1,1,_,0,00,B,9,_,8,_,0,0,_,_,0,_,_,_,B00T11E9080-____X0_S_0,B1002
92103179,1,_,0,0,00,B,0,_,0,_,0,0,_,_,0,_,_,_,B00T1_E0000-____X0_S00,B1315
92128612,1,_,0,0,00,C,0,_,0,_,0,0,_,_,0,_,_,_,C00T1_E0000-____X0_S00,T374
92303589,1,_,0,0,00,B,0,_,0,_,8,8,_,_,0,_,_,_,B00T1_E0808-____X0_S00,B1923
92127739,1,1,0,0,00,B,0,3,0,0,0,0,0,0,0,0,0,0,B00T11E0000-3000X00S00,T1283
92128100,1,1,0,0,00,B,_,3,_,0,_,_,0,0,_,0,0,0,B00T11E____-3000X_0S00,T258
92127711,_,_,0,0,00,B,0,_,0,_,0,0,_,_,0,_,_,_,B00T__E0000-____X0_S00,T1278
92304717,1,1,0,0,00,B,_,4,_,4,_,_,0,0,_,0,0,0,B00T11E____-4040X_0S00,B1989
92103311,1,_,0,0,00,B,9,_,9,_,0,0,_,_,0,_,_,_,B00T1_E9090-____X0_S00,B1336
92129823,1,1,0,1,00,B,9,0,0,0,7,8,0,0,_,0,0,0,B00T11E9708-0000X_0S01,T550
92101982,1,1,0,0,00,B,7,_,0,_,8,0,_,_,0,_,_,_,B00T11E7800-____X0_S00,B1137
92302451,1,1,0,0,20,_,_,3,_,4,_,_,3,0,_,0,0,0,_20T11E____-3340X_0S00,B1844
92301251,1,1,0,_,00,B,9,3,8,5,8,0,3,0,0,0,0,0,B00T11E9880-3350X00S0_,B1756
92102608,1,1,0,0,00,B,_,4,_,0,_,_,0,0,_,0,0,0,B00T11E____-4000X_0S00,B1227
92102973,1,1,0,0,00,B,_,5,_,0,_,_,0,0,_,0,0,0,B00T11E____-5000X_0S00,B1283
92297122,1,1,0,0,00,B,0,3,0,4,0,0,3,5,0,_,_,_,B00T11E0000-3345X0_S00,B1497
92129162,1,1,0,0,00,B,8,3,9,3,0,0,0,0,0,0,0,0,B00T11E8090-3030X00S00,T443
92305259,1,1,0,0,_,_,0,5,0,5,7,0,5,0,0,_,_,_,__T11E0700-5550X0_S00,B2019
92129653,_,_,0,0,00,B,9,_,0,_,0,0,_,_,0,_,_,_,B00T__E9000-____X0_S00,T520
92300937,_,_,_,_,00,B,8,_,7,_,0,0,_,_,0,_,_,_,B00T__E8070-____X0_S__,B1732
92102848,1,1,0,0,00,B,9,_,7,_,8,8,_,_,0,_,_,_,B00T11E9878-____X0_S00,B1264
92298714,1,_,0,0,00,B,8,4,9,4,0,0,4,0,0,0,0,0,B00T1_E8090-4440X00S00,B1581
92102432,1,1,0,0,00,B,9,_,9,_,0,0,_,_,0,_,_,_,B00T11E9090-____X0_S00,B1200
92102225,_,1,0,0,_,_,0,0,0,0,0,0,0,0,_,0,0,0,__T_1E0000-0000X_0S00,B1164
92129943,1,_,_,0,00,C,8,_,9,_,0,0,_,_,0,_,_,_,C00T1_E8090-____X0_S_0,T574
92127207,_,_,0,0,00,B,_,4,_,4,_,_,0,0,_,0,0,0,B00T__E____-4040X_0S00,T1129
92299363,1,1,0,0,00,B,0,0,0,0,8,9,0,0,0,0,0,0,B00T11E0809-0000X00S00,B1617
92305021,1,_,0,0,00,B,0,3,0,4,0,0,4,4,0,0,0,0,B00T1_E0000-3444X00S00,B2007
92127787,1,1,0,0,00,B,9,_,0,_,7,0,_,_,0,_,_,_,B00T11E9700-____X0_S00,T1300
92101415,0,0,0,0,00,B,_,5,_,4,_,_,0,0,_,0,0,0,B00T00E____-5040X_0S00,B1058
92128679,1,1,0,0,00,B,0,0,0,0,0,0,0,0,_,0,0,0,B00T11E0000-0000X_0S00,T382
92102065,1,1,0,0,00,B,_,3,_,4,_,_,0,0,_,0,0,0,B00T11E____-3040X_0S00,B1146
92296814,1,1,0,0,00,B,9,_,0,_,0,0,_,_,0,_,_,_,B00T11E9000-____X0_S00,B1485
92129392,1,1,_,0,_,_,8,5,0,3,0,0,4,5,0,_,_,_,__T11E8000-5435X0_S_0,T475
92295832,1,1,0,0,00,B,0,4,0,5,0,0,0,0,_,0,0,0,B00T11E0000-4050X_0S00,B1425
92127459,_,1,0,0,00,B,,,,,,,,,,,,,B00T_1Enannannannan-nannannannanXnannanS00,T1208
92128477,1,1,0,0,00,B,,,,,,,,,,,,,B00T11Enannannannan-nannannannanXnannanS00,T355
92103534,1,1,0,0,00,B,_,3,_,5,_,_,0,0,_,0,0,0,B00T11E____-3050X_0S00,B1378
92298783,1,1,0,0,20,B,_,0,_,0,_,_,0,0,_,0,0,0,B20T11E____-0000X_0S00,B1585
92128465,1,1,1,0,00,B,9,3,0,0,0,0,0,0,0,0,0,0,B00T11E9000-3000X00S10,T354
92299927,1,0,0,0,00,B,_,0,_,0,_,_,0,0,_,0,0,0,B00T10E____-0000X_0S00,B1660
92103296,1,1,0,0,00,B,8,_,0,_,0,0,_,_,0,_,_,_,B00T11E8000-____X0_S00,B1332
92128071,_,_,0,0,00,B,0,0,0,0,0,0,0,0,0,0,0,0,B00T__E0000-0000X00S00,T254
92299020,1,1,0,0,20,_,_,0,_,0,_,_,0,0,_,0,0,0,_20T11E____-0000X_0S00,B1595
92295667,1,1,0,0,00,B,_,0,_,0,_,_,0,0,_,0,0,0,B00T11E____-0000X_0S00,B1411
92127914,1,1,0,0,00,B,_,0,_,0,_,_,0,0,_,0,0,0,B00T11E____-0000X_0S00,T188
92302763,1,1,0,0,00,B,_,4,_,0,_,_,0,0,_,0,0,0,B00T11E____-4000X_0S00,B1867
92102493,1,1,0,0,00,B,_,0,_,0,_,_,0,0,_,0,0,0,B00T11E____-0000X_0S00,B1212
92300478,1,1,0,0,20,C,_,0,_,0,_,_,0,0,_,0,0,0,C20T11E____-0000X_0S00,B1696
92102907,1,1,0,0,00,C,7,3,9,5,7,0,4,0,_,0,0,0,C00T11E7790-3450X_0S00,B1270
92300410,1,1,_,0,00,B,_,0,_,0,_,_,0,0,_,0,0,0,B00T11E____-0000X_0S_0,B1692
92300275,1,1,0,0,00,B,_,0,_,0,_,_,0,0,_,0,0,0,B00T11E____-0000X_0S00,B1685
92129939,_,1,0,0,00,B,9,5,7,4,7,0,4,3,0,_,_,_,B00T_1E9770-5443X0_S00,T573
92126889,_,_,_,0,_,_,9,0,0,0,0,0,0,0,0,_,_,_,__T__E9000-0000X0_S_0,T1024
92103089,1,1,1,_,00,B,8,4,0,4,0,0,0,0,0,0,0,0,B00T11E8000-4040X00S1_,B1301
92299608,1,1,_,0,00,B,0,0,0,0,0,0,0,0,_,0,0,0,B00T11E0000-0000X_0S_0,B1638
92128603,1,0,0,0,20,C,_,4,_,0,_,_,0,0,_,0,0,0,C20T10E____-4000X_0S00,T371
92306221,1,1,0,0,00,B,7,3,0,4,0,0,0,0,_,0,0,0,B00T11E7000-3040X_0S00,B2073
92128810,1,1,0,0,00,B,9,_,8,_,0,0,_,_,0,_,_,_,B00T11E9080-____X0_S00,T403
92295747,1,_,0,0,20,_,9,0,0,0,0,0,0,0,0,_,_,_,_20T1_E9000-0000X0_S00,B1418
92297702,1,1,0,0,00,B,8,3,7,0,7,0,0,0,_,0,0,0,B00T11E8770-3000X_0S00,B1532
92101159,1,1,0,0,00,B,8,4,8,4,0,0,0,0,0,0,0,0,B00T11E8080-4040X00S00,B1020
92303205,0,1,0,0,00,B,8,3,0,0,8,7,0,0,_,0,0,0,B00T01E8807-3000X_0S00,B1896
92129649,_,_,0,0,00,B,9,5,0,4,0,0,3,0,0,0,0,0,B00T__E9000-5340X00S00,T520
92128688,1,1,0,0,00,B,_,0,_,0,_,_,0,0,_,0,0,0,B00T11E____-0000X_0S00,T384
92295661,1,1,0,0,20,B,0,0,0,0,0,0,0,0,0,0,0,0,B20T11E0000-0000X00S00,B1409
92297353,1,1,0,0,00,B,_,3,_,5,_,_,4,0,_,0,0,0,B00T11E____-3450X_0S00,B1513
92101774,_,_,0,1,00,B,0,_,0,_,0,0,_,_,0,_,_,_,B00T__E0000-____X0_S01,B1111
92102086,_,1,0,0,00,B,_,3,_,0,_,_,0,0,_,0,0,0,B00T_1E____-3000X_0S00,B1148
92296263,1,1,_,0,00,B,9,3,8,4,0,0,4,0,0,0,0,0,B00T11E9080-3440X00S_0,B1451
92102842,_,_,_,_,00,B,,,,,,,,,,,,,B00T__Enannannannan-nannannannanXnannanS__,B1262
92129788,1,1,0,0,00,B,0,0,0,0,0,0,0,0,0,_,_,_,B00T11E0000-0000X0_S00,T543
92102379,1,1,0,0,00,C,0,_,0,_,0,0,_,_,0,_,_,_,C00T11E0000-____X0_S00,B1193
92102321,1,_,0,0,00,B,9,5,8,0,0,0,0,0,0,0,0,0,B00T1_E9080-5000X00S00,B1183
92297244,1,1,0,0,00,B,0,4,0,0,0,0,0,0,0,0,0,0,B00T11E0000-4000X00S00,B1504
92129855,1,1,0,0,00,B,8,0,0,0,0,0,0,0,0,0,0,0,B00T11E8000-0000X00S00,T555
92299600,1,1,0,0,00,B,_,0,_,4,_,_,0,0,_,0,0,0,B00T11E____-0040X_0S00,B1637
92296590,1,1,0,0,00,B,9,3,7,0,9,7,0,0,_,0,0,0,B00T11E9977-3000X_0S00,B1474
92127557,_,_,0,0,00,B,0,0,0,0,0,0,3,0,_,0,0,0,B00T__E0000-0300X_0S00,T1230
92301908,1,1,0,0,00,B,0,0,0,0,8,0,0,0,0,0,0,0,B00T11E0800-0000X00S00,B1795
92298038,1,1,0,0,00,B,_,0,_,0,_,_,4,0,_,0,0,0,B00T11E____-0400X_0S00,B1549
92127947,1,1,0,0,00,B,_,4,_,3,_,_,0,0,_,0,0,0,B00T11E____-4030X_0S00,T209
92306360,1,1,0,0,00,B,0,_,0,_,0,0,_,_,0,_,_,_,B00T11E0000-____X0_S00,F1000
92300204,1,1,0,0,00,B,_,0,_,0,_,_,0,0,_,0,0,0,B00T11E____-0000X_0S00,B1683
92127576,1,_,0,0,00,B,0,_,0,_,0,0,_,_,0,_,_,_,B00T1_E0000-____X0_S00,T1236
92300870,1,1,0,0,20,_,0,0,0,0,0,0,0,0,0,_,_,_,_20T11E0000-0000X0_S00,B1725
92127282,1,1,0,0,00,B,8,_,0,_,0,0,_,_,0,_,_,_,B00T11E8000-____X0_S00,T1155
92101581,1,1,0,0,00,B,8,_,7,_,7,0,_,_,0,_,_,_,B00T11E8770-____X0_S00,B1082
92129374,1,1,0,0,00,B,9,3,9,3,0,0,0,0,0,_,_,_,B00T11E9090-3030X0_S00,T473
92306199,1,1,0,0,00,B,_,4,_,4,_,_,0,0,_,0,0,0,B00T11E____-4040X_0S00,B2072
92126921,1,1,0,0,00,B,8,3,8,4,0,0,0,0,0,0,0,0,B00T11E8080-3040X00S00,T1034
92129213,1,1,0,0,00,B,9,_,0,_,0,0,_,_,0,_,_,_,B00T11E9000-____X0_S00,T450
92129954,1,1,_,0,00,B,7,_,9,_,8,0,_,_,0,_,_,_,B00T11E7890-____X0_S_0,T578
92101592,1,1,_,_,00,B,8,_,0,_,7,0,_,_,0,_,_,_,B00T11E8700-____X0_S__,B1082
92103157,_,_,_,0,00,B,,,,,,,,,,,,,B00T__Enannannannan-nannannannanXnannanS_0,B1310
92128084,1,_,0,0,00,B,,,,,,,,,,,,,B00T1_Enannannannan-nannannannanXnannanS00,T257
92129931,1,1,1,0,00,B,8,0,9,0,0,0,0,0,0,0,0,0,B00T11E8090-0000X00S10,T571
92129014,1,1,0,0,00,B,0,_,0,_,0,0,_,_,0,_,_,_,B00T11E0000-____X0_S00,T432
92103104,1,_,0,0,00,B,9,0,8,0,0,0,0,0,0,_,_,_,B00T1_E9080-0000X0_S00,B1306
92103253,_,_,0,0,00,B,8,4,9,3,0,0,0,0,_,0,0,0,B00T__E8090-4030X_0S00,B1327
92127058,1,1,0,0,00,B,_,0,_,0,_,_,0,0,_,0,0,0,B00T11E____-0000X_0S00,T1075
92305620,_,1,0,0,00,B,_,0,_,0,_,_,0,0,_,0,0,0,B00T_1E____-0000X_0S00,B2041
92102427,1,1,0,0,00,B,9,_,8,_,0,0,_,_,0,_,_,_,B00T11E9080-____X0_S00,B1200
92128787,1,1,0,0,00,B,8,0,9,0,7,0,0,0,_,0,0,0,B00T11E8790-0000X_0S00,T400
92299697,1,0,0,0,00,B,8,_,8,_,0,0,_,_,0,_,_,_,B00T10E8080-____X0_S00,B1644
92300515,1,1,0,0,00,B,0,4,0,0,0,0,4,3,0,0,0,0,B00T11E0000-4403X00S00,B1699
92301554,1,1,0,0,00,B,_,3,_,0,_,_,0,0,_,0,0,0,B00T11E____-3000X_0S00,B1783
92305158,1,1,0,0,00,B,_,4,_,4,_,_,0,0,_,0,0,0,B00T11E____-4040X_0S00,B2013
92127114,_,0,1,_,00,B,7,4,8,0,0,0,0,0,0,0,0,0,B00T_0E7080-4000X00S1_,T1095
92103304,1,1,0,0,00,B,8,_,9,_,9,0,_,_,0,_,_,_,B00T11E8990-____X0_S00,B1332
92128817,0,1,0,0,00,B,9,_,0,_,0,0,_,_,_,_,_,_,B00T01E9000-____X__S00,T404
92304725,1,1,0,0,00,B,9,3,8,0,0,0,0,0,0,0,0,0,B00T11E9080-3000X00S00,B1990
92129776,1,1,0,0,00,B,9,_,8,_,7,0,_,_,0,_,_,_,B00T11E9780-____X0_S00,T540
92101817,1,1,0,0,00,B,8,_,0,_,0,0,_,_,0,_,_,_,B00T11E8000-____X0_S00,B1114
92129576,_,_,0,0,00,B,_,0,_,0,_,_,0,0,_,0,0,0,B00T__E____-0000X_0S00,T508
92306341,1,1,0,0,00,C,_,3,_,0,_,_,0,0,_,0,0,0,C00T11E____-3000X_0S00,B2080
92127513,1,1,0,0,00,B,_,3,_,0,_,_,0,0,_,0,0,0,B00T11E____-3000X_0S00,T1219
92103289,1,1,0,0,00,C,0,0,0,0,0,0,0,0,0,_,_,_,C00T11E0000-0000X0_S00,B1331
92128486,_,1,0,_,00,B,_,4,_,4,_,_,0,0,_,0,0,0,B00T_1E____-4040X_0S0_,T356
92305207,1,_,0,0,20,C,9,0,8,0,8,8,0,0,_,0,0,0,C20T1_E9888-0000X_0S00,B2016
92129058,1,_,0,0,00,B,8,_,8,_,0,0,_,_,0,_,_,_,B00T1_E8080-____X0_S00,T435
92127242,_,1,_,_,00,B,_,3,_,4,_,_,0,0,_,0,0,0,B00T_1E____-3040X_0S__,T1143
92301151,1,1,0,0,00,B,0,_,0,_,0,0,_,_,0,_,_,_,B00T11E0000-____X0_S00,B1749
92129377,_,_,_,0,00,B,_,3,_,3,_,_,0,0,_,0,0,0,B00T__E____-3030X_0S_0,T473
92101669,_,_,_,_,_,_,,,,,,,,,,,,,__T__Enannannannan-nannannannanXnannanS__,B1097
92306041,1,1,0,0,00,B,0,0,0,0,0,0,0,0,0,_,_,_,B00T11E0000-0000X0_S00,B2064
92299369,1,1,0,0,00,B,0,_,0,_,8,0,_,_,0,_,_,_,B00T11E0800-____X0_S00,B1617
92128369,1,1,0,0,00,B,9,_,7,_,9,0,_,_,0,_,_,_,B00T11E9970-____X0_S00,T335
92297201,1,1,0,0,00,B,9,0,8,0,8,0,0,0,0,0,0,0,B00T11E9880-0000X00S00,B1501
92101256,_,_,0,0,00,B,_,4,_,4,_,_,0,0,_,0,0,0,B00T__E____-4040X_0S00,B1034
92298729,1,_,0,0,20,B,9,_,0,_,0,0,_,_,0,_,_,_,B20T1_E9000-____X0_S00,B1582
92299187,1,_,0,0,00,B,0,0,0,0,0,0,0,0,0,0,0,0,B00T1_E0000-0000X00S00,B1605
92129411,_,1,0,0,00,B,_,3,_,0,_,_,0,0,_,0,0,0,B00T_1E____-3000X_0S00,T478
92126818,1,1,_,0,00,B,0,0,0,0,0,0,0,0,0,0,0,0,B00T11E0000-0000X00S_0,T1002
92102850,1,_,0,_,00,B,9,_,0,_,8,0,_,_,0,_,_,_,B00T1_E9800-____X0_S0_,B1264
92300284,1,1,0,0,00,B,0,0,0,0,0,0,0,0,0,0,0,0,B00T11E0000-0000X00S00,B1685
92301286,1,1,0,0,00,B,0,5,0,3,0,0,0,0,0,0,0,0,B00T11E0000-5030X00S00,B1759
92128173,1,1,0,0,20,B,0,0,0,0,0,0,0,0,0,_,_,_,B20T11E0000-0000X0_S00,T279
92295427,1,1,0,0,00,B,0,0,0,0,0,0,0,0,0,_,_,_,B00T11E0000-0000X0_S00,B1397
92127650,_,_,0,0,00,B,_,4,_,4,_,_,0,0,_,0,0,0,B00T__E____-4040X_0S00,T1258
92129807,1,1,0,0,00,B,9,_,0,_,0,0,_,_,0,_,_,_,B00T11E9000-____X0_S00,T546
92102296,1,1,0,0,00,B,0,3,0,4,0,0,4,0,0,0,0,0,B00T11E0000-3440X00S00,B1180
92128931,1,_,0,0,00,B,7,3,0,0,0,0,0,0,0,0,0,0,B00T1_E7000-3000X00S00,T421
92301271,1,1,0,0,20,B,0,0,0,0,0,0,0,0,_,0,0,0,B20T11E0000-0000X_0S00,B1758
92305710,1,1,0,0,00,B,8,4,0,0,0,0,0,0,0,0,0,0,B00T11E8000-4000X00S00,B2044
92103112,_,_,_,_,00,B,0,_,0,_,8,0,_,_,0,_,_,_,B00T__E0800-____X0_S__,B1307
92102627,1,1,1,0,00,B,8,_,9,_,9,0,_,_,0,_,_,_,B00T11E8990-____X0_S10,B1229
92305272,_,1,0,0,00,B,0,0,0,0,0,0,0,0,0,0,0,0,B00T_1E0000-0000X00S00,B2019
92102244,1,1,0,0,00,B,8,5,0,4,9,0,3,5,0,_,_,_,B00T11E8900-5345X0_S00,B1170
92100914,1,1,0,0,00,B,9,4,8,3,0,0,0,0,0,0,0,0,B00T11E9080-4030X00S00,B1002
92128780,1,1,0,0,00,B,_,0,_,0,_,_,0,0,_,0,0,0,B00T11E____-0000X_0S00,T400
92299466,1,1,0,0,00,B,0,_,0,_,8,0,_,_,0,_,_,_,B00T11E0800-____X0_S00,B1626
92304134,1,1,0,0,00,B,7,0,9,0,0,0,0,0,0,_,_,_,B00T11E7090-0000X0_S00,B1954
92127293,1,1,0,0,00,B,9,0,0,0,0,0,0,0,0,0,0,0,B00T11E9000-0000X00S00,T1159
92295962,1,_,0,0,00,B,_,3,_,4,_,_,0,0,_,0,0,0,B00T1_E____-3040X_0S00,B1433
92297277,1,1,_,0,00,B,9,4,0,0,9,0,4,0,0,_,_,_,B00T11E9900-4400X0_S_0,B1505
92128058,1,1,0,0,00,B,_,0,_,0,_,_,0,0,_,0,0,0,B00T11E____-0000X_0S00,T252
92101447,1,1,0,0,00,B,9,5,8,3,0,0,0,0,0,0,0,0,B00T11E9080-5030X00S00,B1062
92128895,1,1,0,0,00,C,_,3,_,3,_,_,0,0,_,0,0,0,C00T11E____-3030X_0S00,T418
92102490,1,1,0,0,20,C,9,5,7,0,0,0,0,0,0,0,0,0,C20T11E9070-5000X00S00,B1209
92102136,1,1,0,0,00,B,_,3,_,0,_,_,0,0,_,0,0,0,B00T11E____-3000X_0S00,B1154
92303863,1,1,0,0,00,B,7,0,8,3,0,0,0,0,0,0,0,0,B00T11E7080-0030X00S00,B1937
92128673,1,_,_,_,00,B,_,5,_,0,_,_,0,0,_,0,0,0,B00T1_E____-5000X_0S__,T381
92102700,_,1,0,0,00,B,0,_,0,_,0,0,_,_,0,_,_,_,B00T_1E0000-____X0_S00,B1247
92129360,1,1,0,0,00,B,0,0,0,0,0,0,0,0,0,_,_,_,B00T11E0000-0000X0_S00,T472
92128929,1,1,0,0,00,B,7,4,0,0,0,0,4,0,0,0,0,0,B00T11E7000-4400X00S00,T421
92298035,_,1,0,0,00,B,_,3,_,0,_,_,0,0,_,0,0,0,B00T_1E____-3000X_0S00,B1549
92129301,1,_,0,0,00,B,0,0,0,0,0,0,0,0,0,_,_,_,B00T1_E0000-0000X0_S00,T463
92103330,_,1,0,0,00,B,_,0,_,0,_,_,0,0,_,0,0,0,B00T_1E____-0000X_0S00,B1341
92102355,1,1,0,0,00,B,9,_,9,_,0,0,_,_,0,_,_,_,B00T11E9090-____X0_S00,B1190
92102489,1,_,0,0,20,B,0,_,0,_,0,0,_,_,0,_,_,_,B20T1_E0000-____X0_S00,B1209
92102131,1,1,0,0,00,B,0,_,0,_,0,0,_,_,0,_,_,_,B00T11E0000-____X0_S00,B1154
92127435,1,1,0,0,00,B,_,0,_,0,_,_,0,0,_,0,0,0,B00T11E____-0000X_0S00,T1204
92296529,1,1,0,0,00,B,0,0,0,0,0,0,0,0,0,0,0,0,B00T11E0000-0000X00S00,B1470
92103287,1,1,0,0,20,B,0,_,0,_,0,0,_,_,0,_,_,_,B20T11E0000-____X0_S00,B1331
92297029,1,1,_,0,00,B,9,5,8,3,0,0,0,0,0,0,0,0,B00T11E9080-5030X00S_0,B1494
92298767,1,1,0,0,00,B,9,3,0,0,0,0,0,0,0,0,0,0,B00T11E9000-3000X00S00,B1584
92296159,1,1,0,0,00,B,9,_,0,_,0,0,_,_,0,_,_,_,B00T11E9000-____X0_S00,B1448
92126922,_,1,1,_,00,B,_,3,_,4,_,_,0,0,_,0,0,0,B00T_1E____-3040X_0S1_,T1034
92127896,_,0,0,0,00,B,_,4,_,0,_,_,0,0,_,0,0,0,B00T_0E____-4000X_0S00,T1329
92303572,1,1,0,0,00,B,8,_,8,_,0,0,_,_,0,_,_,_,B00T11E8080-____X0_S00,B1921
92102701,_,1,1,0,00,B,_,4,_,3,_,_,0,0,_,1,1,1,B00T_1E____-4030X_1S10,B1248
92299218,1,1,0,0,00,B,_,3,_,0,_,_,0,0,_,0,0,0,B00T11E____-3000X_0S00,B1606
92101124,1,1,_,0,00,B,9,0,8,0,0,0,0,0,0,_,_,_,B00T11E9080-0000X0_S_0,B1017
92128636,1,1,0,0,00,B,,,,,,,,,,,,,B00T11Enannannannan-nannannannanXnannanS00,T376
92127260,1,_,0,0,00,C,7,_,8,_,9,0,_,_,0,_,_,_,C00T1_E7980-____X0_S00,T1148
92102811,1,1,0,0,00,B,7,_,9,_,0,0,_,_,0,_,_,_,B00T11E7090-____X0_S00,B1261
92127899,1,1,0,0,00,B,_,0,_,0,_,_,0,0,_,0,0,0,B00T11E____-0000X_0S00,T1330
92101649,1,1,0,0,00,B,7,_,0,_,0,0,_,_,0,_,_,_,B00T11E7000-____X0_S00,B1093
92301594,_,1,0,0,00,B,_,5,_,0,_,_,0,0,_,0,0,0,B00T_1E____-5000X_0S00,B1784
92102813,1,1,0,0,00,B,_,4,_,4,_,_,4,0,_,0,0,0,B00T11E____-4440X_0S00,B1261
92101298,1,1,0,0,00,B,_,0,_,0,_,_,0,0,_,0,0,0,B00T11E____-0000X_0S00,B1038
92127393,1,0,0,0,00,C,8,_,0,_,0,0,_,_,0,_,_,_,C00T10E8000-____X0_S00,T1186
92296282,1,1,_,0,00,B,9,5,0,3,0,0,3,4,0,0,0,0,B00T11E9000-5334X00S_0,B1454
92103497,1,0,0,0,00,B,8,_,0,_,0,0,_,_,0,_,_,_,B00T10E8000-____X0_S00,B1374
92129617,1,_,0,0,00,B,0,_,0,_,0,0,_,_,0,_,_,_,B00T1_E0000-____X0_S00,T516
92102562,1,1,0,0,00,B,_,5,_,0,_,_,0,0,_,0,0,0,B00T11E____-5000X_0S00,B1219
92127372,1,1,0,0,00,B,8,0,0,0,0,0,0,0,0,_,_,_,B00T11E8000-0000X0_S00,T1184
92299284,1,1,0,0,00,B,8,_,0,_,0,0,_,_,0,_,_,_,B00T11E8000-____X0_S00,B1612
92296823,1,1,0,0,20,C,9,4,9,0,9,9,0,0,_,0,0,0,C20T11E9999-4000X_0S00,B1485
92129532,1,1,0,0,00,B,_,0,_,0,_,_,4,0,_,0,0,0,B00T11E____-0400X_0S00,T497
92102893,1,1,0,0,00,B,0,3,8,4,0,0,0,0,0,0,0,0,B00T11E0080-3040X00S00,B1268
92129391,_,_,_,_,_,_,,,,,,,,,,,,,__T__Enannannannan-nannannannanXnannanS__,T475
92101416,_,_,0,0,00,B,8,_,8,_,0,0,_,_,0,_,_,_,B00T__E8080-____X0_S00,B1058
92127729,1,1,_,0,00,B,0,0,0,0,0,0,0,0,0,0,0,0,B00T11E0000-0000X00S_0,T1282
92101508,1,1,0,0,00,B,7,4,9,5,9,0,5,0,0,0,0,0,B00T11E7990-4550X00S00,B1070
92102200,1,1,0,0,00,B,0,0,0,0,0,0,0,0,0,0,0,0,B00T11E0000-0000X00S00,B1161
92298915,1,_,0,0,00,B,9,_,0,_,0,0,_,_,0,_,_,_,B00T1_E9000-____X0_S00,B1590
92297772,_,_,0,_,00,B,9,0,9,0,8,9,0,0,_,0,0,0,B00T__E9899-0000X_0S0_,B1534
92102570,1,1,0,0,00,B,7,4,7,0,7,7,0,0,_,0,0,0,B00T11E7777-4000X_0S00,B1221
92127887,1,_,0,0,00,B,7,_,0,_,0,0,_,_,0,_,_,_,B00T1_E7000-____X0_S00,T1327
92102220,1,1,0,0,00,B,_,0,_,0,_,_,0,0,_,0,0,0,B00T11E____-0000X_0S00,B1163
92128124,1,1,0,0,00,B,9,0,9,0,0,0,0,0,0,0,0,0,B00T11E9090-0000X00S00,T264
92306296,_,1,_,_,00,B,_,4,_,3,_,_,3,0,_,0,0,0,B00T_1E____-4330X_0S__,B2077
92126910,1,_,0,0,00,B,8,_,0,_,0,0,_,_,0,_,_,_,B00T1_E8000-____X0_S00,T1029
92102403,1,1,0,0,00,B,9,3,0,3,0,0,0,0,_,0,0,0,B00T11E9000-3030X_0S00,B1197
92127903,1,1,0,0,00,B,0,_,0,_,0,0,_,_,0,_,_,_,B00T11E0000-____X0_S00,T173
92127194,1,1,_,0,00,B,9,3,9,4,0,0,5,5,0,_,_,_,B00T11E9090-3545X0_S_0,T1124
92129103,1,1,0,0,20,_,0,0,0,0,0,0,0,0,0,0,0,0,_20T11E0000-0000X00S00,T438
92296250,1,1,0,0,00,C,8,4,0,4,0,0,0,0,0,0,0,0,C00T11E8000-4040X00S00,B1450
92297894,1,_,0,0,00,B,0,_,0,_,0,0,_,_,0,_,_,_,B00T1_E0000-____X0_S00,B1538
92296354,1,_,0,0,00,B,0,_,0,_,0,0,_,_,0,_,_,_,B00T1_E0000-____X0_S00,B1459
92102457,_,1,_,_,00,C,9,_,8,_,0,0,_,_,0,_,_,_,C00T_1E9080-____X0_S__,B1204
92301385,1,1,0,0,00,B,0,0,0,0,0,0,0,0,0,0,0,0,B00T11E0000-0000X00S00,B1769
92102661,1,1,_,0,00,B,_,0,_,0,_,_,0,0,_,0,0,0,B00T11E____-0000X_0S_0,B1239
92296290,1,_,0,0,00,B,_,3,_,4,_,_,0,0,_,0,0,0,B00T1_E____-3040X_0S00,B1455
92303898,1,1,0,0,00,B,9,3,0,0,0,0,0,0,0,_,_,_,B00T11E9000-3000X0_S00,B1939
92127782,1,_,0,0,00,B,0,3,0,0,0,0,0,0,0,_,_,_,B00T1_E0000-3000X0_S00,T1299
92301503,1,1,0,0,00,B,0,3,0,0,0,0,0,0,_,0,0,0,B00T11E0000-3000X_0S00,B1779
92102034,1,1,0,0,00,B,9,_,0,_,0,0,_,_,0,_,_,_,B00T11E9000-____X0_S00,B1143
92129813,1,_,0,0,00,B,9,_,0,_,0,0,_,_,0,_,_,_,B00T1_E9000-____X0_S00,T548
92128950,_,_,0,0,00,B,_,4,_,4,_,_,0,0,_,0,0,0,B00T__E____-4040X_0S00,T423
92103428,_,1,_,_,00,B,0,4,0,0,9,0,3,0,0,0,0,0,B00T_1E0900-4300X00S__,B1361
92101213,1,_,0,0,00,C,8,_,9,_,9,0,_,_,0,_,_,_,C00T1_E8990-____X0_S00,B1030
92101528,1,1,_,0,00,B,_,0,_,0,_,_,3,0,_,0,0,0,B00T11E____-0300X_0S_0,B1074
92126858,_,1,0,0,00,B,_,3,_,4,_,_,0,0,_,0,0,0,B00T_1E____-3040X_0S00,T1014
92101946,_,0,0,0,00,B,0,3,0,4,0,0,4,0,_,0,0,0,B00T_0E0000-3440X_0S00,B1133
92102587,1,1,0,0,00,B,_,5,_,0,_,_,0,0,_,0,0,0,B00T11E____-5000X_0S00,B1224
92101694,1,1,0,0,00,B,_,0,_,0,_,_,0,0,_,0,0,0,B00T11E____-0000X_0S00,B1100
92128140,1,1,_,0,00,B,_,3,_,0,_,_,0,0,_,1,1,1,B00T11E____-3000X_1S_0,T269
92101517,1,1,0,0,00,B,8,0,9,0,9,0,3,0,0,0,0,0,B00T11E8990-0300X00S00,B1072
92127779,1,_,0,0,00,B,0,_,0,_,0,0,_,_,0,_,_,_,B00T1_E0000-____X0_S00,T1298
92103539,1,1,0,0,00,B,_,3,_,4,_,_,0,0,_,0,0,0,B00T11E____-3040X_0S00,B1379
92297671,1,1,0,0,00,B,0,_,0,_,0,0,_,_,0,_,_,_,B00T11E0000-____X0_S00,B1530
92102566,1,1,0,0,00,B,0,0,0,0,0,0,0,0,0,0,0,0,B00T11E0000-0000X00S00,B1220
92101745,1,1,0,0,00,B,9,4,8,0,9,8,0,0,0,_,_,_,B00T11E9988-4000X0_S00,B1106
92303562,_,_,0,0,20,B,_,4,_,0,_,_,0,0,_,0,0,0,B20T__E____-4000X_0S00,B1920
92103164,1,1,0,0,00,B,0,5,0,0,0,0,0,0,_,0,0,0,B00T11E0000-5000X_0S00,B1310
92129074,1,_,0,0,00,B,9,_,8,_,0,0,_,_,0,_,_,_,B00T1_E9080-____X0_S00,T436
92128531,1,1,_,0,00,B,_,3,_,4,_,_,4,0,_,0,0,0,B00T11E____-3440X_0S_0,T360
92127399,_,1,0,0,00,B,_,5,_,4,_,_,0,0,_,_,_,_,B00T_1E____-5040X__S00,T1187
92128448,_,1,0,0,00,B,0,0,0,0,0,0,0,0,_,0,0,0,B00T_1E0000-0000X_0S00,T353
92103546,1,1,0,_,00,C,9,0,8,0,0,0,0,0,_,0,0,0,C00T11E9080-0000X_0S0_,B1382
92127724,1,_,0,0,00,B,0,_,0,_,0,0,_,_,0,_,_,_,B00T1_E0000-____X0_S00,T1282
92101160,1,1,0,0,00,B,8,0,8,0,0,0,0,0,0,_,_,_,B00T11E8080-0000X0_S00,B1020
92296285,1,1,0,0,00,B,7,_,9,_,0,0,_,_,0,_,_,_,B00T11E7090-____X0_S00,B1455
92103173,1,1,0,0,00,B,7,_,0,_,0,0,_,_,0,_,_,_,B00T11E7000-____X0_S00,B1313
92297205,1,1,0,0,00,B,9,_,0,_,0,0,_,_,0,_,_,_,B00T11E9000-____X0_S00,B1501
92126996,1,1,0,0,00,B,8,0,8,0,7,8,0,0,_,0,0,0,B00T11E8788-0000X_0S00,T1054
92303802,1,1,0,0,00,B,_,3,_,0,_,_,0,0,_,0,0,0,B00T11E____-3000X_0S00,B1934
92127031,1,1,0,0,00,B,_,0,_,0,_,_,0,0,_,0,0,0,B00T11E____-0000X_0S00,T1066
92296236,1,_,_,_,00,B,0,_,0,_,0,0,_,_,_,_,_,_,B00T1_E0000-____X__S__,B1450
92300614,_,_,0,0,00,B,_,3,_,0,_,_,0,0,_,0,0,0,B00T__E____-3000X_0S00,B1705
92128120,1,1,0,0,00,B,9,5,0,0,0,0,0,0,0,0,0,0,B00T11E9000-5000X00S00,T264
92103528,1,1,0,0,20,B,9,5,7,0,0,0,0,0,0,0,0,0,B20T11E9070-5000X00S00,B1377
92101938,1,1,0,0,00,B,0,_,0,_,0,0,_,_,0,_,_,_,B00T11E0000-____X0_S00,B1132
92304737,1,1,0,0,00,B,8,0,8,0,0,0,0,0,0,0,0,0,B00T11E8080-0000X00S00,B1990
92129628,_,1,0,0,00,B,_,0,_,0,_,_,0,0,_,0,0,0,B00T_1E____-0000X_0S00,T517
92299566,_,1,0,0,20,B,_,3,_,4,_,_,0,0,_,0,0,0,B20T_1E____-3040X_0S00,B1634
92129467,_,1,1,0,00,B,_,5,_,4,_,_,0,0,_,0,0,0,B00T_1E____-5040X_0S10,T488
92128286,1,1,0,0,00,B,0,0,0,0,0,0,4,0,0,0,0,0,B00T11E0000-0400X00S00,T315
92295425,1,1,0,0,00,C,0,0,0,0,0,0,5,0,_,0,0,0,C00T11E0000-0500X_0S00,B1396
92127742,1,1,0,0,00,B,9,4,0,0,8,9,0,0,0,0,0,0,B00T11E9809-4000X00S00,T1284
92296689,1,1,0,0,20,C,0,_,0,_,0,0,_,_,0,_,_,_,C20T11E0000-____X0_S00,B1478
92295587,1,1,_,_,00,B,_,0,0,0,_,0,0,0,_,0,0,0,B00T11E__00-0000X_0S__,B1406
92101428,1,_,0,0,00,B,9,_,8,_,0,0,_,_,0,_,_,_,B00T1_E9080-____X0_S00,B1060
92128860,1,_,0,0,00,B,0,_,0,_,0,0,_,_,0,_,_,_,B00T1_E0000-____X0_S00,T413
92102078,0,1,0,0,00,B,_,5,_,4,_,_,0,0,_,0,0,0,B00T01E____-5040X_0S00,B1147
92301408,_,1,0,0,00,B,9,3,8,4,8,9,4,0,0,_,_,_,B00T_1E9889-3440X0_S00,B1771
92299228,1,1,_,_,00,B,_,4,_,5,_,_,0,0,_,0,0,0,B00T11E____-4050X_0S__,B1608
92127563,1,1,0,0,00,B,9,_,9,_,0,0,_,_,0,_,_,_,B00T11E9090-____X0_S00,T1232
92100932,1,0,0,0,00,B,_,4,_,3,_,_,4,0,_,0,0,0,B00T10E____-4430X_0S00,B1002
92101567,1,1,_,_,00,B,8,4,7,5,8,7,3,4,_,0,0,0,B00T11E8877-4354X_0S__,B1079
92304315,1,1,_,0,00,B,0,0,0,0,0,0,0,0,0,_,_,_,B00T11E0000-0000X0_S_0,B1964
92101712,_,_,0,0,00,B,_,0,_,0,_,_,0,0,_,0,0,0,B00T__E____-0000X_0S00,B1102
92297948,1,1,0,_,00,B,9,0,0,0,0,0,0,0,0,0,0,0,B00T11E9000-0000X00S0_,B1542
92127710,1,1,0,_,00,B,8,4,8,5,7,7,0,0,_,0,0,0,B00T11E8787-4050X_0S0_,T1278
92126842,_,1,0,0,00,B,0,0,0,0,0,0,0,0,0,0,0,0,B00T_1E0000-0000X00S00,T1009
92103457,0,1,0,0,00,B,8,_,7,_,0,0,_,_,0,_,_,_,B00T01E8070-____X0_S00,B1365
92295389,1,1,_,_,00,B,8,4,0,0,8,0,0,0,_,0,0,0,B00T11E8800-4000X_0S__,B1391
92127292,1,1,0,0,00,B,9,_,0,_,0,0,_,_,0,_,_,_,B00T11E9000-____X0_S00,T1159
92101979,1,1,0,0,00,B,0,_,0,_,9,0,_,_,0,_,_,_,B00T11E0900-____X0_S00,B1136
92103427,1,1,0,0,00,B,9,_,8,_,0,0,_,_,0,_,_,_,B00T11E9080-____X0_S00,B1360
92102604,_,1,0,0,00,B,0,0,0,0,9,0,0,0,0,0,0,0,B00T_1E0900-0000X00S00,B1226
92101219,1,1,0,0,00,B,0,0,0,0,0,0,3,4,0,0,0,0,B00T11E0000-0304X00S00,B1031
92127365,1,1,0,0,00,B,8,4,9,5,0,0,0,0,0,_,_,_,B00T11E8090-4050X0_S00,T1181
92127394,_,_,_,0,00,B,9,_,9,_,9,0,_,_,0,_,_,_,B00T__E9990-____X0_S_0,T1186
92128726,1,1,0,0,00,B,_,0,_,0,_,_,0,0,_,0,0,0,B00T11E____-0000X_0S00,T388
92302398,1,1,0,0,00,B,0,4,0,4,8,0,0,0,_,0,0,0,B00T11E0800-4040X_0S00,B1838
92129236,1,1,0,0,00,B,9,_,8,_,0,0,_,_,0,_,_,_,B00T11E9080-____X0_S00,T452
92101569,1,1,0,0,00,B,0,0,0,0,0,0,0,0,0,0,0,0,B00T11E0000-0000X00S00,B1080
92103513,1,1,0,0,00,B,8,5,9,4,0,0,3,0,0,_,_,_,B00T11E8090-5340X0_S00,B1374
92303170,1,1,_,0,20,C,9,0,0,0,0,0,0,0,0,0,0,0,C20T11E9000-0000X00S_0,B1894
92298996,1,1,0,0,00,B,9,4,0,0,0,0,5,0,0,_,_,_,B00T11E9000-4500X0_S00,B1594
92129100,1,1,0,0,00,B,_,4,_,0,_,_,0,0,_,0,0,0,B00T11E____-4000X_0S00,T438
92101314,1,1,0,0,00,B,8,4,0,5,0,0,3,0,_,0,0,0,B00T11E8000-4350X_0S00,B1041
92127081,_,1,0,0,00,B,,,,,,,,,,,,,B00T_1Enannannannan-nannannannanXnannanS00,T1083
92299703,1,1,0,0,00,B,_,0,_,0,_,_,0,0,_,0,0,0,B00T11E____-0000X_0S00,B1646
92102029,1,1,_,0,00,B,8,_,8,_,0,0,_,_,0,_,_,_,B00T11E8080-____X0_S_0,B1142
92102401,1,1,1,0,00,B,0,0,0,3,8,0,0,0,0,0,0,0,B00T11E0800-0030X00S10,B1197
92298455,1,_,0,_,00,B,0,3,0,0,0,0,0,0,0,0,0,0,B00T1_E0000-3000X00S0_,B1569
92102814,1,1,0,0,00,B,_,4,_,4,_,_,0,0,_,0,0,0,B00T11E____-4040X_0S00,B1261
92296941,1,1,0,0,00,C,8,_,8,_,0,0,_,_,0,_,_,_,C00T11E8080-____X0_S00,B1491
92296197,1,1,0,0,00,B,9,_,7,_,7,0,_,_,0,_,_,_,B00T11E9770-____X0_S00,B1449
92128539,1,_,_,0,00,B,_,4,_,0,_,_,0,0,_,_,_,_,B00T1_E____-4000X__S_0,T362
92129697,1,1,0,0,00,B,0,4,0,5,0,0,4,4,0,0,0,0,B00T11E0000-4454X00S00,T525
92129569,_,_,0,0,00,B,0,_,0,_,0,0,_,_,0,_,_,_,B00T__E0000-____X0_S00,T506
92299667,1,1,0,0,00,B,0,_,0,_,0,0,_,_,0,_,_,_,B00T11E0000-____X0_S00,B1643
92301002,1,1,0,0,00,B,9,_,7,_,0,0,_,_,0,_,_,_,B00T11E9070-____X0_S00,B1738
92101104,1,1,0,0,00,B,9,0,0,0,8,0,0,0,0,_,_,_,B00T11E9800-0000X0_S00,B1016
92101417,_,_,0,0,00,B,8,_,9,_,0,0,_,_,0,_,_,_,B00T__E8090-____X0_S00,B1058
92101235,_,1,_,0,00,B,8,0,8,0,7,7,0,0,0,0,0,0,B00T_1E8787-0000X00S_0,B1032
92127060,1,_,0,0,00,B,0,_,0,_,8,0,_,_,0,_,_,_,B00T1_E0800-____X0_S00,T1076
92102892,1,1,0,_,00,B,8,0,9,0,0,0,0,0,0,_,_,_,B00T11E8090-0000X0_S0_,B1268
92299862,1,_,0,0,00,B,0,3,0,3,0,0,0,0,0,0,0,0,B00T1_E0000-3030X00S00,B1657
92301389,_,1,0,0,00,B,_,4,_,0,_,_,0,0,_,0,0,0,B00T_1E____-4000X_0S00,B1769
92128053,1,1,0,0,00,B,0,0,0,0,0,0,0,0,0,0,0,0,B00T11E0000-0000X00S00,T251
92129264,1,1,0,0,00,B,8,0,8,0,0,0,0,0,0,0,0,0,B00T11E8080-0000X00S00,T456
92301629,1,1,0,0,00,B,0,3,0,5,0,0,0,0,_,0,0,0,B00T11E0000-3050X_0S00,B1785
92102119,1,_,0,0,00,B,8,4,9,0,0,0,4,0,0,0,0,0,B00T1_E8090-4400X00S00,B1153
92127166,_,1,0,0,00,B,9,3,0,5,0,0,0,0,_,0,0,0,B00T_1E9000-3050X_0S00,T1114
92128499,1,1,0,_,00,B,8,4,7,4,7,8,0,0,_,0,0,0,B00T11E8778-4040X_0S0_,T357
92128215,1,1,0,0,20,B,0,_,0,_,0,0,_,_,0,_,_,_,B20T11E0000-____X0_S00,T290
92128432,1,1,1,0,00,B,8,_,0,_,0,0,_,_,0,_,_,_,B00T11E8000-____X0_S10,T349
92296804,1,_,0,0,00,C,9,0,0,0,0,0,0,0,0,_,_,_,C00T1_E9000-0000X0_S00,B1484
92101695,1,1,0,0,00,B,8,_,7,_,0,0,_,_,0,_,_,_,B00T11E8070-____X0_S00,B1100
92303541,_,_,0,0,00,C,7,_,7,_,0,0,_,_,0,_,_,_,C00T__E7070-____X0_S00,B1918
92101288,1,1,0,0,00,B,0,0,0,0,7,0,0,0,0,0,0,0,B00T11E0700-0000X00S00,B1036
92127048,_,1,0,0,00,B,_,5,_,5,_,_,0,0,_,0,0,0,B00T_1E____-5050X_0S00,T1071
92297381,1,1,_,_,00,B,9,_,0,_,9,0,_,_,0,_,_,_,B00T11E9900-____X0_S__,B1514
92102320,1,1,0,0,00,B,8,4,8,0,0,0,0,0,0,0,0,0,B00T11E8080-4000X00S00,B1183
92301147,1,1,0,0,00,B,_,3,_,4,_,_,0,0,_,0,0,0,B00T11E____-3040X_0S00,B1748
92128751,_,_,0,0,00,B,9,_,8,_,0,0,_,_,0,_,_,_,B00T__E9080-____X0_S00,T395
92306301,_,1,0,0,00,B,_,3,_,0,_,_,0,0,_,0,0,0,B00T_1E____-3000X_0S00,B2078
92303510,_,_,_,_,_,_,_,0,_,0,_,_,0,0,_,0,0,0,__T__E____-0000X_0S__,B1915
92129486,1,1,0,0,00,B,9,_,0,_,8,0,_,_,0,_,_,_,B00T11E9800-____X0_S00,T490
92102496,1,1,0,0,20,C,0,5,0,0,0,0,0,0,0,0,0,0,C20T11E0000-5000X00S00,B1212
92128645,_,_,0,0,00,B,_,3,_,5,_,_,0,0,_,0,0,0,B00T__E____-3050X_0S00,T378
92300874,1,1,0,0,00,B,9,4,0,0,8,0,0,0,0,0,0,0,B00T11E9800-4000X00S00,B1725
92101710,_,1,0,0,00,B,_,0,_,0,_,_,0,0,_,0,0,0,B00T_1E____-0000X_0S00,B1102
92304792,1,1,0,0,00,B,9,_,0,_,7,0,_,_,0,_,_,_,B00T11E9700-____X0_S00,B1995
92303406,1,0,0,0,00,B,0,0,0,0,0,0,0,0,_,0,0,0,B00T10E0000-0000X_0S00,B1911
92101121,1,1,0,0,00,B,_,4,_,0,_,_,0,0,_,0,0,0,B00T11E____-4000X_0S00,B1017
92127017,1,1,0,0,00,B,0,_,0,_,0,0,_,_,0,_,_,_,B00T11E0000-____X0_S00,T1061
92127777,1,1,_,_,00,B,8,0,7,0,0,0,0,0,0,_,_,_,B00T11E8070-0000X0_S__,T1297
92127069,1,1,0,0,00,B,8,_,0,_,0,0,_,_,0,_,_,_,B00T11E8000-____X0_S00,T1079
92302024,1,1,0,0,00,B,7,0,0,0,0,0,0,0,0,0,0,0,B00T11E7000-0000X00S00,B1804
92295827,1,1,0,0,00,B,9,3,0,4,0,0,3,0,0,0,0,0,B00T11E9000-3340X00S00,B1425
92128353,1,1,0,0,00,B,0,_,0,_,0,0,_,_,0,_,_,_,B00T11E0000-____X0_S00,T332
92127611,1,1,0,_,00,B,0,0,0,0,0,0,0,0,0,_,_,_,B00T11E0000-0000X0_S0_,T1246
92127045,_,_,0,0,00,B,_,0,_,0,_,_,0,0,_,0,0,0,B00T__E____-0000X_0S00,T1070
92102636,1,1,0,0,00,B,0,3,0,0,0,0,0,0,0,0,0,0,B00T11E0000-3000X00S00,B1232
92103285,1,1,0,0,00,B,_,0,_,0,_,_,3,0,_,0,0,0,B00T11E____-0300X_0S00,B1331
92297101,_,_,_,_,00,B,,,,,,,,,,,,,B00T__Enannannannan-nannannannanXnannanS__,B1497
92303204,1,1,0,0,00,B,8,3,8,0,0,0,0,0,0,0,0,0,B00T11E8080-3000X00S00,B1896
92126860,_,1,0,_,20,B,_,5,_,4,_,_,0,0,_,0,0,0,B20T_1E____-5040X_0S0_,T1014
92127412,_,_,_,_,20,_,8,5,7,5,0,0,0,0,0,_,_,_,_20T__E8070-5050X0_S__,T1191
92305458,1,1,0,_,00,B,_,0,_,0,_,_,0,0,_,0,0,0,B00T11E____-0000X_0S0_,B2031
92129960,1,1,0,0,00,B,0,0,0,0,7,0,0,0,0,_,_,_,B00T11E0700-0000X0_S00,T581
92102937,1,1,0,0,00,C,_,4,_,4,_,_,0,0,_,0,0,0,C00T11E____-4040X_0S00,B1273
92128982,1,1,0,0,00,B,_,4,_,4,_,_,0,0,_,0,0,0,B00T11E____-4040X_0S00,T428
92302372,1,1,0,0,00,B,9,5,8,3,0,0,0,0,0,0,0,0,B00T11E9080-5030X00S00,B1836
92102682,1,1,0,0,20,C,0,4,0,0,0,0,4,0,0,_,_,_,C20T11E0000-4400X0_S00,B1244
92304260,1,1,0,0,00,B,_,0,_,0,_,_,0,0,_,0,0,0,B00T11E____-0000X_0S00,B1959
92298497,1,1,0,0,00,B,_,3,_,4,_,_,3,4,_,0,0,0,B00T11E____-3344X_0S00,B1572
92129430,1,1,0,0,00,B,9,3,8,4,0,0,0,0,0,0,0,0,B00T11E9080-3040X00S00,T481
92129207,1,_,0,0,00,B,8,5,0,3,0,0,4,5,0,_,_,_,B00T1_E8000-5435X0_S00,T450
92103388,1,1,0,0,00,B,8,0,0,0,0,0,0,0,0,0,0,0,B00T11E8000-0000X00S00,B1353
92127155,1,1,_,_,00,B,_,4,_,4,_,_,0,0,_,0,0,0,B00T11E____-4040X_0S__,T1108
92127946,1,_,0,0,00,B,0,_,0,_,0,0,_,_,0,_,_,_,B00T1_E0000-____X0_S00,T209
92295428,_,_,_,_,00,B,_,3,_,0,_,_,0,0,_,0,0,0,B00T__E____-3000X_0S__,B1397
92128433,1,1,0,0,00,B,8,_,0,_,0,0,_,_,0,_,_,_,B00T11E8000-____X0_S00,T349
92127326,1,1,0,0,00,B,_,4,_,0,_,_,0,0,_,0,0,0,B00T11E____-4000X_0S00,T1169
92128556,1,1,0,0,00,B,7,_,0,_,0,0,_,_,0,_,_,_,B00T11E7000-____X0_S00,T363
92100879,1,1,_,_,00,B,8,0,8,0,0,0,0,0,0,_,_,_,B00T11E8080-0000X0_S__,B1001
92127632,1,_,0,0,00,B,0,0,0,0,0,0,0,0,0,_,_,_,B00T1_E0000-0000X0_S00,T1251
92126960,1,1,0,0,00,B,8,4,0,0,0,0,0,0,0,_,_,_,B00T11E8000-4000X0_S00,T1043
92102954,1,1,0,0,00,B,_,3,_,0,_,_,0,0,_,0,0,0,B00T11E____-3000X_0S00,B1280
92102376,1,1,0,0,00,B,_,0,_,0,_,_,0,0,_,0,0,0,B00T11E____-0000X_0S00,B1193
92100881,1,1,0,0,00,B,9,0,0,0,0,0,0,0,0,_,_,_,B00T11E9000-0000X0_S00,B1001
92129291,1,1,0,0,00,B,_,4,_,4,_,_,0,0,_,0,0,0,B00T11E____-4040X_0S00,T462
92101267,_,1,_,_,20,_,8,4,9,4,9,7,0,0,0,0,0,0,_20T_1E8997-4040X00S__,B1035
92129150,1,_,0,0,00,B,_,0,_,0,_,_,0,0,_,0,0,0,B00T1_E____-0000X_0S00,T442
92128276,1,1,0,0,00,B,_,3,_,0,_,_,0,0,_,0,0,0,B00T11E____-3000X_0S00,T313
92103411,1,1,0,0,00,B,0,_,9,_,0,0,_,_,0,_,_,_,B00T11E0090-____X0_S00,B1358
92129867,1,1,0,0,00,B,_,3,_,0,_,_,0,0,_,0,0,0,B00T11E____-3000X_0S00,T557
92101332,1,1,0,0,00,B,0,4,0,3,0,0,0,0,0,0,0,0,B00T11E0000-4030X00S00,B1041
92102339,1,1,0,0,00,B,9,4,0,4,0,0,3,0,0,0,0,0,B00T11E9000-4340X00S00,B1187
92300068,1,1,0,0,00,B,9,0,0,0,0,0,0,0,0,_,_,_,B00T11E9000-0000X0_S00,B1673
92102727,1,_,0,0,00,B,0,_,0,_,0,0,_,_,0,_,_,_,B00T1_E0000-____X0_S00,B1251
92101155,1,1,0,0,00,B,0,0,0,0,0,0,0,0,0,0,0,0,B00T11E0000-0000X00S00,B1019
92300834,1,1,0,0,00,B,0,0,0,0,0,0,0,0,0,0,0,0,B00T11E0000-0000X00S00,B1721
92101589,1,1,0,0,00,B,0,4,0,0,0,0,0,0,_,0,0,0,B00T11E0000-4000X_0S00,B1082
92296718,1,1,_,_,00,B,8,4,0,3,0,0,4,0,0,_,_,_,B00T11E8000-4430X0_S__,B1480
92296142,1,1,0,0,00,B,9,3,0,0,0,0,0,0,0,0,0,0,B00T11E9000-3000X00S00,B1446
92102429,1,1,0,0,00,B,_,0,_,0,_,_,0,0,_,0,0,0,B00T11E____-0000X_0S00,B1200
92100840,1,1,0,0,00,B,_,4,_,3,_,_,5,0,_,0,0,0,B00T11E____-4530X_0S00,B1000
92129072,1,1,0,0,00,B,_,4,_,0,_,_,0,0,_,0,0,0,B00T11E____-4000X_0S00,T436
92301700,1,1,0,0,00,B,_,4,_,0,_,_,0,0,_,0,0,0,B00T11E____-4000X_0S00,B1788
92126940,1,1,0,0,20,B,_,3,_,4,_,_,4,0,_,0,0,0,B20T11E____-3440X_0S00,T1040
92295706,_,1,0,0,00,B,8,0,0,0,0,0,0,0,0,0,0,0,B00T_1E8000-0000X00S00,B1416
92101420,1,0,1,0,00,B,8,0,7,0,0,0,0,0,0,0,0,0,B00T10E8070-0000X00S10,B1058
92129470,_,1,0,0,00,B,_,4,_,0,_,_,3,3,_,0,0,0,B00T_1E____-4303X_0S00,T489
92128484,1,_,0,0,00,B,0,0,0,0,0,0,0,0,0,0,0,0,B00T1_E0000-0000X00S00,T355
92298272,1,1,0,0,00,C,9,5,9,0,0,0,0,0,0,_,_,_,C00T11E9090-5000X0_S00,B1558
92128253,1,1,0,0,00,B,_,4,_,4,_,_,3,0,_,0,0,0,B00T11E____-4340X_0S00,T306
92298569,1,1,0,0,00,B,_,3,_,3,_,_,0,0,_,0,0,0,B00T11E____-3030X_0S00,B1575
92128749,1,_,0,0,00,B,9,_,0,_,0,0,_,_,0,_,_,_,B00T1_E9000-____X0_S00,T394
92102284,1,_,0,0,00,B,8,_,9,_,0,0,_,_,0,_,_,_,B00T1_E8090-____X0_S00,B1178
92101061,1,1,0,0,00,B,0,4,0,0,0,0,0,0,0,0,0,0,B00T11E0000-4000X00S00,B1012
92302512,1,0,1,0,00,B,8,3,9,4,0,0,4,0,0,0,0,0,B00T10E8090-3440X00S10,B1848
92128425,1,0,_,0,00,B,8,_,7,_,0,0,_,_,0,_,_,_,B00T10E8070-____X0_S_0,T348
92127340,_,_,0,0,00,B,8,_,9,_,0,0,_,_,0,_,_,_,B00T__E8090-____X0_S00,T1174
92102246,_,_,0,0,00,B,8,0,8,0,8,0,0,0,0,0,0,0,B00T__E8880-0000X00S00,B1171
92298375,1,1,0,0,00,B,9,5,0,4,0,0,0,0,0,0,0,0,B00T11E9000-5040X00S00,B1562
92295754,1,1,0,0,00,B,0,0,0,0,0,0,0,0,_,0,0,0,B00T11E0000-0000X_0S00,B1419
92127156,_,1,0,0,00,B,_,3,_,4,_,_,0,0,_,0,0,0,B00T_1E____-3040X_0S00,T1108
92102456,_,_,0,0,00,B,9,3,8,4,0,0,0,0,0,0,0,0,B00T__E9080-3040X00S00,B1204
92102678,1,1,0,0,00,B,0,3,0,0,0,0,0,0,_,0,0,0,B00T11E0000-3000X_0S00,B1243
92129282,1,_,0,0,00,B,0,0,0,0,0,0,0,0,0,_,_,_,B00T1_E0000-0000X0_S00,T460
92303318,1,1,0,0,00,B,9,0,0,0,0,0,0,0,0,0,0,0,B00T11E9000-0000X00S00,B1905
92103320,0,0,0,0,00,B,_,0,_,0,_,_,0,0,_,0,0,0,B00T00E____-0000X_0S00,B1336
92303758,1,1,0,0,00,B,0,4,0,0,0,0,0,0,_,0,0,0,B00T11E0000-4000X_0S00,B1932
92127428,1,1,0,0,00,B,_,0,_,0,_,_,0,0,_,0,0,0,B00T11E____-0000X_0S00,T1201
92295401,_,1,0,0,00,B,_,0,_,0,_,_,0,0,_,0,0,0,B00T_1E____-0000X_0S00,B1393
92304280,1,_,0,0,00,B,7,_,7,_,0,0,_,_,0,_,_,_,B00T1_E7070-____X0_S00,B1960
92128265,_,1,0,0,00,B,_,0,_,0,_,_,0,0,_,0,0,0,B00T_1E____-0000X_0S00,T309
92300899,1,1,0,0,00,B,9,_,0,_,0,0,_,_,0,_,_,_,B00T11E9000-____X0_S00,B1727
92102009,_,1,1,0,00,B,8,3,8,4,7,8,0,0,_,0,0,0,B00T_1E8788-3040X_0S10,B1142
92306245,_,1,0,0,00,B,0,0,0,0,0,0,0,0,_,0,0,0,B00T_1E0000-0000X_0S00,B2073
92101250,1,1,0,0,00,B,0,_,0,_,0,0,_,_,0,_,_,_,B00T11E0000-____X0_S00,B1033
92127046,_,_,0,0,00,B,_,4,_,0,_,_,0,0,_,0,0,0,B00T__E____-4000X_0S00,T1070
92128658,1,_,1,0,00,B,8,3,7,0,0,0,0,0,0,0,0,0,B00T1_E8070-3000X00S10,T380
92305908,1,1,0,0,00,B,0,4,0,0,8,0,0,0,_,0,0,0,B00T11E0800-4000X_0S00,B2057
92127050,_,1,0,0,00,B,_,4,_,0,_,_,0,0,_,0,0,0,B00T_1E____-4000X_0S00,T1072
92101686,_,_,0,_,00,B,7,_,9,_,0,0,_,_,0,_,_,_,B00T__E7090-____X0_S0_,B1098
92102422,_,1,0,0,00,B,_,0,_,0,_,_,0,0,_,0,0,0,B00T_1E____-0000X_0S00,B1200
92301154,1,_,0,0,00,B,8,_,8,_,8,0,_,_,0,_,_,_,B00T1_E8880-____X0_S00,B1751
92299484,1,1,0,0,00,B,9,_,8,_,0,0,_,_,0,_,_,_,B00T11E9080-____X0_S00,B1628
92102241,_,1,_,_,00,B,_,3,_,0,_,_,0,0,_,0,0,0,B00T_1E____-3000X_0S__,B1170
92295925,_,1,0,0,00,B,9,3,8,5,7,0,0,0,_,0,0,0,B00T_1E9780-3050X_0S00,B1430
92102426,1,_,0,0,00,B,9,_,9,_,0,0,_,_,0,_,_,_,B00T1_E9090-____X0_S00,B1200
92102251,_,1,0,_,00,B,0,0,0,0,0,0,0,0,0,0,0,0,B00T_1E0000-0000X00S0_,B1171
92102857,_,1,_,0,00,B,_,3,_,5,_,_,3,0,_,0,0,0,B00T_1E____-3350X_0S_0,B1264
92102132,1,1,0,0,00,B,_,3,_,0,_,_,0,0,_,0,0,0,B00T11E____-3000X_0S00,B1154
92304282,_,1,0,0,00,B,_,3,_,4,_,_,4,4,_,0,0,0,B00T_1E____-3444X_0S00,B1961
92129329,1,1,0,0,00,B,_,0,_,0,_,_,0,0,_,0,0,0,B00T11E____-0000X_0S00,T467
92127234,1,1,0,0,00,B,_,0,_,0,_,_,5,4,_,0,0,0,B00T11E____-0504X_0S00,T1140
92101711,_,1,0,0,00,B,_,0,_,0,_,_,0,0,_,0,0,0,B00T_1E____-0000X_0S00,B1102
92102901,1,1,_,0,00,B,9,_,8,_,0,0,_,_,0,_,_,_,B00T11E9080-____X0_S_0,B1269
92299599,1,1,0,0,00,B,8,_,8,_,0,0,_,_,0,_,_,_,B00T11E8080-____X0_S00,B1636
92127211,_,1,0,0,00,B,_,5,_,0,_,_,5,3,_,0,0,0,B00T_1E____-5503X_0S00,T1132
92101947,1,_,0,0,00,B,9,4,7,0,8,0,4,0,0,0,0,0,B00T1_E9870-4400X00S00,B1133
92128181,1,1,0,0,00,B,7,_,0,_,0,0,_,_,0,_,_,_,B00T11E7000-____X0_S00,T279
92303267,_,_,0,0,00,B,,,,,,,,,,,,,B00T__Enannannannan-nannannannanXnannanS00,B1900
92102950,_,_,0,0,00,C,0,4,0,0,0,0,0,0,0,0,0,0,C00T__E0000-4000X00S00,B1279
92101830,1,1,0,_,00,B,8,4,0,0,0,0,0,0,0,_,_,_,B00T11E8000-4000X0_S0_,B1120
92304507,1,_,0,0,00,B,0,_,0,_,0,0,_,_,0,_,_,_,B00T1_E0000-____X0_S00,B1980
92101510,1,1,_,0,00,B,7,_,9,_,0,0,_,_,0,_,_,_,B00T11E7090-____X0_S_0,B1070
92129252,_,1,0,0,00,B,0,3,0,0,0,0,4,0,_,0,0,0,B00T_1E0000-3400X_0S00,T454
92129606,1,_,0,0,00,C,7,4,9,5,9,8,0,0,0,_,_,_,C00T1_E7998-4050X0_S00,T514
92296109,_,1,0,0,00,B,_,4,_,4,_,_,0,0,_,0,0,0,B00T_1E____-4040X_0S00,B1445
92300359,1,1,0,0,00,B,7,3,8,5,0,0,0,0,0,0,0,0,B00T11E7080-3050X00S00,B1689
92103470,1,_,0,0,00,B,8,0,0,0,0,0,4,0,0,_,_,_,B00T1_E8000-0400X0_S00,B1368
92298048,1,1,0,0,00,B,0,_,0,_,0,0,_,_,0,_,_,_,B00T11E0000-____X0_S00,B1549
92300819,1,1,0,0,00,B,7,0,8,0,0,0,0,0,0,0,0,0,B00T11E7080-0000X00S00,B1720
92297009,1,1,0,0,00,B,9,0,8,0,0,0,0,0,0,_,_,_,B00T11E9080-0000X0_S00,B1493
92102046,1,_,0,0,00,B,0,3,0,0,0,0,0,0,_,0,0,0,B00T1_E0000-3000X_0S00,B1143
92102059,1,1,_,0,00,B,_,3,_,4,_,_,0,0,_,0,0,0,B00T11E____-3040X_0S_0,B1146
92129434,1,_,0,0,00,B,0,_,0,_,0,0,_,_,0,_,_,_,B00T1_E0000-____X0_S00,T482
92129373,1,_,0,0,00,B,9,_,9,_,0,0,_,_,0,_,_,_,B00T1_E9090-____X0_S00,T473
92127518,_,_,0,0,00,B,7,0,0,0,0,0,0,0,_,0,0,0,B00T__E7000-0000X_0S00,T1220
92129705,1,0,0,0,00,B,8,_,0,_,0,0,_,_,0,_,_,_,B00T10E8000-____X0_S00,T527
92298663,1,1,0,0,00,B,9,3,8,0,7,0,0,0,_,0,0,0,B00T11E9780-3000X_0S00,B1579
92302018,1,1,0,0,00,B,0,_,0,_,0,0,_,_,0,_,_,_,B00T11E0000-____X0_S00,B1804
92101577,_,_,0,0,00,C,9,3,8,0,7,7,0,0,_,0,0,0,C00T__E9787-3000X_0S00,B1082
92128582,1,0,0,0,00,C,0,_,0,_,0,0,_,_,0,_,_,_,C00T10E0000-____X0_S00,T368
92301611,1,1,0,0,00,B,8,5,9,0,0,0,0,0,0,_,_,_,B00T11E8090-5000X0_S00,B1785
92299530,_,1,0,0,00,B,_,4,_,5,_,_,3,3,_,0,0,0,B00T_1E____-4353X_0S00,B1630
92102876,1,1,0,0,00,B,0,0,0,0,0,0,0,0,0,0,0,0,B00T11E0000-0000X00S00,B1267
92101819,1,1,0,0,00,B,8,_,8,_,0,0,_,_,0,_,_,_,B00T11E8080-____X0_S00,B1115
92128441,_,1,0,0,00,B,_,3,_,4,_,_,0,0,_,0,0,0,B00T_1E____-3040X_0S00,T351
92102520,1,1,0,0,00,C,_,3,_,0,_,_,0,0,_,0,0,0,C00T11E____-3000X_0S00,B1215
92127195,1,_,0,0,00,B,0,_,0,_,0,0,_,_,0,_,_,_,B00T1_E0000-____X0_S00,T1125
92129317,1,1,0,0,00,B,8,4,0,0,0,0,0,0,0,0,0,0,B00T11E8000-4000X00S00,T466
92101724,_,_,0,0,00,B,9,_,9,_,9,0,_,_,0,_,_,_,B00T__E9990-____X0_S00,B1104
92103021,1,_,0,0,00,B,9,_,0,_,0,0,_,_,0,_,_,_,B00T1_E9000-____X0_S00,B1292
92103520,1,1,0,0,00,B,0,3,0,0,0,0,3,0,0,0,0,0,B00T11E0000-3300X00S00,B1374
92129345,1,_,0,0,00,B,9,5,0,0,0,0,0,0,0,0,0,0,B00T1_E9000-5000X00S00,T470
92127651,_,1,_,_,00,B,0,4,0,0,0,0,0,0,_,0,0,0,B00T_1E0000-4000X_0S__,T1258
92102375,1,1,0,0,00,B,_,0,_,0,_,_,0,0,_,0,0,0,B00T11E____-0000X_0S00,B1193
92129398,1,1,0,0,00,B,0,0,0,0,0,0,0,0,0,0,0,0,B00T11E0000-0000X00S00,T476
92128701,1,1,0,0,00,B,7,_,0,_,0,0,_,_,0,_,_,_,B00T11E7000-____X0_S00,T386
92127178,_,1,0,0,00,B,_,0,_,0,_,_,0,0,_,0,0,0,B00T_1E____-0000X_0S00,T1119
92128419,1,1,0,0,00,B,8,0,0,0,0,0,5,0,0,0,0,0,B00T11E8000-0500X00S00,T347
92101870,1,1,_,0,00,B,8,3,9,3,0,0,0,0,0,0,0,0,B00T11E8090-3030X00S_0,B1124
92302536,_,1,0,0,00,B,_,3,_,0,_,_,4,0,_,0,0,0,B00T_1E____-3400X_0S00,B1848
92129424,1,_,0,_,00,B,8,_,7,_,0,0,_,_,0,_,_,_,B00T1_E8070-____X0_S0_,T480
92303222,1,1,_,0,00,B,0,5,8,4,0,0,3,3,0,0,0,0,B00T11E0080-5343X00S_0,B1897
92103199,1,1,_,0,00,B,0,5,0,0,9,8,4,0,_,0,0,0,B00T11E0908-5400X_0S_0,B1319
92102989,1,1,0,0,00,B,8,0,0,0,0,0,0,0,0,_,_,_,B00T11E8000-0000X0_S00,B1287
92303617,1,1,0,0,00,B,9,_,0,_,9,0,_,_,0,_,_,_,B00T11E9900-____X0_S00,B1926
92128969,1,1,0,0,00,B,_,4,_,5,_,_,0,0,_,0,0,0,B00T11E____-4050X_0S00,T426
92128006,1,_,0,0,00,B,8,_,0,_,0,0,_,_,0,_,_,_,B00T1_E8000-____X0_S00,T220
92101948,1,1,0,0,00,B,_,3,_,5,_,_,4,0,_,0,0,0,B00T11E____-3450X_0S00,B1133
92127618,_,1,0,0,00,B,_,4,_,5,_,_,0,0,_,0,0,0,B00T_1E____-4050X_0S00,T1247
92128337,1,1,0,0,00,B,_,0,_,0,_,_,5,0,_,0,0,0,B00T11E____-0500X_0S00,T328
92129427,1,1,0,0,00,B,_,4,_,5,_,_,0,0,_,0,0,0,B00T11E____-4050X_0S00,T480
92302788,_,_,0,0,00,B,0,0,0,0,0,0,0,0,0,_,_,_,B00T__E0000-0000X0_S00,B1867
92301333,1,1,0,0,00,B,_,3,_,0,_,_,4,0,_,0,0,0,B00T11E____-3400X_0S00,B1763
92127998,1,1,0,0,00,B,0,0,0,0,0,0,0,0,0,_,_,_,B00T11E0000-0000X0_S00,T220
92101057,1,1,0,0,00,B,0,0,0,0,0,0,0,0,0,0,0,0,B00T11E0000-0000X00S00,B1011
92304832,1,1,0,0,00,B,8,4,7,5,0,0,0,0,0,0,0,0,B00T11E8070-4050X00S00,B1996
92103162,1,1,1,0,00,B,_,5,_,0,_,_,0,0,_,0,0,0,B00T11E____-5000X_0S10,B1310
92298379,1,1,0,0,00,B,_,5,_,4,_,_,0,0,_,0,0,0,B00T11E____-5040X_0S00,B1562
92296435,1,1,0,0,00,B,7,4,0,5,0,0,0,0,0,_,_,_,B00T11E7000-4050X0_S00,B1462
92128815,_,1,0,0,00,B,_,4,_,0,_,_,0,0,_,0,0,0,B00T_1E____-4000X_0S00,T403
92102368,1,1,0,0,00,B,0,0,0,4,0,0,0,0,0,0,0,0,B00T11E0000-0040X00S00,B1191
92128628,1,_,0,0,00,B,9,0,0,0,9,0,0,0,0,_,_,_,B00T1_E9900-0000X0_S00,T376
92302447,1,_,0,0,00,B,0,_,0,_,0,0,_,_,0,_,_,_,B00T1_E0000-____X0_S00,B1843
92129522,1,1,0,0,00,B,8,4,8,0,8,7,0,0,0,0,0,0,B00T11E8887-4000X00S00,T496
92127872,1,1,0,0,00,B,0,0,0,0,0,0,0,0,0,_,_,_,B00T11E0000-0000X0_S00,T1324
92129810,1,1,0,0,00,B,0,_,0,_,0,0,_,_,0,_,_,_,B00T11E0000-____X0_S00,T547
92128869,_,1,_,_,00,B,,,,,,,,,,,,,B00T_1Enannannannan-nannannannanXnannanS__,T415
92127067,1,1,0,0,00,B,0,_,0,_,0,0,_,_,0,_,_,_,B00T11E0000-____X0_S00,T1078
92128549,1,1,0,0,00,B,7,_,0,_,0,0,_,_,0,_,_,_,B00T11E7000-____X0_S00,T363
92299059,1,1,0,0,00,B,8,0,8,0,0,0,0,0,_,0,0,0,B00T11E8080-0000X_0S00,B1597
92302683,1,1,0,0,00,B,0,5,0,0,0,0,0,0,0,0,0,0,B00T11E0000-5000X00S00,B1859
92129879,_,1,0,0,00,B,_,_,_,_,_,_,_,_,_,_,_,_,B00T_1E____-____X__S00,T558
92102231,1,1,0,0,00,B,8,_,0,_,0,0,_,_,0,_,_,_,B00T11E8000-____X0_S00,B1167
92305014,1,_,0,0,00,B,0,4,0,4,0,0,4,0,0,0,0,0,B00T1_E0000-4440X00S00,B2007
92102233,1,1,0,0,00,B,_,3,_,4,_,_,0,0,_,0,0,0,B00T11E____-3040X_0S00,B1168
92103418,1,1,0,0,00,B,8,_,0,_,0,0,_,_,0,_,_,_,B00T11E8000-____X0_S00,B1359
92305211,1,1,0,0,00,B,_,0,_,0,_,_,0,0,_,0,0,0,B00T11E____-0000X_0S00,B2016
92101451,_,1,0,0,00,B,8,4,0,0,0,0,0,0,_,0,0,0,B00T_1E8000-4000X_0S00,B1063
92305218,1,1,0,0,00,B,0,0,0,0,0,0,0,0,_,0,0,0,B00T11E0000-0000X_0S00,B2016
92127021,1,1,0,_,00,B,0,3,0,0,0,0,0,0,0,0,0,0,B00T11E0000-3000X00S0_,T1063
92300669,1,1,0,0,00,B,0,4,0,0,0,0,0,0,0,0,0,0,B00T11E0000-4000X00S00,B1706
92129919,1,1,0,0,00,B,8,_,0,_,7,0,_,_,0,_,_,_,B00T11E8700-____X0_S00,T568
92102116,_,_,0,0,00,B,_,4,_,0,_,_,0,0,_,0,0,0,B00T__E____-4000X_0S00,B1153
92129822,1,1,0,0,00,B,_,0,_,0,_,_,0,0,_,0,0,0,B00T11E____-0000X_0S00,T550
92296396,1,1,0,0,00,B,0,0,0,0,0,0,0,0,0,0,0,0,B00T11E0000-0000X00S00,B1460
92129160,1,_,0,0,00,B,0,0,8,0,0,0,0,0,0,0,0,0,B00T1_E0080-0000X00S00,T443
92126820,1,1,0,0,00,B,_,4,_,4,_,_,5,0,_,0,0,0,B00T11E____-4540X_0S00,T1003
92127402,_,_,1,0,00,B,_,3,_,0,_,_,0,0,_,0,0,0,B00T__E____-3000X_0S10,T1188
92126984,1,1,0,0,00,B,8,0,8,0,0,0,5,0,0,0,0,0,B00T11E8080-0500X00S00,T1051
92128618,_,_,0,0,00,B,8,0,0,0,0,0,0,0,_,0,0,0,B00T__E8000-0000X_0S00,T375
92128345,1,1,0,0,00,B,7,_,8,_,0,0,_,_,0,_,_,_,B00T11E7080-____X0_S00,T330
92300599,_,1,_,_,00,B,_,3,_,5,_,_,0,0,_,0,0,0,B00T_1E____-3050X_0S__,B1704
92101637,1,1,0,0,00,B,9,5,0,5,0,0,5,0,0,0,0,0,B00T11E9000-5550X00S00,B1091
92296731,1,_,0,0,00,B,8,_,9,_,0,0,_,_,0,_,_,_,B00T1_E8090-____X0_S00,B1482
92296936,1,1,0,0,00,B,8,0,9,0,8,9,0,0,0,_,_,_,B00T11E8899-0000X0_S00,B1491
92300927,1,1,0,0,00,B,9,_,9,_,0,0,_,_,0,_,_,_,B00T11E9090-____X0_S00,B1731
92101000,1,1,_,0,00,B,_,4,_,4,_,_,4,0,_,0,0,0,B00T11E____-4440X_0S_0,B1008
92297293,1,1,0,0,00,B,8,_,0,_,0,0,_,_,0,_,_,_,B00T11E8000-____X0_S00,B1506
92305034,_,_,0,0,00,C,8,_,0,_,0,0,_,_,0,_,_,_,C00T__E8000-____X0_S00,B2008
92304154,1,1,0,0,00,B,8,5,8,4,8,8,4,0,_,0,0,0,B00T11E8888-5440X_0S00,B1955
92297672,1,1,0,0,00,B,_,0,_,0,_,_,0,0,_,0,0,0,B00T11E____-0000X_0S00,B1530
92297472,1,1,0,0,00,B,7,0,0,0,8,0,0,0,0,0,0,0,B00T11E7800-0000X00S00,B1518
92100925,1,0,0,0,00,B,8,4,9,3,8,7,0,0,_,0,0,0,B00T10E8897-4030X_0S00,B1002
92128984,1,1,0,0,00,B,_,4,_,5,_,_,0,0,_,0,0,0,B00T11E____-4050X_0S00,T428
92304058,1,_,0,0,00,B,8,4,8,3,0,0,0,0,0,_,_,_,B00T1_E8080-4030X0_S00,B1949
92129369,_,1,0,0,00,B,9,0,0,0,0,0,0,0,0,0,0,0,B00T_1E9000-0000X00S00,T473
92304896,_,_,_,0,20,_,8,_,7,_,9,0,_,_,0,_,_,_,_20T__E8970-____X0_S_0,B2000
92128061,1,1,0,0,00,B,8,0,8,0,0,0,0,0,_,0,0,0,B00T11E8080-0000X_0S00,T252
92101211,_,_,0,0,00,B,0,_,0,_,0,0,_,_,0,_,_,_,B00T__E0000-____X0_S00,B1029
92303778,1,1,0,0,00,C,0,5,0,0,0,0,0,0,0,0,0,0,C00T11E0000-5000X00S00,B1933
92102057,_,_,_,0,00,B,,,,,,,,,,,,,B00T__Enannannannan-nannannannanXnannanS_0,B1145
92128876,1,_,_,_,_,_,0,_,0,_,0,0,_,_,_,_,_,_,__T1_E0000-____X__S__,T415
92127426,1,1,0,0,00,B,_,0,_,0,_,_,0,0,_,0,0,0,B00T11E____-0000X_0S00,T1200
92129706,_,_,_,0,00,B,,,,,,,,,,,,,B00T__Enannannannan-nannannannanXnannanS_0,T527
92297532,_,_,0,_,00,B,0,3,0,0,0,0,0,0,_,0,0,0,B00T__E0000-3000X_0S0_,B1521
92127158,1,1,0,0,00,B,_,3,_,0,_,_,3,0,_,0,0,0,B00T11E____-3300X_0S00,T1109
92128740,_,_,0,0,00,B,_,3,_,0,_,_,0,0,_,0,0,0,B00T__E____-3000X_0S00,T392
92127499,1,1,0,0,00,B,8,_,7,_,9,0,_,_,0,_,_,_,B00T11E8970-____X0_S00,T1216
92301944,1,1,0,0,00,B,8,0,9,0,8,0,0,0,0,0,0,0,B00T11E8890-0000X00S00,B1798
92126894,1,1,0,0,00,B,8,_,0,_,0,0,_,_,0,_,_,_,B00T11E8000-____X0_S00,T1025
92297511,1,1,0,0,20,C,9,4,7,0,8,0,4,5,_,0,0,0,C20T11E9870-4405X_0S00,B1520
92128022,1,1,0,0,00,B,9,_,0,_,0,0,_,_,0,_,_,_,B00T11E9000-____X0_S00,T239
92101785,1,1,0,0,00,B,0,_,0,_,0,0,_,_,0,_,_,_,B00T11E0000-____X0_S00,B1111
92128237,1,1,0,0,00,B,8,0,7,0,0,0,0,0,0,0,0,0,B00T11E8070-0000X00S00,T297
92128637,1,1,0,0,00,B,0,0,0,0,0,0,0,0,0,0,0,0,B00T11E0000-0000X00S00,T377
92101040,_,_,0,0,00,B,0,_,0,_,0,0,_,_,0,_,_,_,B00T__E0000-____X0_S00,B1011
92127355,1,1,0,0,00,B,9,4,8,0,0,0,0,0,0,0,0,0,B00T11E9080-4000X00S00,T1179
92128996,_,_,0,0,00,B,_,0,_,0,_,_,0,0,_,0,0,0,B00T__E____-0000X_0S00,T430
92297735,1,1,0,0,00,B,_,3,_,4,_,_,0,0,_,0,0,0,B00T11E____-3040X_0S00,B1532
92298399,1,1,0,_,00,B,8,4,9,0,0,0,0,0,_,0,0,0,B00T11E8090-4000X_0S0_,B1564
92101691,1,1,0,0,00,B,9,_,0,_,0,0,_,_,0,_,_,_,B00T11E9000-____X0_S00,B1100
92103151,1,1,_,0,00,B,0,0,9,0,8,8,0,0,0,0,0,0,B00T11E0898-0000X00S_0,B1310
92304763,1,1,0,0,00,B,_,0,_,0,_,_,4,0,_,0,0,0,B00T11E____-0400X_0S00,B1992
92101718,1,1,0,0,00,B,0,4,0,0,0,0,0,0,0,0,0,0,B00T11E0000-4000X00S00,B1103
92304636,1,1,0,0,00,B,9,_,8,_,0,0,_,_,0,_,_,_,B00T11E9080-____X0_S00,B1987
92102297,1,1,0,0,00,B,8,0,8,0,0,0,0,0,0,_,_,_,B00T11E8080-0000X0_S00,B1181
92101492,1,1,0,0,00,B,8,4,8,3,0,0,5,0,0,0,0,0,B00T11E8080-4530X00S00,B1069
92299197,1,_,0,0,00,B,0,3,0,5,0,0,0,0,0,0,0,0,B00T1_E0000-3050X00S00,B1605
92102871,1,_,_,_,00,B,9,_,0,_,0,0,_,_,0,_,_,_,B00T1_E9000-____X0_S__,B1264
92296359,1,1,0,0,00,B,0,0,0,0,0,0,0,0,0,_,_,_,B00T11E0000-0000X0_S00,B1459
92127636,1,1,0,0,00,B,0,0,0,0,0,0,0,0,0,0,0,0,B00T11E0000-0000X00S00,T1251
92295856,_,1,0,0,00,B,7,0,7,3,0,0,0,0,0,0,0,0,B00T_1E7070-0030X00S00,B1428
92303606,1,1,_,_,_,_,_,4,_,3,_,_,3,4,_,0,0,0,__T11E____-4334X_0S__,B1924
92126834,1,1,0,0,00,B,0,0,0,0,0,0,0,0,0,_,_,_,B00T11E0000-0000X0_S00,T1007
92128142,1,1,0,0,00,B,_,3,_,0,_,_,0,0,_,1,1,1,B00T11E____-3000X_1S00,T269
92128322,_,1,0,0,00,B,_,5,_,4,_,_,0,0,_,0,0,0,B00T_1E____-5040X_0S00,T323
92126864,1,1,_,_,00,B,0,0,0,0,0,0,0,0,_,0,0,0,B00T11E0000-0000X_0S__,T1016
92301633,_,1,0,0,00,B,_,5,_,0,_,_,0,0,_,0,0,0,B00T_1E____-5000X_0S00,B1786
92296360,1,1,0,0,00,B,0,0,0,0,0,0,0,0,0,0,0,0,B00T11E0000-0000X00S00,B1459
92126848,1,1,_,0,00,B,0,0,0,0,0,0,4,0,0,0,0,0,B00T11E0000-0400X00S_0,T1011
92101330,1,1,0,0,00,B,_,4,_,3,_,_,0,0,_,0,0,0,B00T11E____-4030X_0S00,B1041
92129592,_,_,0,0,00,B,8,_,9,_,0,0,_,_,0,_,_,_,B00T__E8090-____X0_S00,T512
92101511,1,1,0,0,00,B,_,5,_,4,_,_,5,0,_,0,0,0,B00T11E____-5540X_0S00,B1070
92101139,1,1,0,0,00,B,7,0,8,0,0,0,0,0,0,0,0,0,B00T11E7080-0000X00S00,B1018
92129471,_,1,_,0,00,B,_,4,_,5,_,_,0,0,_,0,0,0,B00T_1E____-4050X_0S_0,T489
92305151,1,1,0,0,00,B,0,0,0,0,0,0,0,0,0,0,0,0,B00T11E0000-0000X00S00,B2013
92128691,1,1,0,0,00,B,9,0,0,0,0,0,0,0,0,0,0,0,B00T11E9000-0000X00S00,T385
92129718,1,_,0,0,20,C,8,_,0,_,0,0,_,_,0,_,_,_,C20T1_E8000-____X0_S00,T531
92298090,1,_,0,0,00,B,_,3,_,0,_,_,0,0,_,0,0,0,B00T1_E____-3000X_0S00,B1553
92295996,1,1,0,0,00,B,0,5,0,5,0,0,4,5,0,0,0,0,B00T11E0000-5455X00S00,B1437
92127108,1,1,0,0,20,B,0,_,0,_,0,0,_,_,0,_,_,_,B20T11E0000-____X0_S00,T1093
92298465,_,1,0,0,00,B,0,0,0,0,0,0,0,0,_,0,0,0,B00T_1E0000-0000X_0S00,B1571
92299665,1,1,0,_,20,_,0,_,0,_,0,0,_,_,0,_,_,_,_20T11E0000-____X0_S0_,B1643
92129343,1,1,0,0,00,B,_,4,_,5,_,_,0,0,_,0,0,0,B00T11E____-4050X_0S00,T470
92128023,1,1,_,0,00,C,9,_,0,_,0,0,_,_,0,_,_,_,C00T11E9000-____X0_S_0,T239
92127404,_,_,_,0,00,B,0,3,0,4,0,0,0,0,_,0,0,0,B00T__E0000-3040X_0S_0,T1189
92103375,1,_,0,0,00,C,0,_,0,_,0,0,_,_,0,_,_,_,C00T1_E0000-____X0_S00,B1350
92298676,1,1,0,0,20,B,0,0,0,0,7,0,0,0,0,0,0,0,B20T11E0700-0000X00S00,B1580
92101128,1,1,0,0,00,B,7,_,8,_,0,0,_,_,0,_,_,_,B00T11E7080-____X0_S00,B1018
92103308,1,_,0,0,00,B,8,_,8,_,0,0,_,_,0,_,_,_,B00T1_E8080-____X0_S00,B1336
92101519,1,1,0,0,20,B,9,4,8,5,0,0,0,0,0,0,0,0,B20T11E9080-4050X00S00,B1072
92305275,1,1,0,0,00,B,0,3,0,0,0,0,0,0,0,0,0,0,B00T11E0000-3000X00S00,B2019
92102780,1,1,0,0,00,B,0,3,0,5,0,0,0,0,0,0,0,0,B00T11E0000-3050X00S00,B1259
92102555,1,1,0,0,00,B,_,0,_,0,_,_,0,0,_,0,0,0,B00T11E____-0000X_0S00,B1219
92128848,1,1,_,0,_,_,_,3,_,0,_,_,0,0,_,0,0,0,__T11E____-3000X_0S_0,T411
92102196,1,1,0,0,00,B,8,0,7,0,0,0,0,0,0,0,0,0,B00T11E8070-0000X00S00,B1160
92102732,1,1,0,0,00,B,9,0,8,0,7,7,0,0,_,0,0,0,B00T11E9787-0000X_0S00,B1253
92300412,1,_,0,0,00,B,8,4,7,4,7,0,5,0,0,_,_,_,B00T1_E8770-4540X0_S00,B1693
92301003,1,1,0,0,00,B,8,_,0,_,9,0,_,_,0,_,_,_,B00T11E8900-____X0_S00,B1739
92102091,1,1,0,0,00,B,0,3,0,4,9,0,0,0,0,0,0,0,B00T11E0900-3040X00S00,B1148
92129987,_,1,0,0,00,B,_,4,_,0,_,_,0,0,_,0,0,0,B00T_1E____-4000X_0S00,T584
92127485,_,_,0,0,00,B,_,0,_,0,_,_,0,0,_,0,0,0,B00T__E____-0000X_0S00,T1213
92300670,1,1,0,0,00,B,8,0,7,0,0,0,0,0,0,0,0,0,B00T11E8070-0000X00S00,B1707
92129708,1,1,0,0,00,B,_,0,_,0,_,_,0,0,_,0,0,0,B00T11E____-0000X_0S00,T528
92305644,1,1,0,0,00,B,_,0,_,0,_,_,0,0,_,0,0,0,B00T11E____-0000X_0S00,B2042
92127596,1,_,0,0,20,_,0,_,0,_,0,0,_,_,0,_,_,_,_20T1_E0000-____X0_S00,T1241
92101892,1,1,0,0,00,B,_,3,_,0,_,_,0,0,_,0,0,0,B00T11E____-3000X_0S00,B1127
92127333,1,1,0,0,00,B,8,_,7,_,0,0,_,_,0,_,_,_,B00T11E8070-____X0_S00,T1172
92127018,1,1,0,0,00,B,9,_,8,_,0,0,_,_,0,_,_,_,B00T11E9080-____X0_S00,T1062
92127072,1,1,_,_,00,B,_,0,_,0,_,_,0,0,_,0,0,0,B00T11E____-0000X_0S__,T1080
92101032,1,1,0,0,00,B,8,0,9,0,0,0,0,0,0,0,0,0,B00T11E8090-0000X00S00,B1009
92128371,1,_,0,0,00,B,8,_,0,_,0,0,_,_,0,_,_,_,B00T1_E8000-____X0_S00,T335
92296114,_,_,0,0,00,B,_,4,_,3,_,_,0,0,_,0,0,0,B00T__E____-4030X_0S00,B1445
92101188,_,1,0,0,20,B,_,3,_,0,_,_,0,0,_,0,0,0,B20T_1E____-3000X_0S00,B1027
92102746,1,1,0,0,00,B,0,0,0,0,0,0,3,5,0,0,0,0,B00T11E0000-0305X00S00,B1258
92302782,1,_,0,0,00,B,8,_,0,_,8,0,_,_,0,_,_,_,B00T1_E8800-____X0_S00,B1867
92103347,_,_,0,0,00,B,_,4,_,0,_,_,0,0,_,0,0,0,B00T__E____-4000X_0S00,B1347
92127620,_,1,_,_,_,_,_,4,_,5,_,_,0,0,_,_,_,_,__T_1E____-4050X__S__,T1248
92302983,1,1,0,0,00,B,_,4,_,5,_,_,0,0,_,0,0,0,B00T11E____-4050X_0S00,B1883
92299379,1,1,_,0,00,B,8,_,0,_,0,0,_,_,0,_,_,_,B00T11E8000-____X0_S_0,B1618
92128500,1,_,0,0,00,B,_,0,_,0,_,_,0,0,_,0,0,0,B00T1_E____-0000X_0S00,T357
92127847,1,1,0,0,00,B,0,4,0,0,0,0,0,0,0,0,0,0,B00T11E0000-4000X00S00,T1317
92128454,1,1,0,0,00,B,_,4,_,0,_,_,4,0,_,0,0,0,B00T11E____-4400X_0S00,T354
92103090,1,1,0,0,00,B,8,4,0,0,0,0,0,0,0,0,0,0,B00T11E8000-4000X00S00,B1301
92296948,_,1,0,0,00,B,_,4,_,0,_,_,0,0,_,0,0,0,B00T_1E____-4000X_0S00,B1492
92126953,1,_,0,0,00,B,0,0,0,0,0,0,0,0,0,_,_,_,B00T1_E0000-0000X0_S00,T1042
92129857,_,_,0,0,00,B,0,0,0,0,0,0,0,0,_,0,0,0,B00T__E0000-0000X_0S00,T555
92102255,_,1,0,0,00,B,0,_,0,_,7,0,_,_,0,_,_,_,B00T_1E0700-____X0_S00,B1173
92129231,1,1,0,0,00,B,_,5,_,5,_,_,0,0,_,0,0,0,B00T11E____-5050X_0S00,T452
92101831,1,1,0,0,00,B,8,_,0,_,0,0,_,_,0,_,_,_,B00T11E8000-____X0_S00,B1121
92128225,1,1,1,_,00,B,9,4,8,3,0,0,3,5,_,0,0,0,B00T11E9080-4335X_0S1_,T293
92102586,1,1,0,0,00,B,9,0,9,0,0,0,0,0,0,0,0,0,B00T11E9090-0000X00S00,B1224
92101011,_,1,_,0,00,B,_,4,_,3,_,_,0,0,_,0,0,0,B00T_1E____-4030X_0S_0,B1008
92103435,1,_,0,0,00,B,9,_,9,_,8,0,_,_,0,_,_,_,B00T1_E9890-____X0_S00,B1362
92101534,1,1,_,0,00,C,0,0,0,0,9,0,3,0,0,0,0,0,C00T11E0900-0300X00S_0,B1074
92128063,_,_,0,0,00,B,_,3,_,4,_,_,0,0,_,0,0,0,B00T__E____-3040X_0S00,T253
92299138,1,1,0,0,00,C,9,0,0,0,0,0,0,0,0,0,0,0,C00T11E9000-0000X00S00,B1602
92295517,_,1,0,0,00,B,_,0,_,0,_,_,0,0,_,0,0,0,B00T_1E____-0000X_0S00,B1404
92127809,1,_,0,0,00,B,9,_,0,_,0,0,_,_,0,_,_,_,B00T1_E9000-____X0_S00,T1306
92128838,1,1,0,0,00,B,0,4,0,4,0,0,0,0,0,0,0,0,B00T11E0000-4040X00S00,T408
92100962,1,1,0,0,00,B,_,3,_,0,_,_,0,0,_,0,0,0,B00T11E____-3000X_0S00,B1005
92101865,1,_,_,0,00,B,_,5,_,4,_,_,3,0,_,0,0,0,B00T1_E____-5340X_0S_0,B1124
92127767,_,_,0,_,20,_,0,0,0,0,0,0,0,0,_,0,0,0,_20T__E0000-0000X_0S0_,T1292
92298987,1,1,0,0,00,B,0,3,0,0,0,0,0,0,0,0,0,0,B00T11E0000-3000X00S00,B1594
92101055,_,_,0,0,00,B,0,_,0,_,0,0,_,_,0,_,_,_,B00T__E0000-____X0_S00,B1011
92298306,1,1,0,0,00,B,7,0,0,0,0,0,0,0,0,0,0,0,B00T11E7000-0000X00S00,B1559
92127035,1,1,0,0,00,B,0,_,0,_,0,0,_,_,0,_,_,_,B00T11E0000-____X0_S00,T1067
92129588,1,_,0,0,00,B,0,_,0,_,0,0,_,_,0,_,_,_,B00T1_E0000-____X0_S00,T510
92296844,1,1,0,0,00,B,0,4,0,0,0,0,0,0,_,0,0,0,B00T11E0000-4000X_0S00,B1487
92129138,1,0,0,0,00,B,0,0,0,0,0,0,0,0,0,0,0,0,B00T10E0000-0000X00S00,T441
92128990,_,_,0,0,00,B,9,_,9,_,0,0,_,_,0,_,_,_,B00T__E9090-____X0_S00,T429
92101562,1,1,0,0,00,B,9,4,8,4,0,0,0,0,0,0,0,0,B00T11E9080-4040X00S00,B1078
92302197,1,1,0,0,00,B,_,5,_,4,_,_,0,0,_,0,0,0,B00T11E____-5040X_0S00,B1819
92102159,1,_,0,_,00,B,8,_,8,_,0,0,_,_,0,_,_,_,B00T1_E8080-____X0_S0_,B1156
92303487,1,1,_,_,00,B,9,_,0,_,0,0,_,_,0,_,_,_,B00T11E9000-____X0_S__,B1913
92298995,1,_,0,0,00,B,0,_,0,_,0,0,_,_,0,_,_,_,B00T1_E0000-____X0_S00,B1594
92128611,1,1,0,0,00,B,0,0,0,0,0,0,0,0,0,_,_,_,B00T11E0000-0000X0_S00,T374
92101239,1,1,0,0,00,B,8,4,0,3,0,0,0,0,0,0,0,0,B00T11E8000-4030X00S00,B1032
92101909,1,1,0,0,00,B,_,4,_,0,_,_,0,0,_,0,0,0,B00T11E____-4000X_0S00,B1129
92127146,1,_,0,0,00,B,8,_,9,_,0,0,_,_,0,_,_,_,B00T1_E8090-____X0_S00,T1105
92129568,_,_,0,0,00,B,8,0,0,0,0,0,5,0,_,0,0,0,B00T__E8000-0500X_0S00,T506
92297149,1,_,0,0,20,B,0,_,0,_,0,0,_,_,0,_,_,_,B20T1_E0000-____X0_S00,B1498
92300582,1,1,0,0,00,B,_,0,_,0,_,_,0,0,_,0,0,0,B00T11E____-0000X_0S00,B1704
92103070,1,1,0,0,00,B,0,_,0,_,8,0,_,_,0,_,_,_,B00T11E0800-____X0_S00,B1298
92127714,1,1,0,0,20,B,_,5,_,4,_,_,0,0,_,0,0,0,B20T11E____-5040X_0S00,T1279
92303568,1,_,0,0,00,B,8,0,0,0,0,0,0,0,0,_,_,_,B00T1_E8000-0000X0_S00,B1921
92299594,1,1,0,0,00,B,9,4,8,0,8,8,0,0,0,0,0,0,B00T11E9888-4000X00S00,B1636
92301207,1,1,0,0,00,B,8,_,8,_,0,0,_,_,0,_,_,_,B00T11E8080-____X0_S00,B1753
92128092,1,_,0,0,00,B,7,4,8,3,0,0,0,0,_,0,0,0,B00T1_E7080-4030X_0S00,T257
92102140,1,1,0,0,00,B,_,3,_,3,_,_,3,3,_,0,0,0,B00T11E____-3333X_0S00,B1154
92102912,1,1,0,0,00,B,0,0,0,0,9,0,0,0,0,0,0,0,B00T11E0900-0000X00S00,B1271
92101340,1,1,0,0,00,B,0,0,0,0,0,0,0,0,0,0,0,0,B00T11E0000-0000X00S00,B1042
92129010,1,1,0,0,00,B,9,0,8,0,0,0,0,0,0,0,0,0,B00T11E9080-0000X00S00,T431
92129764,1,1,0,0,00,B,_,4,_,0,_,_,0,0,_,0,0,0,B00T11E____-4000X_0S00,T539
92101389,1,1,0,0,00,B,9,_,9,_,0,0,_,_,0,_,_,_,B00T11E9090-____X0_S00,B1050
92101758,1,1,0,0,00,B,0,_,0,_,0,0,_,_,0,_,_,_,B00T11E0000-____X0_S00,B1109
92301312,1,1,0,0,00,B,7,0,0,0,0,0,0,0,0,_,_,_,B00T11E7000-0000X0_S00,B1761
92301986,1,1,0,0,00,B,9,5,0,0,9,0,0,0,0,0,0,0,B00T11E9900-5000X00S00,B1802
92103194,1,0,0,0,00,B,_,3,_,0,_,_,4,0,_,0,0,0,B00T10E____-3400X_0S00,B1318
92102591,1,1,_,0,00,B,0,5,0,0,0,0,0,0,_,0,0,0,B00T11E0000-5000X_0S_0,B1224
92103390,1,1,0,0,00,B,0,_,0,_,7,0,_,_,0,_,_,_,B00T11E0700-____X0_S00,B1354
92101601,1,0,0,0,00,B,_,4,_,0,_,_,0,0,_,0,0,0,B00T10E____-4000X_0S00,B1084
92305494,1,1,0,0,00,B,0,_,0,_,0,0,_,_,0,_,_,_,B00T11E0000-____X0_S00,B2033
92129351,1,_,0,0,00,B,9,5,0,0,7,0,0,0,0,_,_,_,B00T1_E9700-5000X0_S00,T470
92129605,1,1,0,0,00,B,7,_,8,_,0,0,_,_,0,_,_,_,B00T11E7080-____X0_S00,T514
92301217,1,1,0,0,00,B,9,4,0,4,0,0,4,0,0,0,0,0,B00T11E9000-4440X00S00,B1753
92129500,_,1,_,0,00,B,_,0,_,0,_,_,0,0,_,0,0,0,B00T_1E____-0000X_0S_0,T491
92298535,1,1,_,0,00,B,9,3,8,0,0,0,0,0,0,0,0,0,B00T11E9080-3000X00S_0,B1575
92128629,1,1,0,0,00,B,0,0,0,0,0,0,0,0,0,0,0,0,B00T11E0000-0000X00S00,T376
92128946,1,1,0,0,20,B,0,0,0,0,0,0,0,0,_,0,0,0,B20T11E0000-0000X_0S00,T422
92299252,1,1,0,0,00,B,_,0,_,0,_,_,0,0,_,0,0,0,B00T11E____-0000X_0S00,B1609
92102777,1,1,0,0,20,B,0,4,0,0,0,0,0,0,0,0,0,0,B20T11E0000-4000X00S00,B1259
92298084,1,_,0,0,00,B,8,_,0,_,0,0,_,_,0,_,_,_,B00T1_E8000-____X0_S00,B1552
92298412,1,1,0,0,00,B,0,_,0,_,0,0,_,_,0,_,_,_,B00T11E0000-____X0_S00,B1565
92101980,1,1,0,0,00,B,_,3,_,4,_,_,0,0,_,0,0,0,B00T11E____-3040X_0S00,B1136
92297041,1,1,0,0,00,B,9,0,8,0,0,0,0,0,0,_,_,_,B00T11E9080-0000X0_S00,B1494
92101431,1,1,0,0,00,B,9,_,8,_,0,0,_,_,0,_,_,_,B00T11E9080-____X0_S00,B1060
92129382,1,_,0,0,20,B,0,_,0,_,0,0,_,_,0,_,_,_,B20T1_E0000-____X0_S00,T474
92101282,_,_,_,_,00,B,_,3,_,4,_,_,3,0,_,0,0,0,B00T__E____-3340X_0S__,B1035
92305612,1,1,0,0,00,B,9,0,8,0,7,9,0,0,_,_,_,_,B00T11E9789-0000X__S00,B2041
92129533,_,1,0,_,00,B,8,0,0,0,8,0,0,0,_,0,0,0,B00T_1E8800-0000X_0S0_,T497
92304267,1,1,0,0,00,B,0,0,0,0,0,0,0,0,0,0,0,0,B00T11E0000-0000X00S00,B1959
92295396,1,1,0,0,00,B,9,3,8,0,7,8,0,0,_,0,0,0,B00T11E9788-3000X_0S00,B1392
92126941,1,1,0,0,20,_,_,4,_,0,_,_,0,0,_,0,0,0,_20T11E____-4000X_0S00,T1040
92101366,1,1,0,0,00,B,0,_,0,_,0,0,_,_,0,_,_,_,B00T11E0000-____X0_S00,B1047
92298547,_,1,0,0,00,B,_,3,_,0,_,_,0,0,_,0,0,0,B00T_1E____-3000X_0S00,B1575
92129639,_,1,0,0,00,B,8,_,9,4,0,0,_,0,0,_,_,_,B00T_1E8090-__40X0_S00,T519
92128750,_,_,0,0,00,B,9,_,8,_,0,0,_,_,0,_,_,_,B00T__E9080-____X0_S00,T395
92128004,1,1,_,0,00,B,0,4,0,5,0,0,0,0,0,0,0,0,B00T11E0000-4050X00S_0,T220
92102147,1,1,0,0,00,B,_,3,_,3,_,_,0,0,_,0,0,0,B00T11E____-3030X_0S00,B1154
92305121,1,1,0,0,00,B,0,3,0,0,0,0,5,0,_,0,0,0,B00T11E0000-3500X_0S00,B2012
92128235,1,1,0,_,00,B,0,0,0,0,7,0,0,0,_,0,0,0,B00T11E0700-0000X_0S0_,T297
92127460,_,1,0,0,00,B,,,,,,,,,,,,,B00T_1Enannannannan-nannannannanXnannanS00,T1208
92101171,1,1,0,0,00,B,0,0,0,0,0,0,5,0,0,_,_,_,B00T11E0000-0500X0_S00,B1021
92101937,_,1,0,0,00,B,0,_,0,_,0,0,_,_,0,_,_,_,B00T_1E0000-____X0_S00,B1132
92129642,1,1,0,0,00,B,9,5,0,4,0,0,3,0,0,0,0,0,B00T11E9000-5340X00S00,T520
92101607,0,1,0,0,00,B,9,_,8,_,0,0,_,_,0,_,_,_,B00T01E9080-____X0_S00,B1085
92303013,1,_,0,_,00,B,0,_,0,_,0,0,_,_,0,_,_,_,B00T1_E0000-____X0_S0_,B1884
92102318,1,1,0,0,00,B,8,0,0,0,7,0,0,0,_,0,0,0,B00T11E8700-0000X_0S00,B1182
92298087,1,1,_,0,00,B,8,_,0,_,0,0,_,_,0,_,_,_,B00T11E8000-____X0_S_0,B1552
92127171,1,1,0,0,00,B,0,0,0,0,0,0,0,0,0,0,0,0,B00T11E0000-0000X00S00,T1116
92298651,1,_,0,0,00,B,9,_,0,_,9,0,_,_,0,_,_,_,B00T1_E9900-____X0_S00,B1579
92102624,1,_,0,0,00,B,8,3,0,0,8,0,3,0,0,0,0,0,B00T1_E8800-3300X00S00,B1229
92129250,0,_,0,0,00,B,0,0,0,0,0,0,0,0,_,_,_,_,B00T0_E0000-0000X__S00,T454
92128550,1,1,0,0,00,B,7,4,9,5,0,0,4,0,0,_,_,_,B00T11E7090-4450X0_S00,T363
92128789,_,_,0,0,00,B,0,0,0,0,0,0,0,0,0,0,0,0,B00T__E0000-0000X00S00,T400
92101989,1,_,0,0,00,B,9,_,0,_,0,0,_,_,0,_,_,_,B00T1_E9000-____X0_S00,B1138
92129460,_,_,_,0,00,B,8,_,8,_,0,0,_,_,0,_,_,_,B00T__E8080-____X0_S_0,T487
92303070,1,1,0,0,00,C,9,_,0,_,0,0,_,_,0,_,_,_,C00T11E9000-____X0_S00,B1886
92300419,_,1,0,0,00,B,_,3,_,4,_,_,0,0,_,0,0,0,B00T_1E____-3040X_0S00,B1694
92129832,1,1,1,0,00,B,7,5,9,4,0,0,0,0,0,0,0,0,B00T11E7090-5040X00S10,T552
92103247,1,1,_,0,00,B,0,3,0,0,0,0,4,3,0,0,0,0,B00T11E0000-3403X00S_0,B1322
92127421,1,1,0,0,00,B,0,0,0,0,8,0,0,0,0,_,_,_,B00T11E0800-0000X0_S00,T1198
92103608,1,1,0,0,00,B,0,_,0,_,0,0,_,_,0,_,_,_,B00T11E0000-____X0_S00,B1391
92296213,1,_,0,0,00,B,8,0,7,0,7,0,0,0,0,0,0,0,B00T1_E8770-0000X00S00,B1449
92103236,1,1,0,0,00,B,9,_,9,_,0,0,_,_,0,_,_,_,B00T11E9090-____X0_S00,B1321
92103573,1,_,0,0,00,B,9,_,0,_,0,0,_,_,0,_,_,_,B00T1_E9000-____X0_S00,B1386
92298836,1,1,0,0,20,_,8,3,7,5,0,0,0,0,0,0,0,0,_20T11E8070-3050X00S00,B1589
92103198,1,1,0,_,00,C,_,5,_,0,_,_,4,0,_,0,0,0,C00T11E____-5400X_0S0_,B1319
92299071,1,1,0,0,00,B,_,0,_,0,_,_,0,0,_,0,0,0,B00T11E____-0000X_0S00,B1598
92298019,1,1,0,0,00,B,8,0,8,0,0,0,0,0,0,_,_,_,B00T11E8080-0000X0_S00,B1548
92101770,_,1,0,0,00,B,_,3,_,0,_,_,0,0,_,0,0,0,B00T_1E____-3000X_0S00,B1111
92295562,1,1,0,0,00,B,_,5,_,0,_,_,0,0,_,0,0,0,B00T11E____-5000X_0S00,B1406
92296008,1,1,0,0,00,B,0,_,0,_,0,0,_,_,0,_,_,_,B00T11E0000-____X0_S00,B1441
92127722,1,1,0,0,00,B,9,_,0,_,9,0,_,_,0,_,_,_,B00T11E9900-____X0_S00,T1281
92102599,1,1,0,_,00,B,0,_,0,_,0,0,_,_,0,_,_,_,B00T11E0000-____X0_S0_,B1225
92303358,1,1,0,0,00,B,0,4,0,0,0,0,0,0,0,0,0,0,B00T11E0000-4000X00S00,B1908
92128971,1,1,0,0,00,B,0,3,0,0,0,0,0,0,_,0,0,0,B00T11E0000-3000X_0S00,T426
92127725,_,1,0,0,00,B,0,_,0,_,0,0,_,_,0,_,_,_,B00T_1E0000-____X0_S00,T1282
92297594,1,1,0,_,20,B,0,0,0,0,0,0,0,0,0,0,0,0,B20T11E0000-0000X00S0_,B1525
92302346,1,_,0,0,00,B,9,4,8,5,0,0,3,0,0,0,0,0,B00T1_E9080-4350X00S00,B1832
92100937,1,_,0,0,00,B,0,4,0,3,0,0,3,3,0,0,0,0,B00T1_E0000-4333X00S00,B1002
92101635,1,1,0,0,00,B,9,4,0,5,0,0,5,4,0,0,0,0,B00T11E9000-4554X00S00,B1091
92128945,0,1,0,0,00,B,0,0,0,0,0,0,0,0,_,0,0,0,B00T01E0000-0000X_0S00,T422
92100889,1,1,0,0,00,B,9,0,0,0,0,0,0,0,0,_,_,_,B00T11E9000-0000X0_S00,B1001
92103517,1,1,0,0,00,B,_,0,_,0,_,_,0,0,_,0,0,0,B00T11E____-0000X_0S00,B1374
92100864,_,_,0,0,00,B,8,_,0,_,0,0,_,_,0,_,_,_,B00T__E8000-____X0_S00,B1000
92101224,_,1,0,0,00,B,8,_,0,_,0,0,_,_,0,_,_,_,B00T_1E8000-____X0_S00,B1032
92305765,1,0,0,0,00,B,_,3,_,4,_,_,0,0,_,0,0,0,B00T10E____-3040X_0S00,B2047
92129489,_,1,0,0,00,C,0,0,0,0,0,0,0,0,0,_,_,_,C00T_1E0000-0000X0_S00,T490
92103416,1,1,_,0,00,B,9,_,0,_,7,0,_,_,0,_,_,_,B00T11E9700-____X0_S_0,B1358
92298677,1,1,0,0,00,B,0,3,0,0,0,0,3,0,0,0,0,0,B00T11E0000-3300X00S00,B1580
92101454,1,1,0,0,20,B,0,0,0,0,0,0,0,0,0,_,_,_,B20T11E0000-0000X0_S00,B1063
92303627,1,1,0,0,00,B,7,_,0,_,0,0,_,_,0,_,_,_,B00T11E7000-____X0_S00,B1927
92299060,_,1,0,0,00,B,_,0,_,0,_,_,0,0,_,0,0,0,B00T_1E____-0000X_0S00,B1597
92101223,_,1,0,0,00,B,8,0,8,0,0,0,0,0,0,0,0,0,B00T_1E8080-0000X00S00,B1032
92127856,1,1,0,0,00,B,7,0,0,0,8,7,0,0,0,0,0,0,B00T11E7807-0000X00S00,T1319
92304770,_,1,0,0,00,B,0,0,0,0,0,0,4,0,_,0,0,0,B00T_1E0000-0400X_0S00,B1992
92103460,_,1,0,0,00,B,0,3,0,0,0,0,3,0,_,0,0,0,B00T_1E0000-3300X_0S00,B1366
92298720,1,_,0,_,00,B,9,4,9,4,0,0,0,0,0,0,0,0,B00T1_E9090-4040X00S0_,B1581
92129795,1,1,0,0,20,B,9,3,0,0,0,0,0,0,0,0,0,0,B20T11E9000-3000X00S00,T544
92128291,1,1,0,0,00,B,_,3,_,0,_,_,3,0,_,0,0,0,B00T11E____-3300X_0S00,T317
92296565,1,1,0,0,20,B,7,_,0,_,0,0,_,_,0,_,_,_,B20T11E7000-____X0_S00,B1472
92128830,_,1,0,0,00,B,0,4,0,0,0,0,0,0,_,0,0,0,B00T_1E0000-4000X_0S00,T407
92102190,1,1,0,0,20,C,9,_,0,_,7,0,_,_,0,_,_,_,C20T11E9700-____X0_S00,B1157
92304034,0,1,0,_,00,B,9,_,9,_,0,0,_,_,0,_,_,_,B00T01E9090-____X0_S0_,B1947
92129082,1,1,_,0,00,B,9,3,0,0,0,0,0,0,0,_,_,_,B00T11E9000-3000X0_S_0,T437
92101878,1,_,0,0,00,B,_,5,_,0,_,_,0,0,_,0,0,0,B00T1_E____-5000X_0S00,B1124
92103442,0,1,0,0,00,B,_,4,_,4,_,_,0,0,_,0,0,0,B00T01E____-4040X_0S00,B1364
92102923,1,1,0,0,00,B,0,0,0,0,0,0,0,0,0,_,_,_,B00T11E0000-0000X0_S00,B1272
92128546,1,1,_,0,00,B,9,_,8,_,0,0,_,_,0,_,_,_,B00T11E9080-____X0_S_0,T362
92128330,1,1,0,0,00,B,7,4,0,0,0,0,0,0,0,0,0,0,B00T11E7000-4000X00S00,T326
92304387,0,1,0,0,00,B,0,_,0,_,0,0,_,_,0,_,_,_,B00T01E0000-____X0_S00,B1970
92129520,1,1,0,0,00,B,9,5,0,5,0,0,0,0,0,0,0,0,B00T11E9000-5050X00S00,T495
92303298,1,_,0,0,00,B,_,0,_,0,_,_,0,0,_,0,0,0,B00T1_E____-0000X_0S00,B1903
92102739,1,1,0,0,00,B,9,_,9,_,0,0,_,_,0,_,_,_,B00T11E9090-____X0_S00,B1255
92102955,1,_,0,0,00,B,_,3,_,4,_,_,3,0,_,0,0,0,B00T1_E____-3340X_0S00,B1280
92129662,1,_,0,0,00,B,0,_,0,_,0,0,_,_,0,_,_,_,B00T1_E0000-____X0_S00,T521
92305180,1,1,0,0,00,C,0,0,0,0,0,0,0,0,0,0,0,0,C00T11E0000-0000X00S00,B2013
92126956,0,1,0,0,00,B,8,0,0,0,0,0,0,0,0,0,0,0,B00T01E8000-0000X00S00,T1043
92129038,1,1,0,0,00,B,_,4,_,4,_,_,0,0,_,0,0,0,B00T11E____-4040X_0S00,T434
92296346,1,1,0,0,00,B,8,_,7,_,0,0,_,_,0,_,_,_,B00T11E8070-____X0_S00,B1458
92127889,1,_,0,_,00,B,9,_,0,_,0,0,_,_,0,_,_,_,B00T1_E9000-____X0_S0_,T1328
92101713,1,_,0,_,00,B,0,_,0,_,0,0,_,_,_,_,_,_,B00T1_E0000-____X__S0_,B1102
92129020,_,_,0,0,00,B,_,4,_,0,_,_,4,4,_,0,0,0,B00T__E____-4404X_0S00,T432
92103371,_,1,0,0,00,B,0,5,0,0,0,0,0,0,_,0,0,0,B00T_1E0000-5000X_0S00,B1350
92126828,1,1,_,_,00,C,8,4,0,5,0,0,4,0,0,0,0,0,C00T11E8000-4450X00S__,T1005
92127022,_,1,0,0,00,B,_,4,_,0,_,_,0,0,_,0,0,0,B00T_1E____-4000X_0S00,T1063
92103025,1,_,0,0,00,B,_,4,_,0,_,_,4,0,_,0,0,0,B00T1_E____-4400X_0S00,B1292
92101187,1,_,_,0,00,B,8,_,7,_,0,0,_,_,0,_,_,_,B00T1_E8070-____X0_S_0,B1026
92128474,_,_,0,0,00,B,8,4,8,0,7,8,0,0,_,0,0,0,B00T__E8788-4000X_0S00,T355
92299320,1,1,0,0,00,B,_,4,_,0,_,_,0,0,_,0,0,0,B00T11E____-4000X_0S00,B1614
92102512,1,1,0,0,00,B,0,0,0,0,0,0,0,0,0,_,_,_,B00T11E0000-0000X0_S00,B1214
92103458,0,1,0,0,00,B,9,_,8,_,0,0,_,_,0,_,_,_,B00T01E9080-____X0_S00,B1365
92127898,_,1,_,_,00,B,_,0,_,0,_,_,0,0,_,0,0,0,B00T_1E____-0000X_0S__,T1330
92301483,1,1,0,0,00,B,0,4,0,5,0,0,0,0,0,0,0,0,B00T11E0000-4050X00S00,B1778
92129481,_,1,0,0,00,B,8,3,7,0,9,7,0,0,_,0,0,0,B00T_1E8977-3000X_0S00,T490
92102362,1,1,0,0,00,B,8,_,0,_,0,0,_,_,0,_,_,_,B00T11E8000-____X0_S00,B1191
92305525,1,1,0,0,00,B,0,4,0,0,8,0,0,0,0,0,0,0,B00T11E0800-4000X00S00,B2035
92101009,1,1,_,0,00,B,_,4,_,4,_,_,0,0,_,0,0,0,B00T11E____-4040X_0S_0,B1008
92129898,1,1,1,0,00,B,8,3,0,0,0,0,3,0,_,0,0,0,B00T11E8000-3300X_0S10,T563
92129848,1,1,_,_,00,B,8,0,0,0,0,0,0,0,0,0,0,0,B00T11E8000-0000X00S__,T554
92295608,1,1,0,0,00,B,0,0,0,0,0,0,0,0,0,0,0,0,B00T11E0000-0000X00S00,B1406
92102507,1,1,0,0,00,B,8,5,9,0,8,0,5,0,0,0,0,0,B00T11E8890-5500X00S00,B1213
92300865,_,1,0,0,00,B,8,0,8,0,0,0,0,0,0,_,_,_,B00T_1E8080-0000X0_S00,B1723
92300704,1,1,0,0,00,B,7,_,0,_,7,0,_,_,0,_,_,_,B00T11E7700-____X0_S00,B1710
92127052,_,1,0,0,00,B,_,0,_,0,_,_,0,0,_,0,0,0,B00T_1E____-0000X_0S00,T1073
92102345,1,_,0,0,00,C,9,_,0,_,0,0,_,_,0,_,_,_,C00T1_E9000-____X0_S00,B1188
92297798,1,0,0,0,00,C,_,0,_,0,_,_,0,0,_,0,0,0,C00T10E____-0000X_0S00,B1534
92301120,_,1,0,0,00,B,9,0,8,0,7,0,0,0,_,0,0,0,B00T_1E9780-0000X_0S00,B1746
92128873,1,1,0,0,00,C,0,_,0,_,0,0,_,_,0,_,_,_,C00T11E0000-____X0_S00,T415
92129869,1,1,0,0,00,B,0,_,0,_,0,0,_,_,0,_,_,_,B00T11E0000-____X0_S00,T557
92128129,1,1,0,0,00,B,_,0,_,0,_,_,0,0,_,0,0,0,B00T11E____-0000X_0S00,T266
92102991,1,1,0,0,00,B,_,4,_,0,_,_,0,0,_,0,0,0,B00T11E____-4000X_0S00,B1288
92298330,1,1,0,0,00,B,7,5,9,0,0,0,0,0,0,0,0,0,B00T11E7090-5000X00S00,B1562
92304879,1,1,0,_,00,B,_,3,_,4,_,_,4,0,_,0,0,0,B00T11E____-3440X_0S0_,B1999
92303350,1,1,0,0,00,B,_,3,_,5,_,_,0,0,_,0,0,0,B00T11E____-3050X_0S00,B1908
92297045,1,1,0,0,00,B,_,5,_,0,_,_,0,0,_,0,0,0,B00T11E____-5000X_0S00,B1495
92127567,1,1,0,0,00,B,0,_,0,_,0,0,_,_,0,_,_,_,B00T11E0000-____X0_S00,T1234
92127149,1,1,0,0,00,B,0,0,0,0,0,0,0,0,_,0,0,0,B00T11E0000-0000X_0S00,T1106
92303159,1,1,0,0,00,B,8,4,8,0,0,0,0,0,0,0,0,0,B00T11E8080-4000X00S00,B1893
92103532,1,1,0,0,00,B,0,_,0,_,0,0,_,_,0,_,_,_,B00T11E0000-____X0_S00,B1378
92128626,1,1,0,0,00,B,8,0,0,0,0,0,0,0,0,_,_,_,B00T11E8000-0000X0_S00,T376
92301098,_,1,0,0,00,B,0,4,0,0,0,0,0,0,0,0,0,0,B00T_1E0000-4000X00S00,B1746
92103033,1,1,0,0,00,B,0,4,0,5,0,0,4,4,0,0,0,0,B00T11E0000-4454X00S00,B1292
92101548,_,_,0,0,00,B,7,_,0,_,0,0,_,_,0,_,_,_,B00T__E7000-____X0_S00,B1077
92128408,0,1,_,_,00,B,7,3,7,4,0,0,5,5,0,_,_,_,B00T01E7070-3545X0_S__,T343
92101965,1,1,_,0,00,B,_,3,_,3,_,_,0,0,_,0,0,0,B00T11E____-3030X_0S_0,B1136
92129261,1,1,0,_,00,B,0,0,0,0,0,0,0,0,0,0,0,0,B00T11E0000-0000X00S0_,T456
92296713,1,1,0,0,00,B,7,4,0,0,8,0,0,0,_,0,0,0,B00T11E7800-4000X_0S00,B1480
92101432,1,1,_,0,00,B,9,_,8,_,0,0,_,_,0,_,_,_,B00T11E9080-____X0_S_0,B1060
92103370,1,1,0,0,00,B,8,5,0,0,8,7,0,0,_,0,0,0,B00T11E8807-5000X_0S00,B1350
92303312,1,1,0,0,00,B,_,0,_,0,_,_,0,0,_,0,0,0,B00T11E____-0000X_0S00,B1905
92127307,1,1,0,0,00,B,9,3,8,4,0,0,0,0,0,0,0,0,B00T11E9080-3040X00S00,T1163
92301384,_,_,0,0,00,B,8,0,0,0,0,0,5,0,0,_,_,_,B00T__E8000-0500X0_S00,B1768
92103203,_,_,_,0,00,B,8,_,0,_,8,0,_,_,0,_,_,_,B00T__E8800-____X0_S_0,B1319
92297870,1,1,0,0,00,B,8,_,7,_,0,0,_,_,0,_,_,_,B00T11E8070-____X0_S00,B1537
92304346,0,0,0,0,00,B,8,_,9,_,0,0,_,_,0,_,_,_,B00T00E8090-____X0_S00,B1965
92297751,1,_,0,0,00,B,7,_,8,_,0,0,_,_,0,_,_,_,B00T1_E7080-____X0_S00,B1534
92129796,1,1,0,0,00,B,0,4,0,0,0,0,0,0,0,0,0,0,B00T11E0000-4000X00S00,T544
92295394,1,1,0,0,00,B,7,5,9,4,8,7,0,0,_,0,0,0,B00T11E7897-5040X_0S00,B1392
92295603,1,1,0,0,00,B,0,0,0,0,0,0,0,0,0,_,_,_,B00T11E0000-0000X0_S00,B1406
92101459,1,1,0,0,00,B,8,0,0,0,0,0,0,0,0,_,_,_,B00T11E8000-0000X0_S00,B1063
92102319,1,1,0,0,00,B,8,_,7,_,0,0,_,_,0,_,_,_,B00T11E8070-____X0_S00,B1183
92103251,1,1,0,0,00,B,9,_,7,_,0,0,_,_,0,_,_,_,B00T11E9070-____X0_S00,B1324
92298941,1,_,0,0,00,B,8,_,8,_,0,0,_,_,0,_,_,_,B00T1_E8080-____X0_S00,B1593
92128231,1,1,0,0,20,_,9,_,9,_,0,0,_,_,0,_,_,_,_20T11E9090-____X0_S00,T295
92128699,1,_,0,0,00,B,7,0,0,0,0,0,0,0,0,_,_,_,B00T1_E7000-0000X0_S00,T386
92298385,1,1,0,0,00,B,0,4,0,4,0,0,0,0,0,0,0,0,B00T11E0000-4040X00S00,B1563
92298464,1,1,0,0,00,B,8,_,7,_,0,0,_,_,0,_,_,_,B00T11E8070-____X0_S00,B1571
92127473,1,1,0,0,00,B,8,0,0,0,0,0,0,0,0,_,_,_,B00T11E8000-0000X0_S00,T1209
92103235,1,1,0,0,00,B,_,4,_,5,_,_,0,0,_,0,0,0,B00T11E____-4050X_0S00,B1321
92296092,1,1,0,0,00,B,9,5,0,0,0,0,0,0,0,0,0,0,B00T11E9000-5000X00S00,B1444
92129914,1,1,0,0,00,B,8,4,0,0,0,0,0,0,0,0,0,0,B00T11E8000-4000X00S00,T567
92127805,1,1,0,0,00,B,0,5,0,0,0,0,0,0,_,0,0,0,B00T11E0000-5000X_0S00,T1305
92298520,1,1,0,0,00,B,0,_,0,_,0,0,_,_,0,_,_,_,B00T11E0000-____X0_S00,B1574
92129804,1,1,0,0,00,B,0,_,0,_,0,0,_,_,0,_,_,_,B00T11E0000-____X0_S00,T546
92101412,_,1,0,0,00,B,8,3,8,0,9,7,0,0,_,0,0,0,B00T_1E8987-3000X_0S00,B1057
92103395,1,1,_,0,20,_,9,_,0,_,0,0,_,_,0,_,_,_,_20T11E9000-____X0_S_0,B1356
92302856,1,1,0,0,00,B,8,_,0,_,0,0,_,_,0,_,_,_,B00T11E8000-____X0_S00,B1872
92305886,_,_,0,0,00,B,9,4,8,5,8,8,5,0,0,_,_,_,B00T__E9888-4550X0_S00,B2056
92128205,1,1,0,0,00,B,8,5,8,3,0,0,0,0,0,0,0,0,B00T11E8080-5030X00S00,T286
92102855,1,1,0,0,20,B,_,3,_,4,_,_,0,0,_,0,0,0,B20T11E____-3040X_0S00,B1264
92128416,1,1,0,0,20,B,8,_,8,_,0,0,_,_,0,_,_,_,B20T11E8080-____X0_S00,T346
92305699,1,1,0,0,00,B,9,4,0,0,0,0,0,0,0,0,0,0,B00T11E9000-4000X00S00,B2043
92302953,1,1,0,0,00,B,_,3,_,4,_,_,0,0,_,0,0,0,B00T11E____-3040X_0S00,B1881
92126961,1,1,0,0,00,B,8,_,9,_,8,0,_,_,0,_,_,_,B00T11E8890-____X0_S00,T1043
92101021,1,1,_,0,00,B,_,4,_,3,_,_,0,0,_,0,0,0,B00T11E____-4030X_0S_0,B1008
92299696,_,1,_,_,00,B,_,0,_,0,_,_,0,0,_,0,0,0,B00T_1E____-0000X_0S__,B1644
92127301,1,1,0,0,00,B,_,5,_,4,_,_,0,0,_,0,0,0,B00T11E____-5040X_0S00,T1161
92102981,1,1,0,0,00,B,8,_,7,_,0,0,_,_,0,_,_,_,B00T11E8070-____X0_S00,B1286
92102868,1,1,_,_,00,B,8,_,7,0,7,0,_,0,0,_,_,_,B00T11E8770-__00X0_S__,B1264
92296913,1,_,0,0,00,B,0,_,0,_,0,0,_,_,0,_,_,_,B00T1_E0000-____X0_S00,B1490
92128275,1,1,0,0,00,B,9,4,9,0,7,0,0,0,0,0,0,0,B00T11E9790-4000X00S00,T313
92298237,1,1,0,0,20,B,0,_,0,_,0,0,_,_,0,_,_,_,B20T11E0000-____X0_S00,B1557
92129934,1,1,0,0,00,B,9,_,0,_,9,0,_,_,0,_,_,_,B00T11E9900-____X0_S00,T572
92297994,_,_,_,_,00,B,,,,,,,,,,,,,B00T__Enannannannan-nannannannanXnannanS__,B1546
92101846,1,1,0,0,00,B,_,5,_,0,_,_,5,5,_,0,0,0,B00T11E____-5505X_0S00,B1121
92128406,1,1,0,0,00,B,0,0,0,0,0,0,0,0,0,_,_,_,B00T11E0000-0000X0_S00,T342
92101532,1,1,0,0,00,B,8,4,8,0,8,8,3,0,_,0,0,0,B00T11E8888-4300X_0S00,B1074
92304678,1,_,0,0,00,B,9,3,8,3,0,0,4,0,0,_,_,_,B00T1_E9080-3430X0_S00,B1988
92101941,1,1,0,0,00,B,9,_,8,_,0,0,_,_,0,_,_,_,B00T11E9080-____X0_S00,B1133
92126865,1,1,0,0,00,B,_,4,_,0,_,_,0,0,_,0,0,0,B00T11E____-4000X_0S00,T1016
92296454,1,1,0,0,00,B,0,4,0,4,0,0,5,0,0,0,0,0,B00T11E0000-4540X00S00,B1463
92102844,_,1,0,0,00,B,_,0,_,0,_,_,0,0,_,0,0,0,B00T_1E____-0000X_0S00,B1262
92128193,_,1,0,0,00,B,9,0,7,0,8,9,0,0,_,0,0,0,B00T_1E9879-0000X_0S00,T282
92103115,1,1,_,0,00,B,7,0,8,0,8,0,0,0,0,_,_,_,B00T11E7880-0000X0_S_0,B1308
92296208,1,_,0,0,00,B,9,_,7,_,7,0,_,_,0,_,_,_,B00T1_E9770-____X0_S00,B1449
92102764,1,1,0,0,00,B,0,_,0,_,0,0,_,_,0,_,_,_,B00T11E0000-____X0_S00,B1258
92101156,1,1,0,0,00,C,0,_,0,_,0,0,_,_,0,_,_,_,C00T11E0000-____X0_S00,B1019
92126846,_,1,0,0,00,B,_,0,_,0,_,_,0,0,_,0,0,0,B00T_1E____-0000X_0S00,T1011
92103577,_,_,0,0,00,B,0,4,0,0,0,0,0,0,_,0,0,0,B00T__E0000-4000X_0S00,B1387
92101279,1,1,0,0,00,B,8,4,9,4,0,0,0,0,0,0,0,0,B00T11E8090-4040X00S00,B1035
92295436,_,1,0,0,00,B,_,3,_,4,_,_,0,0,_,0,0,0,B00T_1E____-3040X_0S00,B1398
92127206,_,_,_,0,00,B,8,4,8,5,0,0,5,0,0,_,_,_,B00T__E8080-4550X0_S_0,T1128
92128118,1,1,0,0,00,B,0,_,0,_,0,0,_,_,0,_,_,_,B00T11E0000-____X0_S00,T263
92103362,1,_,0,0,00,B,0,_,0,_,0,0,_,_,0,_,_,_,B00T1_E0000-____X0_S00,B1350
92129907,1,1,0,0,00,B,_,0,_,0,_,_,0,0,_,0,0,0,B00T11E____-0000X_0S00,T566
92102290,_,1,0,0,00,B,_,3,_,5,_,_,0,0,_,0,0,0,B00T_1E____-3050X_0S00,B1179
92102177,1,_,0,0,20,B,0,0,0,0,7,0,0,0,0,0,0,0,B20T1_E0700-0000X00S00,B1157
92297603,1,1,0,0,00,B,0,_,0,_,0,0,_,_,0,_,_,_,B00T11E0000-____X0_S00,B1526
92295671,_,1,0,0,00,B,_,0,_,0,_,_,4,0,_,0,0,0,B00T_1E____-0400X_0S00,B1411
92102749,_,_,0,_,00,B,0,0,0,0,0,0,0,0,_,0,0,0,B00T__E0000-0000X_0S0_,B1258
92102886,1,1,0,0,00,B,_,3,_,0,_,_,0,0,_,0,0,0,B00T11E____-3000X_0S00,B1267
92304459,0,_,0,0,00,B,0,_,0,_,0,0,_,_,0,_,_,_,B00T0_E0000-____X0_S00,B1975
92300662,1,1,0,0,00,B,0,_,0,_,0,0,_,_,0,_,_,_,B00T11E0000-____X0_S00,B1706
92101959,1,1,0,_,00,B,9,0,0,0,0,0,0,0,0,_,_,_,B00T11E9000-0000X0_S0_,B1136
92305614,1,1,0,_,00,B,_,0,_,0,_,_,0,0,_,0,0,0,B00T11E____-0000X_0S0_,B2041
92301462,1,1,0,0,00,B,8,0,0,0,0,0,0,0,0,_,_,_,B00T11E8000-0000X0_S00,B1775
92101644,1,_,0,0,00,B,9,_,8,_,0,0,_,_,0,_,_,_,B00T1_E9080-____X0_S00,B1092
92128970,1,1,0,0,00,B,_,5,_,0,_,_,0,0,_,0,0,0,B00T11E____-5000X_0S00,T426
92129517,1,1,0,0,00,B,0,4,0,0,0,0,4,0,0,0,0,0,B00T11E0000-4400X00S00,T495
92102644,1,1,0,0,00,B,9,_,9,_,0,0,_,_,0,_,_,_,B00T11E9090-____X0_S00,B1236
92102118,_,_,0,0,00,B,8,4,7,0,0,0,0,0,0,0,0,0,B00T__E8070-4000X00S00,B1153
92298998,1,1,0,0,00,B,9,0,8,0,8,7,0,0,_,0,0,0,B00T11E9887-0000X_0S00,B1594
92128426,1,_,_,_,20,_,8,_,0,_,8,0,_,_,0,_,_,_,_20T1_E8800-____X0_S__,T348
92295472,1,1,0,0,00,B,0,_,0,_,0,0,_,_,0,_,_,_,B00T11E0000-____X0_S00,B1401
92301729,1,1,0,0,00,B,0,_,0,_,0,0,_,_,0,_,_,_,B00T11E0000-____X0_S00,B1788
92101496,1,_,0,0,00,B,_,3,_,4,_,_,0,0,_,0,0,0,B00T1_E____-3040X_0S00,B1070
92127422,1,_,0,0,00,B,0,0,0,0,0,0,0,0,0,_,_,_,B00T1_E0000-0000X0_S00,T1198
92101615,1,1,0,0,00,B,7,3,8,5,7,9,0,0,_,0,0,0,B00T11E7789-3050X_0S00,B1085
92298147,1,1,0,0,00,B,0,0,0,0,0,0,0,0,0,0,0,0,B00T11E0000-0000X00S00,B1556
92103087,1,1,0,0,00,B,_,3,_,4,_,_,0,0,_,0,0,0,B00T11E____-3040X_0S00,B1301
92297989,1,1,0,0,00,B,9,_,0,_,0,0,_,_,0,_,_,_,B00T11E9000-____X0_S00,B1546
92102505,1,1,0,0,00,B,_,0,_,0,_,_,0,0,_,0,0,0,B00T11E____-0000X_0S00,B1212
92299641,1,1,0,0,00,B,_,4,_,3,_,_,0,0,_,0,0,0,B00T11E____-4030X_0S00,B1640
92304922,1,1,0,0,00,B,_,3,_,0,_,_,0,0,_,0,0,0,B00T11E____-3000X_0S00,B2002
92300395,_,1,_,0,00,B,,,,,,,,,,,,,B00T_1Enannannannan-nannannannanXnannanS_0,B1691
92103321,1,1,1,0,00,B,0,3,0,0,0,0,0,0,0,0,0,0,B00T11E0000-3000X00S10,B1338
92128901,_,1,0,0,00,B,7,0,0,0,7,0,4,0,_,0,0,0,B00T_1E7700-0400X_0S00,T418
92101788,1,1,1,_,00,B,_,3,_,4,_,_,3,0,_,0,0,0,B00T11E____-3340X_0S1_,B1111
92102816,1,1,_,0,00,B,8,4,0,0,8,0,0,0,0,0,0,0,B00T11E8800-4000X00S_0,B1261
92128151,1,1,0,0,00,B,0,0,0,0,0,0,0,0,_,0,0,0,B00T11E0000-0000X_0S00,T272
92127716,_,1,0,0,00,B,0,5,0,3,0,0,0,0,0,0,0,0,B00T_1E0000-5030X00S00,T1279
92102478,1,1,0,0,00,B,9,_,0,_,9,8,_,_,0,_,_,_,B00T11E9908-____X0_S00,B1208
92129611,_,1,0,0,00,B,0,0,0,0,0,0,0,0,0,0,0,0,B00T_1E0000-0000X00S00,T515
92127615,1,_,0,_,00,B,0,4,0,0,0,0,0,0,0,0,0,0,B00T1_E0000-4000X00S0_,T1246
92129785,_,_,_,0,20,B,8,_,0,_,8,0,_,_,0,_,_,_,B20T__E8800-____X0_S_0,T542
92305193,_,1,_,_,_,_,_,0,_,0,_,_,0,0,_,0,0,0,__T_1E____-0000X_0S__,B2015
92128037,1,1,0,0,20,B,_,3,_,0,_,_,0,0,_,0,0,0,B20T11E____-3000X_0S00,T247
92295753,1,1,0,0,00,B,9,0,0,0,0,0,0,0,0,0,0,0,B00T11E9000-0000X00S00,B1419
92129876,1,1,0,0,00,B,0,_,0,_,0,0,_,_,0,_,_,_,B00T11E0000-____X0_S00,T558
92303651,1,1,0,0,00,B,_,0,_,0,_,_,4,0,_,0,0,0,B00T11E____-0400X_0S00,B1928
92304191,_,1,0,0,00,B,_,0,_,0,_,_,0,0,_,0,0,0,B00T_1E____-0000X_0S00,B1957
92129948,1,1,0,0,00,B,0,_,0,_,0,0,_,_,0,_,_,_,B00T11E0000-____X0_S00,T576
92128889,_,1,_,_,00,B,_,0,_,0,_,_,0,0,_,_,_,_,B00T_1E____-0000X__S__,T417
92102612,1,_,0,_,00,B,0,0,0,0,0,0,0,0,0,0,0,0,B00T1_E0000-0000X00S0_,B1228
92102443,1,1,0,0,20,B,9,4,8,3,0,0,0,0,_,0,0,0,B20T11E9080-4030X_0S00,B1202
92101138,1,1,0,0,00,B,_,4,_,0,_,_,0,0,_,0,0,0,B00T11E____-4000X_0S00,B1018
92305181,1,1,0,0,00,C,9,0,0,0,0,0,0,0,0,_,_,_,C00T11E9000-0000X0_S00,B2013
92305470,1,1,0,_,00,B,0,_,0,_,0,0,_,_,0,_,_,_,B00T11E0000-____X0_S0_,B2032
92301187,1,1,0,_,20,B,_,4,_,4,_,_,4,0,_,0,0,0,B20T11E____-4440X_0S0_,B1753
92303137,_,_,0,_,00,B,_,3,_,4,_,_,5,0,_,0,0,0,B00T__E____-3540X_0S0_,B1891
92304273,_,1,0,0,00,B,0,0,0,0,9,0,3,0,_,0,0,0,B00T_1E0900-0300X_0S00,B1959
92302455,1,1,0,0,00,B,7,0,0,0,0,0,3,0,0,0,0,0,B00T11E7000-0300X00S00,B1844
92127935,1,1,0,0,00,B,0,4,0,0,0,0,4,0,0,0,0,0,B00T11E0000-4400X00S00,T205
92101026,_,_,_,0,00,B,,,,,,,,,,,,,B00T__Enannannannan-nannannannanXnannanS_0,B1009
92127565,1,1,_,_,00,C,_,0,_,0,_,_,4,0,_,0,0,0,C00T11E____-0400X_0S__,T1233
92302574,1,1,0,0,00,B,0,3,0,0,0,0,0,0,0,0,0,0,B00T11E0000-3000X00S00,B1853
92127530,1,1,0,0,00,B,7,4,7,3,7,7,0,0,_,0,0,0,B00T11E7777-4030X_0S00,T1224
92129050,1,1,0,0,00,B,0,0,0,0,0,0,0,0,0,0,0,0,B00T11E0000-0000X00S00,T435
92102560,1,1,0,0,00,B,_,3,_,5,_,_,0,0,_,0,0,0,B00T11E____-3050X_0S00,B1219
92102186,1,1,0,0,00,B,0,0,0,0,0,0,0,0,0,0,0,0,B00T11E0000-0000X00S00,B1157
92127941,1,1,0,0,00,B,_,4,_,0,_,_,0,0,_,0,0,0,B00T11E____-4000X_0S00,T207
92128295,1,1,0,0,00,B,0,4,0,5,0,0,4,0,_,0,0,0,B00T11E0000-4450X_0S00,T318
92101376,1,0,0,_,00,B,0,5,0,0,0,0,0,0,0,0,0,0,B00T10E0000-5000X00S0_,B1048
92127802,1,1,0,0,00,B,0,_,0,_,0,0,_,_,0,_,_,_,B00T11E0000-____X0_S00,T1304
92129187,_,1,0,0,00,B,_,3,_,4,_,_,0,0,_,0,0,0,B00T_1E____-3040X_0S00,T447
92300454,0,1,0,0,00,B,9,_,0,_,0,0,_,_,0,_,_,_,B00T01E9000-____X0_S00,B1695
92128321,1,1,_,0,00,C,_,5,_,0,_,_,0,0,_,0,0,0,C00T11E____-5000X_0S_0,T323
92128962,1,0,0,0,00,B,0,5,0,4,8,0,4,0,0,0,0,0,B00T10E0800-5440X00S00,T424
92101885,1,1,0,0,00,B,_,0,_,0,_,_,0,0,_,0,0,0,B00T11E____-0000X_0S00,B1126
92101370,1,_,0,0,00,B,0,0,0,0,0,0,0,0,0,0,0,0,B00T1_E0000-0000X00S00,B1047
92306300,1,_,0,0,00,B,9,_,7,_,0,0,_,_,0,_,_,_,B00T1_E9070-____X0_S00,B2077
92103364,1,_,0,0,00,B,0,4,0,0,0,0,0,0,_,0,0,0,B00T1_E0000-4000X_0S00,B1350
92303713,1,_,0,0,00,B,_,0,_,0,_,_,0,0,_,0,0,0,B00T1_E____-0000X_0S00,B1930
92303500,1,1,0,_,00,B,_,0,_,0,_,_,0,0,_,0,0,0,B00T11E____-0000X_0S0_,B1915
92300296,1,1,0,0,20,_,_,0,_,0,_,_,5,0,_,0,0,0,_20T11E____-0500X_0S00,B1686
92300092,1,1,0,0,00,B,9,4,7,4,9,0,0,0,0,0,0,0,B00T11E9970-4040X00S00,B1674
92101631,1,1,0,0,00,B,0,_,0,_,0,0,_,_,0,_,_,_,B00T11E0000-____X0_S00,B1090
92128624,1,_,0,0,00,B,9,0,0,0,0,0,0,0,0,0,0,0,B00T1_E9000-0000X00S00,T376
92299938,1,1,0,0,00,B,9,_,0,_,0,0,_,_,0,_,_,_,B00T11E9000-____X0_S00,B1661
92102655,1,1,0,0,20,B,_,4,_,4,_,_,0,0,_,0,0,0,B20T11E____-4040X_0S00,B1238
92297568,1,_,0,0,00,B,_,0,_,0,_,_,0,0,_,0,0,0,B00T1_E____-0000X_0S00,B1523
92129032,1,1,0,0,00,B,0,0,0,0,0,0,0,0,0,0,0,0,B00T11E0000-0000X00S00,T434
92304780,1,1,0,0,00,B,8,_,8,_,0,0,_,_,0,_,_,_,B00T11E8080-____X0_S00,B1993
92102935,1,1,0,0,00,B,7,4,0,4,0,0,0,0,0,0,0,0,B00T11E7000-4040X00S00,B1273
92306079,1,0,0,0,00,B,0,0,0,0,0,0,0,0,_,0,0,0,B00T10E0000-0000X_0S00,B2066
92304432,1,1,_,0,00,B,_,4,_,0,_,_,0,0,_,0,0,0,B00T11E____-4000X_0S_0,B1973
92102622,1,_,0,0,00,B,0,_,0,_,0,0,_,_,0,_,_,_,B00T1_E0000-____X0_S00,B1228
92129421,1,1,0,0,00,B,8,_,7,_,0,0,_,_,0,_,_,_,B00T11E8070-____X0_S00,T480
92103211,1,1,0,0,00,B,7,0,9,0,9,9,3,4,0,0,0,0,B00T11E7999-0304X00S00,B1320
92128833,_,_,_,0,00,B,8,_,0,_,0,0,_,_,0,_,_,_,B00T__E8000-____X0_S_0,T408
92101313,1,1,0,0,00,B,7,0,0,0,0,0,5,5,_,0,0,0,B00T11E7000-0505X_0S00,B1040
92298581,_,_,0,0,00,B,7,3,7,5,0,0,0,0,_,0,0,0,B00T__E7070-3050X_0S00,B1576
92101801,1,1,0,0,00,B,9,_,0,_,0,0,_,_,0,_,_,_,B00T11E9000-____X0_S00,B1114
92129310,1,1,0,0,00,B,0,_,0,_,0,0,_,_,0,_,_,_,B00T11E0000-____X0_S00,T465
92306271,_,_,0,0,00,B,8,_,7,_,0,0,_,_,0,_,_,_,B00T__E8070-____X0_S00,B2075
92300514,1,1,0,0,00,C,0,4,0,4,0,0,4,3,0,0,0,0,C00T11E0000-4443X00S00,B1699
92129652,1,1,0,0,00,B,_,4,_,5,_,_,3,0,_,0,0,0,B00T11E____-4350X_0S00,T520
92297314,1,_,0,0,00,B,9,_,0,_,0,0,_,_,0,_,_,_,B00T1_E9000-____X0_S00,B1510
92297196,1,1,0,0,00,B,8,5,0,5,0,0,0,0,0,_,_,_,B00T11E8000-5050X0_S00,B1501
92128935,1,1,0,0,20,_,0,0,0,0,0,0,0,0,_,0,0,0,_20T11E0000-0000X_0S00,T422
92302623,1,_,0,0,00,B,0,0,0,0,0,0,0,0,_,0,0,0,B00T1_E0000-0000X_0S00,B1857
92128351,1,1,_,0,00,B,9,_,0,_,0,0,_,_,0,_,_,_,B00T11E9000-____X0_S_0,T331
92128924,1,1,0,0,00,B,0,0,0,0,0,0,0,0,0,0,0,0,B00T11E0000-0000X00S00,T421
92128595,1,1,0,0,00,B,_,4,_,0,_,_,0,0,_,0,0,0,B00T11E____-4000X_0S00,T370
92295528,1,1,0,0,00,B,0,0,0,0,0,0,0,0,_,0,0,0,B00T11E0000-0000X_0S00,B1404
92304395,0,_,0,0,00,B,0,_,0,_,0,0,_,_,0,_,_,_,B00T0_E0000-____X0_S00,B1970
92101700,1,_,0,0,00,B,9,_,0,_,0,0,_,_,0,_,_,_,B00T1_E9000-____X0_S00,B1102
92296376,1,1,0,0,00,B,9,_,8,_,0,0,_,_,0,_,_,_,B00T11E9080-____X0_S00,B1460
92101542,1,1,_,0,00,B,9,4,8,3,9,8,0,0,_,0,0,0,B00T11E9988-4030X_0S_0,B1076
92303585,_,1,0,0,00,B,_,0,_,0,_,_,4,0,_,0,0,0,B00T_1E____-0400X_0S00,B1923
92127853,1,1,0,0,00,B,0,0,0,0,0,0,0,0,0,0,0,0,B00T11E0000-0000X00S00,T1318
92303807,1,1,0,0,00,B,_,3,_,0,_,_,0,0,_,0,0,0,B00T11E____-3000X_0S00,B1934
92298428,1,1,0,0,00,B,7,_,0,_,0,0,_,_,0,_,_,_,B00T11E7000-____X0_S00,B1566
92298867,1,1,0,0,00,B,_,0,_,0,_,_,0,0,_,0,0,0,B00T11E____-0000X_0S00,B1590
92295617,_,_,_,0,00,B,0,3,0,4,0,0,0,0,_,0,0,0,B00T__E0000-3040X_0S_0,B1406
92128206,1,1,0,0,20,C,8,_,7,_,0,0,_,_,0,_,_,_,C20T11E8070-____X0_S00,T287
92296764,1,1,0,0,20,B,8,0,7,0,8,0,4,0,0,0,0,0,B20T11E8870-0400X00S00,B1483
92301696,_,_,_,0,00,B,,,,,,,,,,,,,B00T__Enannannannan-nannannannanXnannanS_0,B1787
92101936,1,1,0,0,00,B,_,4,_,3,_,_,0,0,_,0,0,0,B00T11E____-4030X_0S00,B1131
92127680,1,_,0,0,00,B,0,_,0,_,0,0,_,_,0,_,_,_,B00T1_E0000-____X0_S00,T1267
92295456,1,1,0,0,00,B,0,4,0,5,0,0,0,0,_,0,0,0,B00T11E0000-4050X_0S00,B1400
92128973,1,1,0,0,00,B,0,5,0,0,0,0,0,0,0,0,0,0,B00T11E0000-5000X00S00,T427
92129009,1,1,0,0,00,B,0,4,0,0,0,0,0,0,0,0,0,0,B00T11E0000-4000X00S00,T431
92103350,_,_,_,_,20,_,,,,,,,,,,,,,_20T__Enannannannan-nannannannanXnannanS__,B1348
92127603,1,_,0,0,00,B,0,0,0,0,7,0,0,0,0,0,0,0,B00T1_E0700-0000X00S00,T1243
92129426,1,1,0,0,00,B,_,4,_,5,_,_,0,0,_,0,0,0,B00T11E____-4050X_0S00,T480
92300285,1,1,0,0,00,B,_,0,_,0,_,_,0,0,_,0,0,0,B00T11E____-0000X_0S00,B1685
92297669,1,1,0,0,00,B,0,0,0,0,9,0,0,0,0,0,0,0,B00T11E0900-0000X00S00,B1529
92297621,0,1,_,_,00,B,0,_,0,_,0,0,_,_,_,_,_,_,B00T01E0000-____X__S__,B1527
92129613,_,_,0,0,00,B,0,_,0,_,0,0,_,_,0,_,_,_,B00T__E0000-____X0_S00,T515
92302762,_,_,0,0,00,B,0,_,0,_,8,0,_,_,0,_,_,_,B00T__E0800-____X0_S00,B1867
92128201,1,1,0,0,00,B,0,5,0,4,0,0,0,0,0,0,0,0,B00T11E0000-5040X00S00,T286
92102502,1,1,0,0,00,B,_,0,_,0,_,_,0,0,_,0,0,0,B00T11E____-0000X_0S00,B1212
92128128,1,1,0,0,00,B,7,0,8,0,9,8,0,0,_,0,0,0,B00T11E7988-0000X_0S00,T266
92102932,1,1,_,0,00,B,9,4,0,4,0,0,0,0,0,0,0,0,B00T11E9000-4040X00S_0,B1273
92127537,_,1,0,0,00,B,_,0,_,0,_,_,0,0,_,0,0,0,B00T_1E____-0000X_0S00,T1226
92303124,1,1,0,0,20,_,0,3,0,0,0,0,0,0,0,0,0,0,_20T11E0000-3000X00S00,B1889
92129076,1,1,0,0,00,B,_,4,_,0,_,_,0,0,_,0,0,0,B00T11E____-4000X_0S00,T436
92295497,1,1,0,0,00,B,0,_,0,_,0,0,_,_,0,_,_,_,B00T11E0000-____X0_S00,B1401
92128689,1,1,0,0,00,B,0,5,0,5,0,0,4,5,0,_,_,_,B00T11E0000-5455X0_S00,T385
92128799,1,1,0,0,00,B,_,0,_,0,_,_,0,0,_,0,0,0,B00T11E____-0000X_0S00,T402
92101624,1,1,0,0,00,B,0,3,0,0,0,0,3,0,_,0,0,0,B00T11E0000-3300X_0S00,B1088
92127951,1,1,0,0,00,B,7,4,7,0,0,0,0,0,0,0,0,0,B00T11E7070-4000X00S00,T210
92103399,1,1,_,_,_,_,8,4,0,0,0,0,0,0,0,0,0,0,__T11E8000-4000X00S__,B1356
92102101,_,_,0,0,00,B,9,0,8,0,0,0,0,0,0,_,_,_,B00T__E9080-0000X0_S00,B1151
92100847,1,1,_,0,00,B,_,4,_,3,_,_,5,0,_,0,0,0,B00T11E____-4530X_0S_0,B1000
92129950,1,0,0,0,00,B,0,_,0,_,0,0,_,_,0,_,_,_,B00T10E0000-____X0_S00,T577
92128562,1,1,0,0,00,B,0,5,0,5,0,0,5,0,0,_,_,_,B00T11E0000-5550X0_S00,T364
92127664,1,1,0,0,00,B,_,0,_,0,_,_,0,0,_,0,0,0,B00T11E____-0000X_0S00,T1261
92305463,1,1,0,_,00,B,_,3,_,0,_,_,0,0,_,0,0,0,B00T11E____-3000X_0S0_,B2032
92301506,_,1,0,0,00,B,_,4,_,4,_,_,0,0,_,0,0,0,B00T_1E____-4040X_0S00,B1780
92304721,1,1,0,0,00,B,8,4,0,4,0,0,0,0,0,0,0,0,B00T11E8000-4040X00S00,B1990
92127267,1,1,0,0,00,B,9,_,0,_,0,0,_,_,0,_,_,_,B00T11E9000-____X0_S00,T1151
92101705,1,1,1,0,00,B,8,4,9,0,7,8,0,0,_,0,0,0,B00T11E8798-4000X_0S10,B1102
92129923,1,_,0,0,00,B,8,0,8,0,8,0,0,0,0,_,_,_,B00T1_E8880-0000X0_S00,T569
92101628,1,1,0,0,00,B,0,_,0,_,0,0,_,_,0,_,_,_,B00T11E0000-____X0_S00,B1090
92298341,1,1,0,0,00,B,7,0,9,0,0,0,0,0,0,0,0,0,B00T11E7090-0000X00S00,B1562
92303031,1,_,0,0,00,B,_,0,_,0,_,_,0,0,_,0,0,0,B00T1_E____-0000X_0S00,B1885
92101180,_,1,0,0,00,B,8,_,0,_,0,0,_,_,0,_,_,_,B00T_1E8000-____X0_S00,B1024
92129063,1,1,0,0,00,B,0,_,0,_,0,0,_,_,0,_,_,_,B00T11E0000-____X0_S00,T435
92298058,1,1,0,0,00,B,0,0,0,0,0,0,0,0,_,0,0,0,B00T11E0000-0000X_0S00,B1551
92129084,_,_,0,_,00,B,8,0,0,0,0,0,0,0,0,_,_,_,B00T__E8000-0000X0_S0_,T437
92300327,1,1,0,0,00,B,7,5,0,0,0,0,4,0,_,0,0,0,B00T11E7000-5400X_0S00,B1687
92297887,1,1,0,0,00,C,9,_,8,_,0,0,_,_,0,_,_,_,C00T11E9080-____X0_S00,B1537
92129235,1,1,0,0,20,B,9,3,8,0,0,0,0,0,0,_,_,_,B20T11E9080-3000X0_S00,T452
92127446,1,_,0,_,00,B,0,0,0,0,0,0,3,0,_,0,0,0,B00T1_E0000-0300X_0S0_,T1207
92298862,1,1,0,0,00,B,_,0,_,0,_,_,4,0,_,0,0,0,B00T11E____-0400X_0S00,B1589
92129279,1,1,_,_,00,B,0,0,0,0,0,0,0,0,0,_,_,_,B00T11E0000-0000X0_S__,T460
92296770,_,1,0,0,00,B,_,0,_,0,_,_,4,3,_,0,0,0,B00T_1E____-0403X_0S00,B1483
92128900,_,1,0,0,00,B,_,_,_,0,_,_,_,0,_,_,_,_,B00T_1E____-__00X__S00,T418
92103617,1,1,0,0,00,B,9,0,7,0,0,0,0,0,0,_,_,_,B00T11E9070-0000X0_S00,B1391
92305704,1,1,0,0,00,B,9,0,8,0,0,0,0,0,0,0,0,0,B00T11E9080-0000X00S00,B2043
92303239,1,1,0,0,00,B,0,_,0,_,0,0,_,_,0,_,_,_,B00T11E0000-____X0_S00,B1899
92298089,1,1,0,0,00,B,7,0,0,0,0,0,0,0,0,_,_,_,B00T11E7000-0000X0_S00,B1553
92127407,1,_,0,0,00,B,0,_,0,_,0,0,_,_,0,_,_,_,B00T1_E0000-____X0_S00,T1190
92127984,1,1,0,0,00,B,_,5,_,4,_,_,0,0,_,0,0,0,B00T11E____-5040X_0S00,T214
92103511,_,_,0,0,00,B,9,0,0,0,0,0,0,0,0,_,_,_,B00T__E9000-0000X0_S00,B1374
92128956,1,_,0,0,00,B,8,_,0,_,0,0,_,_,0,_,_,_,B00T1_E8000-____X0_S00,T423
92100854,1,1,0,0,00,B,_,4,_,4,_,_,0,0,_,0,0,0,B00T11E____-4040X_0S00,B1000
92303333,1,1,0,0,00,B,9,_,8,_,0,0,_,_,0,_,_,_,B00T11E9080-____X0_S00,B1906
92129951,1,1,0,0,00,B,0,3,0,4,0,0,5,3,0,_,_,_,B00T11E0000-3543X0_S00,T577
92102697,_,1,0,0,20,C,0,_,0,_,0,0,_,_,0,_,_,_,C20T_1E0000-____X0_S00,B1247
92128054,1,1,0,0,00,B,_,0,_,0,_,_,0,0,_,0,0,0,B00T11E____-0000X_0S00,T251
92296343,1,1,0,0,00,B,9,_,8,_,0,0,_,_,0,_,_,_,B00T11E9080-____X0_S00,B1458
92102032,1,1,0,0,00,B,0,3,0,0,0,0,0,0,_,0,0,0,B00T11E0000-3000X_0S00,B1143
92296564,_,1,0,0,00,B,_,3,_,0,_,_,0,0,_,0,0,0,B00T_1E____-3000X_0S00,B1472
92103008,1,1,0,_,00,B,_,0,_,0,_,_,0,0,_,0,0,0,B00T11E____-0000X_0S0_,B1291
92101470,1,1,1,0,00,B,9,_,7,_,8,8,_,_,0,_,_,_,B00T11E9878-____X0_S10,B1066
92100931,_,_,0,0,00,B,_,3,_,4,_,_,0,0,_,0,0,0,B00T__E____-3040X_0S00,B1002
92126986,_,1,0,0,00,B,_,0,_,0,_,_,0,0,_,0,0,0,B00T_1E____-0000X_0S00,T1051
92298445,1,1,0,0,00,B,_,0,_,0,_,_,0,0,_,0,0,0,B00T11E____-0000X_0S00,B1568
92103451,_,_,0,0,00,B,9,_,8,_,0,0,_,_,0,_,_,_,B00T__E9080-____X0_S00,B1365
92103355,1,1,0,0,00,B,8,3,8,0,7,0,0,0,0,0,0,0,B00T11E8780-3000X00S00,B1348
92305347,_,1,0,0,00,B,8,4,0,0,0,0,0,0,_,0,0,0,B00T_1E8000-4000X_0S00,B2024
92295652,1,1,0,0,20,B,_,4,_,3,_,_,0,0,_,0,0,0,B20T11E____-4030X_0S00,B1409
92102347,1,_,_,_,00,B,9,_,0,_,0,0,_,_,0,_,_,_,B00T1_E9000-____X0_S__,B1188
92128457,1,1,0,0,00,B,,,,,,,,,,,,,B00T11Enannannannan-nannannannanXnannanS00,T354
92101059,1,_,_,_,00,B,0,_,0,_,0,0,_,_,0,_,_,_,B00T1_E0000-____X0_S__,B1011
92103328,1,1,1,0,00,B,_,4,_,0,_,_,0,0,_,0,0,0,B00T11E____-4000X_0S10,B1339
92301580,1,1,0,0,00,B,0,0,0,0,0,0,0,0,_,0,0,0,B00T11E0000-0000X_0S00,B1784
92102696,_,1,0,0,00,B,0,4,0,0,0,0,0,0,0,0,0,0,B00T_1E0000-4000X00S00,B1247
92127291,1,1,0,0,00,B,0,0,0,0,0,0,0,0,0,0,0,0,B00T11E0000-0000X00S00,T1158
92295790,1,1,0,0,00,B,_,3,_,0,_,_,0,0,_,0,0,0,B00T11E____-3000X_0S00,B1421
92127970,1,1,0,0,00,B,8,_,7,_,0,0,_,_,0,_,_,_,B00T11E8070-____X0_S00,T211
92301617,1,_,_,0,00,B,9,_,8,_,0,0,_,_,0,_,_,_,B00T1_E9080-____X0_S_0,B1785
92303526,1,1,0,0,00,B,0,0,0,0,0,0,0,0,0,_,_,_,B00T11E0000-0000X0_S00,B1917
92299113,1,1,0,0,00,B,0,0,0,0,0,0,0,0,0,0,0,0,B00T11E0000-0000X00S00,B1600
92299156,1,1,0,0,00,B,0,0,0,0,7,8,0,0,0,_,_,_,B00T11E0708-0000X0_S00,B1603
92128413,_,_,_,0,00,B,8,_,7,_,0,0,_,_,0,_,_,_,B00T__E8070-____X0_S_0,T345
92101378,1,0,0,0,00,B,7,5,0,3,0,0,0,0,0,0,0,0,B00T10E7000-5030X00S00,B1048
92129501,1,1,0,0,00,B,_,4,_,0,_,_,3,0,_,0,0,0,B00T11E____-4300X_0S00,T491
92303016,1,_,_,_,00,B,,,,,,,,,,,,,B00T1_Enannannannan-nannannannanXnannanS__,B1885
92129562,_,1,0,0,00,B,0,3,0,4,0,0,0,0,0,0,0,0,B00T_1E0000-3040X00S00,T505
92296793,1,1,0,0,00,B,0,4,0,5,0,0,4,3,0,0,0,0,B00T11E0000-4453X00S00,B1483
92129504,_,_,0,0,00,B,0,_,0,_,0,0,_,_,0,_,_,_,B00T__E0000-____X0_S00,T492
92299734,1,1,0,0,00,B,0,0,0,0,0,0,0,0,0,0,0,0,B00T11E0000-0000X00S00,B1649
92305676,1,1,0,0,00,B,9,_,7,_,0,0,_,_,0,_,_,_,B00T11E9070-____X0_S00,B2043
92302439,1,_,0,0,00,B,8,_,8,_,0,0,_,_,1,_,_,_,B00T1_E8080-____X1_S00,B1842
92300613,1,1,0,_,00,B,0,_,0,_,0,0,_,_,0,_,_,_,B00T11E0000-____X0_S0_,B1705
92306160,1,1,0,0,00,B,8,_,0,_,8,0,_,_,0,_,_,_,B00T11E8800-____X0_S00,B2069
92296003,0,1,0,0,00,B,0,_,0,_,0,0,_,_,0,_,_,_,B00T01E0000-____X0_S00,B1440
92101973,1,1,0,0,00,B,9,4,0,5,0,0,5,4,0,_,_,_,B00T11E9000-4554X0_S00,B1136
92102276,1,1,0,0,00,B,0,_,0,_,0,0,_,_,0,_,_,_,B00T11E0000-____X0_S00,B1176
92101278,1,1,0,0,20,B,8,_,0,_,0,0,_,_,0,_,_,_,B20T11E8000-____X0_S00,B1035
92128104,_,_,0,_,00,B,_,0,_,0,_,_,0,0,_,0,0,0,B00T__E____-0000X_0S0_,T258
92101750,1,1,0,0,00,B,,,,,,,,,,,,,B00T11Enannannannan-nannannannanXnannanS00,B1107
92102817,1,1,0,0,00,B,_,4,0,4,_,0,0,0,_,0,0,0,B00T11E__00-4040X_0S00,B1261
92127819,1,_,0,0,00,B,0,_,0,_,0,0,_,_,0,_,_,_,B00T1_E0000-____X0_S00,T1307
92128443,_,1,0,0,00,B,_,0,_,0,_,_,0,0,_,0,0,0,B00T_1E____-0000X_0S00,T351
92304756,_,1,0,0,00,B,0,0,0,0,0,0,0,0,_,0,0,0,B00T_1E0000-0000X_0S00,B1991
92127231,1,1,0,0,00,B,0,0,0,0,0,0,0,0,0,0,0,0,B00T11E0000-0000X00S00,T1139
92102833,1,1,0,0,00,B,7,_,9,_,0,0,_,_,0,_,_,_,B00T11E7090-____X0_S00,B1261
92102673,_,_,0,0,00,B,7,0,0,0,0,0,0,0,0,0,0,0,B00T__E7000-0000X00S00,B1240
92101060,1,1,0,0,00,B,0,3,0,0,0,0,0,0,0,0,0,0,B00T11E0000-3000X00S00,B1012
92101906,1,_,0,0,00,B,9,4,8,0,0,0,0,0,0,0,0,0,B00T1_E9080-4000X00S00,B1129
92102224,_,_,0,0,00,B,_,3,_,4,_,_,0,0,_,0,0,0,B00T__E____-3040X_0S00,B1164
92101077,_,_,_,_,_,_,,,,,,,,,,,,,__T__Enannannannan-nannannannanXnannanS__,B1012
92103099,1,1,0,_,00,B,_,0,_,0,_,_,0,0,_,0,0,0,B00T11E____-0000X_0S0_,B1305
92129066,1,1,0,0,00,B,_,4,_,4,_,_,0,0,_,0,0,0,B00T11E____-4040X_0S00,T436
92128661,1,1,0,0,00,B,8,3,8,0,0,0,0,0,0,0,0,0,B00T11E8080-3000X00S00,T380
92128885,1,_,0,0,00,B,_,4,_,3,_,_,0,0,_,0,0,0,B00T1_E____-4030X_0S00,T417
92129019,_,_,_,0,00,B,_,4,_,4,_,_,4,4,_,0,0,0,B00T__E____-4444X_0S_0,T432
92103091,1,1,_,_,00,B,7,5,0,4,0,0,0,0,0,0,0,0,B00T11E7000-5040X00S__,B1302
92297959,1,1,0,0,00,B,8,_,8,_,0,0,_,_,0,_,_,_,B00T11E8080-____X0_S00,B1544
92101539,1,_,_,_,00,B,8,_,8,_,0,0,_,_,0,_,_,_,B00T1_E8080-____X0_S__,B1075
92129885,1,1,0,0,00,B,_,0,_,0,_,_,0,0,_,0,0,0,B00T11E____-0000X_0S00,T559
92128434,1,_,0,0,00,B,7,_,0,_,0,0,_,_,0,_,_,_,B00T1_E7000-____X0_S00,T350
92127959,1,1,_,_,00,B,,,,,,,,,,,,,B00T11Enannannannan-nannannannanXnannanS__,T211
92127921,_,1,0,0,00,B,_,3,_,0,_,_,0,0,_,0,0,0,B00T_1E____-3000X_0S00,T201
92102718,1,1,_,0,00,B,0,4,0,3,0,0,0,0,_,0,0,0,B00T11E0000-4030X_0S_0,B1251
92295465,1,1,_,0,00,B,8,4,0,0,8,0,3,0,0,0,0,0,B00T11E8800-4300X00S_0,B1401
92297533,1,1,0,0,00,B,9,4,0,0,0,0,0,0,0,_,_,_,B00T11E9000-4000X0_S00,B1521
92102448,1,1,0,0,20,B,7,_,8,_,0,0,_,_,0,_,_,_,B20T11E7080-____X0_S00,B1203
92302543,1,1,_,0,00,B,_,4,_,5,_,_,5,4,_,0,0,0,B00T11E____-4554X_0S_0,B1850
92303964,1,1,0,0,00,B,7,0,8,0,0,0,0,0,0,0,0,0,B00T11E7080-0000X00S00,B1943
92297409,1,1,0,0,00,B,9,0,0,0,8,0,0,0,0,_,_,_,B00T11E9800-0000X0_S00,B1516
92103492,1,1,0,0,00,B,9,4,0,4,7,0,0,0,0,0,0,0,B00T11E9700-4040X00S00,B1373
92128280,1,1,0,0,00,B,0,_,0,_,0,0,_,_,0,_,_,_,B00T11E0000-____X0_S00,T314
92100860,1,1,_,0,00,B,8,_,9,_,0,0,_,_,0,_,_,_,B00T11E8090-____X0_S_0,B1000
92103221,1,1,0,0,00,B,7,3,8,4,0,0,3,4,0,0,0,0,B00T11E7080-3344X00S00,B1320
92101591,1,1,0,0,00,B,8,0,0,0,7,0,0,0,0,0,0,0,B00T11E8700-0000X00S00,B1082
92128341,1,1,0,0,00,B,8,_,7,_,0,0,_,_,0,_,_,_,B00T11E8070-____X0_S00,T329
92300936,1,1,0,0,00,B,8,4,8,0,0,0,0,0,0,_,_,_,B00T11E8080-4000X0_S00,B1732
92304691,1,1,0,0,00,B,_,0,_,4,_,_,0,0,_,0,0,0,B00T11E____-0040X_0S00,B1989
92299316,1,1,0,_,00,B,9,_,0,_,0,0,_,_,0,_,_,_,B00T11E9000-____X0_S0_,B1614
92127248,_,_,_,0,00,B,_,5,_,3,_,_,0,0,_,0,0,0,B00T__E____-5030X_0S_0,T1145
92129457,1,1,0,0,00,B,0,3,0,0,0,0,0,0,_,0,0,0,B00T11E0000-3000X_0S00,T487
92102695,1,1,0,0,00,B,0,0,0,0,0,0,0,0,0,0,0,0,B00T11E0000-0000X00S00,B1245
92129519,_,1,0,0,00,B,_,5,0,0,_,0,0,0,_,0,0,0,B00T_1E__00-5000X_0S00,T495
92127905,_,_,0,0,00,B,,,,,,,,,,,,,B00T__Enannannannan-nannannannanXnannanS00,T173
92306372,_,_,0,0,00,B,0,0,0,0,0,0,0,0,0,0,0,0,B00T__E0000-0000X00S00,F1000
92102702,1,1,0,0,00,B,9,_,8,_,8,0,_,_,0,_,_,_,B00T11E9880-____X0_S00,B1248
92296979,1,1,0,0,00,B,_,3,_,4,_,_,0,0,_,0,0,0,B00T11E____-3040X_0S00,B1493
92100859,1,1,0,0,00,B,_,4,_,5,_,_,0,0,_,0,0,0,B00T11E____-4050X_0S00,B1000
92301764,1,1,0,0,00,B,8,4,9,0,0,0,0,0,_,0,0,0,B00T11E8090-4000X_0S00,B1790
92305061,1,1,0,0,00,B,_,3,_,0,_,_,0,0,_,0,0,0,B00T11E____-3000X_0S00,B2009
92102466,1,1,0,0,00,B,_,0,_,0,_,_,0,0,_,0,0,0,B00T11E____-0000X_0S00,B1205
92128960,1,1,0,0,00,B,9,_,0,_,0,0,_,_,0,_,_,_,B00T11E9000-____X0_S00,T423
92127136,1,1,0,0,00,B,7,_,0,_,0,0,_,_,0,_,_,_,B00T11E7000-____X0_S00,T1102
92129536,1,_,_,0,00,B,8,_,8,_,0,0,_,_,0,_,_,_,B00T1_E8080-____X0_S_0,T499
92300007,1,1,0,0,00,B,9,0,0,0,0,0,0,0,0,0,0,0,B00T11E9000-0000X00S00,B1667
92101950,1,1,0,0,00,B,0,3,0,3,0,0,0,0,_,0,0,0,B00T11E0000-3030X_0S00,B1135
92301379,1,1,0,0,00,B,_,0,_,0,_,_,0,0,_,0,0,0,B00T11E____-0000X_0S00,B1766
92128998,_,_,_,_,_,_,9,3,9,3,0,0,0,0,0,0,0,0,__T__E9090-3030X00S__,T430
92128642,_,1,0,0,00,B,_,0,_,0,_,_,0,0,_,0,0,0,B00T_1E____-0000X_0S00,T377
92127406,1,1,0,0,00,B,8,0,0,0,0,0,0,0,_,_,_,_,B00T11E8000-0000X__S00,T1190
92128752,_,_,0,0,00,B,9,_,8,_,0,0,_,_,0,_,_,_,B00T__E9080-____X0_S00,T395
92129276,_,_,_,0,00,B,0,4,0,0,0,0,0,0,_,0,0,0,B00T__E0000-4000X_0S_0,T460
92129149,1,_,0,0,00,B,_,0,_,0,_,_,0,0,_,0,0,0,B00T1_E____-0000X_0S00,T442
92101352,1,1,0,0,00,B,7,3,8,0,8,0,0,0,0,0,0,0,B00T11E7880-3000X00S00,B1043
92129537,1,1,0,0,00,B,8,_,8,_,0,0,_,_,0,_,_,_,B00T11E8080-____X0_S00,T499
92101232,1,1,0,0,00,B,8,0,0,0,0,0,0,0,0,0,0,0,B00T11E8000-0000X00S00,B1032
92102387,1,1,0,0,00,C,9,0,0,0,0,0,0,0,0,0,0,0,C00T11E9000-0000X00S00,B1193
92295413,1,1,0,0,00,B,8,4,0,0,0,0,0,0,0,_,_,_,B00T11E8000-4000X0_S00,B1394
92102683,1,_,0,0,00,B,8,_,8,_,0,0,_,_,0,_,_,_,B00T1_E8080-____X0_S00,B1244
92126871,1,1,0,0,20,B,0,0,0,0,7,0,0,0,0,0,0,0,B20T11E0700-0000X00S00,T1017
92101560,_,1,0,0,00,B,7,_,0,_,0,0,_,_,0,_,_,_,B00T_1E7000-____X0_S00,B1077
92128639,_,1,0,0,00,B,0,0,0,0,0,0,0,0,0,0,0,0,B00T_1E0000-0000X00S00,T377
92304413,1,1,0,0,00,B,_,0,_,0,_,_,0,0,_,0,0,0,B00T11E____-0000X_0S00,B1972
92127297,1,1,0,0,00,B,8,0,0,0,9,0,0,0,0,0,0,0,B00T11E8900-0000X00S00,T1160
92129080,1,1,0,0,00,B,9,0,0,0,0,0,0,0,0,_,_,_,B00T11E9000-0000X0_S00,T437
92127831,1,1,0,0,00,B,7,0,0,0,0,0,0,0,0,0,0,0,B00T11E7000-0000X00S00,T1310
92129435,1,1,0,0,00,B,0,_,0,_,0,0,_,_,0,_,_,_,B00T11E0000-____X0_S00,T482
92127175,1,1,0,0,00,B,9,_,9,_,8,0,_,_,0,_,_,_,B00T11E9890-____X0_S00,T1117
92126917,1,_,0,0,20,B,8,_,0,_,0,0,_,_,0,_,_,_,B20T1_E8000-____X0_S00,T1031
92128156,1,1,0,0,00,B,7,0,8,0,8,0,0,0,_,0,0,0,B00T11E7880-0000X_0S00,T273
92304814,1,1,_,0,00,B,8,0,7,0,7,0,0,0,0,0,0,0,B00T11E8770-0000X00S_0,B1996
92101291,1,1,0,0,00,B,8,0,7,0,0,0,0,0,0,_,_,_,B00T11E8070-0000X0_S00,B1038
92103354,_,1,0,0,00,B,_,3,_,0,_,_,0,0,_,0,0,0,B00T_1E____-3000X_0S00,B1348
92103502,_,1,_,0,00,B,,,,,,,,,,,,,B00T_1Enannannannan-nannannannanXnannanS_0,B1374
92296610,_,1,0,0,00,B,7,3,9,4,8,7,0,0,_,0,0,0,B00T_1E7897-3040X_0S00,B1476
92302917,1,_,0,0,00,B,_,3,_,5,_,_,0,0,_,0,0,0,B00T1_E____-3050X_0S00,B1874
92303649,1,1,_,0,00,B,8,0,8,0,8,8,4,4,0,0,0,0,B00T11E8888-0404X00S_0,B1928
92129482,1,1,0,0,00,B,_,4,_,0,_,_,0,0,_,0,0,0,B00T11E____-4000X_0S00,T490
92103389,_,1,0,0,00,B,_,4,_,0,_,_,0,0,_,0,0,0,B00T_1E____-4000X_0S00,B1353
92300155,1,1,0,0,00,B,_,0,_,0,_,_,0,0,_,0,0,0,B00T11E____-0000X_0S00,B1680
92301472,1,1,0,0,_,_,_,3,_,4,_,_,0,0,_,0,0,0,__T11E____-3040X_0S00,B1776
92128641,_,1,_,0,00,B,0,4,0,0,0,0,0,0,_,0,0,0,B00T_1E0000-4000X_0S_0,T377
92301218,_,1,0,0,00,B,7,0,0,0,0,0,0,0,0,0,0,0,B00T_1E7000-0000X00S00,B1754
92100880,1,1,0,0,00,B,9,3,0,0,0,0,0,0,0,_,_,_,B00T11E9000-3000X0_S00,B1001
92129239,_,1,0,0,00,B,_,5,_,4,_,_,0,0,_,0,0,0,B00T_1E____-5040X_0S00,T453
92127524,1,_,0,_,00,B,9,0,0,0,0,0,0,0,0,0,0,0,B00T1_E9000-0000X00S0_,T1222
92127806,1,1,0,0,00,B,8,5,7,4,0,0,0,0,0,0,0,0,B00T11E8070-5040X00S00,T1305
92102835,1,1,0,0,00,B,7,_,0,_,0,0,_,_,0,_,_,_,B00T11E7000-____X0_S00,B1262
92299578,1,1,0,0,00,B,_,5,_,4,_,_,0,0,_,0,0,0,B00T11E____-5040X_0S00,B1635
92129548,1,_,_,0,00,B,0,_,0,_,0,0,_,_,_,_,_,_,B00T1_E0000-____X__S_0,T501
92127030,1,1,_,0,00,B,7,0,0,0,7,8,0,0,_,0,0,0,B00T11E7708-0000X_0S_0,T1065
92129226,1,1,0,0,00,B,0,0,0,0,0,0,0,0,0,0,0,0,B00T11E0000-0000X00S00,T452
92102226,_,_,_,_,00,B,,,,,,,,,,,,,B00T__Enannannannan-nannannannanXnannanS__,B1164
92301796,1,1,0,0,00,B,7,4,0,4,0,0,0,0,0,0,0,0,B00T11E7000-4040X00S00,B1791
92306426,1,1,0,0,00,B,0,_,0,_,0,0,_,_,0,_,_,_,B00T11E0000-____X0_S00,F1000
92296998,1,_,_,_,00,B,9,_,8,_,0,0,_,_,0,_,_,_,B00T1_E9080-____X0_S__,B1493
92101154,1,1,0,0,00,B,0,0,0,0,0,0,0,0,_,0,0,0,B00T11E0000-0000X_0S00,B1019
92127452,1,_,0,0,00,B,9,0,8,0,0,0,0,0,0,_,_,_,B00T1_E9080-0000X0_S00,T1207
92302541,1,1,0,0,00,B,8,4,8,3,0,0,0,0,0,0,0,0,B00T11E8080-4030X00S00,B1849
92299502,1,1,0,0,00,B,_,3,_,3,_,_,4,4,_,0,0,0,B00T11E____-3434X_0S00,B1629
92295464,1,1,0,0,00,B,0,3,0,3,0,0,3,0,0,0,0,0,B00T11E0000-3330X00S00,B1401
92127786,1,1,_,0,00,B,_,3,_,3,_,_,5,0,_,0,0,0,B00T11E____-3530X_0S_0,T1300
92295701,1,1,0,0,00,B,7,3,0,4,0,0,0,0,0,0,0,0,B00T11E7000-3040X00S00,B1416
92302158,1,1,0,0,00,B,7,_,8,_,0,0,_,_,0,_,_,_,B00T11E7080-____X0_S00,B1816
92304193,1,1,0,0,00,B,7,_,0,_,0,0,_,_,0,_,_,_,B00T11E7000-____X0_S00,B1958
92302864,1,1,0,0,00,B,8,_,0,_,0,0,_,_,0,_,_,_,B00T11E8000-____X0_S00,B1872
92127600,1,1,0,0,00,C,0,_,0,_,0,0,_,_,0,_,_,_,C00T11E0000-____X0_S00,T1242
92128302,1,1,0,0,00,B,8,0,0,0,9,0,0,0,_,0,0,0,B00T11E8900-0000X_0S00,T320
92127247,1,1,0,0,00,B,8,_,0,_,0,0,_,_,0,_,_,_,B00T11E8000-____X0_S00,T1144
92300829,1,_,0,0,00,B,0,_,0,_,0,0,_,_,0,_,_,_,B00T1_E0000-____X0_S00,B1721
92296458,1,1,0,0,00,B,0,_,0,_,0,0,_,_,0,_,_,_,B00T11E0000-____X0_S00,B1464
92102043,1,1,0,_,00,B,8,_,8,_,0,0,_,_,0,_,_,_,B00T11E8080-____X0_S0_,B1143
92303485,1,1,0,_,00,B,9,_,8,_,9,7,_,_,0,_,_,_,B00T11E9987-____X0_S0_,B1912
92126928,_,_,_,_,00,B,_,3,_,3,_,_,0,0,_,_,_,_,B00T__E____-3030X__S__,T1037
92303139,1,1,0,0,00,B,9,0,8,0,0,0,0,0,0,0,0,0,B00T11E9080-0000X00S00,B1892
92129181,1,1,0,0,00,B,_,0,_,0,_,_,0,0,_,0,0,0,B00T11E____-0000X_0S00,T445
92128056,1,1,0,0,00,B,0,0,0,0,0,0,0,0,0,0,0,0,B00T11E0000-0000X00S00,T251
92127894,_,0,0,0,00,B,0,4,0,4,0,0,3,0,_,0,0,0,B00T_0E0000-4340X_0S00,T1329
92304186,1,_,0,0,00,B,9,_,0,_,0,0,_,_,0,_,_,_,B00T1_E9000-____X0_S00,B1956
92296873,1,1,0,_,00,B,7,5,0,0,9,7,0,0,_,0,0,0,B00T11E7907-5000X_0S0_,B1489
92305576,_,1,0,0,00,B,_,5,_,0,_,_,0,0,_,0,0,0,B00T_1E____-5000X_0S00,B2036
92101875,1,_,_,_,00,B,8,5,7,0,0,0,0,0,0,_,_,_,B00T1_E8070-5000X0_S__,B1124
92101411,1,1,0,0,00,B,_,3,_,0,_,_,0,0,_,0,0,0,B00T11E____-3000X_0S00,B1057
92129936,1,1,0,0,00,B,9,0,0,0,0,0,0,0,0,0,0,0,B00T11E9000-0000X00S00,T572
92302318,1,1,0,_,00,B,0,0,0,0,9,8,0,0,0,0,0,0,B00T11E0908-0000X00S0_,B1828
92101356,1,1,0,0,00,B,_,0,_,0,_,_,0,0,_,0,0,0,B00T11E____-0000X_0S00,B1043
92296393,1,1,_,_,00,B,_,0,_,0,_,_,0,0,_,0,0,0,B00T11E____-0000X_0S__,B1460
92127803,1,1,_,_,00,B,0,_,0,_,0,0,_,_,0,_,_,_,B00T11E0000-____X0_S__,T1304
92126931,1,1,_,0,00,B,8,4,8,4,0,0,0,0,0,0,0,0,B00T11E8080-4040X00S_0,T1038
92128736,_,_,_,0,00,B,_,4,_,4,_,_,0,0,_,0,0,0,B00T__E____-4040X_0S_0,T390
92101289,1,1,0,0,00,B,_,3,_,4,_,_,0,0,_,0,0,0,B00T11E____-3040X_0S00,B1036
92102775,1,1,0,0,00,B,8,4,9,0,0,0,0,0,0,0,0,0,B00T11E8090-4000X00S00,B1259
92296504,1,1,0,0,00,B,0,4,0,0,0,0,0,0,_,0,0,0,B00T11E0000-4000X_0S00,B1467
92127562,1,1,0,0,00,B,7,3,9,0,0,0,4,3,0,_,_,_,B00T11E7090-3403X0_S00,T1232
92127217,1,1,0,0,00,B,_,4,_,3,_,_,0,0,_,0,0,0,B00T11E____-4030X_0S00,T1135
92297892,1,1,0,0,00,B,_,5,_,0,_,_,0,0,_,0,0,0,B00T11E____-5000X_0S00,B1537
92102806,_,_,_,_,00,B,_,4,_,4,_,_,0,0,_,0,0,0,B00T__E____-4040X_0S__,B1261
92102674,_,_,_,_,00,B,,,,,,,,,,,,,B00T__Enannannannan-nannannannanXnannanS__,B1240
92103413,1,1,0,0,00,B,0,0,0,0,7,0,0,0,0,0,0,0,B00T11E0700-0000X00S00,B1358
92102230,1,1,0,0,00,B,8,5,0,0,0,0,0,0,0,_,_,_,B00T11E8000-5000X0_S00,B1167
92127591,1,1,0,0,00,C,9,_,0,_,0,0,_,_,0,_,_,_,C00T11E9000-____X0_S00,T1240
92298073,1,_,1,0,00,B,8,4,8,4,0,0,0,0,0,0,0,0,B00T1_E8080-4040X00S10,B1552
92303339,1,1,0,0,00,B,0,_,0,_,0,0,_,_,0,_,_,_,B00T11E0000-____X0_S00,B1907
92101829,1,1,0,0,00,B,8,0,0,0,0,0,0,0,0,_,_,_,B00T11E8000-0000X0_S00,B1120
92302038,1,1,1,0,00,B,9,_,0,_,0,0,_,_,0,_,_,_,B00T11E9000-____X0_S10,B1805
92101659,1,1,0,0,00,B,8,0,8,0,0,0,0,0,0,0,0,0,B00T11E8080-0000X00S00,B1096
92102888,1,1,0,0,00,B,7,4,0,0,8,0,0,0,0,0,0,0,B00T11E7800-4000X00S00,B1267
92128258,1,1,0,0,00,B,_,0,_,0,_,_,0,0,_,0,0,0,B00T11E____-0000X_0S00,T307
92102199,_,1,0,0,00,B,_,3,_,0,_,_,5,0,_,0,0,0,B00T_1E____-3500X_0S00,B1161
92126969,1,_,0,0,00,B,9,0,0,0,0,0,0,0,0,_,_,_,B00T1_E9000-0000X0_S00,T1046
92102067,_,_,0,0,00,B,9,_,9,_,0,0,_,_,0,_,_,_,B00T__E9090-____X0_S00,B1146
92101509,1,1,0,0,00,B,9,3,0,0,0,0,0,0,_,0,0,0,B00T11E9000-3000X_0S00,B1070
92296829,1,1,0,0,00,B,0,4,0,0,0,0,0,0,_,0,0,0,B00T11E0000-4000X_0S00,B1485
92102121,_,_,0,0,00,B,9,5,8,0,0,0,3,0,0,0,0,0,B00T__E9080-5300X00S00,B1153
92304476,1,_,0,0,00,B,0,_,0,_,0,0,_,_,0,_,_,_,B00T1_E0000-____X0_S00,B1976
92103332,1,1,0,0,00,B,0,0,0,0,0,0,0,0,0,_,_,_,B00T11E0000-0000X0_S00,B1342
92129768,_,1,0,0,00,B,_,0,_,0,_,_,0,0,_,0,0,0,B00T_1E____-0000X_0S00,T539
92127237,1,1,0,0,20,_,_,0,_,0,_,_,0,0,_,0,0,0,_20T11E____-0000X_0S00,T1141
92128476,_,_,0,0,00,B,_,3,_,0,_,_,0,0,_,0,0,0,B00T__E____-3000X_0S00,T355
92101205,_,_,0,_,00,B,0,3,0,0,0,0,0,0,0,0,0,0,B00T__E0000-3000X00S0_,B1028
92103583,1,1,0,0,00,B,0,_,0,_,0,0,_,_,0,_,_,_,B00T11E0000-____X0_S00,B1389
92295972,1,1,0,0,00,B,_,0,_,0,_,_,0,0,_,0,0,0,B00T11E____-0000X_0S00,B1435
92297634,1,1,0,0,00,B,0,5,0,3,0,0,0,0,_,0,0,0,B00T11E0000-5030X_0S00,B1528
92101217,1,_,0,0,00,B,0,0,0,0,0,0,0,0,_,0,0,0,B00T1_E0000-0000X_0S00,B1031
92129771,1,1,1,0,00,B,9,3,7,4,0,0,3,0,0,0,0,0,B00T11E9070-3340X00S10,T540
92299969,1,1,1,0,20,B,0,3,0,4,0,0,0,0,0,0,0,0,B20T11E0000-3040X00S10,B1664
92102206,1,1,0,0,00,B,0,0,0,0,0,0,0,0,0,_,_,_,B00T11E0000-0000X0_S00,B1162
92127906,1,_,0,0,00,B,0,_,0,_,8,0,_,_,0,_,_,_,B00T1_E0800-____X0_S00,T173
92102652,1,1,_,0,00,B,8,0,9,0,0,0,0,0,0,_,_,_,B00T11E8090-0000X0_S_0,B1238
92102530,1,_,0,0,00,B,0,0,0,0,0,0,0,0,_,0,0,0,B00T1_E0000-0000X_0S00,B1216
92128975,_,_,0,0,00,B,0,0,0,0,0,0,0,0,0,_,_,_,B00T__E0000-0000X0_S00,T427
92101477,1,1,0,0,20,_,9,5,0,4,0,0,0,0,0,0,0,0,_20T11E9000-5040X00S00,B1068
92301569,1,1,0,0,00,B,7,3,8,0,0,0,0,0,_,0,0,0,B00T11E7080-3000X_0S00,B1783
92126920,1,1,0,0,_,_,8,_,9,_,0,0,_,_,0,_,_,_,__T11E8090-____X0_S00,T1033
92101329,1,_,0,0,00,B,9,_,8,_,0,0,_,_,0,_,_,_,B00T1_E9080-____X0_S00,B1041
92128228,_,_,0,0,00,B,8,_,0,_,0,0,_,_,0,_,_,_,B00T__E8000-____X0_S00,T294
92302887,1,1,0,0,00,B,0,3,0,4,0,0,0,0,_,0,0,0,B00T11E0000-3040X_0S00,B1872
92102618,1,1,_,_,00,B,_,0,_,0,_,_,0,0,_,0,0,0,B00T11E____-0000X_0S__,B1228
92101484,_,_,0,0,00,B,8,_,7,_,0,0,_,_,0,_,_,_,B00T__E8070-____X0_S00,B1069
92129733,1,1,0,0,00,B,0,0,0,0,0,0,0,0,0,0,0,0,B00T11E0000-0000X00S00,T536
92297850,_,_,0,0,00,B,7,_,8,_,0,0,_,_,0,_,_,_,B00T__E7080-____X0_S00,B1535
92305033,1,_,0,0,00,B,8,_,0,_,0,0,_,_,0,_,_,_,B00T1_E8000-____X0_S00,B2008
92301248,1,1,_,0,00,B,_,4,_,5,_,_,3,0,_,0,0,0,B00T11E____-4350X_0S_0,B1756
92101506,1,1,0,0,00,B,7,_,8,_,0,0,_,_,0,_,_,_,B00T11E7080-____X0_S00,B1070
92299058,1,1,0,0,00,B,_,0,_,0,_,_,0,0,_,0,0,0,B00T11E____-0000X_0S00,B1596
92128708,1,1,_,0,20,B,_,0,_,0,_,_,0,0,_,0,0,0,B20T11E____-0000X_0S_0,T386
92126836,1,1,0,0,00,B,0,3,0,0,0,0,0,0,_,0,0,0,B00T11E0000-3000X_0S00,T1007
92300460,0,1,0,0,00,B,9,_,0,_,0,0,_,_,0,_,_,_,B00T01E9000-____X0_S00,B1695
92102278,1,1,0,0,00,B,8,_,0,_,0,0,_,_,0,_,_,_,B00T11E8000-____X0_S00,B1178
92300281,1,1,0,0,00,B,_,0,_,0,_,_,0,0,_,0,0,0,B00T11E____-0000X_0S00,B1685
92295938,1,1,0,0,00,B,_,4,_,5,_,_,4,0,_,0,0,0,B00T11E____-4450X_0S00,B1432
92304692,1,1,0,0,00,B,0,_,0,_,0,0,_,_,0,_,_,_,B00T11E0000-____X0_S00,B1989
92127398,1,1,0,_,00,B,_,0,_,0,_,_,0,0,_,0,0,0,B00T11E____-0000X_0S0_,T1187
92299618,1,1,0,_,00,B,0,4,0,0,0,0,0,0,_,0,0,0,B00T11E0000-4000X_0S0_,B1639
92129026,_,_,0,0,00,B,0,3,0,0,0,0,0,0,_,0,0,0,B00T__E0000-3000X_0S00,T433
92303324,1,_,0,_,20,B,0,_,0,_,0,0,_,_,0,_,_,_,B20T1_E0000-____X0_S0_,B1905
92126874,0,1,0,0,00,B,_,5,7,3,_,8,0,0,_,0,0,0,B00T01E__78-5030X_0S00,T1019
92128075,1,1,0,0,00,B,0,_,0,_,0,0,_,_,0,_,_,_,B00T11E0000-____X0_S00,T254
92299203,1,1,0,0,00,B,0,_,0,_,0,0,_,_,0,_,_,_,B00T11E0000-____X0_S00,B1606
92127202,1,1,0,0,00,B,8,0,0,0,8,0,0,0,0,0,0,0,B00T11E8800-0000X00S00,T1127
92304603,1,1,0,0,00,B,_,0,_,0,_,_,0,0,_,0,0,0,B00T11E____-0000X_0S00,B1985
92128192,_,1,0,_,00,B,_,0,_,0,_,_,0,0,_,0,0,0,B00T_1E____-0000X_0S0_,T282
92128590,1,0,0,0,00,B,9,0,0,0,0,0,0,0,0,_,_,_,B00T10E9000-0000X0_S00,T369
92102390,1,1,0,0,00,B,9,_,7,_,0,0,_,_,0,_,_,_,B00T11E9070-____X0_S00,B1195
92101632,1,1,0,_,00,B,0,_,0,_,0,0,_,_,0,_,_,_,B00T11E0000-____X0_S0_,B1090
92127793,1,1,0,0,00,B,8,_,7,_,0,0,_,_,0,_,_,_,B00T11E8070-____X0_S00,T1303
92296561,1,1,0,0,00,B,9,_,0,_,0,0,_,_,0,_,_,_,B00T11E9000-____X0_S00,B1471
92102544,1,_,0,0,00,B,8,_,9,_,0,0,_,_,0,_,_,_,B00T1_E8090-____X0_S00,B1217
92129488,1,_,_,_,00,B,8,_,0,4,9,0,_,4,0,_,_,_,B00T1_E8900-__44X0_S__,T490
92305524,1,1,0,0,00,B,_,3,_,4,_,_,0,0,_,0,0,0,B00T11E____-3040X_0S00,B2035
92128367,1,_,0,0,00,B,9,_,7,_,0,0,_,_,0,_,_,_,B00T1_E9070-____X0_S00,T335
92128733,1,1,0,0,00,B,_,4,_,0,_,_,0,0,_,0,0,0,B00T11E____-4000X_0S00,T389
92129355,1,1,0,0,00,B,0,0,0,0,0,0,0,0,0,0,0,0,B00T11E0000-0000X00S00,T471
92129728,1,1,0,0,00,B,_,3,_,0,_,_,0,0,_,0,0,0,B00T11E____-3000X_0S00,T534
92128782,1,1,0,_,00,B,0,_,0,_,0,0,_,_,0,_,_,_,B00T11E0000-____X0_S0_,T400
92299040,1,1,0,0,20,C,_,0,_,0,_,_,0,0,_,0,0,0,C20T11E____-0000X_0S00,B1595
92300029,1,1,0,0,20,B,8,0,0,0,0,0,0,0,0,0,0,0,B20T11E8000-0000X00S00,B1668
92129396,_,_,0,0,00,B,0,0,0,0,0,0,0,0,0,0,0,0,B00T__E0000-0000X00S00,T475
92129608,1,_,0,0,00,B,7,0,9,0,0,0,0,0,0,_,_,_,B00T1_E7090-0000X0_S00,T514
92127744,1,1,0,0,00,B,0,0,0,0,0,0,0,0,0,0,0,0,B00T11E0000-0000X00S00,T1285
92298826,1,1,0,0,00,B,0,0,0,0,0,0,0,0,0,0,0,0,B00T11E0000-0000X00S00,B1588
92128594,_,_,0,0,00,B,0,_,0,_,0,0,_,_,0,_,_,_,B00T__E0000-____X0_S00,T370
92128937,1,1,0,0,00,B,_,0,_,0,_,_,0,0,_,0,0,0,B00T11E____-0000X_0S00,T422
92102383,1,1,_,_,00,B,0,0,0,0,0,0,0,0,_,0,0,0,B00T11E0000-0000X_0S__,B1193
92300549,1,_,_,_,00,B,8,0,7,0,0,0,0,0,0,_,_,_,B00T1_E8070-0000X0_S__,B1701
92129143,1,1,0,0,00,B,0,_,0,_,0,0,_,_,0,_,_,_,B00T11E0000-____X0_S00,T442
92296954,1,1,0,0,00,B,_,3,_,0,_,_,0,0,_,0,0,0,B00T11E____-3000X_0S00,B1492
92296148,1,1,0,0,00,B,9,_,0,_,0,0,_,_,0,_,_,_,B00T11E9000-____X0_S00,B1446
92297415,1,1,0,0,00,B,0,0,0,0,8,0,0,0,0,0,0,0,B00T11E0800-0000X00S00,B1516
92128463,1,1,0,0,00,B,9,4,8,5,7,9,0,0,_,0,0,0,B00T11E9789-4050X_0S00,T354
92100983,1,1,0,0,00,B,7,0,0,0,0,0,5,0,_,0,0,0,B00T11E7000-0500X_0S00,B1006
92102782,1,1,1,0,00,B,0,3,0,5,0,0,3,0,0,0,0,0,B00T11E0000-3350X00S10,B1259
92102068,1,1,_,0,00,B,_,3,_,4,_,_,4,3,_,0,0,0,B00T11E____-3443X_0S_0,B1146
92128110,1,_,0,0,00,B,0,_,0,_,0,0,_,_,0,_,_,_,B00T1_E0000-____X0_S00,T260
92129113,_,_,0,0,00,B,_,3,_,0,_,_,0,0,_,0,0,0,B00T__E____-3000X_0S00,T439
92128455,1,1,_,_,00,B,9,4,8,3,9,9,0,0,_,0,0,0,B00T11E9989-4030X_0S__,T354
92102309,1,1,0,0,00,B,_,3,_,4,_,_,0,0,_,0,0,0,B00T11E____-3040X_0S00,B1182
92305316,1,1,0,0,00,C,7,_,8,_,8,8,_,_,0,_,_,_,C00T11E7888-____X0_S00,B2021
92303556,0,0,0,0,00,B,0,0,0,0,0,0,0,0,0,0,0,0,B00T00E0000-0000X00S00,B1920
92102877,1,1,0,0,00,B,0,_,0,_,0,0,_,_,0,_,_,_,B00T11E0000-____X0_S00,B1267
92299089,1,0,_,_,00,B,8,3,7,4,0,0,0,0,0,0,0,0,B00T10E8070-3040X00S__,B1599
92129585,1,_,_,_,00,B,7,_,7,_,0,0,_,_,0,_,_,_,B00T1_E7070-____X0_S__,T509
92300203,1,1,0,0,00,B,0,0,0,0,0,0,0,0,_,0,0,0,B00T11E0000-0000X_0S00,B1683
92127765,0,_,0,0,00,B,0,5,0,0,0,0,0,0,_,0,0,0,B00T0_E0000-5000X_0S00,T1292
92296120,1,1,0,0,00,B,8,_,8,_,0,0,_,_,0,_,_,_,B00T11E8080-____X0_S00,B1445
92127039,1,1,0,0,00,B,9,4,8,4,8,8,3,5,_,0,0,0,B00T11E9888-4345X_0S00,T1068
92128759,1,1,0,0,00,B,9,3,9,3,8,0,0,0,0,0,0,0,B00T11E9890-3030X00S00,T396
92101457,1,1,0,0,00,B,0,_,0,_,0,0,_,_,0,_,_,_,B00T11E0000-____X0_S00,B1063
92296959,1,1,0,0,00,B,8,_,0,_,0,0,_,_,0,_,_,_,B00T11E8000-____X0_S00,B1492
92301698,1,1,0,0,00,B,9,_,8,_,0,0,_,_,0,_,_,_,B00T11E9080-____X0_S00,B1788
92128814,1,1,0,0,20,B,_,0,_,0,_,_,0,0,_,0,0,0,B20T11E____-0000X_0S00,T403
92305424,_,1,0,0,00,B,_,4,_,0,_,_,0,0,_,0,0,0,B00T_1E____-4000X_0S00,B2028
92129969,1,1,0,0,00,B,_,5,_,0,_,_,0,0,_,0,0,0,B00T11E____-5000X_0S00,T581
92128257,1,1,0,0,00,B,_,0,_,0,_,_,0,0,_,0,0,0,B00T11E____-0000X_0S00,T307
92101619,_,1,_,_,00,B,_,4,_,5,_,_,0,0,_,0,0,0,B00T_1E____-4050X_0S__,B1085
92129429,1,1,_,0,00,B,9,3,7,4,0,0,0,0,0,1,1,1,B00T11E9070-3040X01S_0,T481
92298248,1,0,0,_,00,B,_,4,_,4,_,_,0,0,_,0,0,0,B00T10E____-4040X_0S0_,B1558
92300922,1,1,0,0,00,B,7,3,0,0,0,0,0,0,0,0,0,0,B00T11E7000-3000X00S00,B1730
92299765,1,1,0,0,00,B,9,_,0,_,0,0,_,_,0,_,_,_,B00T11E9000-____X0_S00,B1652
92128383,1,1,0,0,00,B,0,0,0,0,0,0,0,0,0,0,0,0,B00T11E0000-0000X00S00,T336
92127296,1,_,0,0,00,B,8,0,0,0,0,0,0,0,0,_,_,_,B00T1_E8000-0000X0_S00,T1160
92304690,1,1,0,0,00,B,_,0,_,0,_,_,0,0,_,0,0,0,B00T11E____-0000X_0S00,B1989
92127462,1,1,0,0,00,B,_,0,_,0,_,_,0,0,_,0,0,0,B00T11E____-0000X_0S00,T1208
92128638,_,1,0,0,00,B,9,0,8,0,0,0,0,0,0,0,0,0,B00T_1E9080-0000X00S00,T377
92103219,1,1,0,0,00,B,7,4,9,4,9,9,4,0,0,0,0,0,B00T11E7999-4440X00S00,B1320
92101654,1,1,0,0,00,B,_,0,_,0,_,_,0,0,_,0,0,0,B00T11E____-0000X_0S00,B1096
92129669,1,1,0,0,00,B,0,0,0,0,0,0,0,0,0,0,0,0,B00T11E0000-0000X00S00,T522
92300369,1,1,1,0,00,B,8,5,7,0,0,0,0,0,0,0,0,0,B00T11E8070-5000X00S10,B1689
92127386,1,1,0,0,00,B,8,_,9,_,0,0,_,_,0,_,_,_,B00T11E8090-____X0_S00,T1185
92101605,0,1,0,_,00,B,9,4,8,4,8,0,0,0,0,0,0,0,B00T01E9880-4040X00S0_,B1085
92301238,1,_,_,0,00,B,8,0,0,0,0,0,0,0,0,_,_,_,B00T1_E8000-0000X0_S_0,B1756
92101425,1,1,1,0,00,B,_,3,_,4,_,_,0,0,_,0,0,0,B00T11E____-3040X_0S10,B1060
92103212,1,_,0,0,00,B,7,_,9,_,9,7,_,_,0,_,_,_,B00T1_E7997-____X0_S00,B1320
92127040,1,1,0,0,00,B,_,3,_,4,_,_,3,5,_,0,0,0,B00T11E____-3345X_0S00,T1068
92102909,1,1,0,0,00,B,0,_,0,_,0,0,_,_,0,_,_,_,B00T11E0000-____X0_S00,B1270
92101308,1,1,0,0,20,_,9,0,9,0,0,0,5,5,0,0,0,0,_20T11E9090-0505X00S00,B1040
92102342,1,1,_,0,20,B,0,3,0,3,0,0,4,0,_,0,0,0,B20T11E0000-3430X_0S_0,B1188
92128502,1,_,0,0,00,B,0,_,0,_,0,0,_,_,0,_,_,_,B00T1_E0000-____X0_S00,T357
92128925,1,_,0,0,00,B,0,_,0,_,0,0,_,_,0,_,_,_,B00T1_E0000-____X0_S00,T421
92296322,1,1,_,_,00,B,8,4,0,5,0,0,0,0,0,0,0,0,B00T11E8000-4050X00S__,B1456
92299317,1,1,0,0,00,B,0,5,0,0,0,0,0,0,0,0,0,0,B00T11E0000-5000X00S00,B1614
92101611,_,1,0,0,00,B,_,3,_,5,_,_,0,0,_,0,0,0,B00T_1E____-3050X_0S00,B1085
92103257,1,1,0,0,00,B,8,_,0,_,0,0,_,_,0,_,_,_,B00T11E8000-____X0_S00,B1327
92297265,1,1,0,0,00,B,8,4,0,0,8,0,0,0,0,0,0,0,B00T11E8800-4000X00S00,B1505
92128534,1,_,0,0,00,B,0,_,0,_,0,0,_,_,0,_,_,_,B00T1_E0000-____X0_S00,T361
92100951,1,1,0,0,00,B,9,3,0,0,0,0,0,0,0,0,0,0,B00T11E9000-3000X00S00,B1004
92102542,1,1,0,0,00,B,8,4,8,4,0,0,0,0,0,0,0,0,B00T11E8080-4040X00S00,B1217
92295882,1,1,0,0,00,B,9,3,8,0,8,9,0,0,_,0,0,0,B00T11E9889-3000X_0S00,B1429
92102694,1,1,0,0,00,B,9,0,0,0,0,0,0,0,0,_,_,_,B00T11E9000-0000X0_S00,B1245
92129799,1,1,0,0,20,B,9,3,0,3,0,0,0,0,0,_,_,_,B20T11E9000-3030X0_S00,T545
92297586,1,1,0,0,00,B,7,0,0,0,0,0,0,0,_,0,0,0,B00T11E7000-0000X_0S00,B1524
92100989,1,1,0,0,00,B,_,4,_,4,_,_,0,0,_,0,0,0,B00T11E____-4040X_0S00,B1007
92302883,1,1,0,0,00,B,8,_,0,_,0,0,_,_,0,_,_,_,B00T11E8000-____X0_S00,B1872
92127867,1,1,_,_,20,_,9,3,8,0,0,0,0,0,0,_,_,_,_20T11E9080-3000X0_S__,T1322
92101796,1,1,0,0,00,B,8,_,8,_,0,0,_,_,0,_,_,_,B00T11E8080-____X0_S00,B1114
92298119,_,0,1,0,00,B,9,_,0,_,9,0,_,_,0,_,_,_,B00T_0E9900-____X0_S10,B1554
92100993,1,1,0,0,00,B,0,0,0,0,0,0,0,0,0,0,0,0,B00T11E0000-0000X00S00,B1007
92101105,1,1,0,0,00,B,7,5,0,0,0,0,0,0,0,0,0,0,B00T11E7000-5000X00S00,B1016
92297605,0,1,0,0,00,B,8,_,7,_,0,0,_,_,0,_,_,_,B00T01E8070-____X0_S00,B1527
92295743,1,1,0,0,00,B,8,_,0,_,0,0,_,_,0,_,_,_,B00T11E8000-____X0_S00,B1417
92102994,1,1,0,0,00,B,0,0,0,0,0,0,0,0,_,0,0,0,B00T11E0000-0000X_0S00,B1290
92302632,1,_,0,0,00,B,0,_,0,_,9,0,_,_,0,_,_,_,B00T1_E0900-____X0_S00,B1857
92103566,1,1,0,0,00,B,8,_,9,_,0,0,_,_,0,_,_,_,B00T11E8090-____X0_S00,B1385
92127572,_,1,0,0,20,B,_,0,_,0,_,_,0,0,_,0,0,0,B20T_1E____-0000X_0S00,T1234
92101662,1,1,_,_,00,B,9,_,8,_,0,0,_,_,0,_,_,_,B00T11E9080-____X0_S__,B1096
92296401,1,1,_,0,00,B,_,3,_,0,_,_,0,0,_,0,0,0,B00T11E____-3000X_0S_0,B1461
92296553,1,1,0,0,20,B,0,3,0,0,0,0,0,0,0,0,0,0,B20T11E0000-3000X00S00,B1471
92301665,_,1,0,0,00,B,_,0,_,0,_,_,4,0,_,0,0,0,B00T_1E____-0400X_0S00,B1786
92298042,1,1,0,0,00,B,_,4,_,0,_,_,4,0,_,0,0,0,B00T11E____-4400X_0S00,B1549
92128922,1,1,_,_,00,B,0,0,0,0,0,0,0,0,0,_,_,_,B00T11E0000-0000X0_S__,T421
92295854,_,1,0,0,00,B,0,4,0,0,0,0,0,0,_,0,0,0,B00T_1E0000-4000X_0S00,B1427
92302219,1,1,0,0,00,B,7,0,7,0,0,0,0,0,_,0,0,0,B00T11E7070-0000X_0S00,B1820
92302345,1,1,0,0,00,B,8,4,0,3,0,0,0,0,0,0,0,0,B00T11E8000-4030X00S00,B1831
92300891,1,1,_,0,00,B,_,4,_,0,_,_,0,0,_,0,0,0,B00T11E____-4000X_0S_0,B1726
92296508,1,1,0,0,00,B,0,_,0,_,0,0,_,_,0,_,_,_,B00T11E0000-____X0_S00,B1467
92101133,1,1,0,0,00,B,7,0,8,0,0,0,0,0,0,0,0,0,B00T11E7080-0000X00S00,B1018
92127193,1,1,0,0,00,B,9,_,9,_,0,0,_,_,0,_,_,_,B00T11E9090-____X0_S00,T1124
92129326,1,1,0,0,00,B,0,0,0,0,0,0,0,0,_,0,0,0,B00T11E0000-0000X_0S00,T467
92101486,1,1,0,0,00,B,_,3,_,5,_,_,0,0,_,0,0,0,B00T11E____-3050X_0S00,B1069
92297202,1,1,0,0,00,B,9,0,8,0,9,0,0,0,0,0,0,0,B00T11E9980-0000X00S00,B1501
92127303,_,1,0,_,20,_,9,5,0,0,7,0,0,0,0,0,0,0,_20T_1E9700-5000X00S0_,T1162
92303712,1,1,0,0,00,B,_,0,_,0,_,_,0,0,_,0,0,0,B00T11E____-0000X_0S00,B1930
92103575,1,1,0,0,00,B,9,0,8,0,0,0,0,0,0,0,0,0,B00T11E9080-0000X00S00,B1387
92128240,1,1,0,0,00,B,_,4,_,0,_,_,0,0,_,0,0,0,B00T11E____-4000X_0S00,T299
92102162,1,1,0,0,00,B,9,_,0,_,0,0,_,_,0,_,_,_,B00T11E9000-____X0_S00,B1156
92296035,1,1,0,0,00,B,0,0,0,0,0,0,0,0,0,0,0,0,B00T11E0000-0000X00S00,B1443
92304297,1,1,0,0,00,B,9,3,8,0,0,0,4,5,0,_,_,_,B00T11E9080-3405X0_S00,B1962
92306284,_,1,0,_,00,B,_,0,_,0,_,_,0,0,_,0,0,0,B00T_1E____-0000X_0S0_,B2076
92102028,_,1,0,0,00,B,_,3,_,0,_,_,4,0,_,0,0,0,B00T_1E____-3400X_0S00,B1142
92298758,1,1,0,0,00,B,_,0,_,0,_,_,0,0,_,0,0,0,B00T11E____-0000X_0S00,B1584
92299216,1,1,0,0,00,C,_,0,_,0,_,_,0,0,_,0,0,0,C00T11E____-0000X_0S00,B1606
92305736,1,1,0,0,00,B,8,_,0,_,0,0,_,_,0,_,_,_,B00T11E8000-____X0_S00,B2044
92127527,_,_,0,0,00,B,8,0,7,0,0,0,0,0,0,_,_,_,B00T__E8070-0000X0_S00,T1223
92298814,1,1,0,0,00,B,9,_,9,_,0,0,_,_,0,_,_,_,B00T11E9090-____X0_S00,B1588
92102353,1,1,0,0,00,B,9,_,0,_,0,0,_,_,0,_,_,_,B00T11E9000-____X0_S00,B1190
92297942,1,1,0,0,00,B,0,_,0,_,0,0,_,_,0,_,_,_,B00T11E0000-____X0_S00,B1542
92101231,_,1,0,0,00,B,8,0,9,0,0,0,0,0,0,_,_,_,B00T_1E8090-0000X0_S00,B1032
92102705,0,1,_,0,20,B,9,0,9,0,0,0,0,0,0,0,0,0,B20T01E9090-0000X00S_0,B1249
92101474,1,1,0,0,00,B,9,4,9,5,8,0,0,0,0,0,0,0,B00T11E9890-4050X00S00,B1066
92304624,1,_,_,_,00,B,8,0,0,0,0,0,0,0,0,0,0,0,B00T1_E8000-0000X00S__,B1987
92302281,1,1,0,0,00,B,_,5,_,4,_,_,0,0,_,0,0,0,B00T11E____-5040X_0S00,B1823
92129787,1,1,0,0,00,C,0,0,0,0,0,0,0,0,0,0,0,0,C00T11E0000-0000X00S00,T543
92299049,1,1,0,0,20,B,0,0,0,0,9,0,0,0,0,_,_,_,B20T11E0900-0000X0_S00,B1595
92302412,1,1,1,0,00,B,8,4,9,0,8,9,0,0,0,0,0,0,B00T11E8899-4000X00S10,B1839
92128396,1,1,0,0,00,B,_,5,_,0,_,_,3,4,_,0,0,0,B00T11E____-5304X_0S00,T339
92128666,1,_,0,0,00,B,8,4,9,0,7,9,0,0,_,0,0,0,B00T1_E8799-4000X_0S00,T381
92102002,_,1,0,0,00,B,_,4,_,4,_,_,4,4,_,0,0,0,B00T_1E____-4444X_0S00,B1140
92101396,1,1,0,0,00,B,_,3,_,4,_,_,0,0,_,0,0,0,B00T11E____-3040X_0S00,B1052
92101782,1,_,0,0,00,B,_,0,_,0,_,_,3,0,_,0,0,0,B00T1_E____-0300X_0S00,B1111
92299756,1,_,_,0,00,B,,,,,,,,,,,,,B00T1_Enannannannan-nannannannanXnannanS_0,B1649
92102747,1,1,0,0,00,B,0,0,0,0,0,0,0,0,0,0,0,0,B00T11E0000-0000X00S00,B1258
92101920,1,1,0,0,00,B,0,3,0,0,0,0,0,0,0,0,0,0,B00T11E0000-3000X00S00,B1130
92301859,_,1,1,0,00,B,_,4,_,4,_,_,0,0,_,0,0,0,B00T_1E____-4040X_0S10,B1793
92102414,1,1,0,0,00,B,8,_,0,_,0,0,_,_,0,_,_,_,B00T11E8000-____X0_S00,B1199
92102267,1,1,0,0,00,B,7,_,0,_,0,0,_,_,0,_,_,_,B00T11E7000-____X0_S00,B1175
92300513,1,1,0,0,00,B,7,0,0,0,0,0,0,0,0,0,0,0,B00T11E7000-0000X00S00,B1698
92128847,1,1,0,0,00,B,_,3,_,5,_,_,0,0,_,0,0,0,B00T11E____-3050X_0S00,T410
92127255,1,1,0,0,00,B,0,_,0,_,0,0,_,_,0,_,_,_,B00T11E0000-____X0_S00,T1146
92127153,1,_,0,0,00,B,8,_,9,_,0,0,_,_,0,_,_,_,B00T1_E8090-____X0_S00,T1107
92101877,1,_,0,0,00,B,_,5,_,5,_,_,0,0,_,0,0,0,B00T1_E____-5050X_0S00,B1124
92127470,1,1,0,0,00,B,0,4,0,0,0,0,0,0,0,0,0,0,B00T11E0000-4000X00S00,T1209
92101609,_,1,0,0,00,B,_,0,_,0,_,_,5,4,_,_,_,_,B00T_1E____-0504X__S00,B1085
92301717,1,1,0,0,00,B,9,3,8,4,9,0,0,0,0,0,0,0,B00T11E9980-3040X00S00,B1788
92127154,1,1,0,0,00,B,0,0,0,0,0,0,5,4,0,_,_,_,B00T11E0000-0504X0_S00,T1108
92299940,1,1,0,0,20,B,8,_,0,_,0,0,_,_,0,_,_,_,B20T11E8000-____X0_S00,B1661
92101778,1,1,0,0,00,B,_,0,_,0,_,_,0,0,_,0,0,0,B00T11E____-0000X_0S00,B1111
92128507,1,_,0,0,00,B,9,_,0,_,8,0,_,_,0,_,_,_,B00T1_E9800-____X0_S00,T358
92127220,1,1,0,0,00,B,0,4,0,4,0,0,0,0,0,0,0,0,B00T11E0000-4040X00S00,T1135
92102394,1,_,_,_,00,B,8,_,9,_,0,0,_,_,0,_,_,_,B00T1_E8090-____X0_S__,B1195
92101981,1,1,0,0,00,B,9,4,9,4,0,0,0,0,_,0,0,0,B00T11E9090-4040X_0S00,B1136
92102060,_,1,0,0,00,B,8,5,8,4,0,0,3,5,0,_,_,_,B00T_1E8080-5345X0_S00,B1146
92103516,1,1,0,0,00,B,_,4,_,5,_,_,0,0,_,0,0,0,B00T11E____-4050X_0S00,B1374
92128269,1,1,0,0,00,B,_,3,_,0,_,_,0,0,_,0,0,0,B00T11E____-3000X_0S00,T310
92300071,1,1,_,0,00,B,9,0,0,0,7,0,0,0,0,0,0,0,B00T11E9700-0000X00S_0,B1673
92102388,1,1,0,0,00,B,9,3,0,0,0,0,3,0,_,0,0,0,B00T11E9000-3300X_0S00,B1194
92101185,1,1,0,0,00,B,8,4,9,0,0,0,0,0,0,_,_,_,B00T11E8090-4000X0_S00,B1026
92129996,1,1,0,0,00,B,9,0,0,0,0,0,0,0,0,_,_,_,B00T11E9000-0000X0_S00,T585
92129853,1,1,0,0,20,B,8,_,0,_,0,0,_,_,0,_,_,_,B20T11E8000-____X0_S00,T555
92302054,_,1,0,0,00,B,_,3,_,4,_,_,0,0,_,0,0,0,B00T_1E____-3040X_0S00,B1806
92302612,1,_,0,0,00,B,9,_,0,_,0,0,_,_,0,_,_,_,B00T1_E9000-____X0_S00,B1856
92102357,1,_,0,0,00,B,9,_,9,_,0,0,_,_,0,_,_,_,B00T1_E9090-____X0_S00,B1190
92128039,_,1,0,0,00,B,_,4,_,0,_,_,0,0,_,0,0,0,B00T_1E____-4000X_0S00,T248
92102293,_,_,0,0,00,B,7,3,0,4,0,0,0,0,0,0,0,0,B00T__E7000-3040X00S00,B1180
92128651,_,1,_,0,00,B,_,0,_,0,_,_,0,0,_,0,0,0,B00T_1E____-0000X_0S_0,T378
92102982,1,1,0,0,00,B,0,_,0,_,0,0,_,_,0,_,_,_,B00T11E0000-____X0_S00,B1286
92126912,1,_,0,0,00,B,8,_,0,_,0,0,_,_,0,_,_,_,B00T1_E8000-____X0_S00,T1029
92128569,1,_,0,0,00,B,8,_,0,_,0,0,_,_,0,_,_,_,B00T1_E8000-____X0_S00,T366
92298132,1,1,0,0,00,B,0,4,0,5,0,0,0,0,0,0,0,0,B00T11E0000-4050X00S00,B1555
92127492,_,1,_,_,00,B,0,_,0,_,0,0,_,_,_,_,_,_,B00T_1E0000-____X__S__,T1214
92129308,1,1,0,0,00,B,0,_,0,_,0,0,_,_,0,_,_,_,B00T11E0000-____X0_S00,T465
92297497,1,1,0,0,00,B,_,0,_,0,_,_,0,0,_,0,0,0,B00T11E____-0000X_0S00,B1518
92297168,1,1,0,0,00,B,_,0,_,0,_,_,0,0,_,0,0,0,B00T11E____-0000X_0S00,B1499
92128005,_,1,0,_,00,B,_,4,_,5,_,_,0,0,_,0,0,0,B00T_1E____-4050X_0S0_,T220
92101374,1,1,0,0,00,B,9,_,9,_,9,0,_,_,_,_,_,_,B00T11E9990-____X__S00,B1047
92299307,1,1,0,0,00,B,_,5,_,0,_,_,0,0,_,0,0,0,B00T11E____-5000X_0S00,B1613
92127769,1,1,0,0,00,B,0,_,0,_,0,0,_,_,0,_,_,_,B00T11E0000-____X0_S00,T1294
92127284,_,_,_,0,00,B,_,3,_,3,_,_,0,0,_,0,0,0,B00T__E____-3030X_0S_0,T1156
92101680,1,1,0,0,00,B,_,4,_,3,_,_,0,0,_,0,0,0,B00T11E____-4030X_0S00,B1098
92302191,0,0,0,0,00,B,_,0,_,0,_,_,0,0,_,0,0,0,B00T00E____-0000X_0S00,B1818
92296034,1,1,0,0,00,B,9,_,7,_,0,0,_,_,0,_,_,_,B00T11E9070-____X0_S00,B1443
92102936,1,1,_,0,00,B,_,4,_,4,_,_,0,0,_,0,0,0,B00T11E____-4040X_0S_0,B1273
92296864,1,1,0,0,00,B,_,4,_,0,_,_,0,0,_,0,0,0,B00T11E____-4000X_0S00,B1488
92101284,1,1,0,_,00,B,8,3,0,4,0,0,0,0,0,0,0,0,B00T11E8000-3040X00S0_,B1036
92101206,_,_,0,0,00,C,8,0,0,0,0,0,0,0,0,0,0,0,C00T__E8000-0000X00S00,B1028
92103572,1,1,0,0,00,B,9,_,0,_,0,0,_,_,0,_,_,_,B00T11E9000-____X0_S00,B1386
92301008,1,1,0,0,00,B,0,_,0,_,0,0,_,_,0,_,_,_,B00T11E0000-____X0_S00,B1739
92128027,1,1,0,0,00,B,_,4,_,0,_,_,0,0,_,0,0,0,B00T11E____-4000X_0S00,T240
92306121,1,1,0,0,00,B,0,4,0,5,0,0,0,0,_,0,0,0,B00T11E0000-4050X_0S00,B2068
92126957,1,1,1,0,00,B,8,4,0,4,0,0,3,4,0,_,_,_,B00T11E8000-4344X0_S10,T1043
92301666,1,1,0,0,00,B,0,5,0,5,0,0,0,0,_,0,0,0,B00T11E0000-5050X_0S00,B1786
92129395,1,1,0,0,00,B,0,0,0,0,0,0,0,0,0,0,0,0,B00T11E0000-0000X00S00,T475
92302180,0,0,0,0,00,B,0,0,0,0,0,0,0,0,0,0,0,0,B00T00E0000-0000X00S00,B1818
92102756,1,1,0,0,20,_,_,0,_,0,_,_,5,0,_,0,0,0,_20T11E____-0500X_0S00,B1258
92295556,_,_,0,0,00,B,0,_,0,_,0,0,_,_,0,_,_,_,B00T__E0000-____X0_S00,B1406
92128189,0,1,0,0,00,B,0,0,0,0,0,0,0,0,0,0,0,0,B00T01E0000-0000X00S00,T281
92127076,1,1,0,0,00,B,0,0,0,0,0,0,0,0,0,0,0,0,B00T11E0000-0000X00S00,T1081
92101263,_,1,0,0,00,B,0,3,0,4,0,0,0,0,_,0,0,0,B00T_1E0000-3040X_0S00,B1035
92102115,1,1,0,0,00,B,9,_,9,_,0,0,_,_,0,_,_,_,B00T11E9090-____X0_S00,B1153
92102753,1,1,0,0,00,B,7,_,0,_,0,0,_,_,0,_,_,_,B00T11E7000-____X0_S00,B1258
92127873,1,1,0,0,00,B,0,_,0,_,0,0,_,_,0,_,_,_,B00T11E0000-____X0_S00,T1324
92102504,1,1,0,_,00,B,_,5,_,0,_,_,0,0,_,0,0,0,B00T11E____-5000X_0S0_,B1212
92128987,1,1,1,0,00,B,0,4,0,5,0,0,0,0,_,0,0,0,B00T11E0000-4050X_0S10,T428
92129327,1,1,0,0,00,B,_,0,_,0,_,_,0,0,_,0,0,0,B00T11E____-0000X_0S00,T467
92129872,1,1,0,0,00,B,0,0,0,0,0,0,0,0,_,0,0,0,B00T11E0000-0000X_0S00,T557
92127783,1,1,0,0,00,B,0,_,0,_,0,0,_,_,0,_,_,_,B00T11E0000-____X0_S00,T1299
92304443,1,1,0,0,00,B,9,0,8,0,9,0,0,0,0,0,0,0,B00T11E9980-0000X00S00,B1973
92303459,1,0,0,0,00,B,_,0,_,0,_,_,0,0,_,0,0,0,B00T10E____-0000X_0S00,B1911
92129636,0,_,0,0,00,B,9,_,0,_,0,0,_,_,0,_,_,_,B00T0_E9000-____X0_S00,T519
92129668,1,1,0,0,00,C,8,0,0,0,0,0,0,0,0,0,0,0,C00T11E8000-0000X00S00,T522
92300579,1,1,0,0,20,B,_,0,_,0,_,_,0,0,_,0,0,0,B20T11E____-0000X_0S00,B1703
92301195,1,1,0,0,00,B,8,4,0,4,9,7,4,5,0,0,0,0,B00T11E8907-4445X00S00,B1753
92305639,_,_,_,_,00,B,_,4,_,0,_,_,0,0,_,0,0,0,B00T__E____-4000X_0S__,B2042
92301189,1,1,0,0,00,B,9,4,0,3,9,7,0,0,0,0,0,0,B00T11E9907-4030X00S00,B1753
92305120,1,1,0,0,00,B,9,0,0,0,7,8,5,0,0,0,0,0,B00T11E9708-0500X00S00,B2012
92100977,_,1,0,_,00,B,0,_,0,_,0,0,_,_,0,_,_,_,B00T_1E0000-____X0_S0_,B1005
92103250,1,1,1,0,00,B,9,_,8,_,0,0,_,_,0,_,_,_,B00T11E9080-____X0_S10,B1324
92128126,1,1,0,0,00,B,_,5,_,0,_,_,0,0,_,0,0,0,B00T11E____-5000X_0S00,T265
92300772,_,_,0,0,20,_,_,0,_,0,_,_,0,0,_,0,0,0,_20T__E____-0000X_0S00,B1717
92301699,1,1,0,0,00,B,9,_,8,_,0,0,_,_,0,_,_,_,B00T11E9080-____X0_S00,B1788
92129259,1,1,0,0,00,B,0,0,0,0,0,0,0,0,_,0,0,0,B00T11E0000-0000X_0S00,T455
92101027,1,1,0,0,00,B,_,0,_,0,_,_,0,0,_,0,0,0,B00T11E____-0000X_0S00,B1009
92127840,1,_,0,0,00,B,9,_,0,_,0,0,_,_,0,_,_,_,B00T1_E9000-____X0_S00,T1314
92103137,1,1,0,0,00,B,_,0,_,0,_,_,0,0,_,0,0,0,B00T11E____-0000X_0S00,B1309
92102425,1,1,0,0,00,B,0,0,0,0,0,0,0,0,_,0,0,0,B00T11E0000-0000X_0S00,B1200
92128958,1,_,0,0,00,B,8,_,0,_,0,0,_,_,0,_,_,_,B00T1_E8000-____X0_S00,T423
92129538,1,_,0,0,00,B,8,_,8,_,0,0,_,_,0,_,_,_,B00T1_E8080-____X0_S00,T499
92304754,1,_,0,0,00,B,,,,,,,,,,,,,B00T1_Enannannannan-nannannannanXnannanS00,B1991
92302282,1,1,0,0,00,B,7,0,0,0,0,0,0,0,0,0,0,0,B00T11E7000-0000X00S00,B1824
92101277,1,_,0,0,00,B,0,0,0,0,0,0,0,0,0,_,_,_,B00T1_E0000-0000X0_S00,B1035
92297478,1,1,0,0,00,B,0,_,0,_,9,8,_,_,0,_,_,_,B00T11E0908-____X0_S00,B1518
92103356,_,_,1,0,00,B,8,0,8,0,7,0,0,0,0,_,_,_,B00T__E8780-0000X0_S10,B1348
92102623,1,1,0,0,00,B,8,3,9,4,0,0,0,0,0,_,_,_,B00T11E8090-3040X0_S00,B1228
92126925,_,1,0,0,00,B,8,_,8,_,0,0,_,_,0,_,_,_,B00T_1E8080-____X0_S00,T1036
92305173,1,1,0,0,00,B,0,0,0,0,0,0,0,0,0,0,0,0,B00T11E0000-0000X00S00,B2013
92300373,1,1,_,_,00,B,8,_,9,_,0,0,_,_,0,_,_,_,B00T11E8090-____X0_S__,B1689
92102983,1,1,0,0,00,B,0,0,0,0,0,0,0,0,0,_,_,_,B00T11E0000-0000X0_S00,B1286
92127839,1,0,0,0,00,B,8,5,0,0,8,8,4,5,0,_,_,_,B00T10E8808-5405X0_S00,T1313
92129033,1,1,0,0,00,B,0,0,0,0,0,0,0,0,0,0,0,0,B00T11E0000-0000X00S00,T434
92301059,1,_,0,0,00,B,0,4,0,0,0,0,0,0,0,0,0,0,B00T1_E0000-4000X00S00,B1741
92300800,1,1,0,0,00,B,9,4,9,0,7,0,5,0,_,0,0,0,B00T11E9790-4500X_0S00,B1718
92103022,1,_,_,0,00,B,9,4,0,0,0,0,4,4,0,0,0,0,B00T1_E9000-4404X00S_0,B1292
92306028,1,1,0,0,00,B,9,0,0,0,0,0,0,0,0,_,_,_,B00T11E9000-0000X0_S00,B2063
92129689,1,_,0,0,00,B,9,_,0,_,0,0,_,_,0,_,_,_,B00T1_E9000-____X0_S00,T524
92101287,1,1,_,0,00,B,0,3,0,4,0,0,4,0,_,0,0,0,B00T11E0000-3440X_0S_0,B1036
92101666,1,1,0,0,00,B,9,3,0,4,0,0,5,3,0,_,_,_,B00T11E9000-3543X0_S00,B1096
92128264,_,1,0,0,00,C,_,0,_,0,_,_,0,0,_,0,0,0,C00T_1E____-0000X_0S00,T309
92129125,1,1,_,0,00,B,7,3,0,3,0,0,0,0,0,0,0,0,B00T11E7000-3030X00S_0,T439
92129416,1,1,0,0,00,B,8,0,0,0,0,0,0,0,0,0,0,0,B00T11E8000-0000X00S00,T479
92296487,1,_,0,0,00,B,8,_,9,_,7,0,_,_,0,_,_,_,B00T1_E8790-____X0_S00,B1465
92127969,1,1,0,0,00,B,7,4,0,0,0,0,0,0,0,0,0,0,B00T11E7000-4000X00S00,T211
92129290,1,1,1,_,00,B,_,0,_,0,_,_,3,4,_,0,0,0,B00T11E____-0304X_0S1_,T462
92101327,1,1,0,0,00,B,_,3,_,4,_,_,0,0,_,0,0,0,B00T11E____-3040X_0S00,B1041
92306281,_,1,0,_,00,B,0,4,0,3,0,0,4,0,_,0,0,0,B00T_1E0000-4430X_0S0_,B2076
92298406,1,1,_,_,00,B,_,0,_,0,_,_,3,0,_,0,0,0,B00T11E____-0300X_0S__,B1565
92300036,1,1,0,0,00,B,_,3,_,0,_,_,0,0,_,0,0,0,B00T11E____-3000X_0S00,B1668
92101914,_,1,0,0,00,B,_,4,_,0,_,_,0,0,_,0,0,0,B00T_1E____-4000X_0S00,B1129
92103462,1,1,0,0,00,B,8,0,0,0,0,0,0,0,0,0,0,0,B00T11E8000-0000X00S00,B1367
92298834,1,1,0,0,00,B,8,_,9,_,0,0,_,_,0,_,_,_,B00T11E8090-____X0_S00,B1589
92129714,1,1,0,0,20,B,0,3,0,0,0,0,0,0,0,0,0,0,B20T11E0000-3000X00S00,T530
92128307,_,_,0,0,00,B,0,3,0,0,0,0,3,3,_,0,0,0,B00T__E0000-3303X_0S00,T321
92129087,1,1,0,0,00,B,9,_,7,_,0,0,_,_,0,_,_,_,B00T11E9070-____X0_S00,T437
92302664,1,1,0,0,00,B,8,_,9,_,0,0,_,_,0,_,_,_,B00T11E8090-____X0_S00,B1858
92128152,1,1,0,0,20,B,8,0,7,0,8,8,0,0,_,0,0,0,B20T11E8878-0000X_0S00,T272
92128430,1,1,0,0,00,B,0,4,0,0,0,0,0,0,0,0,0,0,B00T11E0000-4000X00S00,T349
92102522,1,1,0,0,00,B,0,3,0,4,7,0,0,0,0,0,0,0,B00T11E0700-3040X00S00,B1215
92102123,1,_,0,0,00,B,0,3,0,0,8,0,0,0,0,0,0,0,B00T1_E0800-3000X00S00,B1154
92128868,_,_,0,0,00,B,0,_,0,_,0,0,_,_,0,_,_,_,B00T__E0000-____X0_S00,T414
92297547,1,1,0,_,00,B,0,4,0,4,0,0,0,0,0,0,0,0,B00T11E0000-4040X00S0_,B1522
92298030,1,1,0,0,00,B,0,0,0,0,0,0,0,0,_,0,0,0,B00T11E0000-0000X_0S00,B1549
92127893,1,_,0,0,00,B,0,5,0,3,0,0,4,5,0,_,_,_,B00T1_E0000-5435X0_S00,T1329
92301081,1,1,0,0,00,B,8,_,0,_,0,0,_,_,0,_,_,_,B00T11E8000-____X0_S00,B1742
92102247,_,1,0,0,00,B,0,0,0,0,0,0,0,0,0,0,0,0,B00T_1E0000-0000X00S00,B1171
92129437,1,_,0,0,00,B,0,_,0,0,0,0,_,0,0,_,_,_,B00T1_E0000-__00X0_S00,T482
92297498,1,1,0,0,20,_,_,0,_,0,_,_,0,0,_,0,0,0,_20T11E____-0000X_0S00,B1519
92128252,1,1,0,0,00,B,_,4,_,3,_,_,3,0,_,0,0,0,B00T11E____-4330X_0S00,T306
92128125,1,1,0,0,00,B,_,4,_,0,_,_,0,0,_,0,0,0,B00T11E____-4000X_0S00,T265
92127383,1,_,0,0,00,B,8,_,0,_,0,0,_,_,0,_,_,_,B00T1_E8000-____X0_S00,T1185
92128665,1,_,0,_,00,B,_,3,_,3,_,_,0,0,_,0,0,0,B00T1_E____-3030X_0S0_,T381
92127310,1,1,_,0,00,B,0,3,9,3,9,0,0,0,0,0,0,0,B00T11E0990-3030X00S_0,T1163
92103093,1,1,0,0,00,B,9,_,8,_,0,0,_,_,0,_,_,_,B00T11E9080-____X0_S00,B1302
92295630,1,1,0,0,00,C,0,_,0,_,0,0,_,_,0,_,_,_,C00T11E0000-____X0_S00,B1407
92101271,_,1,0,0,00,C,_,4,_,3,_,_,0,0,_,0,0,0,C00T_1E____-4030X_0S00,B1035
92128654,1,_,0,0,00,B,_,3,_,4,_,_,0,0,_,0,0,0,B00T1_E____-3040X_0S00,T379
92126949,1,1,0,0,00,B,9,_,0,_,0,0,_,_,0,_,_,_,B00T11E9000-____X0_S00,T1041
92128532,_,_,0,0,00,B,0,_,0,_,0,0,_,_,0,_,_,_,B00T__E0000-____X0_S00,T361
92127888,1,1,0,0,00,B,,,,,,,,,,,,,B00T11Enannannannan-nannannannanXnannanS00,T1328
92103268,1,1,0,0,00,B,_,5,_,0,_,_,3,0,_,0,0,0,B00T11E____-5300X_0S00,B1328
92103409,1,1,0,0,00,B,0,0,0,0,0,0,5,0,_,0,0,0,B00T11E0000-0500X_0S00,B1358
92298366,1,1,0,0,00,B,7,5,9,0,0,0,0,0,0,0,0,0,B00T11E7090-5000X00S00,B1562
92129405,1,_,0,0,00,B,0,0,0,0,0,0,0,0,0,_,_,_,B00T1_E0000-0000X0_S00,T477
92296907,1,1,0,0,00,B,9,_,0,_,0,0,_,_,0,_,_,_,B00T11E9000-____X0_S00,B1490
92102291,_,1,0,0,00,B,8,5,9,5,7,9,0,0,_,0,0,0,B00T_1E8799-5050X_0S00,B1179
92103012,1,1,0,0,00,B,_,0,_,0,_,_,0,0,_,0,0,0,B00T11E____-0000X_0S00,B1291
92297484,1,1,0,0,00,B,0,4,0,0,9,8,0,0,0,0,0,0,B00T11E0908-4000X00S00,B1518
92304667,1,1,0,0,00,B,0,4,0,5,0,0,0,0,0,0,0,0,B00T11E0000-4050X00S00,B1988
92301776,1,1,0,0,00,B,9,0,0,0,0,0,0,0,0,_,_,_,B00T11E9000-0000X0_S00,B1790
92129911,1,1,0,0,00,B,9,0,8,0,8,0,0,0,0,0,0,0,B00T11E9880-0000X00S00,T566
92101579,1,1,_,0,00,B,8,4,0,3,7,0,5,0,0,0,0,0,B00T11E8700-4530X00S_0,B1082
92300701,_,_,0,0,00,B,_,3,_,4,_,_,0,0,_,0,0,0,B00T__E____-3040X_0S00,B1709
92102366,1,1,0,0,00,B,_,3,_,4,_,_,0,0,_,0,0,0,B00T11E____-3040X_0S00,B1191
92127997,1,_,0,0,00,B,0,0,0,0,0,0,0,0,0,_,_,_,B00T1_E0000-0000X0_S00,T219
92301222,_,1,_,0,00,B,_,3,_,0,_,_,0,0,_,0,0,0,B00T_1E____-3000X_0S_0,B1755
92128693,1,1,0,0,00,B,0,0,0,0,0,0,0,0,0,0,0,0,B00T11E0000-0000X00S00,T385
92302590,_,_,0,0,00,B,8,_,0,_,8,9,_,_,0,_,_,_,B00T__E8809-____X0_S00,B1854
92101125,1,1,0,0,00,B,7,_,8,_,0,0,_,_,0,_,_,_,B00T11E7080-____X0_S00,B1018
92101169,1,1,0,0,00,B,0,_,0,_,0,0,_,_,0,_,_,_,B00T11E0000-____X0_S00,B1021
92304538,_,1,0,0,00,B,_,0,_,0,_,_,0,0,_,0,0,0,B00T_1E____-0000X_0S00,B1981
92127102,1,1,0,0,00,B,0,4,0,4,0,0,0,0,_,0,0,0,B00T11E0000-4040X_0S00,T1090
92102257,1,_,_,_,00,B,9,_,0,_,7,0,_,_,0,_,_,_,B00T1_E9700-____X0_S__,B1173
92127587,0,0,0,0,_,_,_,0,_,0,_,_,0,0,_,0,0,0,__T00E____-0000X_0S00,T1239
92295921,1,1,0,0,00,B,_,3,_,0,_,_,0,0,_,0,0,0,B00T11E____-3000X_0S00,B1430
92303411,1,0,0,0,00,B,0,0,0,0,0,0,0,0,0,0,0,0,B00T10E0000-0000X00S00,B1911
92128404,1,_,0,0,00,B,0,_,0,_,0,0,_,_,0,_,_,_,B00T1_E0000-____X0_S00,T342
92298180,1,1,0,0,00,B,0,0,0,0,0,0,0,0,0,_,_,_,B00T11E0000-0000X0_S00,B1556
92305041,1,1,0,0,00,B,0,5,0,0,0,0,0,0,0,0,0,0,B00T11E0000-5000X00S00,B2009
92129863,1,1,0,0,00,B,_,3,_,0,_,_,0,0,_,0,0,0,B00T11E____-3000X_0S00,T556
92303336,1,1,0,0,20,B,_,0,_,0,_,_,0,0,_,0,0,0,B20T11E____-0000X_0S00,B1907
92302005,1,1,0,0,20,B,_,3,_,3,_,_,0,0,_,0,0,0,B20T11E____-3030X_0S00,B1803
92128725,1,1,0,0,00,B,9,4,9,0,0,0,0,0,0,0,0,0,B00T11E9090-4000X00S00,T387
92103496,1,_,0,0,00,B,8,0,0,0,0,0,0,0,0,_,_,_,B00T1_E8000-0000X0_S00,B1374
92103310,1,0,0,0,00,B,9,5,8,3,0,0,4,5,0,0,0,0,B00T10E9080-5435X00S00,B1336
92129964,1,1,0,0,00,B,0,0,0,0,0,0,5,0,0,_,_,_,B00T11E0000-0500X0_S00,T581
92101784,1,1,0,0,00,B,0,0,0,0,7,0,5,0,0,_,_,_,B00T11E0700-0500X0_S00,B1111
92103580,_,_,0,0,20,_,0,_,0,_,0,0,_,_,0,_,_,_,_20T__E0000-____X0_S00,B1388
92128649,_,1,0,0,00,B,_,3,_,4,_,_,0,0,_,0,0,0,B00T_1E____-3040X_0S00,T378
92102126,1,1,0,0,00,B,_,3,_,0,_,_,0,0,_,0,0,0,B00T11E____-3000X_0S00,B1154
92128297,1,1,0,0,00,B,8,0,8,0,0,0,0,0,0,0,0,0,B00T11E8080-0000X00S00,T319
92304973,1,1,0,0,00,B,9,_,9,_,0,0,_,_,0,_,_,_,B00T11E9090-____X0_S00,B2005
92101140,1,1,0,0,00,B,7,4,9,0,0,0,0,0,0,0,0,0,B00T11E7090-4000X00S00,B1018
92128483,1,1,0,0,00,B,9,3,0,0,0,0,0,0,0,0,0,0,B00T11E9000-3000X00S00,T355
92102847,1,1,0,0,00,B,7,4,8,5,8,9,3,3,0,0,0,0,B00T11E7889-4353X00S00,B1263
92127238,_,1,0,0,00,B,_,0,_,0,_,_,3,0,_,0,0,0,B00T_1E____-0300X_0S00,T1141
92102878,1,_,0,0,00,B,0,_,0,_,0,0,_,_,0,_,_,_,B00T1_E0000-____X0_S00,B1267
92296472,1,1,0,0,00,B,_,5,_,3,_,_,0,0,_,0,0,0,B00T11E____-5030X_0S00,B1464
92128913,1,_,0,0,00,B,_,0,_,0,_,_,0,0,_,0,0,0,B00T1_E____-0000X_0S00,T420
92297636,1,1,0,0,00,B,_,4,_,3,_,_,0,0,_,0,0,0,B00T11E____-4030X_0S00,B1528
92128043,_,_,0,0,00,B,_,0,_,0,_,_,0,0,_,0,0,0,B00T__E____-0000X_0S00,T250
92129444,1,1,0,0,00,B,_,0,_,0,_,_,0,0,_,0,0,0,B00T11E____-0000X_0S00,T484
92305398,1,1,0,0,00,B,8,0,0,0,0,0,0,0,0,0,0,0,B00T11E8000-0000X00S00,B2027
92127788,1,_,_,0,00,B,0,_,0,_,9,0,_,_,0,_,_,_,B00T1_E0900-____X0_S_0,T1301
92101455,_,1,0,0,00,B,8,3,0,4,0,0,0,0,_,0,0,0,B00T_1E8000-3040X_0S00,B1063
92102236,1,1,0,0,00,B,_,3,_,4,_,_,0,0,_,0,0,0,B00T11E____-3040X_0S00,B1169
92128634,1,_,0,0,00,B,8,_,0,_,0,0,_,_,0,_,_,_,B00T1_E8000-____X0_S00,T376
92129913,1,1,0,0,00,B,0,0,0,0,0,0,0,0,0,0,0,0,B00T11E0000-0000X00S00,T567
92300081,1,1,0,0,00,B,0,_,0,_,0,0,_,_,0,_,_,_,B00T11E0000-____X0_S00,B1674
92128391,1,1,_,0,00,B,8,4,7,3,0,0,0,0,_,0,0,0,B00T11E8070-4030X_0S_0,T338
92103011,1,1,0,0,00,B,0,0,0,0,0,0,0,0,0,0,0,0,B00T11E0000-0000X00S00,B1291
92101468,1,_,0,0,00,C,9,_,9,_,8,0,_,_,0,_,_,_,C00T1_E9890-____X0_S00,B1066
92297973,1,1,0,0,00,B,9,_,9,_,8,0,_,_,0,_,_,_,B00T11E9890-____X0_S00,B1546
92127749,_,_,0,0,00,B,_,0,_,0,_,_,0,0,_,0,0,0,B00T__E____-0000X_0S00,T1286
92127556,_,_,_,0,_,_,_,0,_,0,_,_,3,0,_,0,0,0,__T__E____-0300X_0S_0,T1230
92101777,1,1,0,0,00,B,0,0,0,0,0,0,0,0,0,_,_,_,B00T11E0000-0000X0_S00,B1111
92128744,1,1,0,0,00,B,_,0,_,0,_,_,0,0,_,0,0,0,B00T11E____-0000X_0S00,T393
92101960,1,1,0,0,00,B,0,0,0,0,0,0,0,0,0,0,0,0,B00T11E0000-0000X00S00,B1136
92127709,1,1,0,0,20,B,0,_,0,_,0,0,_,_,0,_,_,_,B20T11E0000-____X0_S00,T1278
92295958,1,_,1,0,00,B,7,4,7,5,0,0,0,0,0,0,0,0,B00T1_E7070-4050X00S10,B1433
92301812,1,1,0,0,00,B,0,4,0,0,0,0,0,0,0,0,0,0,B00T11E0000-4000X00S00,B1792
92129048,1,1,0,0,00,B,0,4,0,0,0,0,0,0,_,0,0,0,B00T11E0000-4000X_0S00,T435
92100897,1,1,0,0,00,B,0,4,0,0,0,0,0,0,0,0,0,0,B00T11E0000-4000X00S00,B1001
92303719,_,_,0,0,00,B,_,5,_,0,_,_,0,0,_,0,0,0,B00T__E____-5000X_0S00,B1930
92102887,1,1,0,0,00,B,_,4,_,0,_,_,0,0,_,0,0,0,B00T11E____-4000X_0S00,B1267
92102280,1,1,_,0,00,C,_,4,_,0,_,_,0,0,_,0,0,0,C00T11E____-4000X_0S_0,B1178
92103445,_,_,_,0,00,B,_,4,_,0,_,_,0,0,_,0,0,0,B00T__E____-4000X_0S_0,B1364
92297349,1,1,0,0,00,B,_,3,_,3,_,_,4,0,_,0,0,0,B00T11E____-3430X_0S00,B1513
92101344,_,1,0,0,00,B,_,3,_,0,_,_,0,0,_,0,0,0,B00T_1E____-3000X_0S00,B1042
92129073,1,1,0,0,00,B,_,4,_,0,_,_,0,0,_,0,0,0,B00T11E____-4000X_0S00,T436
92101310,1,1,0,0,20,B,_,0,_,0,_,_,5,0,_,0,0,0,B20T11E____-0500X_0S00,B1040
92298734,1,1,0,0,00,B,_,0,_,0,_,_,0,0,_,0,0,0,B00T11E____-0000X_0S00,B1582
92102494,_,_,_,_,00,B,,,,,,,,,,,,,B00T__Enannannannan-nannannannanXnannanS__,B1212
92295967,_,1,0,0,00,B,_,4,_,0,_,_,0,0,_,0,0,0,B00T_1E____-4000X_0S00,B1434
92304291,1,1,0,0,00,B,_,3,_,3,_,_,4,4,_,0,0,0,B00T11E____-3434X_0S00,B1961
92129347,1,_,1,0,00,B,8,0,8,0,7,0,0,0,0,0,0,0,B00T1_E8780-0000X00S10,T470
92298591,1,1,0,0,00,B,0,3,0,0,0,0,0,0,0,0,0,0,B00T11E0000-3000X00S00,B1577
92129441,1,1,0,0,00,B,_,0,_,0,_,_,0,0,_,0,0,0,B00T11E____-0000X_0S00,T484
92298821,1,1,0,0,00,B,_,0,_,0,_,_,0,0,_,0,0,0,B00T11E____-0000X_0S00,B1588
92129266,1,1,0,0,00,B,0,3,0,0,0,0,0,0,0,0,0,0,B00T11E0000-3000X00S00,T456
92102192,1,1,0,0,00,B,_,0,_,0,_,_,0,0,_,0,0,0,B00T11E____-0000X_0S00,B1158
92127684,1,1,_,_,00,B,0,3,0,3,0,0,0,0,0,0,0,0,B00T11E0000-3030X00S__,T1268
92128856,1,1,0,0,00,B,0,4,0,0,0,0,0,0,0,_,_,_,B00T11E0000-4000X0_S00,T412
92129085,1,1,0,_,00,B,9,_,0,_,0,0,_,_,0,_,_,_,B00T11E9000-____X0_S0_,T437
92128803,_,_,0,0,00,B,_,4,_,0,_,_,0,0,_,0,0,0,B00T__E____-4000X_0S00,T402
92129372,1,1,0,0,20,B,9,_,8,_,0,0,_,_,0,_,_,_,B20T11E9080-____X0_S00,T473
92127496,1,_,0,0,00,B,0,0,0,0,0,0,0,0,0,_,_,_,B00T1_E0000-0000X0_S00,T1214
92128352,1,_,0,0,00,B,0,4,0,5,0,0,5,4,0,_,_,_,B00T1_E0000-4554X0_S00,T332
92300499,1,1,0,0,00,B,8,0,7,0,9,8,5,0,0,0,0,0,B00T11E8978-0500X00S00,B1697
92129551,1,1,0,0,00,B,0,0,0,0,0,0,0,0,0,0,0,0,B00T11E0000-0000X00S00,T501
92103336,0,1,0,0,00,B,0,_,0,_,0,0,_,_,0,_,_,_,B00T01E0000-____X0_S00,B1343
92127811,1,_,0,0,00,B,8,0,0,0,0,0,4,0,_,0,0,0,B00T1_E8000-0400X_0S00,T1306
92129375,1,_,_,0,20,B,0,0,9,0,0,0,0,0,0,_,_,_,B20T1_E0090-0000X0_S_0,T473
92101311,1,1,0,0,00,B,0,0,0,0,0,0,5,5,_,0,0,0,B00T11E0000-0505X_0S00,B1040
92129045,1,1,0,0,00,B,8,4,9,0,0,0,0,0,0,0,0,0,B00T11E8090-4000X00S00,T434
92101996,_,1,0,0,00,B,_,0,_,0,_,_,0,0,_,0,0,0,B00T_1E____-0000X_0S00,B1139
92297013,_,1,0,0,00,B,0,4,0,0,0,0,0,0,_,0,0,0,B00T_1E0000-4000X_0S00,B1494
92101616,_,1,_,0,00,B,9,3,7,5,8,7,0,0,_,0,0,0,B00T_1E9877-3050X_0S_0,B1085
92303111,1,1,0,0,00,B,_,0,_,0,_,_,4,0,_,0,0,0,B00T11E____-0400X_0S00,B1889
92305675,1,_,0,0,00,B,7,_,8,_,0,0,_,_,0,_,_,_,B00T1_E7080-____X0_S00,B2042
92103045,1,1,0,0,00,B,0,4,0,4,0,0,4,3,0,_,_,_,B00T11E0000-4443X0_S00,B1292
92128028,1,1,0,0,00,B,0,4,0,0,0,0,0,0,_,0,0,0,B00T11E0000-4000X_0S00,T240
92129130,_,1,_,0,00,B,_,0,_,0,_,_,0,0,_,0,0,0,B00T_1E____-0000X_0S_0,T440
92102360,1,1,0,0,00,B,8,3,0,3,0,0,5,0,0,_,_,_,B00T11E8000-3530X0_S00,B1190
92297043,1,1,0,0,00,B,_,0,_,0,_,_,0,0,_,0,0,0,B00T11E____-0000X_0S00,B1495
92101917,1,1,0,0,00,B,9,4,9,0,9,8,0,0,_,0,0,0,B00T11E9998-4000X_0S00,B1129
92129393,1,1,0,0,00,B,0,_,0,_,0,0,_,_,0,_,_,_,B00T11E0000-____X0_S00,T475
92129139,1,0,0,0,00,B,0,5,0,4,0,0,0,0,0,0,0,0,B00T10E0000-5040X00S00,T441
92129005,1,1,0,0,00,B,8,_,8,_,0,0,_,_,0,_,_,_,B00T11E8080-____X0_S00,T431
92127071,_,_,0,0,00,B,0,_,0,_,0,0,_,_,0,_,_,_,B00T__E0000-____X0_S00,T1080
92305848,_,1,0,0,00,B,0,0,0,0,0,0,0,0,0,0,0,0,B00T_1E0000-0000X00S00,B2053
92300570,_,0,0,0,_,_,_,0,_,0,_,_,0,0,_,0,0,0,__T_0E____-0000X_0S00,B1702
92129381,1,1,0,0,00,B,7,3,0,4,9,0,0,0,_,0,0,0,B00T11E7900-3040X_0S00,T473
92129043,1,1,0,0,00,B,7,4,8,5,0,0,0,0,0,_,_,_,B00T11E7080-4050X0_S00,T434
92127586,1,1,0,0,00,B,_,0,_,0,_,_,0,0,_,0,0,0,B00T11E____-0000X_0S00,T1239
92129579,_,_,0,0,00,B,_,0,_,0,_,_,0,0,_,0,0,0,B00T__E____-0000X_0S00,T508
92128309,1,1,0,0,00,B,_,3,_,0,_,_,0,0,_,0,0,0,B00T11E____-3000X_0S00,T321
92301537,1,_,0,0,00,B,0,_,0,_,0,0,_,_,0,_,_,_,B00T1_E0000-____X0_S00,B1783
92127706,1,1,0,_,00,B,8,_,0,_,0,0,_,_,0,_,_,_,B00T11E8000-____X0_S0_,T1277
92299356,1,1,0,0,20,B,0,_,0,_,0,0,_,_,0,_,_,_,B20T11E0000-____X0_S00,B1617
92101622,1,1,0,0,00,B,8,4,9,3,0,0,0,0,0,0,0,0,B00T11E8090-4030X00S00,B1087
92128437,1,_,0,0,00,B,7,5,0,4,0,0,3,5,0,_,_,_,B00T1_E7000-5345X0_S00,T350
92102404,1,1,0,_,00,B,8,0,8,0,9,8,3,4,0,_,_,_,B00T11E8988-0304X0_S0_,B1197
92101928,1,_,0,0,20,B,8,_,7,_,0,0,_,_,0,_,_,_,B20T1_E8070-____X0_S00,B1130
92300206,1,1,0,0,00,B,8,0,0,0,0,0,0,0,0,0,0,0,B00T11E8000-0000X00S00,B1684
92101005,1,1,0,0,00,B,0,_,0,_,0,0,_,_,0,_,_,_,B00T11E0000-____X0_S00,B1008
92127609,_,0,_,_,00,B,0,4,0,3,0,0,0,0,_,0,0,0,B00T_0E0000-4030X_0S__,T1246
92297968,1,_,0,0,00,B,9,_,7,_,0,0,_,_,0,_,_,_,B00T1_E9070-____X0_S00,B1545
92300302,_,1,0,_,00,C,0,4,0,4,0,0,0,0,_,0,0,0,C00T_1E0000-4040X_0S0_,B1686
92295677,1,1,0,0,00,B,9,_,0,_,0,0,_,_,0,_,_,_,B00T11E9000-____X0_S00,B1412
92101512,1,1,0,0,00,B,7,4,7,3,0,0,5,4,0,_,_,_,B00T11E7070-4534X0_S00,B1070
92101122,1,1,0,0,00,B,_,4,_,0,_,_,0,0,_,0,0,0,B00T11E____-4000X_0S00,B1017
92299150,_,1,0,0,00,B,_,0,_,0,_,_,0,0,_,0,0,0,B00T_1E____-0000X_0S00,B1602
92128003,1,1,0,_,00,B,8,0,0,0,0,0,0,0,0,_,_,_,B00T11E8000-0000X0_S0_,T220
92126993,_,1,0,0,00,B,0,0,0,0,0,0,0,0,0,0,0,0,B00T_1E0000-0000X00S00,T1053
92102184,_,1,0,0,00,C,_,4,_,3,_,_,0,0,_,0,0,0,C00T_1E____-4030X_0S00,B1157
92129394,1,1,0,0,00,B,0,_,0,_,0,0,_,_,0,_,_,_,B00T11E0000-____X0_S00,T475
92102579,1,1,0,0,00,B,0,3,0,0,0,0,0,0,0,0,0,0,B00T11E0000-3000X00S00,B1221
92100972,1,1,0,0,00,B,9,_,9,_,0,0,_,_,0,_,_,_,B00T11E9090-____X0_S00,B1005
92303003,1,1,0,0,00,B,0,4,0,0,0,0,4,0,0,0,0,0,B00T11E0000-4400X00S00,B1884
92129179,1,1,0,0,00,B,0,0,0,0,0,0,0,0,0,0,0,0,B00T11E0000-0000X00S00,T445
92127987,1,1,0,0,00,B,9,_,9,_,0,0,_,_,0,_,_,_,B00T11E9090-____X0_S00,T214
92296362,1,_,0,0,00,B,9,_,0,_,0,0,_,_,0,_,_,_,B00T1_E9000-____X0_S00,B1460
92103121,1,_,_,0,00,B,7,_,0,_,0,0,_,_,0,_,_,_,B00T1_E7000-____X0_S_0,B1309
92300432,_,_,0,0,00,B,8,3,8,3,0,0,0,0,0,0,0,0,B00T__E8080-3030X00S00,B1694
92128609,1,1,0,0,00,B,8,_,0,_,0,0,_,_,0,_,_,_,B00T11E8000-____X0_S00,T373
92305251,1,1,0,0,20,_,0,_,0,_,0,0,_,_,0,_,_,_,_20T11E0000-____X0_S00,B2019
92129596,_,_,0,0,00,B,9,0,7,0,8,0,0,0,0,_,_,_,B00T__E9870-0000X0_S00,T512
92303961,1,1,0,0,00,B,0,0,0,0,0,0,0,0,0,0,0,0,B00T11E0000-0000X00S00,B1942
92300702,1,1,0,_,00,B,7,_,0,_,7,0,_,_,0,_,_,_,B00T11E7700-____X0_S0_,B1710
92127472,_,1,0,0,20,_,8,_,0,_,0,0,_,_,0,_,_,_,_20T_1E8000-____X0_S00,T1209
92127219,1,1,0,0,00,B,0,_,0,_,0,0,_,_,0,_,_,_,B00T11E0000-____X0_S00,T1135
92304873,1,1,0,0,00,B,0,3,0,3,0,0,0,0,_,0,0,0,B00T11E0000-3030X_0S00,B1999
92102792,_,1,0,0,00,B,8,4,9,3,9,8,3,0,_,0,0,0,B00T_1E8998-4330X_0S00,B1259
92129559,_,_,0,0,00,B,0,3,0,4,0,0,0,0,0,0,0,0,B00T__E0000-3040X00S00,T505
92129098,1,_,0,0,00,B,7,_,0,_,0,0,_,_,0,_,_,_,B00T1_E7000-____X0_S00,T438
92101002,_,1,_,0,00,B,8,4,9,3,8,0,0,0,_,0,0,0,B00T_1E8890-4030X_0S_0,B1008
92128159,1,1,0,0,00,B,0,0,0,0,0,0,3,3,0,0,0,0,B00T11E0000-0303X00S00,T274
92303073,1,1,0,0,00,B,8,4,0,0,0,0,0,0,0,0,0,0,B00T11E8000-4000X00S00,B1887
92295695,1,1,0,0,00,B,0,_,0,_,0,0,_,_,0,_,_,_,B00T11E0000-____X0_S00,B1414
92127758,1,1,0,0,00,B,_,0,_,0,_,_,0,0,_,0,0,0,B00T11E____-0000X_0S00,T1289
92100926,1,_,_,_,00,C,_,4,_,3,_,_,3,0,_,0,0,0,C00T1_E____-4330X_0S__,B1002
92103419,1,1,0,0,00,B,0,_,0,_,0,0,_,_,0,_,_,_,B00T11E0000-____X0_S00,B1359
92303810,1,1,0,0,20,B,0,_,0,_,9,0,_,_,0,_,_,_,B20T11E0900-____X0_S00,B1935
92298935,1,1,0,0,00,C,_,4,_,5,_,_,0,0,_,0,0,0,C00T11E____-4050X_0S00,B1593
92127962,1,1,0,0,00,B,_,4,_,0,_,_,0,0,_,0,0,0,B00T11E____-4000X_0S00,T211
92102030,1,1,_,0,20,_,_,3,_,0,_,_,0,0,_,0,0,0,_20T11E____-3000X_0S_0,B1143
92101200,0,1,0,0,00,B,_,3,_,3,_,_,0,0,_,0,0,0,B00T01E____-3030X_0S00,B1028
92302480,1,1,0,0,00,B,0,_,0,_,0,0,_,_,0,_,_,_,B00T11E0000-____X0_S00,B1846
92127798,1,1,0,0,00,B,8,_,0,_,0,0,_,_,0,_,_,_,B00T11E8000-____X0_S00,T1304
92102367,1,1,0,0,00,B,_,3,_,0,_,_,0,0,_,0,0,0,B00T11E____-3000X_0S00,B1191
92103171,1,1,0,0,00,B,7,0,0,0,0,0,0,0,0,_,_,_,B00T11E7000-0000X0_S00,B1313
92101069,1,1,0,0,00,B,8,0,0,0,0,0,0,0,0,0,0,0,B00T11E8000-0000X00S00,B1012
92296980,1,1,0,0,00,B,_,4,_,0,_,_,0,0,_,0,0,0,B00T11E____-4000X_0S00,B1493
92100841,1,1,0,0,00,B,_,4,_,3,_,_,0,0,_,0,0,0,B00T11E____-4030X_0S00,B1000
92129237,_,1,0,0,00,B,_,0,_,0,_,_,0,0,_,0,0,0,B00T_1E____-0000X_0S00,T453
92102527,1,1,0,0,00,B,9,_,7,_,9,0,_,_,0,_,_,_,B00T11E9970-____X0_S00,B1216
92101565,1,1,0,0,00,B,7,5,0,4,0,0,3,0,0,0,0,0,B00T11E7000-5340X00S00,B1079
92300411,1,1,0,0,00,B,_,4,_,5,_,_,0,0,_,0,0,0,B00T11E____-4050X_0S00,B1693
92129154,1,1,0,0,00,B,9,3,8,5,0,0,0,0,0,0,0,0,B00T11E9080-3050X00S00,T443
92305150,1,1,0,0,20,B,0,5,0,0,0,0,0,0,0,0,0,0,B20T11E0000-5000X00S00,B2013
92102071,_,1,0,0,00,B,_,3,_,4,_,_,4,0,_,0,0,0,B00T_1E____-3440X_0S00,B1146
92299511,1,1,0,0,00,B,0,5,0,4,0,0,5,0,0,_,_,_,B00T11E0000-5540X0_S00,B1629
92129368,_,_,0,_,00,B,0,_,0,_,0,0,_,_,0,_,_,_,B00T__E0000-____X0_S0_,T472
92297300,_,_,0,0,00,B,7,_,0,_,7,0,_,_,0,_,_,_,B00T__E7700-____X0_S00,B1508
92129508,1,_,0,0,00,B,9,4,0,4,9,0,0,0,0,0,0,0,B00T1_E9900-4040X00S00,T493
92128919,_,_,0,_,20,_,0,4,0,0,0,0,0,0,0,0,0,0,_20T__E0000-4000X00S0_,T421
92127924,_,1,0,0,00,B,0,_,0,_,0,0,_,_,0,_,_,_,B00T_1E0000-____X0_S00,T202
92129034,_,1,0,0,00,B,9,4,8,0,8,7,0,0,_,0,0,0,B00T_1E9887-4000X_0S00,T434
92101178,1,1,_,0,00,B,8,0,7,0,0,0,0,0,0,_,_,_,B00T11E8070-0000X0_S_0,B1024
92102409,_,1,0,0,00,B,_,5,_,0,_,_,0,0,_,0,0,0,B00T_1E____-5000X_0S00,B1197
92128816,0,1,0,0,00,B,9,5,8,4,0,0,0,0,0,_,_,_,B00T01E9080-5040X0_S00,T404
92129404,1,0,0,0,00,B,0,_,0,_,0,0,_,_,0,_,_,_,B00T10E0000-____X0_S00,T477
92302272,_,1,0,0,00,B,8,0,0,0,0,0,0,0,_,0,0,0,B00T_1E8000-0000X_0S00,B1822
92129406,1,0,0,_,00,B,0,0,0,0,0,0,4,0,0,0,0,0,B00T10E0000-0400X00S0_,T477
92296089,1,1,0,0,00,B,0,5,0,0,0,0,0,0,_,0,0,0,B00T11E0000-5000X_0S00,B1444
92126983,_,_,0,0,00,B,_,0,_,0,_,_,0,0,_,0,0,0,B00T__E____-0000X_0S00,T1051
92127130,_,_,0,0,00,B,7,4,7,3,7,8,0,0,_,0,0,0,B00T__E7778-4030X_0S00,T1099
92127546,1,1,0,_,00,B,0,0,0,0,0,0,5,0,0,0,0,0,B00T11E0000-0500X00S0_,T1227
92128147,_,1,0,0,00,B,_,0,_,0,_,_,0,0,_,0,0,0,B00T_1E____-0000X_0S00,T271
92129940,_,1,0,0,00,B,9,4,7,3,7,0,0,0,0,0,0,0,B00T_1E9770-4030X00S00,T573
92296152,1,1,0,0,00,B,0,0,0,0,0,0,0,0,0,_,_,_,B00T11E0000-0000X0_S00,B1447
92103590,1,1,0,0,00,B,0,0,0,0,0,0,0,0,0,0,0,0,B00T11E0000-0000X00S00,B1389
92302095,1,1,0,0,00,B,9,0,0,0,9,0,0,0,0,0,0,0,B00T11E9900-0000X00S00,B1811
92302196,0,0,0,0,20,_,_,0,_,0,_,_,0,0,_,0,0,0,_20T00E____-0000X_0S00,B1818
92298254,1,0,0,0,00,B,_,3,_,4,_,_,0,0,_,0,0,0,B00T10E____-3040X_0S00,B1558
92127750,1,_,_,0,00,B,0,_,0,_,9,0,_,_,0,_,_,_,B00T1_E0900-____X0_S_0,T1286
92301875,1,1,0,0,00,B,_,4,_,5,_,_,0,0,_,0,0,0,B00T11E____-4050X_0S00,B1793
92127315,_,1,0,0,00,B,_,0,_,0,_,_,0,0,_,0,0,0,B00T_1E____-0000X_0S00,T1165
92103459,_,1,0,0,00,B,0,3,0,0,0,0,0,0,_,0,0,0,B00T_1E0000-3000X_0S00,B1366
92129105,1,1,0,0,00,B,_,4,_,0,_,_,0,0,_,0,0,0,B00T11E____-4000X_0S00,T438
92129511,1,0,0,0,00,B,0,0,0,0,0,0,0,0,0,_,_,_,B00T10E0000-0000X0_S00,T493
92102685,1,1,0,0,00,B,8,_,7,_,0,0,_,_,0,_,_,_,B00T11E8070-____X0_S00,B1244
92128563,1,_,0,_,00,B,0,_,0,_,0,0,_,_,0,_,_,_,B00T1_E0000-____X0_S0_,T364
92101839,1,1,0,0,00,B,8,4,0,0,0,0,0,0,0,0,0,0,B00T11E8000-4000X00S00,B1121
92129168,1,1,0,0,20,C,0,3,0,5,0,0,0,0,0,0,0,0,C20T11E0000-3050X00S00,T444
92129821,1,1,0,0,00,B,_,0,_,0,_,_,0,0,_,0,0,0,B00T11E____-0000X_0S00,T550
92129747,1,1,_,0,00,B,0,0,0,0,0,0,0,0,0,0,0,0,B00T11E0000-0000X00S_0,T537
92302422,1,1,1,0,00,B,9,_,9,_,9,0,_,_,0,_,_,_,B00T11E9990-____X0_S10,B1840
92296580,_,1,0,0,00,B,_,3,_,0,_,_,0,0,_,0,0,0,B00T_1E____-3000X_0S00,B1474
92304419,_,1,0,0,00,B,0,0,0,0,0,0,0,0,0,0,0,0,B00T_1E0000-0000X00S00,B1972
92101571,1,1,0,0,00,B,7,_,0,_,0,0,_,_,0,_,_,_,B00T11E7000-____X0_S00,B1080
92304158,1,1,0,0,00,B,9,4,9,4,0,0,0,0,0,0,0,0,B00T11E9090-4040X00S00,B1955
92127669,_,1,0,0,00,B,7,_,0,_,9,0,_,_,0,_,_,_,B00T_1E7900-____X0_S00,T1262
92129253,0,1,0,0,00,B,_,4,_,3,_,_,4,0,_,0,0,0,B00T01E____-4430X_0S00,T454
92127013,1,1,0,0,20,C,0,_,0,_,0,0,_,_,0,_,_,_,C20T11E0000-____X0_S00,T1060
92101068,1,1,0,0,00,B,8,3,0,0,0,0,0,0,0,0,0,0,B00T11E8000-3000X00S00,B1012
92299267,1,1,0,_,00,B,8,0,0,0,0,0,0,0,0,0,0,0,B00T11E8000-0000X00S0_,B1609
92127797,1,1,0,0,00,B,7,0,7,4,0,0,0,0,0,0,0,0,B00T11E7070-0040X00S00,T1304
92127445,1,_,_,0,00,B,8,5,7,4,0,0,3,0,0,0,0,0,B00T1_E8070-5340X00S_0,T1207
92102534,1,1,0,0,00,B,9,4,9,5,0,0,5,5,0,_,_,_,B00T11E9090-4555X0_S00,B1216
92103594,1,1,0,0,00,B,0,3,0,0,8,0,3,0,0,0,0,0,B00T11E0800-3300X00S00,B1390
92103474,1,1,0,0,00,B,8,_,0,_,0,0,_,_,1,_,_,_,B00T11E8000-____X1_S00,B1368
92300612,1,_,0,0,00,B,0,_,0,_,0,0,_,_,0,_,_,_,B00T1_E0000-____X0_S00,B1705
92128198,1,1,0,0,00,B,_,0,_,0,_,_,0,0,_,0,0,0,B00T11E____-0000X_0S00,T284
92127713,1,1,0,0,00,B,_,0,_,0,_,_,0,0,_,0,0,0,B00T11E____-0000X_0S00,T1279
92103299,1,1,0,0,00,B,0,0,0,0,0,0,0,0,_,0,0,0,B00T11E0000-0000X_0S00,B1332
92129665,1,1,0,_,00,B,_,4,_,4,_,_,5,4,_,0,0,0,B00T11E____-4544X_0S0_,T521
92306335,1,1,_,0,00,B,_,5,_,0,_,_,0,0,_,0,0,0,B00T11E____-5000X_0S_0,B2079
92129976,1,1,0,0,00,B,9,0,0,0,0,0,0,0,0,0,0,0,B00T11E9000-0000X00S00,T582
92296513,1,1,0,0,00,B,0,4,0,4,0,0,0,0,0,0,0,0,B00T11E0000-4040X00S00,B1467
92305645,1,_,0,1,00,B,_,0,_,0,_,_,0,0,_,0,0,0,B00T1_E____-0000X_0S01,B2042
92127584,1,1,0,0,00,B,_,0,_,0,_,_,0,0,_,0,0,0,B00T11E____-0000X_0S00,T1239
92304723,1,1,0,0,00,C,8,_,0,_,0,0,_,_,0,_,_,_,C00T11E8000-____X0_S00,B1990
92103325,1,1,0,0,00,B,9,4,8,0,8,0,0,0,0,0,0,0,B00T11E9880-4000X00S00,B1339
92102632,1,1,0,0,00,B,_,0,_,0,_,_,0,0,_,0,0,0,B00T11E____-0000X_0S00,B1232
92127347,1,_,0,0,00,B,9,_,0,_,0,0,_,_,0,_,_,_,B00T1_E9000-____X0_S00,T1176
92129958,1,1,0,0,00,B,7,0,9,0,0,0,0,0,0,0,0,0,B00T11E7090-0000X00S00,T580
92128552,1,1,0,0,00,B,8,4,8,4,0,0,3,0,0,0,0,0,B00T11E8080-4340X00S00,T363
92100876,1,1,_,_,00,B,8,4,0,4,0,0,0,0,0,0,0,0,B00T11E8000-4040X00S__,B1000
92127000,1,1,0,0,20,_,_,3,_,0,_,_,0,0,_,0,0,0,_20T11E____-3000X_0S00,T1055
92300166,1,1,0,0,00,B,_,4,_,0,_,_,4,5,_,0,0,0,B00T11E____-4405X_0S00,B1681
92128089,1,_,0,0,00,B,8,0,7,0,0,0,0,0,0,0,0,0,B00T1_E8070-0000X00S00,T257
92100866,1,1,0,0,00,B,9,_,7,_,0,0,_,_,0,_,_,_,B00T11E9070-____X0_S00,B1000
92128588,1,_,0,0,00,B,9,_,8,_,0,0,_,_,0,_,_,_,B00T1_E9080-____X0_S00,T369
92128460,1,1,1,0,00,B,8,3,0,0,0,0,0,0,_,0,0,0,B00T11E8000-3000X_0S10,T354
92129490,_,_,0,0,00,B,0,0,0,0,9,0,0,0,0,_,_,_,B00T__E0900-0000X0_S00,T490
92101742,_,_,0,0,00,B,0,_,0,_,8,0,_,_,0,_,_,_,B00T__E0800-____X0_S00,B1105
92128831,1,_,0,0,00,B,8,_,0,_,0,0,_,_,0,_,_,_,B00T1_E8000-____X0_S00,T408
92129183,1,1,0,0,00,B,9,_,9,_,9,0,_,_,0,_,_,_,B00T11E9990-____X0_S00,T446
92304996,0,1,0,0,00,B,0,0,0,0,0,0,0,0,0,0,0,0,B00T01E0000-0000X00S00,B2006
92129744,1,1,_,0,00,B,0,3,0,0,0,0,0,0,0,0,0,0,B00T11E0000-3000X00S_0,T537
92127184,_,1,0,0,00,B,0,4,0,4,0,0,0,0,_,0,0,0,B00T_1E0000-4040X_0S00,T1121
92304785,1,1,0,0,20,B,8,3,0,4,0,0,5,5,0,_,_,_,B20T11E8000-3545X0_S00,B1993
92306057,_,1,0,0,_,_,_,4,_,4,_,_,0,0,_,0,0,0,__T_1E____-4040X_0S00,B2065
92101399,_,1,0,0,00,B,8,0,7,0,0,0,0,0,0,_,_,_,B00T_1E8070-0000X0_S00,B1052
92129629,1,1,0,0,00,B,0,0,0,0,0,0,0,0,_,0,0,0,B00T11E0000-0000X_0S00,T518
92102571,_,1,0,0,00,C,_,0,_,0,_,_,0,0,_,0,0,0,C00T_1E____-0000X_0S00,B1221
92127925,1,1,0,0,00,B,0,_,7,_,0,0,_,_,0,_,_,_,B00T11E0070-____X0_S00,T203
92305915,1,_,0,0,00,B,8,0,0,0,0,0,0,0,0,_,_,_,B00T1_E8000-0000X0_S00,B2058
92102629,1,_,0,0,00,B,0,0,0,0,0,0,0,0,0,_,_,_,B00T1_E0000-0000X0_S00,B1230
92101218,_,1,0,_,00,B,0,3,0,0,0,0,0,0,_,0,0,0,B00T_1E0000-3000X_0S0_,B1031
92101520,1,1,0,0,00,B,_,0,_,0,_,_,0,0,_,0,0,0,B00T11E____-0000X_0S00,B1072
92101842,1,1,0,0,00,B,8,0,7,0,0,0,0,0,0,_,_,_,B00T11E8070-0000X0_S00,B1121
92127965,1,1,0,0,00,B,0,0,0,0,0,0,0,0,0,_,_,_,B00T11E0000-0000X0_S00,T211
92103228,1,1,0,0,00,B,8,5,0,3,0,0,4,4,0,_,_,_,B00T11E8000-5434X0_S00,B1321
92101150,1,1,0,0,00,B,0,_,0,_,0,0,_,_,0,_,_,_,B00T11E0000-____X0_S00,B1019
92101065,1,1,0,0,00,B,0,0,0,0,0,0,0,0,0,0,0,0,B00T11E0000-0000X00S00,B1012
92128663,1,1,0,0,00,B,_,0,_,0,_,_,0,0,_,0,0,0,B00T11E____-0000X_0S00,T380
92103487,1,1,_,0,00,B,9,3,0,3,8,0,4,0,0,0,0,0,B00T11E9800-3430X00S_0,B1373
92297310,1,1,0,0,00,B,9,_,7,_,0,0,_,_,0,_,_,_,B00T11E9070-____X0_S00,B1509
92129554,_,_,0,0,00,B,0,_,0,_,0,0,_,_,0,_,_,_,B00T__E0000-____X0_S00,T504
92300762,1,_,0,0,_,_,0,_,0,_,8,0,_,_,0,_,_,_,__T1_E0800-____X0_S00,B1715
92102531,1,1,0,0,00,B,9,0,8,0,0,0,0,0,0,0,0,0,B00T11E9080-0000X00S00,B1216
92299712,1,1,0,0,00,B,_,3,_,0,_,_,0,0,_,0,0,0,B00T11E____-3000X_0S00,B1646
92128219,_,_,0,_,00,B,9,_,0,_,0,0,_,_,0,_,_,_,B00T__E9000-____X0_S0_,T291
92102707,1,1,0,0,00,B,9,0,0,0,0,0,0,0,_,0,0,0,B00T11E9000-0000X_0S00,B1250
92100917,1,1,0,0,00,B,8,_,0,_,0,0,_,_,0,_,_,_,B00T11E8000-____X0_S00,B1002
92101393,1,1,0,0,00,B,_,3,_,3,_,_,0,0,_,0,0,0,B00T11E____-3030X_0S00,B1052
92302858,1,1,0,0,00,B,0,0,0,0,0,0,0,0,0,_,_,_,B00T11E0000-0000X0_S00,B1872
92129286,_,1,0,0,00,B,_,0,_,0,_,_,0,0,_,0,0,0,B00T_1E____-0000X_0S00,T461
92102079,_,1,0,0,00,B,_,4,_,0,_,_,0,0,_,0,0,0,B00T_1E____-4000X_0S00,B1147
92304313,1,_,0,0,00,B,7,_,0,_,0,0,_,_,0,_,_,_,B00T1_E7000-____X0_S00,B1964
92128427,1,_,0,0,00,B,0,4,0,5,0,0,3,0,0,_,_,_,B00T1_E0000-4350X0_S00,T348
92101953,1,1,0,0,00,B,9,_,0,_,0,0,_,_,0,_,_,_,B00T11E9000-____X0_S00,B1136
92301087,1,1,_,0,00,B,0,5,0,0,0,0,0,0,_,0,0,0,B00T11E0000-5000X_0S_0,B1745
92297844,1,1,0,0,20,_,0,5,0,0,0,0,0,0,0,0,0,0,_20T11E0000-5000X00S00,B1535
92127338,1,_,0,0,00,B,0,_,0,_,0,0,_,_,0,_,_,_,B00T1_E0000-____X0_S00,T1173
92128755,0,1,0,0,00,B,9,_,8,_,0,0,_,_,0,_,_,_,B00T01E9080-____X0_S00,T395
92128648,1,1,_,0,00,B,_,4,_,4,_,_,0,0,_,0,0,0,B00T11E____-4040X_0S_0,T378
92103553,1,1,0,_,00,B,_,4,_,4,_,_,0,0,_,0,0,0,B00T11E____-4040X_0S0_,B1382
92128959,1,0,0,0,00,B,8,_,0,_,0,0,_,_,0,_,_,_,B00T10E8000-____X0_S00,T423
92298430,_,1,0,0,00,B,7,3,0,0,0,0,0,0,0,0,0,0,B00T_1E7000-3000X00S00,B1567
92298901,1,1,0,0,00,B,9,_,0,_,0,0,_,_,0,_,_,_,B00T11E9000-____X0_S00,B1590
92103227,1,1,_,0,00,B,9,_,0,_,0,0,_,_,0,_,_,_,B00T11E9000-____X0_S_0,B1321
92129789,1,1,0,0,00,B,0,0,0,0,0,0,0,0,0,0,0,0,B00T11E0000-0000X00S00,T543
92128288,1,_,0,0,00,B,0,_,0,_,0,0,_,_,0,_,_,_,B00T1_E0000-____X0_S00,T316
92101141,1,1,0,_,00,B,9,0,7,0,0,0,0,0,0,0,0,0,B00T11E9070-0000X00S0_,B1018
92102299,_,1,0,0,00,B,_,0,_,0,_,_,0,0,_,0,0,0,B00T_1E____-0000X_0S00,B1182
92129647,_,_,0,0,00,B,0,4,0,0,0,0,0,0,0,0,0,0,B00T__E0000-4000X00S00,T520
92101781,_,_,0,0,00,B,_,3,_,0,_,_,3,0,_,0,0,0,B00T__E____-3300X_0S00,B1111
92126844,1,1,0,0,00,B,_,0,_,0,_,_,3,0,_,0,0,0,B00T11E____-0300X_0S00,T1010
92127285,1,1,0,0,00,B,0,0,0,0,9,8,0,0,0,0,0,0,B00T11E0908-0000X00S00,T1156
92301153,1,1,_,0,00,B,0,_,0,_,0,0,_,_,0,_,_,_,B00T11E0000-____X0_S_0,B1750
92102986,1,1,0,0,00,B,7,4,7,0,0,0,0,0,0,0,0,0,B00T11E7070-4000X00S00,B1287
92297203,1,1,0,0,00,B,_,0,_,0,_,_,0,0,_,0,0,0,B00T11E____-0000X_0S00,B1501
92128311,1,1,0,0,00,B,_,5,_,0,_,_,0,0,_,0,0,0,B00T11E____-5000X_0S00,T322
92102124,1,1,0,0,00,B,0,0,0,0,7,0,3,4,0,_,_,_,B00T11E0700-0304X0_S00,B1154
92306202,1,1,0,0,00,B,_,3,_,4,_,_,0,0,_,0,0,0,B00T11E____-3040X_0S00,B2072
92127494,1,_,0,0,00,B,8,_,7,_,0,0,_,_,0,_,_,_,B00T1_E8070-____X0_S00,T1214
92295487,1,1,0,0,00,B,9,_,0,_,0,0,_,_,0,_,_,_,B00T11E9000-____X0_S00,B1401
92300450,0,1,0,0,00,B,8,_,0,_,0,0,_,_,0,_,_,_,B00T01E8000-____X0_S00,B1695
92101391,1,1,0,0,00,B,9,_,0,_,0,0,_,_,0,_,_,_,B00T11E9000-____X0_S00,B1051
92102445,1,1,0,0,00,B,8,_,7,_,0,0,_,_,0,_,_,_,B00T11E8070-____X0_S00,B1202
92305379,1,1,0,0,00,B,_,0,_,0,_,_,0,0,_,0,0,0,B00T11E____-0000X_0S00,B2025
92301567,1,1,0,0,00,B,0,3,0,0,0,0,0,0,0,0,0,0,B00T11E0000-3000X00S00,B1783
92299409,1,_,0,0,20,B,0,0,0,0,0,0,0,0,0,_,_,_,B20T1_E0000-0000X0_S00,B1624
92103406,_,_,_,0,00,B,_,0,_,0,_,_,0,0,_,0,0,0,B00T__E____-0000X_0S_0,B1357
92128840,1,1,0,0,00,B,9,_,0,_,0,0,_,_,0,_,_,_,B00T11E9000-____X0_S00,T408
92302083,1,1,0,0,00,C,8,_,0,_,0,0,_,_,0,_,_,_,C00T11E8000-____X0_S00,B1809
92129751,_,1,1,0,00,B,_,0,_,0,_,_,4,3,_,0,0,0,B00T_1E____-0403X_0S10,T537
92101244,_,1,0,0,00,B,8,0,0,0,8,0,0,0,0,0,0,0,B00T_1E8800-0000X00S00,B1032
92127536,_,_,0,0,00,B,0,4,0,4,0,0,0,0,_,0,0,0,B00T__E0000-4040X_0S00,T1225
92128431,1,1,0,0,00,B,8,_,0,_,0,0,_,_,0,_,_,_,B00T11E8000-____X0_S00,T349
92128213,1,1,0,0,00,B,0,_,0,_,0,0,_,_,0,_,_,_,B00T11E0000-____X0_S00,T289
92305739,1,_,0,0,00,B,8,4,9,4,0,0,0,0,0,0,0,0,B00T1_E8090-4040X00S00,B2046
92301974,_,_,0,_,00,B,8,4,0,0,0,0,0,0,_,0,0,0,B00T__E8000-4000X_0S0_,B1801
92300678,1,1,0,_,00,B,_,0,_,0,_,_,0,0,_,0,0,0,B00T11E____-0000X_0S0_,B1708
92306339,_,_,0,0,20,C,0,0,0,0,0,0,0,0,0,0,0,0,C20T__E0000-0000X00S00,B2079
92301266,1,1,0,0,00,B,9,0,8,0,7,9,0,0,_,0,0,0,B00T11E9789-0000X_0S00,B1758
92128864,1,1,1,0,00,B,_,5,_,4,_,_,0,0,_,0,0,0,B00T11E____-5040X_0S10,T413
92129283,1,_,0,0,00,B,0,_,0,_,8,0,_,_,0,_,_,_,B00T1_E0800-____X0_S00,T460
92295997,1,1,0,0,00,B,9,3,8,4,0,0,0,0,0,0,0,0,B00T11E9080-3040X00S00,B1438
92127461,1,1,0,0,00,B,_,4,_,0,_,_,0,0,_,0,0,0,B00T11E____-4000X_0S00,T1208
92299939,1,1,0,0,00,B,0,_,0,_,9,0,_,_,0,_,_,_,B00T11E0900-____X0_S00,B1661
92101145,1,_,0,_,00,B,0,_,8,_,0,0,_,_,0,_,_,_,B00T1_E0080-____X0_S0_,B1019
92101572,1,1,0,0,00,B,8,4,7,5,7,0,0,0,0,0,0,0,B00T11E8770-4050X00S00,B1082
92297677,1,1,0,0,00,B,0,3,0,0,0,0,0,0,0,0,0,0,B00T11E0000-3000X00S00,B1530
92128732,1,1,0,0,00,B,_,4,_,0,_,_,0,0,_,0,0,0,B00T11E____-4000X_0S00,T389
92129199,_,_,0,0,00,B,_,0,_,0,_,_,0,0,_,0,0,0,B00T__E____-0000X_0S00,T449
92299597,1,1,0,0,00,B,9,_,0,_,0,0,_,_,0,_,_,_,B00T11E9000-____X0_S00,B1636
92305674,1,1,0,_,00,B,0,_,0,_,0,0,_,_,0,_,_,_,B00T11E0000-____X0_S0_,B2042
92101471,1,1,1,0,00,B,9,4,8,4,8,8,3,0,0,0,0,0,B00T11E9888-4340X00S10,B1066
92128340,1,_,0,0,00,B,0,_,0,_,0,0,_,_,0,_,_,_,B00T1_E0000-____X0_S00,T329
92128865,_,1,0,0,00,B,8,4,9,4,0,0,0,0,_,0,0,0,B00T_1E8090-4040X_0S00,T413
92296021,1,1,0,0,00,B,8,_,9,_,0,0,_,_,0,_,_,_,B00T11E8090-____X0_S00,B1442
92300270,1,1,0,0,00,C,0,0,0,0,0,0,0,0,_,0,0,0,C00T11E0000-0000X_0S00,B1685
92128498,1,_,0,0,_,_,_,4,_,0,_,_,0,0,_,0,0,0,__T1_E____-4000X_0S00,T357
92102553,1,1,_,_,_,_,0,_,0,_,0,0,_,_,0,_,_,_,__T11E0000-____X0_S__,B1219
92127258,_,_,_,0,00,B,_,4,_,0,_,_,0,0,_,0,0,0,B00T__E____-4000X_0S_0,T1147
92303396,1,_,0,0,00,B,9,_,0,_,0,0,_,_,0,_,_,_,B00T1_E9000-____X0_S00,B1911
92103499,1,1,0,0,00,B,8,_,0,_,0,0,_,_,0,_,_,_,B00T11E8000-____X0_S00,B1374
92129212,1,1,0,0,00,B,9,4,0,3,0,0,4,0,0,_,_,_,B00T11E9000-4430X0_S00,T450
92305632,1,1,0,0,00,B,7,5,0,0,9,7,0,0,_,0,0,0,B00T11E7907-5000X_0S00,B2042
92127672,1,1,0,0,00,B,0,0,0,0,0,0,3,4,0,0,0,0,B00T11E0000-0304X00S00,T1263
92297613,0,1,0,0,00,B,8,3,7,4,9,8,4,4,_,0,0,0,B00T01E8978-3444X_0S00,B1527
92103403,1,_,1,0,00,B,9,_,8,_,0,0,_,_,0,_,_,_,B00T1_E9080-____X0_S10,B1356
92302712,1,1,0,0,00,B,9,_,9,_,0,0,_,_,0,_,_,_,B00T11E9090-____X0_S00,B1863
92128620,1,_,0,_,00,B,0,0,0,0,0,0,0,0,0,_,_,_,B00T1_E0000-0000X0_S0_,T376
92300437,1,1,0,0,00,B,8,3,8,4,0,0,0,0,0,0,0,0,B00T11E8080-3040X00S00,B1694
92128902,_,1,0,0,00,B,7,4,8,5,9,8,4,0,_,0,0,0,B00T_1E7988-4450X_0S00,T418
92127436,1,1,0,0,00,B,_,0,_,0,_,_,0,0,_,0,0,0,B00T11E____-0000X_0S00,T1204
92129131,_,1,0,0,00,B,_,0,_,0,_,_,0,0,_,0,0,0,B00T_1E____-0000X_0S00,T440
92299475,1,1,_,0,00,B,_,4,_,5,_,_,0,0,_,0,0,0,B00T11E____-4050X_0S_0,B1627
92129729,1,1,0,0,00,B,_,0,_,0,_,_,0,0,_,0,0,0,B00T11E____-0000X_0S00,T535
92299729,1,1,0,0,00,B,0,0,0,0,0,0,0,0,0,0,0,0,B00T11E0000-0000X00S00,B1648
92102988,1,1,0,0,00,B,8,4,0,0,0,0,0,0,0,0,0,0,B00T11E8000-4000X00S00,B1287
92127683,1,1,0,0,00,B,8,3,9,3,0,0,0,0,0,0,0,0,B00T11E8090-3030X00S00,T1268
92103544,1,1,0,0,00,B,7,3,0,0,0,0,0,0,_,0,0,0,B00T11E7000-3000X_0S00,B1381
92102529,1,1,_,0,00,B,8,3,7,0,0,0,0,0,0,0,0,0,B00T11E8070-3000X00S_0,B1216
92301761,1,_,_,0,00,B,9,_,8,_,9,0,_,_,0,_,_,_,B00T1_E9980-____X0_S_0,B1789
92304224,_,_,0,_,00,B,0,0,0,0,0,0,4,3,_,0,0,0,B00T__E0000-0403X_0S0_,B1959
92298922,1,_,0,0,00,B,0,_,0,_,0,0,_,_,0,_,_,_,B00T1_E0000-____X0_S00,B1590
92128487,_,1,0,0,00,B,0,3,0,4,0,0,5,0,_,0,0,0,B00T_1E0000-3540X_0S00,T356
92101073,1,1,0,0,00,B,8,3,8,0,0,0,0,0,0,0,0,0,B00T11E8080-3000X00S00,B1012
92102471,1,1,0,0,00,B,9,_,0,_,9,0,_,_,0,_,_,_,B00T11E9900-____X0_S00,B1207
92128806,1,1,0,0,00,B,9,_,8,_,0,0,_,_,0,_,_,_,B00T11E9080-____X0_S00,T403
92102193,1,_,_,0,00,B,8,_,7,_,0,0,_,_,0,_,_,_,B00T1_E8070-____X0_S_0,B1160
92299290,1,1,0,0,00,B,_,3,_,3,_,_,0,0,_,0,0,0,B00T11E____-3030X_0S00,B1612
92304279,1,_,0,0,20,_,8,_,7,_,0,0,_,_,0,_,_,_,_20T1_E8070-____X0_S00,B1960
92126879,1,1,_,_,20,B,7,_,0,_,0,0,_,_,0,_,_,_,B20T11E7000-____X0_S__,T1020
92128175,1,1,0,0,00,B,9,_,7,_,0,0,_,_,0,_,_,_,B00T11E9070-____X0_S00,T279
92129667,1,1,0,0,00,B,0,_,0,_,0,0,_,_,0,_,_,_,B00T11E0000-____X0_S00,T522
92101862,1,_,0,_,00,B,0,3,0,4,0,0,0,0,0,0,0,0,B00T1_E0000-3040X00S0_,B1123
92102275,_,_,0,0,00,B,0,_,0,_,0,0,_,_,0,_,_,_,B00T__E0000-____X0_S00,B1176
92102442,1,1,0,0,00,B,9,4,8,4,8,0,0,0,0,0,0,0,B00T11E9880-4040X00S00,B1202
92100990,1,1,0,0,00,B,0,_,0,_,0,0,_,_,0,_,_,_,B00T11E0000-____X0_S00,B1007
92304817,1,1,0,0,00,B,8,_,7,_,0,0,_,_,0,_,_,_,B00T11E8070-____X0_S00,B1996
92101003,1,1,0,_,00,B,8,_,0,_,0,0,_,_,0,_,_,_,B00T11E8000-____X0_S0_,B1008
92103094,1,1,_,0,00,B,_,4,_,4,_,_,0,0,_,0,0,0,B00T11E____-4040X_0S_0,B1302
92102341,1,1,0,0,00,B,9,3,0,4,0,0,4,5,0,0,0,0,B00T11E9000-3445X00S00,B1188
92103589,_,1,0,0,00,B,8,4,0,0,0,0,0,0,_,0,0,0,B00T_1E8000-4000X_0S00,B1389
92129615,1,0,0,0,00,B,7,_,0,_,0,0,_,_,0,_,_,_,B00T10E7000-____X0_S00,T516
92128758,1,1,0,0,00,B,_,5,_,5,_,_,0,0,_,0,0,0,B00T11E____-5050X_0S00,T396
92304412,1,1,0,0,00,B,_,0,_,0,_,_,0,0,_,0,0,0,B00T11E____-0000X_0S00,B1972
92302306,1,1,0,0,00,B,0,4,0,0,0,0,4,0,0,0,0,0,B00T11E0000-4400X00S00,B1826
92127627,1,1,_,_,00,B,0,_,0,_,7,0,_,_,_,_,_,_,B00T11E0700-____X__S__,T1249
92302489,1,1,0,0,00,B,9,_,0,_,8,0,_,_,0,_,_,_,B00T11E9800-____X0_S00,B1847
92303694,_,_,0,0,00,B,0,_,0,_,0,0,_,_,0,_,_,_,B00T__E0000-____X0_S00,B1930
92101272,1,1,0,0,00,B,_,4,_,3,_,_,0,0,_,0,0,0,B00T11E____-4030X_0S00,B1035
92129419,1,1,0,_,00,B,8,0,0,0,0,0,3,0,0,0,0,0,B00T11E8000-0300X00S0_,T479
92103029,1,_,0,0,00,B,0,4,0,4,0,0,4,5,0,0,0,0,B00T1_E0000-4445X00S00,B1292
92101683,1,1,0,0,00,B,_,3,_,3,_,_,0,0,_,0,0,0,B00T11E____-3030X_0S00,B1098
92101967,1,1,0,0,00,B,_,0,_,0,_,_,0,0,_,0,0,0,B00T11E____-0000X_0S00,B1136
92297705,1,1,0,0,00,B,_,3,_,0,_,_,0,0,_,0,0,0,B00T11E____-3000X_0S00,B1532
92127189,0,0,0,0,20,B,_,0,_,0,_,_,0,0,_,0,0,0,B20T00E____-0000X_0S00,T1123
92101050,_,_,0,0,00,B,0,0,0,0,0,0,0,0,0,_,_,_,B00T__E0000-0000X0_S00,B1011
92299878,1,1,0,0,00,B,_,3,_,0,_,_,5,3,_,0,0,0,B00T11E____-3503X_0S00,B1658
92301338,1,_,0,0,00,B,0,_,0,_,0,0,_,_,0,_,_,_,B00T1_E0000-____X0_S00,B1763
92295479,1,1,0,0,00,B,9,3,0,4,9,9,3,0,0,0,0,0,B00T11E9909-3340X00S00,B1401
92100906,1,1,0,0,00,C,9,_,9,_,0,0,_,_,0,_,_,_,C00T11E9090-____X0_S00,B1002
92296867,1,1,0,0,00,B,8,4,7,5,0,0,0,0,0,_,_,_,B00T11E8070-4050X0_S00,B1489
92303244,1,1,0,0,00,B,8,_,0,_,0,0,_,_,0,_,_,_,B00T11E8000-____X0_S00,B1899
92296838,1,1,0,0,00,B,9,_,0,_,0,0,_,_,0,_,_,_,B00T11E9000-____X0_S00,B1486
92303616,1,1,0,0,00,C,0,0,0,0,0,0,3,0,0,0,0,0,C00T11E0000-0300X00S00,B1926
92129835,1,1,0,0,00,B,7,0,8,0,0,0,0,0,0,0,0,0,B00T11E7080-0000X00S00,T552
92102084,_,1,0,0,20,B,_,3,_,0,_,_,0,0,_,0,0,0,B20T_1E____-3000X_0S00,B1148
92299726,_,_,0,0,00,B,7,_,8,_,9,0,_,_,0,_,_,_,B00T__E7980-____X0_S00,B1647
92102681,1,1,0,0,00,B,_,4,_,3,_,_,0,0,_,0,0,0,B00T11E____-4030X_0S00,B1244
92102480,1,_,0,0,00,B,7,4,7,5,9,8,0,0,0,0,0,0,B00T1_E7978-4050X00S00,B1208
92127107,1,1,0,0,00,B,8,_,0,_,0,0,_,_,0,_,_,_,B00T11E8000-____X0_S00,T1092
92129762,1,1,0,0,00,B,9,4,0,0,0,0,5,0,0,0,0,0,B00T11E9000-4500X00S00,T539
92128917,1,1,0,0,00,B,7,0,0,0,7,8,0,0,_,0,0,0,B00T11E7708-0000X_0S00,T420
92102631,1,1,0,0,00,B,0,_,0,0,0,0,_,0,0,_,_,_,B00T11E0000-__00X0_S00,B1232
92127820,1,1,0,0,00,B,0,0,0,0,0,0,5,0,0,0,0,0,B00T11E0000-0500X00S00,T1307
92305590,1,1,0,0,00,B,0,0,0,0,0,0,0,0,_,0,0,0,B00T11E0000-0000X_0S00,B2038
92127343,1,1,0,0,00,B,8,_,0,_,0,0,_,_,0,_,_,_,B00T11E8000-____X0_S00,T1175
92128644,_,_,0,0,00,B,_,3,_,4,_,_,0,0,_,0,0,0,B00T__E____-3040X_0S00,T378
92298270,1,0,0,0,00,B,_,3,_,4,_,_,0,0,_,0,0,0,B00T10E____-3040X_0S00,B1558
92128368,1,1,0,_,00,B,8,_,0,_,0,0,_,_,0,_,_,_,B00T11E8000-____X0_S0_,T335
92127514,1,1,0,0,00,B,0,_,0,_,0,0,_,_,0,_,_,_,B00T11E0000-____X0_S00,T1219
92127434,_,1,0,0,00,B,_,0,_,0,_,_,0,0,_,0,0,0,B00T_1E____-0000X_0S00,T1203
92297707,1,1,0,0,00,B,0,0,0,0,0,0,0,0,0,0,0,0,B00T11E0000-0000X00S00,B1532
92298108,_,1,0,0,00,B,9,_,9,_,0,0,_,_,0,_,_,_,B00T_1E9090-____X0_S00,B1554
92101739,1,1,0,0,00,B,_,3,_,4,_,_,0,0,_,0,0,0,B00T11E____-3040X_0S00,B1105
92302719,1,1,0,0,00,B,_,0,_,0,_,_,0,0,_,0,0,0,B00T11E____-0000X_0S00,B1863
92102423,1,1,0,0,00,B,_,0,_,0,_,_,0,0,_,0,0,0,B00T11E____-0000X_0S00,B1200
92127955,_,_,_,_,00,B,_,0,_,0,_,_,0,0,_,_,_,_,B00T__E____-0000X__S__,T211
92129779,_,1,0,0,00,B,0,4,0,0,0,0,4,0,_,0,0,0,B00T_1E0000-4400X_0S00,T541
92306226,1,1,0,0,00,B,_,3,_,4,_,_,0,0,_,0,0,0,B00T11E____-3040X_0S00,B2073
92303268,1,1,_,0,00,B,8,_,8,_,0,0,_,_,0,_,_,_,B00T11E8080-____X0_S_0,B1901
92306369,1,1,0,0,00,B,0,4,0,0,0,0,0,0,0,0,0,0,B00T11E0000-4000X00S00,F1000
92302175,1,1,0,0,00,B,0,0,0,0,0,0,4,0,0,0,0,0,B00T11E0000-0400X00S00,B1817
92127902,1,1,0,0,00,B,0,_,0,_,8,0,_,_,0,_,_,_,B00T11E0800-____X0_S00,T173
92102609,_,1,0,0,00,B,_,3,_,0,_,_,3,5,_,0,0,0,B00T_1E____-3305X_0S00,B1227
92304321,0,1,0,0,00,B,_,0,_,0,_,_,0,0,_,0,0,0,B00T01E____-0000X_0S00,B1965
92299990,1,_,0,0,00,B,8,_,8,_,0,0,_,_,0,_,_,_,B00T1_E8080-____X0_S00,B1666
92103073,1,1,0,0,00,B,_,0,_,0,_,_,0,0,_,0,0,0,B00T11E____-0000X_0S00,B1298
92103186,1,1,_,_,00,B,8,4,0,0,0,0,0,0,0,0,0,0,B00T11E8000-4000X00S__,B1317
92128174,1,1,0,0,00,B,9,_,7,_,0,0,_,_,0,_,_,_,B00T11E9070-____X0_S00,T279
92298126,1,1,0,0,00,B,0,0,0,0,0,0,0,0,0,0,0,0,B00T11E0000-0000X00S00,B1555
92127578,1,1,0,_,00,B,8,0,7,0,0,0,0,0,_,0,0,0,B00T11E8070-0000X_0S0_,T1238
92101556,_,_,0,0,00,B,9,3,0,5,0,0,0,0,_,_,_,_,B00T__E9000-3050X__S00,B1077
92129272,_,1,0,0,00,B,8,_,8,_,8,0,_,_,0,_,_,_,B00T_1E8880-____X0_S00,T458
92101074,1,1,_,0,00,B,0,4,0,4,0,0,3,3,0,0,0,0,B00T11E0000-4343X00S_0,B1012
92296010,1,1,0,0,00,B,0,5,0,4,0,0,3,0,_,0,0,0,B00T11E0000-5340X_0S00,B1441
92129248,1,1,0,0,00,B,8,_,0,_,0,0,_,_,0,_,_,_,B00T11E8000-____X0_S00,T453
92102827,1,1,0,0,00,B,9,_,9,_,9,0,_,_,0,_,_,_,B00T11E9990-____X0_S00,B1261
92100891,1,1,0,0,00,B,9,0,0,0,0,0,0,0,0,0,0,0,B00T11E9000-0000X00S00,B1001
92129164,1,1,_,0,00,C,9,_,8,_,0,0,_,_,0,_,_,_,C00T11E9080-____X0_S_0,T443
92128859,1,_,_,_,00,B,0,_,0,_,0,0,_,_,0,_,_,_,B00T1_E0000-____X0_S__,T413
92127825,1,1,0,0,00,B,_,4,_,0,_,_,0,0,_,0,0,0,B00T11E____-4000X_0S00,T1308
92129174,1,1,0,0,00,B,_,5,_,0,_,_,0,0,_,0,0,0,B00T11E____-5000X_0S00,T444
92302731,1,1,0,0,00,B,0,0,0,0,0,0,0,0,0,_,_,_,B00T11E0000-0000X0_S00,B1864
92101183,1,1,0,0,00,B,7,_,9,_,0,0,_,_,0,_,_,_,B00T11E7090-____X0_S00,B1025
92301883,1,_,0,0,00,B,0,4,0,3,0,0,0,0,_,0,0,0,B00T1_E0000-4030X_0S00,B1794
92101740,1,1,0,0,00,B,_,0,_,0,_,_,0,0,_,0,0,0,B00T11E____-0000X_0S00,B1105
92126893,_,1,0,_,00,B,9,0,0,0,0,0,0,0,0,_,_,_,B00T_1E9000-0000X0_S0_,T1025
92127269,_,1,0,0,00,B,_,0,_,0,_,_,0,0,_,0,0,0,B00T_1E____-0000X_0S00,T1152
92304630,1,1,0,0,00,B,8,0,0,0,0,0,4,0,0,0,0,0,B00T11E8000-0400X00S00,B1987
92127321,1,1,_,0,00,B,_,3,_,4,_,_,0,0,_,0,0,0,B00T11E____-3040X_0S_0,T1167
92128952,_,1,0,0,00,B,_,4,_,4,_,_,0,0,_,0,0,0,B00T_1E____-4040X_0S00,T423
92101118,1,1,0,0,00,B,8,4,9,4,0,0,4,4,0,0,0,0,B00T11E8090-4444X00S00,B1016
92298850,1,1,0,0,00,B,9,3,8,4,0,0,5,5,0,_,_,_,B00T11E9080-3545X0_S00,B1589
92102976,1,1,0,0,00,B,0,0,0,0,0,0,0,0,0,_,_,_,B00T11E0000-0000X0_S00,B1283
92297604,1,1,0,0,00,B,_,3,_,3,_,_,0,0,_,0,0,0,B00T11E____-3030X_0S00,B1527
92128067,1,1,0,0,00,B,8,3,0,5,0,0,0,0,0,0,0,0,B00T11E8000-3050X00S00,T253
92295935,1,1,0,0,00,B,8,_,0,_,0,0,_,_,0,_,_,_,B00T11E8000-____X0_S00,B1432
92102883,1,1,0,0,00,B,_,4,_,4,_,_,0,0,_,0,0,0,B00T11E____-4040X_0S00,B1267
92128203,1,1,_,0,00,B,8,5,8,5,0,0,0,0,0,0,0,0,B00T11E8080-5050X00S_0,T286
92103306,1,1,0,0,00,B,0,0,0,0,9,0,0,0,0,0,0,0,B00T11E0900-0000X00S00,B1335
92127554,_,1,0,0,00,B,_,4,_,0,_,_,0,0,_,0,0,0,B00T_1E____-4000X_0S00,T1229
92129263,1,1,0,0,00,B,0,0,0,0,0,0,0,0,0,0,0,0,B00T11E0000-0000X00S00,T456
92129173,1,1,0,0,00,B,9,_,0,_,0,0,_,_,0,_,_,_,B00T11E9000-____X0_S00,T444
92296672,1,_,0,0,00,B,0,_,0,_,0,0,_,_,0,_,_,_,B00T1_E0000-____X0_S00,B1478
92129701,1,1,0,0,00,B,9,0,0,0,0,0,0,0,0,_,_,_,B00T11E9000-0000X0_S00,T526
92296875,1,1,0,0,00,B,8,_,8,_,0,0,_,_,0,_,_,_,B00T11E8080-____X0_S00,B1489
92297590,1,1,0,0,00,B,7,_,0,_,0,0,_,_,0,_,_,_,B00T11E7000-____X0_S00,B1524
92103415,1,1,0,0,00,B,9,_,0,_,0,0,_,_,0,_,_,_,B00T11E9000-____X0_S00,B1358
92101728,1,1,0,0,00,C,9,_,9,_,0,0,_,_,0,_,_,_,C00T11E9090-____X0_S00,B1104
92305417,_,1,0,0,00,B,_,3,_,0,_,_,0,0,_,0,0,0,B00T_1E____-3000X_0S00,B2028
92129756,1,1,0,0,00,B,_,0,_,0,_,_,0,0,_,0,0,0,B00T11E____-0000X_0S00,T538
92101552,1,_,0,0,00,B,0,_,0,_,0,0,_,_,0,_,_,_,B00T1_E0000-____X0_S00,B1077
92306146,1,1,0,0,00,B,_,4,_,0,_,_,0,0,_,0,0,0,B00T11E____-4000X_0S00,B2069
92128674,1,_,0,0,00,B,_,5,_,0,_,_,0,0,_,0,0,0,B00T1_E____-5000X_0S00,T381
92297274,1,1,0,0,00,B,0,4,0,4,0,0,0,0,_,0,0,0,B00T11E0000-4040X_0S00,B1505
92129924,1,_,0,0,00,B,8,_,8,_,7,0,_,_,0,_,_,_,B00T1_E8780-____X0_S00,T569
92127002,1,1,0,0,20,B,0,0,0,0,8,0,5,0,0,0,0,0,B20T11E0800-0500X00S00,T1056
92128951,_,_,0,0,00,B,_,0,_,0,_,_,0,0,_,0,0,0,B00T__E____-0000X_0S00,T423
92127253,1,1,0,0,00,B,_,4,_,5,_,_,0,0,_,0,0,0,B00T11E____-4050X_0S00,T1146
92128812,1,1,0,0,00,B,0,3,0,3,0,0,0,0,_,0,0,0,B00T11E0000-3030X_0S00,T403
92300844,1,1,0,0,00,B,9,5,8,0,7,9,0,0,_,0,0,0,B00T11E9789-5000X_0S00,B1722
92298467,0,_,0,_,00,B,9,_,0,_,0,0,_,_,0,_,_,_,B00T0_E9000-____X0_S0_,B1572
92100845,1,_,0,0,00,B,8,_,8,_,0,0,_,_,0,_,_,_,B00T1_E8080-____X0_S00,B1000
92127581,1,1,0,0,00,B,0,_,0,_,0,0,_,_,0,_,_,_,B00T11E0000-____X0_S00,T1238
92129121,1,1,_,0,00,B,0,_,0,_,0,0,_,_,0,_,_,_,B00T11E0000-____X0_S_0,T439
92297305,1,_,0,0,00,B,0,_,0,_,0,0,_,_,0,_,_,_,B00T1_E0000-____X0_S00,B1508
92128044,_,1,0,0,00,C,_,0,_,0,_,_,0,0,_,0,0,0,C00T_1E____-0000X_0S00,T250
92129724,_,1,0,0,00,B,_,3,_,0,_,_,0,0,_,0,0,0,B00T_1E____-3000X_0S00,T533
92303305,1,_,0,0,00,B,9,_,8,_,0,0,_,_,0,_,_,_,B00T1_E9080-____X0_S00,B1904
92101833,1,1,0,0,00,B,_,0,_,0,_,_,0,0,_,0,0,0,B00T11E____-0000X_0S00,B1121
92129815,_,_,0,0,00,C,0,0,0,0,0,0,0,0,0,0,0,0,C00T__E0000-0000X00S00,T549
92101924,1,1,0,0,00,B,0,_,0,0,0,0,_,0,0,_,_,_,B00T11E0000-__00X0_S00,B1130
92128012,1,1,0,0,00,B,8,4,9,4,0,0,5,0,0,_,_,_,B00T11E8090-4540X0_S00,T220
92302200,1,_,0,0,00,B,_,5,_,4,_,_,0,0,_,0,0,0,B00T1_E____-5040X_0S00,B1819
92101080,1,1,0,0,00,B,0,0,0,0,0,0,0,0,0,0,0,0,B00T11E0000-0000X00S00,B1012
92128743,1,1,0,0,00,B,0,0,0,0,0,0,0,0,_,0,0,0,B00T11E0000-0000X_0S00,T393
92101821,1,1,_,0,00,B,8,3,8,0,0,0,0,0,0,0,0,0,B00T11E8080-3000X00S_0,B1115
92127694,_,_,0,0,00,B,_,3,_,4,_,_,0,0,_,0,0,0,B00T__E____-3040X_0S00,T1273
92127909,1,_,0,0,00,B,0,0,0,0,0,0,0,0,0,0,0,0,B00T1_E0000-0000X00S00,T182
92128597,1,1,0,0,20,B,_,4,_,0,_,_,0,0,_,0,0,0,B20T11E____-4000X_0S00,T370
92127511,_,1,_,_,_,_,_,3,_,0,_,_,0,0,_,0,0,0,__T_1E____-3000X_0S__,T1219
92304942,1,1,0,_,00,B,_,4,_,0,_,_,0,0,_,0,0,0,B00T11E____-4000X_0S0_,B2003
92101793,1,1,0,_,00,B,_,0,_,0,_,_,0,0,_,0,0,0,B00T11E____-0000X_0S0_,B1114
92103023,1,_,0,0,00,B,9,4,0,4,0,0,4,3,0,0,0,0,B00T1_E9000-4443X00S00,B1292
92129344,1,_,0,0,00,B,8,0,8,4,0,0,0,0,0,0,0,0,B00T1_E8080-0040X00S00,T470
92101860,1,1,_,_,00,B,7,_,0,_,0,0,_,_,0,_,_,_,B00T11E7000-____X0_S__,B1122
92303741,1,_,0,0,00,B,9,4,8,3,0,0,3,3,0,_,_,_,B00T1_E9080-4333X0_S00,B1930
92128336,1,1,0,_,00,B,0,0,0,0,9,8,0,0,0,0,0,0,B00T11E0908-0000X00S0_,T328
92103609,1,_,0,0,00,B,0,_,0,_,0,0,_,_,0,_,_,_,B00T1_E0000-____X0_S00,B1391
92295823,1,1,0,0,00,B,9,0,8,0,0,0,0,0,0,0,0,0,B00T11E9080-0000X00S00,B1423
92296527,1,0,0,0,00,B,_,3,_,4,_,_,3,0,_,0,0,0,B00T10E____-3340X_0S00,B1469
92127192,1,1,0,0,00,B,8,0,0,0,0,0,0,0,0,0,0,0,B00T11E8000-0000X00S00,T1124
92305389,1,1,0,0,00,B,_,5,_,3,_,_,0,0,_,0,0,0,B00T11E____-5030X_0S00,B2026
92103079,0,1,0,0,00,B,_,0,_,0,_,_,0,0,_,0,0,0,B00T01E____-0000X_0S00,B1298
92129171,1,1,0,0,20,B,0,0,9,0,0,0,0,0,0,0,0,0,B20T11E0090-0000X00S00,T444
92300354,1,1,_,0,00,B,8,3,9,3,0,0,0,0,0,0,0,0,B00T11E8090-3030X00S_0,B1689
92101891,1,1,0,0,20,B,0,0,0,0,0,0,0,0,_,0,0,0,B20T11E0000-0000X_0S00,B1126
92305895,1,1,0,0,00,B,0,3,0,0,0,0,0,0,0,0,0,0,B00T11E0000-3000X00S00,B2057
92103466,1,1,0,0,00,B,8,0,0,0,0,0,0,0,0,_,_,_,B00T11E8000-0000X0_S00,B1368
92129704,1,_,0,_,00,B,8,_,0,_,0,0,_,_,0,_,_,_,B00T1_E8000-____X0_S0_,T527
92101822,1,1,0,0,00,B,0,0,0,0,0,0,0,0,0,0,0,0,B00T11E0000-0000X00S00,B1118
92101881,_,1,0,0,20,_,_,5,_,4,_,_,4,0,_,0,0,0,_20T_1E____-5440X_0S00,B1124
92127191,1,1,0,0,00,B,_,0,_,0,_,_,0,0,_,0,0,0,B00T11E____-0000X_0S00,T1124
92304473,1,1,0,0,00,B,0,0,0,0,0,0,0,0,0,0,0,0,B00T11E0000-0000X00S00,B1976
92298754,1,1,0,0,00,B,7,_,9,_,0,0,_,_,0,_,_,_,B00T11E7090-____X0_S00,B1583
92302508,1,1,0,0,00,B,8,3,0,4,0,0,4,0,0,0,0,0,B00T11E8000-3440X00S00,B1848
92304375,1,1,0,0,00,B,0,_,0,_,0,0,_,_,0,_,_,_,B00T11E0000-____X0_S00,B1969
92296180,1,1,0,0,00,B,8,0,8,0,0,0,0,0,0,0,0,0,B00T11E8080-0000X00S00,B1449
92127731,1,1,0,0,00,B,0,3,0,5,0,0,3,0,0,_,_,_,B00T11E0000-3350X0_S00,T1282
92103473,1,1,0,0,00,B,8,_,0,_,0,0,_,_,0,_,_,_,B00T11E8000-____X0_S00,B1368
92128245,_,_,0,0,00,B,_,3,_,0,_,_,0,0,_,0,0,0,B00T__E____-3000X_0S00,T301
92295663,1,1,_,_,00,B,0,0,0,0,9,7,0,0,0,0,0,0,B00T11E0907-0000X00S__,B1410
92101690,1,1,_,0,00,B,7,3,7,4,0,0,0,0,0,0,0,0,B00T11E7070-3040X00S_0,B1098
92128820,1,1,1,0,00,B,8,4,7,5,0,0,3,0,_,0,0,0,B00T11E8070-4350X_0S10,T405
92103051,1,1,0,0,00,B,_,3,_,4,_,_,0,0,_,0,0,0,B00T11E____-3040X_0S00,B1294
92301941,1,1,_,0,00,B,8,0,9,0,0,0,0,0,0,0,0,0,B00T11E8090-0000X00S_0,B1798
92298319,1,1,_,_,_,_,8,_,0,_,0,0,_,_,0,_,_,_,__T11E8000-____X0_S__,B1561
92303638,1,1,_,0,00,B,9,0,8,0,9,8,0,0,0,0,0,0,B00T11E9988-0000X00S_0,B1928
92297893,1,1,0,0,00,B,_,5,_,0,_,_,0,0,_,0,0,0,B00T11E____-5000X_0S00,B1537
92101221,1,1,_,_,00,B,,,,,,,,,,,,,B00T11Enannannannan-nannannannanXnannanS__,B1031
92301654,1,_,0,0,00,B,8,4,9,0,0,0,0,0,0,_,_,_,B00T1_E8090-4000X0_S00,B1786
92127363,1,_,0,0,00,C,8,_,8,_,0,0,_,_,0,_,_,_,C00T1_E8080-____X0_S00,T1181
92296782,1,1,0,0,00,B,8,0,9,0,0,0,4,3,0,0,0,0,B00T11E8090-0403X00S00,B1483
92300170,1,1,0,0,20,C,8,_,7,_,0,0,_,_,0,_,_,_,C20T11E8070-____X0_S00,B1681
92126946,1,_,0,0,00,B,0,_,0,_,0,0,_,_,0,_,_,_,B00T1_E0000-____X0_S00,T1041
92102819,1,1,1,0,00,B,8,4,8,4,0,0,3,0,0,0,0,0,B00T11E8080-4340X00S10,B1261
92297114,1,1,0,0,00,B,0,_,0,_,0,0,_,_,0,_,_,_,B00T11E0000-____X0_S00,B1497
92129152,1,1,_,_,00,B,0,0,0,0,0,0,0,0,0,0,0,0,B00T11E0000-0000X00S__,T443
92296898,1,1,0,0,00,B,_,0,_,0,_,_,0,0,_,0,0,0,B00T11E____-0000X_0S00,B1490
92305937,_,1,_,_,00,B,,,,,,,,,,,,,B00T_1Enannannannan-nannannannanXnannanS__,B2060
92126815,1,1,0,0,00,B,0,0,0,0,0,0,0,0,_,0,0,0,B00T11E0000-0000X_0S00,T1001
92304112,1,1,0,0,00,B,0,0,0,0,9,0,0,0,0,_,_,_,B00T11E0900-0000X0_S00,B1953
92129432,1,1,_,_,00,B,9,4,8,5,0,0,0,0,1,0,0,0,B00T11E9080-4050X10S__,T481
92102253,_,_,0,0,00,B,8,0,0,0,0,0,0,0,_,0,0,0,B00T__E8000-0000X_0S00,B1172
92101612,0,1,0,0,00,B,8,5,7,0,8,7,0,0,0,0,0,0,B00T01E8877-5000X00S00,B1085
92100975,1,1,0,0,00,B,7,0,8,0,0,0,0,0,0,0,0,0,B00T11E7080-0000X00S00,B1005
92127038,1,1,0,0,00,B,7,3,7,4,8,9,3,5,_,0,0,0,B00T11E7879-3345X_0S00,T1068
92102906,1,1,0,0,00,B,_,5,_,4,_,_,4,0,_,0,0,0,B00T11E____-5440X_0S00,B1270
92127036,1,1,0,0,00,B,0,_,0,_,0,0,_,_,0,_,_,_,B00T11E0000-____X0_S00,T1067
92128464,1,1,1,0,00,B,9,3,7,0,0,0,0,0,0,0,0,0,B00T11E9070-3000X00S10,T354
92298969,_,_,1,0,00,B,_,4,_,5,_,_,0,0,_,0,0,0,B00T__E____-4050X_0S10,B1593
92102940,1,1,_,_,00,B,_,3,_,4,_,_,0,0,_,0,0,0,B00T11E____-3040X_0S__,B1273
92301794,1,1,0,0,00,B,8,4,8,0,0,0,0,0,0,_,_,_,B00T11E8080-4000X0_S00,B1791
92304748,1,1,_,0,00,B,8,_,7,_,0,0,_,_,0,_,_,_,B00T11E8070-____X0_S_0,B1990
92102157,1,1,0,0,00,B,8,0,9,4,7,9,0,0,_,0,0,0,B00T11E8799-0040X_0S00,B1156
92129880,1,1,0,0,00,B,0,_,0,_,0,0,_,_,0,_,_,_,B00T11E0000-____X0_S00,T558
92101158,1,1,0,0,00,B,8,0,0,0,0,0,0,0,0,_,_,_,B00T11E8000-0000X0_S00,B1020
92128774,1,1,0,0,00,B,_,4,_,4,_,_,0,5,_,0,0,0,B00T11E____-4045X_0S00,T399
92127433,1,1,0,0,00,B,_,3,_,4,_,_,0,0,_,0,0,0,B00T11E____-3040X_0S00,T1203
92127610,1,_,_,_,_,_,0,5,0,3,0,0,0,0,0,_,_,_,__T1_E0000-5030X0_S__,T1246
92100878,1,1,0,0,00,B,_,4,_,0,_,_,0,0,_,0,0,0,B00T11E____-4000X_0S00,B1001
92101489,1,_,0,0,00,B,8,5,7,4,0,0,0,0,0,_,_,_,B00T1_E8070-5040X0_S00,B1069
92301285,1,1,0,0,00,C,_,4,_,0,_,_,0,0,_,0,0,0,C00T11E____-4000X_0S00,B1758
92298593,1,1,0,0,00,B,0,0,0,0,0,0,0,0,0,0,0,0,B00T11E0000-0000X00S00,B1578
92100961,1,1,0,0,00,B,8,3,0,3,0,0,0,0,0,0,0,0,B00T11E8000-3030X00S00,B1005
92128015,0,0,0,0,00,B,_,4,_,5,_,_,0,0,_,0,0,0,B00T00E____-4050X_0S00,T221
92129101,1,1,0,0,20,_,0,4,0,0,0,0,0,0,0,0,0,0,_20T11E0000-4000X00S00,T438
92127369,1,1,0,0,00,B,0,0,0,0,0,0,0,0,_,0,0,0,B00T11E0000-0000X_0S00,T1182
92103461,1,1,0,0,00,B,_,4,_,0,_,_,0,0,_,0,0,0,B00T11E____-4000X_0S00,B1367
92301320,1,1,0,0,00,B,_,4,_,0,_,_,0,0,_,0,0,0,B00T11E____-4000X_0S00,B1762
92128967,_,_,_,_,20,B,_,0,_,0,_,_,0,0,_,0,0,0,B20T__E____-0000X_0S__,T425
92103240,0,0,0,0,00,B,0,4,0,4,0,0,3,4,0,0,0,0,B00T00E0000-4344X00S00,B1322
92128388,1,_,0,0,00,B,8,_,0,_,0,0,_,_,0,_,_,_,B00T1_E8000-____X0_S00,T337
92127241,1,1,0,0,00,B,8,3,0,3,0,0,0,0,_,0,0,0,B00T11E8000-3030X_0S00,T1142
92101697,_,1,0,0,00,B,_,3,_,0,_,_,0,0,_,0,0,0,B00T_1E____-3000X_0S00,B1101
92128319,_,1,0,0,00,B,_,3,_,0,_,_,0,0,_,0,0,0,B00T_1E____-3000X_0S00,T323
92126919,1,_,0,0,00,B,0,0,0,0,0,0,0,0,0,_,_,_,B00T1_E0000-0000X0_S00,T1032
92127804,1,1,0,0,00,B,8,_,0,_,0,0,_,_,0,_,_,_,B00T11E8000-____X0_S00,T1305
92129834,1,1,0,0,00,B,0,0,0,0,0,0,0,0,0,0,0,0,B00T11E0000-0000X00S00,T552
92128604,1,0,0,0,00,B,_,4,_,5,_,_,0,0,_,0,0,0,B00T10E____-4050X_0S00,T371
92101976,1,1,0,0,00,B,0,4,0,0,9,0,0,0,0,0,0,0,B00T11E0900-4000X00S00,B1136
92303682,1,1,0,0,00,B,_,3,_,4,_,_,0,0,_,0,0,0,B00T11E____-3040X_0S00,B1929
92128802,1,1,0,0,00,B,_,4,_,0,_,_,0,0,_,0,0,0,B00T11E____-4000X_0S00,T402
92302795,_,_,_,0,00,B,0,_,0,_,8,0,_,_,0,_,_,_,B00T__E0800-____X0_S_0,B1867
92300023,_,_,0,0,00,B,0,0,0,0,0,0,0,0,0,0,0,0,B00T__E0000-0000X00S00,B1668
92299741,1,1,0,0,20,B,0,0,0,0,0,0,0,0,0,0,0,0,B20T11E0000-0000X00S00,B1649
92303200,1,1,0,0,00,B,9,_,8,_,8,0,_,_,0,_,_,_,B00T11E9880-____X0_S00,B1896
92128026,1,_,0,0,00,B,0,0,0,0,0,0,0,0,_,0,0,0,B00T1_E0000-0000X_0S00,T240
92303254,_,_,0,_,00,B,0,_,0,_,0,0,_,_,0,_,_,_,B00T__E0000-____X0_S0_,B1900
92129633,1,1,0,0,00,B,9,3,0,0,9,0,4,0,0,0,0,0,B00T11E9900-3400X00S00,T518
92304910,1,1,0,0,00,B,8,4,7,3,0,0,0,0,_,0,0,0,B00T11E8070-4030X_0S00,B2001
92126915,1,1,_,_,_,_,0,_,0,_,0,0,_,_,0,_,_,_,__T11E0000-____X0_S__,T1030
92302920,1,1,0,0,00,B,9,0,0,0,0,0,3,0,0,0,0,0,B00T11E9000-0300X00S00,B1877
92128506,_,_,0,0,00,B,9,_,8,_,8,0,_,_,0,_,_,_,B00T__E9880-____X0_S00,T358
92303079,1,1,0,0,00,B,0,4,0,0,0,0,0,0,_,0,0,0,B00T11E0000-4000X_0S00,B1887
92101088,1,_,0,0,00,B,7,4,8,5,9,9,5,5,0,_,_,_,B00T1_E7989-4555X0_S00,B1013
92305705,1,1,0,0,00,B,8,3,8,0,0,0,0,0,0,0,0,0,B00T11E8080-3000X00S00,B2043
92295638,1,1,0,0,00,B,7,0,0,0,0,0,0,0,0,_,_,_,B00T11E7000-0000X0_S00,B1408
92128186,_,1,0,0,00,B,0,0,0,0,0,0,0,0,0,0,0,0,B00T_1E0000-0000X00S00,T280
92126837,1,1,0,0,00,B,_,3,_,0,_,_,0,0,_,0,0,0,B00T11E____-3000X_0S00,T1008
92102431,1,1,0,0,00,B,8,0,0,0,0,0,0,0,0,0,0,0,B00T11E8000-0000X00S00,B1200
92103064,_,0,0,0,00,B,0,_,0,_,0,0,_,_,0,_,_,_,B00T_0E0000-____X0_S00,B1298
92102122,_,_,0,0,00,B,9,4,9,0,0,0,0,0,0,0,0,0,B00T__E9090-4000X00S00,B1153
92301631,1,1,0,0,00,B,_,3,_,0,_,_,0,0,_,0,0,0,B00T11E____-3000X_0S00,B1785
92129249,_,_,0,0,00,B,_,0,_,0,_,_,0,0,_,_,_,_,B00T__E____-0000X__S00,T454
92129297,1,1,0,0,00,B,_,0,_,0,_,_,3,0,_,0,0,0,B00T11E____-0300X_0S00,T463
92129011,1,1,0,0,00,B,0,0,0,0,0,0,0,0,0,0,0,0,B00T11E0000-0000X00S00,T431
92103207,1,1,_,0,00,B,9,5,7,4,0,0,3,3,0,0,0,0,B00T11E9070-5343X00S_0,B1319
92101409,_,1,_,_,00,B,9,3,7,0,8,9,0,0,_,0,0,0,B00T_1E9879-3000X_0S__,B1057
92129436,1,_,0,0,00,B,0,_,0,_,0,0,_,_,0,_,_,_,B00T1_E0000-____X0_S00,T482
92103138,1,1,0,0,00,B,9,0,7,0,0,0,0,0,0,0,0,0,B00T11E9070-0000X00S00,B1309
92100981,1,1,0,_,00,B,8,0,9,0,8,0,4,0,_,0,0,0,B00T11E8890-0400X_0S0_,B1006
92101087,1,1,0,0,00,B,0,0,0,0,0,0,0,0,0,_,_,_,B00T11E0000-0000X0_S00,B1013
92103101,1,1,0,0,00,C,0,0,0,0,0,0,0,0,0,0,0,0,C00T11E0000-0000X00S00,B1305
92102783,1,1,0,0,20,B,_,3,_,0,_,_,0,0,_,0,0,0,B20T11E____-3000X_0S00,B1259
92295512,1,1,0,0,00,B,8,5,0,5,0,0,0,5,0,0,0,0,B00T11E8000-5055X00S00,B1403
92127881,_,1,0,0,00,B,_,5,_,5,_,_,4,0,_,0,0,0,B00T_1E____-5450X_0S00,T1327
92301602,1,1,0,0,00,B,_,5,_,0,_,_,0,0,_,0,0,0,B00T11E____-5000X_0S00,B1785
92101189,0,1,0,0,00,B,9,0,8,0,0,0,0,0,0,0,0,0,B00T01E9080-0000X00S00,B1027
92103471,_,_,0,0,00,B,9,0,0,0,0,0,0,0,0,0,0,0,B00T__E9000-0000X00S00,B1368
92303366,1,1,0,0,00,C,8,_,7,_,0,0,_,_,0,_,_,_,C00T11E8070-____X0_S00,B1909
92295926,1,1,0,0,00,B,0,_,0,_,0,0,_,_,0,_,_,_,B00T11E0000-____X0_S00,B1430
92101823,1,1,0,0,00,B,_,0,_,0,_,_,4,0,_,0,0,0,B00T11E____-0400X_0S00,B1119
92102328,1,1,_,_,00,B,8,_,9,_,0,0,_,_,0,_,_,_,B00T11E8090-____X0_S__,B1184
92129927,1,1,_,_,00,B,0,3,0,0,8,0,0,0,_,0,0,0,B00T11E0800-3000X_0S__,T570
92128236,1,1,0,0,00,B,0,0,0,0,0,0,0,0,0,0,0,0,B00T11E0000-0000X00S00,T297
92101848,1,1,0,0,00,B,_,0,_,0,_,_,0,0,_,0,0,0,B00T11E____-0000X_0S00,B1121
92127123,1,1,0,_,00,B,_,4,_,5,_,_,0,0,_,0,0,0,B00T11E____-4050X_0S0_,T1097
92101281,1,1,0,0,00,B,_,3,_,4,_,_,0,0,_,0,0,0,B00T11E____-3040X_0S00,B1035
92103404,1,1,1,0,00,B,9,4,8,0,0,0,4,0,0,_,_,_,B00T11E9080-4400X0_S10,B1356
92295496,1,1,0,0,00,B,9,_,8,_,9,0,_,_,0,_,_,_,B00T11E9980-____X0_S00,B1401
92295792,1,1,0,0,20,C,8,_,8,_,0,0,_,_,0,_,_,_,C20T11E8080-____X0_S00,B1422
92127967,1,1,0,0,00,B,7,3,0,0,0,0,0,0,0,0,0,0,B00T11E7000-3000X00S00,T211
92303963,1,1,_,_,00,B,_,0,_,0,_,_,0,0,_,0,0,0,B00T11E____-0000X_0S__,B1943
92101312,1,1,0,0,00,B,8,4,8,0,0,0,5,4,0,0,0,0,B00T11E8080-4504X00S00,B1040
92296765,1,1,0,0,00,B,8,0,0,0,0,0,0,0,0,_,_,_,B00T11E8000-0000X0_S00,B1483
92296217,1,1,0,0,00,B,7,4,0,0,0,0,0,0,_,0,0,0,B00T11E7000-4000X_0S00,B1450
92302193,_,_,1,0,00,B,_,3,_,0,_,_,0,0,_,0,0,0,B00T__E____-3000X_0S10,B1818
92299155,1,1,0,0,00,B,0,0,0,0,0,0,4,0,0,0,0,0,B00T11E0000-0400X00S00,B1603
92297857,1,1,0,0,00,B,_,5,_,4,_,_,0,0,_,0,0,0,B00T11E____-5040X_0S00,B1535
92102687,1,_,_,_,00,B,8,_,0,_,0,0,_,_,0,_,_,_,B00T1_E8000-____X0_S__,B1244
92296819,1,1,_,0,20,B,9,0,8,0,8,0,0,0,0,0,0,0,B20T11E9880-0000X00S_0,B1485
92127044,_,_,0,_,00,B,0,0,0,0,0,0,4,0,_,0,0,0,B00T__E0000-0400X_0S0_,T1070
92303813,1,1,0,0,00,B,0,_,9,_,0,0,_,_,0,_,_,_,B00T11E0090-____X0_S00,B1936
92103139,1,1,0,0,00,B,8,_,0,_,0,0,_,_,0,_,_,_,B00T11E8000-____X0_S00,B1309
92303302,_,1,0,0,20,_,0,0,0,0,0,0,3,5,_,0,0,0,_20T_1E0000-0305X_0S00,B1904
92129826,1,1,0,0,20,B,0,0,0,0,0,0,0,0,0,_,_,_,B20T11E0000-0000X0_S00,T551
92127089,1,1,0,0,00,B,0,_,0,_,0,0,_,_,0,_,_,_,B00T11E0000-____X0_S00,T1085
92296329,1,1,_,_,20,B,_,3,_,0,_,_,0,0,_,0,0,0,B20T11E____-3000X_0S__,B1457
92127659,1,1,0,0,00,B,8,3,8,4,0,0,0,0,0,0,0,0,B00T11E8080-3040X00S00,T1259
92102884,1,1,0,0,00,B,_,3,_,0,_,_,0,0,_,0,0,0,B00T11E____-3000X_0S00,B1267
92300505,1,1,0,0,00,C,0,_,0,_,0,0,_,_,0,_,_,_,C00T11E0000-____X0_S00,B1698
92102653,1,_,0,0,00,B,8,_,9,_,0,0,_,_,0,_,_,_,B00T1_E8090-____X0_S00,B1238
92306136,1,1,0,0,00,B,7,3,8,0,0,0,0,0,_,0,0,0,B00T11E7080-3000X_0S00,B2068
92296303,1,1,0,0,00,B,8,0,9,0,0,0,0,0,0,_,_,_,B00T11E8090-0000X0_S00,B1456
92300989,_,1,0,0,00,B,9,_,8,_,0,0,_,_,0,_,_,_,B00T_1E9080-____X0_S00,B1737
92101035,1,1,0,0,00,B,0,4,0,4,0,0,0,0,0,0,0,0,B00T11E0000-4040X00S00,B1010
92103359,1,_,0,0,00,B,0,5,0,0,0,0,0,0,0,0,0,0,B00T1_E0000-5000X00S00,B1350
92129474,1,1,0,0,00,B,9,4,0,4,9,0,3,4,0,0,0,0,B00T11E9900-4344X00S00,T489
92101655,1,1,0,0,00,B,9,5,8,4,0,0,4,3,0,_,_,_,B00T11E9080-5443X0_S00,B1096
92127961,_,_,_,_,_,_,0,0,0,0,0,0,0,0,_,_,_,_,__T__E0000-0000X__S__,T211
92303335,1,1,0,0,00,B,_,0,_,0,_,_,0,0,_,0,0,0,B00T11E____-0000X_0S00,B1907
92305515,1,1,0,0,00,B,0,0,0,0,0,0,0,0,0,0,0,0,B00T11E0000-0000X00S00,B2034
92102170,1,1,0,0,00,B,0,0,0,0,0,0,0,0,0,0,0,0,B00T11E0000-0000X00S00,B1156
92103385,1,1,0,0,00,B,_,0,_,0,_,_,0,0,_,0,0,0,B00T11E____-0000X_0S00,B1352
92303201,1,1,0,0,00,B,9,_,8,_,0,0,_,_,0,_,_,_,B00T11E9080-____X0_S00,B1896
92101903,1,1,_,_,00,B,_,4,_,0,_,_,0,0,_,0,0,0,B00T11E____-4000X_0S__,B1129
92129543,1,1,1,0,00,B,8,_,8,_,0,0,_,_,0,_,_,_,B00T11E8080-____X0_S10,T501
92129753,1,1,0,0,00,B,0,0,0,0,0,0,0,0,0,0,0,0,B00T11E0000-0000X00S00,T537
92127225,1,1,0,0,00,B,8,4,0,0,0,0,0,0,0,0,0,0,B00T11E8000-4000X00S00,T1138
92300349,1,1,0,0,00,B,7,3,9,4,0,0,5,5,0,_,_,_,B00T11E7090-3545X0_S00,B1688
92129022,_,1,_,0,00,B,_,4,_,0,_,_,4,4,_,0,0,0,B00T_1E____-4404X_0S_0,T432
92103463,1,1,0,0,00,B,8,0,0,0,0,0,0,0,0,_,_,_,B00T11E8000-0000X0_S00,B1368
92103363,1,1,0,_,00,B,8,0,8,0,9,7,0,0,_,0,0,0,B00T11E8987-0000X_0S0_,B1350
92127931,1,1,0,0,00,B,7,_,7,_,0,0,_,_,0,_,_,_,B00T11E7070-____X0_S00,T205
92127457,_,1,_,0,00,B,9,0,8,0,7,8,0,0,_,0,0,0,B00T_1E9788-0000X_0S_0,T1208
92127070,1,1,0,0,00,B,8,0,0,0,0,0,0,0,0,_,_,_,B00T11E8000-0000X0_S00,T1079
92302602,1,1,0,0,00,B,0,4,0,0,0,0,0,0,_,0,0,0,B00T11E0000-4000X_0S00,B1855
92101008,1,1,0,0,00,B,_,4,_,3,_,_,0,0,_,0,0,0,B00T11E____-4030X_0S00,B1008
92129660,1,1,0,0,00,B,0,0,0,0,8,0,5,0,0,0,0,0,B00T11E0800-0500X00S00,T521
92101430,1,1,0,0,00,B,8,3,7,3,0,0,5,4,0,_,_,_,B00T11E8070-3534X0_S00,B1060
92301202,1,1,0,0,00,B,0,4,0,0,0,0,0,0,0,0,0,0,B00T11E0000-4000X00S00,B1753
92305778,1,1,0,0,00,B,0,0,0,0,8,0,4,0,0,_,_,_,B00T11E0800-0400X0_S00,B2049
92127508,1,1,0,0,00,B,0,0,0,0,0,0,0,0,0,_,_,_,B00T11E0000-0000X0_S00,T1218
92304028,_,_,_,_,00,B,,,,,,,,,,,,,B00T__Enannannannan-nannannannanXnannanS__,B1947
92102971,_,_,_,0,_,_,,,,,,,,,,,,,__T__Enannannannan-nannannannanXnannanS_0,B1283
92129874,_,1,0,0,00,B,0,0,0,0,7,0,0,0,0,_,_,_,B00T_1E0700-0000X0_S00,T558
92302678,1,1,0,0,00,B,0,_,0,_,0,0,_,_,0,_,_,_,B00T11E0000-____X0_S00,B1859
92129194,_,1,_,_,20,_,0,3,0,4,0,0,0,0,_,0,0,0,_20T_1E0000-3040X_0S__,T449
92101446,1,1,0,0,00,B,7,4,0,3,7,8,4,0,_,0,0,0,B00T11E7708-4430X_0S00,B1062
92298882,1,1,0,0,00,B,8,0,0,0,0,0,0,0,_,0,0,0,B00T11E8000-0000X_0S00,B1590
92102449,_,_,0,0,00,B,_,0,_,0,_,_,0,0,_,0,0,0,B00T__E____-0000X_0S00,B1203
92102872,_,_,_,_,00,B,9,_,0,_,0,0,_,_,0,_,_,_,B00T__E9000-____X0_S__,B1264
92128143,1,1,0,0,00,B,8,4,0,5,0,0,0,0,0,0,0,0,B00T11E8000-4050X00S00,T270
92101643,1,_,0,0,00,B,9,0,8,0,0,0,0,0,0,_,_,_,B00T1_E9080-0000X0_S00,B1092
92300824,1,1,0,0,00,B,_,3,_,4,_,_,0,0,_,0,0,0,B00T11E____-3040X_0S00,B1720
92101438,_,_,_,0,00,B,_,3,_,4,_,_,4,0,_,0,0,0,B00T__E____-3440X_0S_0,B1061
92301754,_,_,0,0,00,B,0,3,0,3,0,0,0,0,_,0,0,0,B00T__E0000-3030X_0S00,B1789
92127762,_,_,0,0,00,B,_,0,_,0,_,_,0,0,_,0,0,0,B00T__E____-0000X_0S00,T1290
92295849,1,1,0,0,00,B,0,0,0,0,0,0,0,0,0,0,0,0,B00T11E0000-0000X00S00,B1426
92128939,1,_,0,0,00,B,8,0,7,0,0,0,0,0,_,0,0,0,B00T1_E8070-0000X_0S00,T422
92303866,1,1,0,0,00,B,0,5,0,4,0,0,0,0,_,0,0,0,B00T11E0000-5040X_0S00,B1937
92128893,1,1,0,0,00,C,_,0,_,0,_,_,5,0,_,0,0,0,C00T11E____-0500X_0S00,T418
92129531,1,1,_,0,00,B,8,4,0,4,0,0,4,0,_,0,0,0,B00T11E8000-4440X_0S_0,T496
92101855,_,_,_,_,00,B,8,_,0,_,0,0,_,_,0,_,_,_,B00T__E8000-____X0_S__,B1122
92101252,1,1,0,0,00,B,0,_,0,_,0,0,_,_,0,_,_,_,B00T11E0000-____X0_S00,B1034
92129325,1,1,0,0,00,B,0,0,0,0,0,0,0,0,0,0,0,0,B00T11E0000-0000X00S00,T467
92102708,1,1,0,0,00,B,0,_,0,_,7,0,_,_,0,_,_,_,B00T11E0700-____X0_S00,B1250
92127937,1,1,0,0,00,B,0,_,0,_,8,0,_,_,0,_,_,_,B00T11E0800-____X0_S00,T206
92305405,1,1,0,0,00,B,8,0,0,0,0,0,0,0,0,0,0,0,B00T11E8000-0000X00S00,B2027
92129781,1,_,0,0,00,B,8,_,7,_,8,0,_,_,0,_,_,_,B00T1_E8870-____X0_S00,T542
92101192,0,1,0,0,00,B,0,_,0,_,0,0,_,_,0,_,_,_,B00T01E0000-____X0_S00,B1027
92102633,1,1,_,_,00,B,0,3,0,0,0,0,4,0,0,0,0,0,B00T11E0000-3400X00S__,B1232
92128880,1,1,0,0,00,B,_,0,_,0,_,_,0,0,_,0,0,0,B00T11E____-0000X_0S00,T416
92129677,1,1,0,0,00,B,0,0,0,0,0,0,0,0,0,0,0,0,B00T11E0000-0000X00S00,T522
92302981,1,1,0,0,00,B,_,0,_,0,_,_,0,0,_,0,0,0,B00T11E____-0000X_0S00,B1882
92296603,1,1,0,0,00,B,9,_,8,_,0,0,_,_,0,_,_,_,B00T11E9080-____X0_S00,B1476
92128158,1,1,0,0,00,B,9,0,0,0,0,0,0,0,0,0,0,0,B00T11E9000-0000X00S00,T273
92127871,1,1,0,_,00,B,0,0,0,0,0,0,0,0,0,_,_,_,B00T11E0000-0000X0_S0_,T1324
92295917,1,1,0,0,00,B,0,0,0,0,0,0,0,0,_,0,0,0,B00T11E0000-0000X_0S00,B1430
92102369,1,1,0,0,00,B,0,3,0,4,0,0,0,0,_,0,0,0,B00T11E0000-3040X_0S00,B1191
92129495,1,1,0,0,00,B,0,_,0,_,0,0,_,_,0,_,_,_,B00T11E0000-____X0_S00,T491
92102506,1,1,0,0,00,B,9,0,9,0,0,0,0,0,0,_,_,_,B00T11E9090-0000X0_S00,B1213
92297118,1,1,0,0,00,B,0,0,0,0,0,0,0,0,0,_,_,_,B00T11E0000-0000X0_S00,B1497
92128709,1,1,0,0,20,_,_,0,_,0,_,_,0,0,_,0,0,0,_20T11E____-0000X_0S00,T386
92129049,1,1,0,0,00,B,0,0,0,0,0,0,0,0,0,0,0,0,B00T11E0000-0000X00S00,T435
92298236,1,1,0,0,00,B,9,4,0,0,8,0,0,0,0,0,0,0,B00T11E9800-4000X00S00,B1556
92304277,1,1,0,0,00,B,0,0,0,0,0,0,0,0,_,0,0,0,B00T11E0000-0000X_0S00,B1959
92301244,1,1,_,0,00,B,_,4,_,4,_,_,3,0,_,0,0,0,B00T11E____-4340X_0S_0,B1756
92127475,1,1,0,0,00,C,0,0,0,0,0,0,0,0,0,0,0,0,C00T11E0000-0000X00S00,T1210
92129888,1,1,0,0,00,B,_,0,_,0,_,_,0,0,_,0,0,0,B00T11E____-0000X_0S00,T560
92299157,1,1,0,0,00,B,0,0,0,0,7,8,4,0,0,_,_,_,B00T11E0708-0400X0_S00,B1603
92302707,1,1,0,0,00,C,0,_,0,_,0,0,_,_,0,_,_,_,C00T11E0000-____X0_S00,B1862
92101583,_,_,0,0,00,B,,,,,,,,,,,,,B00T__Enannannannan-nannannannanXnannanS00,B1082
92100992,1,_,0,0,00,B,0,_,0,_,0,0,_,_,0,_,_,_,B00T1_E0000-____X0_S00,B1007
92127674,1,_,0,_,20,_,0,_,0,_,0,0,_,_,0,_,_,_,_20T1_E0000-____X0_S0_,T1264
92101820,1,1,0,0,00,B,8,_,8,_,0,0,_,_,0,_,_,_,B00T11E8080-____X0_S00,B1115
92127612,1,_,0,0,00,B,0,3,0,0,0,0,5,0,0,_,_,_,B00T1_E0000-3500X0_S00,T1246
92103506,1,_,0,0,00,B,8,_,9,_,0,0,_,_,0,_,_,_,B00T1_E8090-____X0_S00,B1374
92127643,1,1,0,0,00,B,0,4,0,4,0,0,4,0,0,0,0,0,B00T11E0000-4440X00S00,T1254
92298185,1,1,0,0,00,B,0,3,0,0,0,0,3,0,_,0,0,0,B00T11E0000-3300X_0S00,B1556
92102025,_,1,_,_,00,B,_,3,_,4,_,_,3,0,_,0,0,0,B00T_1E____-3340X_0S__,B1142
92127579,1,1,0,0,00,B,_,3,_,0,_,_,3,0,_,0,0,0,B00T11E____-3300X_0S00,T1238
92129616,1,_,0,0,00,B,7,_,0,_,0,0,_,_,0,_,_,_,B00T1_E7000-____X0_S00,T516
92101863,1,1,1,0,00,B,0,5,0,4,7,7,0,0,_,0,0,0,B00T11E0707-5040X_0S10,B1124
92102625,1,1,0,0,00,B,8,3,0,0,7,7,3,0,_,0,0,0,B00T11E8707-3300X_0S00,B1229
92102181,_,_,0,0,00,B,7,_,0,_,7,0,_,_,0,_,_,_,B00T__E7700-____X0_S00,B1157
92101210,1,1,0,0,00,B,8,_,0,0,0,0,_,0,0,_,_,_,B00T11E8000-__00X0_S00,B1029
92305363,1,1,0,0,00,B,0,_,0,_,0,0,_,_,0,_,_,_,B00T11E0000-____X0_S00,B2024
92102287,_,_,0,0,20,B,_,0,_,0,_,_,0,0,_,0,0,0,B20T__E____-0000X_0S00,B1179
92127950,1,1,0,0,00,B,7,4,8,0,0,0,0,0,0,0,0,0,B00T11E7080-4000X00S00,T210
92298120,_,1,_,_,20,C,9,4,0,4,9,0,4,5,0,_,_,_,C20T_1E9900-4445X0_S__,B1554
92127302,1,1,0,0,00,B,_,5,_,0,_,_,0,0,_,0,0,0,B00T11E____-5000X_0S00,T1162
92127595,1,0,0,0,00,B,0,0,0,0,0,0,5,0,0,0,0,0,B00T10E0000-0500X00S00,T1241
92302384,1,1,0,0,00,B,0,0,0,0,9,0,0,0,0,_,_,_,B00T11E0900-0000X0_S00,B1838
92304190,_,1,_,_,00,C,_,0,_,0,_,_,0,0,_,0,0,0,C00T_1E____-0000X_0S__,B1957
92128961,1,_,0,0,00,B,8,_,0,_,0,0,_,_,0,_,_,_,B00T1_E8000-____X0_S00,T423
92295395,1,1,0,0,20,B,8,3,8,3,0,0,0,0,0,0,0,0,B20T11E8080-3030X00S00,B1392
92129920,1,_,0,0,00,B,0,_,0,_,7,0,_,_,0,_,_,_,B00T1_E0700-____X0_S00,T568
92128182,1,1,0,0,00,B,8,_,7,_,0,0,_,_,0,_,_,_,B00T11E8070-____X0_S00,T279
92297979,1,1,0,0,00,B,8,_,9,_,8,0,_,_,0,_,_,_,B00T11E8890-____X0_S00,B1546
92127799,1,1,0,0,00,B,_,4,_,4,_,_,0,0,_,0,0,0,B00T11E____-4040X_0S00,T1304
92127408,1,_,0,0,00,B,8,4,0,3,0,0,3,4,0,0,0,0,B00T1_E8000-4334X00S00,T1190
92127975,1,1,0,0,00,B,7,_,9,_,0,0,_,_,0,_,_,_,B00T11E7090-____X0_S00,T211
92299091,1,0,0,_,00,B,9,4,9,3,0,0,0,0,0,0,0,0,B00T10E9090-4030X00S0_,B1599
92305891,1,1,0,_,00,B,9,0,0,0,0,0,3,0,0,0,0,0,B00T11E9000-0300X00S0_,B2056
92127601,1,1,0,0,00,B,_,0,_,0,_,_,0,0,_,0,0,0,B00T11E____-0000X_0S00,T1243
92128018,1,_,0,0,00,B,0,_,0,_,0,0,_,_,0,_,_,_,B00T1_E0000-____X0_S00,T221
92306133,_,1,0,0,00,B,8,4,8,4,9,9,0,0,_,0,0,0,B00T_1E8989-4040X_0S00,B2068
92129625,_,1,0,_,00,B,_,0,_,0,_,_,0,0,_,0,0,0,B00T_1E____-0000X_0S0_,T517
92101039,1,1,0,_,20,B,0,5,0,0,0,0,0,0,0,0,0,0,B20T11E0000-5000X00S0_,B1011
92129147,1,1,0,0,00,B,0,0,0,0,8,8,0,0,0,0,0,0,B00T11E0808-0000X00S00,T442
92102269,1,_,0,0,00,B,0,0,0,0,9,7,0,0,0,0,0,0,B00T1_E0907-0000X00S00,B1176
92101208,1,_,0,_,00,B,0,0,0,0,0,0,0,0,_,0,0,0,B00T1_E0000-0000X_0S0_,B1028
92128589,1,_,0,0,20,B,9,_,0,_,0,0,_,_,0,_,_,_,B20T1_E9000-____X0_S00,T369
92306298,_,_,_,_,00,B,,,,,,,,,,,,,B00T__Enannannannan-nannannannanXnannanS__,B2077
92103130,1,1,0,0,00,B,7,4,8,5,0,0,0,0,0,0,0,0,B00T11E7080-4050X00S00,B1309
92129233,1,1,0,0,00,B,8,0,0,0,0,0,0,0,0,0,0,0,B00T11E8000-0000X00S00,T452
92305383,1,1,0,0,00,B,_,0,_,0,_,_,0,0,_,0,0,0,B00T11E____-0000X_0S00,B2026
92129191,1,1,0,0,00,B,_,3,_,4,_,_,0,0,_,0,0,0,B00T11E____-3040X_0S00,T448
92306036,1,1,0,0,00,B,0,0,0,0,0,0,0,0,0,0,0,0,B00T11E0000-0000X00S00,B2063
92129180,1,1,0,0,00,B,7,0,0,0,0,0,0,0,0,0,0,0,B00T11E7000-0000X00S00,T445
92299517,_,1,0,0,00,B,_,4,_,3,_,_,4,0,_,0,0,0,B00T_1E____-4430X_0S00,B1629
92299561,1,1,0,0,00,B,0,_,0,_,0,0,_,_,0,_,_,_,B00T11E0000-____X0_S00,B1633
92299661,1,0,0,0,00,B,0,3,0,0,0,0,0,0,_,0,0,0,B00T10E0000-3000X_0S00,B1641
92303281,_,1,0,0,00,B,_,4,_,0,_,_,4,0,_,0,0,0,B00T_1E____-4400X_0S00,B1902
92128202,1,1,_,_,00,B,7,5,0,3,7,0,0,0,_,0,0,0,B00T11E7700-5030X_0S__,T286
92129093,_,_,0,_,20,_,0,5,0,0,0,0,0,0,_,0,0,0,_20T__E0000-5000X_0S0_,T437
92102243,1,1,1,0,00,B,0,3,0,0,0,0,3,5,0,0,0,0,B00T11E0000-3305X00S10,B1170
92305784,1,1,0,0,00,B,_,4,_,0,_,_,0,0,_,0,0,0,B00T11E____-4000X_0S00,B2050
92128493,1,1,0,0,00,B,_,3,_,0,_,_,0,0,_,0,0,0,B00T11E____-3000X_0S00,T356
92304453,1,1,0,_,00,B,0,0,0,0,0,0,0,0,0,_,_,_,B00T11E0000-0000X0_S0_,B1974
92101191,0,1,0,_,00,B,0,0,0,0,0,0,4,0,0,0,0,0,B00T01E0000-0400X00S0_,B1027
92128211,_,_,_,0,00,B,_,0,_,0,_,_,0,0,_,0,0,0,B00T__E____-0000X_0S_0,T288
92128400,1,_,_,_,00,B,9,4,8,5,0,0,3,0,0,_,_,_,B00T1_E9080-4350X0_S__,T341
92296623,_,1,0,0,00,B,_,3,_,5,_,_,0,0,_,0,0,0,B00T_1E____-3050X_0S00,B1476
92304064,1,1,_,0,00,B,0,3,0,4,0,0,0,0,0,0,0,0,B00T11E0000-3040X00S_0,B1950
92127474,1,1,0,_,00,B,0,_,0,_,0,0,_,_,_,_,_,_,B00T11E0000-____X__S0_,T1210
92299824,_,_,0,0,00,B,0,_,0,_,0,0,_,_,0,_,_,_,B00T__E0000-____X0_S00,B1655
92103294,1,1,0,_,00,B,0,3,0,5,0,0,3,3,0,_,_,_,B00T11E0000-3353X0_S0_,B1332
92296324,1,1,0,0,00,B,8,4,8,4,0,0,0,0,0,0,0,0,B00T11E8080-4040X00S00,B1456
92296185,1,1,0,0,00,B,7,_,9,_,7,0,_,_,0,_,_,_,B00T11E7790-____X0_S00,B1449
92304347,1,1,0,0,00,B,8,_,0,_,0,0,_,_,0,_,_,_,B00T11E8000-____X0_S00,B1967
92301440,1,_,0,0,00,B,9,_,0,_,0,0,_,_,0,_,_,_,B00T1_E9000-____X0_S00,B1771
92101093,1,1,0,0,00,B,7,5,0,0,0,0,5,0,0,_,_,_,B00T11E7000-5500X0_S00,B1013
92304183,1,1,0,0,00,B,9,0,0,0,9,0,0,0,0,0,0,0,B00T11E9900-0000X00S00,B1956
92129245,1,_,0,0,20,_,9,_,8,_,0,0,_,_,0,_,_,_,_20T1_E9080-____X0_S00,T453
92297860,1,1,_,0,00,B,8,_,9,_,0,0,_,_,0,_,_,_,B00T11E8090-____X0_S_0,B1535
92304161,1,1,0,0,00,B,9,_,0,_,0,0,_,_,0,_,_,_,B00T11E9000-____X0_S00,B1956
92101307,1,1,0,0,00,B,8,_,0,_,0,0,_,_,0,_,_,_,B00T11E8000-____X0_S00,B1039
92303910,1,1,0,_,00,B,0,4,0,5,0,0,0,0,0,_,_,_,B00T11E0000-4050X0_S0_,B1940
92127868,_,_,_,0,00,B,7,0,0,0,0,0,0,0,0,_,_,_,B00T__E7000-0000X0_S_0,T1322
92101775,1,1,0,0,00,B,0,3,0,0,0,0,0,0,0,_,_,_,B00T11E0000-3000X0_S00,B1111
92101723,1,1,0,0,00,B,_,4,_,5,_,_,0,0,_,0,0,0,B00T11E____-4050X_0S00,B1103
92305925,1,1,0,0,00,B,8,4,0,0,8,0,0,0,0,0,0,0,B00T11E8800-4000X00S00,B2058
92102773,1,1,0,0,00,B,0,4,0,0,0,0,0,0,0,0,0,0,B00T11E0000-4000X00S00,B1259
92304620,1,_,0,_,00,B,0,0,0,0,0,0,0,0,0,_,_,_,B00T1_E0000-0000X0_S0_,B1986
92296524,1,1,0,0,20,_,0,_,0,_,0,0,_,_,0,_,_,_,_20T11E0000-____X0_S00,B1468
92128805,1,1,0,0,00,B,9,5,9,5,0,0,0,0,0,_,_,_,B00T11E9090-5050X0_S00,T403
92128210,_,1,0,0,00,B,9,3,9,0,7,0,0,0,_,0,0,0,B00T_1E9790-3000X_0S00,T288
92102882,1,1,0,0,00,B,0,_,0,_,0,0,_,_,0,_,_,_,B00T11E0000-____X0_S00,B1267
92103061,1,1,_,0,00,B,7,_,8,_,0,0,_,_,0,_,_,_,B00T11E7080-____X0_S_0,B1295
92300101,1,1,0,0,00,B,_,0,_,0,_,_,0,0,_,0,0,0,B00T11E____-0000X_0S00,B1675
92297541,1,1,0,0,00,B,_,4,_,0,_,_,0,0,_,0,0,0,B00T11E____-4000X_0S00,B1522
92101109,1,1,_,0,00,B,8,5,8,4,8,0,0,0,0,0,0,0,B00T11E8880-5040X00S_0,B1016
92128723,1,1,_,_,00,B,9,0,8,0,0,0,0,0,0,0,0,0,B00T11E9080-0000X00S__,T387
92126958,1,1,0,0,00,B,8,_,0,_,0,0,_,_,0,_,_,_,B00T11E8000-____X0_S00,T1043
92302215,1,1,0,0,00,B,0,0,0,0,0,0,0,0,0,0,0,0,B00T11E0000-0000X00S00,B1820
92296597,1,1,0,0,00,B,_,5,_,4,_,_,0,0,_,0,0,0,B00T11E____-5040X_0S00,B1476
92129485,1,1,0,0,00,B,8,0,7,0,0,0,4,0,0,0,0,0,B00T11E8070-0400X00S00,T490
92305706,1,1,0,0,00,B,0,4,0,4,0,0,0,0,_,0,0,0,B00T11E0000-4040X_0S00,B2044
92299782,1,1,_,0,00,B,9,0,8,0,0,0,0,0,0,0,0,0,B00T11E9080-0000X00S_0,B1652
92127322,_,1,0,0,00,B,0,0,0,0,0,0,0,0,_,0,0,0,B00T_1E0000-0000X_0S00,T1168
92129456,1,_,0,0,00,B,9,_,8,_,0,0,_,_,0,_,_,_,B00T1_E9080-____X0_S00,T486
92303652,1,1,1,0,00,B,8,4,8,0,8,0,0,0,0,_,_,_,B00T11E8880-4000X0_S10,B1929
92128083,_,1,_,0,00,B,0,0,0,0,0,0,0,0,_,0,0,0,B00T_1E0000-0000X_0S_0,T256
92128160,_,1,0,_,00,B,_,0,_,0,_,_,0,0,_,0,0,0,B00T_1E____-0000X_0S0_,T274
92303293,1,1,0,0,00,B,9,4,8,4,0,0,4,5,0,_,_,_,B00T11E9080-4445X0_S00,B1902
92127106,1,1,0,0,20,_,8,_,0,_,0,0,_,_,0,_,_,_,_20T11E8000-____X0_S00,T1092
92300113,1,1,0,0,00,B,0,0,0,0,0,0,0,0,0,0,0,0,B00T11E0000-0000X00S00,B1677
92297312,1,1,0,0,00,B,0,5,0,0,0,0,0,0,0,_,_,_,B00T11E0000-5000X0_S00,B1510
92126994,_,_,_,0,00,B,0,_,0,_,0,0,_,_,0,_,_,_,B00T__E0000-____X0_S_0,T1053
92101731,_,_,0,0,00,B,9,3,7,3,0,0,0,0,0,0,0,0,B00T__E9070-3030X00S00,B1104
92101251,_,_,0,0,00,B,0,_,0,_,0,0,_,_,_,_,_,_,B00T__E0000-____X__S00,B1033
92299748,_,1,0,0,00,B,_,3,_,4,_,_,4,4,_,0,0,0,B00T_1E____-3444X_0S00,B1649
92102239,1,_,0,0,00,B,0,_,0,_,9,0,_,_,0,_,_,_,B00T1_E0900-____X0_S00,B1170
92295891,1,1,0,0,00,B,_,3,_,0,_,_,0,0,_,0,0,0,B00T11E____-3000X_0S00,B1430
92295760,1,1,0,0,00,B,0,_,0,_,0,0,_,_,0,_,_,_,B00T11E0000-____X0_S00,B1419
92303194,1,_,0,_,00,B,9,_,8,_,0,0,_,_,0,_,_,_,B00T1_E9080-____X0_S0_,B1896
92301966,1,1,0,0,00,B,9,3,0,0,0,0,0,0,_,0,0,0,B00T11E9000-3000X_0S00,B1799
92299896,1,1,0,0,00,B,9,0,0,0,0,0,0,0,0,_,_,_,B00T11E9000-0000X0_S00,B1659
92102217,1,1,0,0,00,B,_,0,_,0,_,_,0,0,_,0,0,0,B00T11E____-0000X_0S00,B1163
92103305,1,1,0,0,00,B,0,4,0,5,9,0,0,0,0,0,0,0,B00T11E0900-4050X00S00,B1335
92129707,_,1,0,0,00,B,_,0,_,0,_,_,0,0,_,0,0,0,B00T_1E____-0000X_0S00,T528
92128798,1,1,0,0,00,B,_,0,_,0,_,_,0,0,_,0,0,0,B00T11E____-0000X_0S00,T402
92101923,_,_,0,0,00,B,,,,,,,,,,,,,B00T__Enannannannan-nannannannanXnannanS00,B1130
92101766,1,_,0,_,00,B,0,_,0,_,8,0,_,_,0,_,_,_,B00T1_E0800-____X0_S0_,B1111
92101696,1,1,0,0,00,B,8,4,7,5,0,0,4,0,0,0,0,0,B00T11E8070-4450X00S00,B1100
92306340,1,1,0,0,20,C,_,4,_,0,_,_,0,0,_,0,0,0,C20T11E____-4000X_0S00,B2080
92127094,1,1,0,0,00,B,8,3,0,4,0,0,0,0,_,0,0,0,B00T11E8000-3040X_0S00,T1086
92128953,1,_,0,0,00,B,0,4,0,4,0,0,0,0,_,0,0,0,B00T1_E0000-4040X_0S00,T423
92128514,0,0,0,0,00,B,_,4,_,0,_,_,0,0,_,0,0,0,B00T00E____-4000X_0S00,T359
92101868,1,1,0,0,00,B,8,4,0,3,0,0,0,0,0,0,0,0,B00T11E8000-4030X00S00,B1124
92129388,1,1,0,0,00,B,_,0,_,0,_,_,0,0,_,0,0,0,B00T11E____-0000X_0S00,T475
92301107,1,1,_,0,00,B,_,4,_,3,_,_,0,0,_,0,0,0,B00T11E____-4030X_0S_0,B1746
92129545,1,1,0,0,00,B,8,_,8,_,0,0,_,_,0,_,_,_,B00T11E8080-____X0_S00,T501
92101172,_,_,0,0,00,B,_,4,_,0,_,_,0,0,_,0,0,0,B00T__E____-4000X_0S00,B1024
92101704,1,1,0,0,00,B,9,_,8,_,0,0,_,_,0,_,_,_,B00T11E9080-____X0_S00,B1102
92304314,1,1,0,0,00,B,_,5,_,0,_,_,0,0,_,0,0,0,B00T11E____-5000X_0S00,B1964
92128517,_,_,0,0,00,B,_,4,_,0,_,_,0,0,_,0,0,0,B00T__E____-4000X_0S00,T359
92305065,1,1,_,_,00,B,7,3,8,0,0,0,0,0,_,0,0,0,B00T11E7080-3000X_0S__,B2009
92304911,_,_,_,_,00,B,,,,,,,,,,,,,B00T__Enannannannan-nannannannanXnannanS__,B2002
92301393,1,1,0,0,00,B,0,0,0,0,0,0,0,0,0,_,_,_,B00T11E0000-0000X0_S00,B1770
92127932,1,1,0,0,00,B,0,4,0,3,0,0,0,0,_,0,0,0,B00T11E0000-4030X_0S00,T205
92103143,_,1,0,_,00,B,_,5,_,0,_,_,0,0,_,0,0,0,B00T_1E____-5000X_0S0_,B1310
92101629,1,1,0,0,00,B,0,_,0,_,0,0,_,_,0,_,_,_,B00T11E0000-____X0_S00,B1090
92128881,1,1,0,0,00,B,_,5,_,0,_,_,0,0,_,0,0,0,B00T11E____-5000X_0S00,T416
92102626,1,1,0,0,00,B,_,4,_,0,_,_,3,0,_,0,0,0,B00T11E____-4300X_0S00,B1229
92302152,1,_,0,0,00,B,7,_,0,_,0,0,_,_,0,_,_,_,B00T1_E7000-____X0_S00,B1815
92101537,1,1,0,0,00,B,8,0,0,0,9,0,0,0,0,_,_,_,B00T11E8900-0000X0_S00,B1074
92103597,1,1,0,0,00,C,8,_,0,_,0,0,_,_,0,_,_,_,C00T11E8000-____X0_S00,B1391
92300446,_,1,0,0,00,B,_,3,_,0,_,_,0,0,_,0,0,0,B00T_1E____-3000X_0S00,B1695
92129890,1,1,0,0,00,C,0,0,0,0,0,0,0,0,_,0,0,0,C00T11E0000-0000X_0S00,T562
92128800,1,1,0,0,20,_,_,0,_,0,_,_,0,0,_,0,0,0,_20T11E____-0000X_0S00,T402
92129016,1,_,0,0,00,B,7,_,0,_,0,0,_,_,0,_,_,_,B00T1_E7000-____X0_S00,T432
92127827,_,_,_,0,00,B,_,3,_,0,_,_,0,0,_,0,0,0,B00T__E____-3000X_0S_0,T1309
92129440,1,1,0,0,00,B,7,0,0,0,0,0,0,0,0,0,0,0,B00T11E7000-0000X00S00,T483
92128048,1,1,0,0,00,C,0,0,0,0,0,0,0,0,_,0,0,0,C00T11E0000-0000X_0S00,T251
92103604,_,1,0,0,00,B,_,0,_,0,_,_,0,0,_,0,0,0,B00T_1E____-0000X_0S00,B1391
92304961,1,1,_,0,00,B,8,_,8,_,0,0,_,_,0,_,_,_,B00T11E8080-____X0_S_0,B2004
92103063,1,_,0,0,00,B,0,_,0,_,0,0,_,_,0,_,_,_,B00T1_E0000-____X0_S00,B1298
92298238,1,1,0,0,00,B,7,4,0,0,0,0,0,0,0,0,0,0,B00T11E7000-4000X00S00,B1557
92301505,1,1,0,_,00,B,0,0,0,0,0,0,0,0,0,0,0,0,B00T11E0000-0000X00S0_,B1779
92128559,1,1,0,0,00,B,7,_,8,_,0,0,_,_,0,_,_,_,B00T11E7080-____X0_S00,T363
92129384,_,_,0,0,00,B,0,_,0,_,0,0,_,_,0,_,_,_,B00T__E0000-____X0_S00,T474
92101930,1,1,0,0,00,B,0,0,0,0,0,0,0,0,0,0,0,0,B00T11E0000-0000X00S00,B1130
92298390,1,1,0,0,00,B,0,4,0,5,0,0,0,0,0,0,0,0,B00T11E0000-4050X00S00,B1563
92301159,1,1,0,0,00,B,9,_,8,_,8,0,_,_,0,_,_,_,B00T11E9880-____X0_S00,B1751
92101257,_,_,0,0,00,B,_,4,_,5,_,_,0,0,_,0,0,0,B00T__E____-4050X_0S00,B1034
92129962,1,1,0,0,00,B,0,_,0,_,0,0,_,_,0,_,_,_,B00T11E0000-____X0_S00,T581
92301474,1,1,0,0,00,B,0,_,0,_,0,0,_,_,0,_,_,_,B00T11E0000-____X0_S00,B1777
92297536,1,1,0,0,00,B,9,_,8,_,0,0,_,_,0,_,_,_,B00T11E9080-____X0_S00,B1521
92103085,1,1,0,0,00,B,8,_,9,_,0,0,_,_,0,_,_,_,B00T11E8090-____X0_S00,B1301
92297900,_,_,0,0,00,B,8,_,8,_,9,0,_,_,0,_,_,_,B00T__E8980-____X0_S00,B1538
92127883,1,_,0,0,00,B,8,_,0,_,0,0,_,_,0,_,_,_,B00T1_E8000-____X0_S00,T1327
92128557,1,1,1,0,00,B,0,3,0,4,0,0,3,0,0,0,0,0,B00T11E0000-3340X00S10,T363
92129195,_,1,0,0,00,B,_,4,_,4,_,_,0,0,_,0,0,0,B00T_1E____-4040X_0S00,T449
92297373,1,1,0,0,00,B,0,4,0,0,0,0,0,0,0,_,_,_,B00T11E0000-4000X0_S00,B1513
92305834,_,_,0,0,00,B,9,0,0,0,0,0,0,0,0,_,_,_,B00T__E9000-0000X0_S00,B2053
92301535,0,_,0,0,00,B,8,4,7,4,0,0,0,0,0,0,0,0,B00T0_E8070-4040X00S00,B1782
92100936,1,_,0,_,00,B,8,4,0,5,0,0,0,0,0,0,0,0,B00T1_E8000-4050X00S0_,B1002
92102938,1,1,0,0,00,B,7,0,9,0,0,0,5,4,0,_,_,_,B00T11E7090-0504X0_S00,B1273
92128356,1,1,_,0,00,B,0,0,0,0,9,0,3,4,0,_,_,_,B00T11E0900-0304X0_S_0,T333
92129352,1,1,0,0,00,B,9,_,8,_,0,0,_,_,0,_,_,_,B00T11E9080-____X0_S00,T470
92101079,1,1,0,0,00,B,0,0,0,0,0,0,0,0,0,0,0,0,B00T11E0000-0000X00S00,B1012
92102160,1,1,0,0,00,B,9,0,0,0,0,0,0,0,0,0,0,0,B00T11E9000-0000X00S00,B1156
92299633,1,1,0,0,20,B,9,4,8,0,0,0,0,0,0,0,0,0,B20T11E9080-4000X00S00,B1640
92103510,1,1,0,_,00,B,8,4,9,3,0,0,0,0,0,0,0,0,B00T11E8090-4030X00S0_,B1374
92102642,_,1,0,0,00,B,7,_,0,_,0,0,_,_,0,_,_,_,B00T_1E7000-____X0_S00,B1236
92128069,1,1,0,0,00,B,0,0,0,0,0,0,0,0,0,0,0,0,B00T11E0000-0000X00S00,T254
92102097,_,1,0,0,00,B,_,4,_,0,_,_,0,0,_,0,0,0,B00T_1E____-4000X_0S00,B1149
92303364,1,1,0,0,00,C,0,0,0,0,0,0,0,0,0,0,0,0,C00T11E0000-0000X00S00,B1908
92128535,_,_,0,_,00,B,0,_,0,_,0,0,_,_,0,_,_,_,B00T__E0000-____X0_S0_,T361
92127516,1,1,_,_,00,B,0,_,0,_,0,0,_,_,0,_,_,_,B00T11E0000-____X0_S__,T1219
92102755,1,1,0,0,00,B,0,_,0,_,0,0,_,_,0,_,_,_,B00T11E0000-____X0_S00,B1258
92302575,_,_,0,_,00,B,,,,,,,,,,,,,B00T__Enannannannan-nannannannanXnannanS0_,B1853
92127043,_,1,0,0,00,B,0,0,0,0,0,0,0,0,_,0,0,0,B00T_1E0000-0000X_0S00,T1069
92306307,1,1,0,0,00,B,9,0,0,0,0,0,0,0,0,_,_,_,B00T11E9000-0000X0_S00,B2078
92303683,1,1,0,0,00,C,_,3,_,4,_,_,0,0,_,0,0,0,C00T11E____-3040X_0S00,B1929
92127352,1,1,0,0,00,B,9,4,7,5,0,0,5,5,0,_,_,_,B00T11E9070-4555X0_S00,T1178
92129603,_,_,0,0,00,B,7,_,9,_,9,8,_,_,0,_,_,_,B00T__E7998-____X0_S00,T513
92129713,1,1,0,0,00,B,0,3,0,0,0,0,0,0,0,0,0,0,B00T11E0000-3000X00S00,T530
92128166,1,1,0,0,00,C,0,0,0,0,9,0,0,0,0,_,_,_,C00T11E0900-0000X0_S00,T277
92128515,_,_,0,0,00,B,_,4,_,0,_,_,0,0,_,0,0,0,B00T__E____-4000X_0S00,T359
92128453,1,1,_,_,00,B,,,,,,,,,,,,,B00T11Enannannannan-nannannannanXnannanS__,T354
92302951,1,1,0,_,00,B,0,0,0,0,9,0,3,0,0,0,0,0,B00T11E0900-0300X00S0_,B1880
92101526,1,1,_,0,00,B,8,4,0,0,0,0,3,0,0,0,0,0,B00T11E8000-4300X00S_0,B1074
92300125,1,0,_,_,00,B,_,3,_,4,_,_,0,0,_,0,0,0,B00T10E____-3040X_0S__,B1678
92102667,0,1,0,0,00,B,0,5,0,0,0,0,0,0,_,0,0,0,B00T01E0000-5000X_0S00,B1240
92295755,1,1,_,0,00,B,8,0,0,0,0,0,5,0,0,0,0,0,B00T11E8000-0500X00S_0,B1419
92129410,_,1,0,0,00,B,_,3,_,0,_,_,3,0,_,0,0,0,B00T_1E____-3300X_0S00,T478
92101317,_,1,0,0,00,B,8,4,9,0,7,0,5,0,_,0,0,0,B00T_1E8790-4500X_0S00,B1041
92128155,1,1,0,0,00,B,0,0,0,0,0,0,0,0,0,_,_,_,B00T11E0000-0000X0_S00,T273
92129754,1,1,0,0,00,B,0,0,0,0,0,0,0,0,0,0,0,0,B00T11E0000-0000X00S00,T537
92103169,1,_,_,_,00,B,8,_,9,_,0,0,_,_,0,_,_,_,B00T1_E8090-____X0_S__,B1312
92303275,1,1,0,0,00,B,8,4,9,0,0,0,0,0,0,0,0,0,B00T11E8090-4000X00S00,B1902
92102561,1,1,0,0,00,B,_,5,_,0,_,_,0,0,_,0,0,0,B00T11E____-5000X_0S00,B1219
92102538,1,_,0,0,00,B,9,_,8,_,0,0,_,_,0,_,_,_,B00T1_E9080-____X0_S00,B1217
92102182,1,1,_,_,00,B,0,0,0,0,0,0,0,0,0,0,0,0,B00T11E0000-0000X00S__,B1157
92300767,1,1,0,0,00,B,8,4,9,0,0,0,0,0,_,0,0,0,B00T11E8090-4000X_0S00,B1715
92300424,1,_,0,0,00,B,0,4,0,0,0,0,0,0,_,0,0,0,B00T1_E0000-4000X_0S00,B1694
92103041,1,1,0,0,00,B,0,4,0,0,0,0,0,0,0,0,0,0,B00T11E0000-4000X00S00,B1292
92129883,1,1,0,0,00,B,0,0,0,0,0,0,0,0,0,0,0,0,B00T11E0000-0000X00S00,T559
92102501,1,1,0,0,20,B,_,5,_,0,_,_,0,0,_,0,0,0,B20T11E____-5000X_0S00,B1212
92305303,1,1,0,0,00,B,7,_,0,_,8,0,_,_,0,_,_,_,B00T11E7800-____X0_S00,B2021
92101734,1,1,0,0,00,B,9,_,0,_,8,0,_,_,0,_,_,_,B00T11E9800-____X0_S00,B1105
92302295,1,1,0,0,00,B,0,_,0,_,0,0,_,_,0,_,_,_,B00T11E0000-____X0_S00,B1825
92302142,1,_,0,0,00,B,0,_,0,_,0,0,_,_,0,_,_,_,B00T1_E0000-____X0_S00,B1814
92126898,_,_,0,0,00,B,9,0,9,0,0,0,0,0,0,_,_,_,B00T__E9090-0000X0_S00,T1026
92301476,1,1,0,0,00,B,_,3,_,3,_,_,0,0,_,0,0,0,B00T11E____-3030X_0S00,B1777
92129144,1,_,0,0,00,B,0,_,0,_,0,0,_,_,0,_,_,_,B00T1_E0000-____X0_S00,T442
92103229,1,1,_,0,00,B,8,4,0,0,0,0,0,0,0,_,_,_,B00T11E8000-4000X0_S_0,B1321
92302861,1,1,0,0,00,B,7,0,0,0,0,0,0,0,0,0,0,0,B00T11E7000-0000X00S00,B1872
92102303,1,1,0,0,00,B,_,4,_,0,_,_,0,0,_,0,0,0,B00T11E____-4000X_0S00,B1182
92127264,_,1,0,0,00,B,8,_,0,_,9,9,_,_,0,_,_,_,B00T_1E8909-____X0_S00,T1150
92127019,1,1,0,_,00,B,9,0,8,0,0,0,0,0,0,_,_,_,B00T11E9080-0000X0_S0_,T1062
92126923,1,1,0,0,00,B,9,_,0,_,8,0,_,_,0,_,_,_,B00T11E9800-____X0_S00,T1035
92305335,1,1,0,0,00,B,_,4,_,3,_,_,4,0,_,0,0,0,B00T11E____-4430X_0S00,B2023
92101414,_,_,0,0,00,B,_,5,_,0,_,_,0,0,_,0,0,0,B00T__E____-5000X_0S00,B1058
92128387,1,_,0,0,00,B,0,_,0,_,0,0,_,_,0,_,_,_,B00T1_E0000-____X0_S00,T337
92101130,1,1,0,0,00,B,0,0,0,0,0,0,0,0,0,0,0,0,B00T11E0000-0000X00S00,B1018
92128055,1,1,0,0,00,B,8,0,8,0,0,0,0,0,0,0,0,0,B00T11E8080-0000X00S00,T251
92299977,1,1,_,_,00,B,0,3,0,5,7,7,4,4,0,_,_,_,B00T11E0707-3454X0_S__,B1666
92101524,1,1,0,0,00,B,0,_,0,_,0,0,_,_,0,_,_,_,B00T11E0000-____X0_S00,B1073
92129979,1,1,0,_,00,B,9,3,0,0,0,0,0,0,0,0,0,0,B00T11E9000-3000X00S0_,T582
92306265,1,1,0,0,00,B,9,_,0,_,0,0,_,_,0,_,_,_,B00T11E9000-____X0_S00,B2075
92102943,_,_,_,0,00,B,8,3,0,3,0,0,0,0,_,0,0,0,B00T__E8000-3030X_0S_0,B1276
92128576,_,_,_,_,00,B,8,_,9,_,9,0,_,_,0,_,_,_,B00T__E8990-____X0_S__,T366
92305035,1,_,0,0,00,B,8,_,7,_,0,0,_,_,0,_,_,_,B00T1_E8070-____X0_S00,B2008
92304166,1,1,0,0,00,B,0,_,0,_,9,0,_,_,0,_,_,_,B00T11E0900-____X0_S00,B1956
92129805,1,_,0,0,00,B,9,_,0,_,0,0,_,_,0,_,_,_,B00T1_E9000-____X0_S00,T546
92102187,1,_,0,0,00,B,9,_,0,_,7,0,_,_,0,_,_,_,B00T1_E9700-____X0_S00,B1157
92129561,_,_,0,0,00,B,0,4,0,4,0,0,0,0,_,0,0,0,B00T__E0000-4040X_0S00,T505
92126821,1,1,0,0,00,B,_,5,_,5,_,_,0,0,_,0,0,0,B00T11E____-5050X_0S00,T1003
92129955,1,1,0,0,00,B,0,_,0,_,0,0,_,_,0,_,_,_,B00T11E0000-____X0_S00,T579
92100952,1,1,0,0,00,B,9,4,0,0,9,0,0,0,0,0,0,0,B00T11E9900-4000X00S00,B1004
92305493,1,1,0,0,00,B,_,3,_,0,_,_,0,0,_,0,0,0,B00T11E____-3000X_0S00,B2033
92129624,_,_,_,_,00,B,_,0,_,0,_,_,0,0,_,0,0,0,B00T__E____-0000X_0S__,T517
92129403,1,0,0,0,00,B,0,_,0,_,0,0,_,_,0,_,_,_,B00T10E0000-____X0_S00,T477
92128915,1,1,0,0,00,B,_,0,_,0,_,_,0,0,_,0,0,0,B00T11E____-0000X_0S00,T420
92102415,1,1,0,0,20,B,_,0,_,0,_,_,0,0,_,0,0,0,B20T11E____-0000X_0S00,B1199
92129092,1,1,0,0,00,B,9,0,8,0,0,0,0,0,0,0,0,0,B00T11E9080-0000X00S00,T437
92127604,1,_,0,0,00,B,0,_,0,_,0,0,_,_,0,_,_,_,B00T1_E0000-____X0_S00,T1243
92101276,_,_,0,0,00,B,_,4,_,4,_,_,0,0,_,0,0,0,B00T__E____-4040X_0S00,B1035
92128592,_,_,0,_,00,B,0,_,0,_,0,0,_,_,0,_,_,_,B00T__E0000-____X0_S0_,T370
92101203,_,_,0,0,20,B,_,3,_,0,_,_,0,0,_,0,0,0,B20T__E____-3000X_0S00,B1028
92102515,_,_,_,_,00,B,9,4,0,4,9,0,4,0,_,0,0,0,B00T__E9900-4440X_0S__,B1214
92128619,1,_,_,_,00,B,_,0,_,0,_,_,0,0,_,0,0,0,B00T1_E____-0000X_0S__,T375
92300171,1,1,0,0,00,B,_,3,_,0,_,_,0,0,_,0,0,0,B00T11E____-3000X_0S00,B1681
92128999,_,_,_,_,00,B,0,0,0,0,0,0,0,0,0,_,_,_,B00T__E0000-0000X0_S__,T430
92300427,_,_,0,0,20,_,8,3,9,4,0,0,0,0,0,0,0,0,_20T__E8090-3040X00S00,B1694
92127753,1,1,0,0,00,B,_,3,_,5,_,_,5,0,_,0,0,0,B00T11E____-3550X_0S00,T1288
92298737,1,1,0,0,00,B,8,_,9,_,0,0,_,_,0,_,_,_,B00T11E8090-____X0_S00,B1583
92102524,1,_,0,0,20,B,0,0,0,0,0,0,0,0,0,0,0,0,B20T1_E0000-0000X00S00,B1215
92102045,1,_,0,0,00,B,8,3,0,4,0,0,0,0,0,0,0,0,B00T1_E8000-3040X00S00,B1143
92128087,1,1,0,0,00,B,8,0,0,0,0,0,0,0,0,0,0,0,B00T11E8000-0000X00S00,T257
92127117,1,_,0,0,00,B,7,4,8,0,0,0,4,0,0,0,0,0,B00T1_E7080-4400X00S00,T1095
92127614,1,_,0,0,00,B,_,0,_,0,_,_,0,0,_,0,0,0,B00T1_E____-0000X_0S00,T1246
92128478,1,1,0,0,00,B,7,3,0,4,7,0,0,0,_,0,0,0,B00T11E7700-3040X_0S00,T355
92127200,1,_,0,0,20,_,0,_,0,_,0,0,_,_,0,_,_,_,_20T1_E0000-____X0_S00,T1126
92301232,_,1,0,0,00,B,0,3,0,0,0,0,0,0,0,0,0,0,B00T_1E0000-3000X00S00,B1755
92127221,1,1,0,0,00,B,_,0,_,0,_,_,0,0,_,0,0,0,B00T11E____-0000X_0S00,T1136
92300621,_,_,0,0,00,B,7,0,0,0,0,0,0,0,0,_,_,_,B00T__E7000-0000X0_S00,B1705
92126897,_,1,0,0,00,B,7,0,0,0,0,0,0,0,0,_,_,_,B00T_1E7000-0000X0_S00,T1026
92127538,_,1,0,_,00,B,_,0,_,0,_,_,0,0,_,0,0,0,B00T_1E____-0000X_0S0_,T1226
92127686,1,1,0,0,00,B,0,_,0,_,0,0,_,_,0,_,_,_,B00T11E0000-____X0_S00,T1269
92128640,1,1,0,_,00,B,0,0,0,0,0,0,0,0,0,0,0,0,B00T11E0000-0000X00S0_,T377
92127863,1,1,0,0,00,B,8,4,7,4,0,0,0,0,_,0,0,0,B00T11E8070-4040X_0S00,T1320
92302288,1,1,0,0,00,B,8,3,0,0,8,0,0,0,_,0,0,0,B00T11E8800-3000X_0S00,B1825
92300956,1,1,0,0,20,C,_,3,_,0,_,_,0,0,_,0,0,0,C20T11E____-3000X_0S00,B1733
92129446,1,1,_,0,00,B,9,3,8,0,0,0,0,0,0,0,0,0,B00T11E9080-3000X00S_0,T485
92296827,1,1,0,0,00,B,_,4,_,0,_,_,0,0,_,0,0,0,B00T11E____-4000X_0S00,B1485
92127653,1,_,0,0,00,B,9,_,0,_,0,0,_,_,0,_,_,_,B00T1_E9000-____X0_S00,T1259
92295642,1,_,0,0,00,B,0,0,0,0,0,0,0,0,0,_,_,_,B00T1_E0000-0000X0_S00,B1409
92103448,_,_,0,0,00,B,_,4,_,0,_,_,0,0,_,0,0,0,B00T__E____-4000X_0S00,B1364
92300595,_,_,0,0,00,B,0,_,0,_,0,0,_,_,0,_,_,_,B00T__E0000-____X0_S00,B1704
92128162,1,1,0,0,00,B,_,3,_,4,_,_,0,0,_,0,0,0,B00T11E____-3040X_0S00,T277
92129935,1,1,0,0,00,B,8,4,7,0,0,0,0,0,0,0,0,0,B00T11E8070-4000X00S00,T572
92296805,1,_,0,0,00,B,9,4,0,5,0,0,0,0,0,_,_,_,B00T1_E9000-4050X0_S00,B1484
92129137,1,0,1,_,00,B,0,0,0,0,0,0,0,0,_,0,0,0,B00T10E0000-0000X_0S1_,T441
92129399,1,1,0,0,00,B,0,4,0,0,0,0,0,0,0,_,_,_,B00T11E0000-4000X0_S00,T476
92102080,_,1,0,0,00,B,0,0,0,0,0,0,0,0,_,0,0,0,B00T_1E0000-0000X_0S00,B1147
92298449,1,_,0,0,00,B,0,0,0,0,0,0,0,0,0,0,0,0,B00T1_E0000-0000X00S00,B1569
92296921,1,_,0,0,00,B,8,_,8,_,0,0,_,_,0,_,_,_,B00T1_E8080-____X0_S00,B1490
92101900,1,_,0,0,00,B,8,0,0,0,0,0,0,0,0,_,_,_,B00T1_E8000-0000X0_S00,B1129
92102565,1,1,0,0,00,B,_,0,_,0,_,_,0,0,_,0,0,0,B00T11E____-0000X_0S00,B1220
92297746,1,_,0,0,00,B,0,_,0,_,0,0,_,_,0,_,_,_,B00T1_E0000-____X0_S00,B1534
92303875,1,1,0,0,00,B,9,0,0,0,0,0,0,0,0,0,0,0,B00T11E9000-0000X00S00,B1939
92101190,0,1,_,_,00,B,0,0,0,0,0,0,0,0,0,0,0,0,B00T01E0000-0000X00S__,B1027
92129529,1,_,_,0,00,B,8,_,7,_,8,8,_,_,0,_,_,_,B00T1_E8878-____X0_S_0,T496
92129862,1,1,0,0,00,B,_,4,_,0,_,_,0,0,_,0,0,0,B00T11E____-4000X_0S00,T556
92297664,1,1,0,0,00,B,8,0,7,0,0,0,0,0,0,_,_,_,B00T11E8070-0000X0_S00,B1528
92296500,1,1,0,0,00,B,_,4,_,4,_,_,0,0,_,0,0,0,B00T11E____-4040X_0S00,B1467
92128795,_,_,0,0,00,B,8,_,8,_,0,0,_,_,0,_,_,_,B00T__E8080-____X0_S00,T401
92101955,1,1,0,0,00,B,9,3,0,0,8,0,0,0,0,0,0,0,B00T11E9800-3000X00S00,B1136
92128537,1,_,0,0,00,B,0,_,0,_,0,0,_,_,0,_,_,_,B00T1_E0000-____X0_S00,T361
92127916,_,1,0,0,00,B,_,0,_,0,_,_,0,0,_,0,0,0,B00T_1E____-0000X_0S00,T188
92298466,_,1,0,0,00,B,_,3,_,4,_,_,0,4,_,0,0,0,B00T_1E____-3044X_0S00,B1571
92127162,1,1,0,0,00,B,9,0,9,0,8,7,0,0,_,0,0,0,B00T11E9897-0000X_0S00,T1112
92128622,1,1,0,_,00,B,9,3,0,0,0,0,0,0,0,0,0,0,B00T11E9000-3000X00S0_,T376
92127121,1,1,0,_,00,B,8,5,8,0,0,0,4,5,0,0,0,0,B00T11E8080-5405X00S0_,T1096
92129008,1,1,0,0,00,B,_,0,_,0,_,_,0,0,_,0,0,0,B00T11E____-0000X_0S00,T431
92299648,1,1,_,0,00,B,7,4,0,0,9,8,0,0,_,0,0,0,B00T11E7908-4000X_0S_0,B1640
92297175,1,_,0,0,00,B,7,_,0,_,9,0,_,_,0,_,_,_,B00T1_E7900-____X0_S00,B1500
92128504,1,1,0,0,00,B,9,_,9,_,8,9,_,_,0,_,_,_,B00T11E9899-____X0_S00,T358
92299679,1,1,0,0,00,B,9,0,8,0,0,0,0,0,0,0,0,0,B00T11E9080-0000X00S00,B1644
92128797,1,1,0,0,00,B,_,0,_,0,_,_,0,0,_,0,0,0,B00T11E____-0000X_0S00,T402
92302128,1,1,0,0,00,B,9,4,8,0,0,0,0,0,0,_,_,_,B00T11E9080-4000X0_S00,B1814
92297388,1,1,0,0,00,B,_,0,_,0,_,_,0,0,_,0,0,0,B00T11E____-0000X_0S00,B1514
92128149,_,1,0,0,00,B,_,0,_,0,_,_,0,0,_,0,0,0,B00T_1E____-0000X_0S00,T271
92306252,1,_,0,0,00,B,_,0,_,0,_,_,0,0,_,0,0,0,B00T1_E____-0000X_0S00,B2074
92129722,1,1,0,0,00,B,_,0,_,0,_,_,0,0,_,0,0,0,B00T11E____-0000X_0S00,T533
92103401,1,1,0,0,00,B,9,0,9,0,0,0,0,0,0,_,_,_,B00T11E9090-0000X0_S00,B1356
92127188,1,0,0,0,20,B,_,0,_,0,_,_,3,3,_,0,0,0,B20T10E____-0303X_0S00,T1123
92101812,1,1,_,0,00,B,9,_,8,_,0,0,_,_,0,_,_,_,B00T11E9080-____X0_S_0,B1114
92304724,1,1,0,_,00,B,8,_,9,_,0,0,_,_,0,_,_,_,B00T11E8090-____X0_S0_,B1990
92127306,1,1,0,0,00,B,9,_,0,_,0,0,_,_,0,_,_,_,B00T11E9000-____X0_S00,T1163
92102765,1,1,0,0,00,B,0,0,8,0,0,0,0,0,0,0,0,0,B00T11E0080-0000X00S00,B1258
92301958,1,1,0,0,00,B,0,0,0,0,0,0,3,0,_,0,0,0,B00T11E0000-0300X_0S00,B1799
92129189,_,1,0,0,00,B,0,4,0,5,0,0,0,0,_,0,0,0,B00T_1E0000-4050X_0S00,T447
92296131,1,1,0,0,00,B,9,3,0,0,0,0,0,0,0,0,0,0,B00T11E9000-3000X00S00,B1446
92127055,1,1,_,_,00,B,0,_,0,_,0,0,_,_,0,_,_,_,B00T11E0000-____X0_S__,T1074
92128771,_,1,0,0,00,B,0,_,0,_,0,0,_,_,0,_,_,_,B00T_1E0000-____X0_S00,T398
92102757,1,1,0,0,00,B,_,0,_,0,_,_,0,0,_,0,0,0,B00T11E____-0000X_0S00,B1258
92303965,1,1,0,0,00,B,_,3,_,4,_,_,0,0,_,0,0,0,B00T11E____-3040X_0S00,B1943
92301882,1,1,0,0,00,B,_,4,_,4,_,_,0,0,_,0,0,0,B00T11E____-4040X_0S00,B1794
92129798,1,1,0,0,20,B,0,0,0,0,0,0,0,0,0,0,0,0,B20T11E0000-0000X00S00,T545
92128139,1,0,0,0,00,B,8,_,0,_,0,0,_,_,0,_,_,_,B00T10E8000-____X0_S00,T268
92127800,1,1,0,0,00,B,7,5,8,4,8,9,3,0,_,0,0,0,B00T11E7889-5340X_0S00,T1304
92129208,1,1,0,_,00,B,0,0,0,0,0,0,0,0,_,_,_,_,B00T11E0000-0000X__S0_,T450
92297762,1,0,0,0,20,B,0,0,0,0,0,0,0,0,_,0,0,0,B20T10E0000-0000X_0S00,B1534
92128115,1,1,0,0,00,B,0,0,0,0,0,0,0,0,0,0,0,0,B00T11E0000-0000X00S00,T261
92301703,1,1,0,0,00,B,_,4,_,3,_,_,0,0,_,0,0,0,B00T11E____-4030X_0S00,B1788
92101893,1,1,0,0,00,B,7,0,0,0,0,0,0,0,0,0,0,0,B00T11E7000-0000X00S00,B1127
92102316,1,1,0,0,00,B,8,_,0,_,0,0,_,_,0,_,_,_,B00T11E8000-____X0_S00,B1182
92129302,1,_,0,_,00,B,9,_,8,_,8,0,_,_,0,_,_,_,B00T1_E9880-____X0_S0_,T464
92128671,1,1,0,0,00,B,0,0,0,0,0,0,0,0,0,0,0,0,B00T11E0000-0000X00S00,T381
92127533,1,1,_,_,00,B,8,4,7,5,0,0,0,0,0,0,0,0,B00T11E8070-4050X00S__,T1225
92100986,1,1,0,0,00,B,0,3,0,3,0,0,3,4,0,_,_,_,B00T11E0000-3334X0_S00,B1006
92303301,1,_,0,_,00,B,0,0,0,0,0,0,0,0,0,0,0,0,B00T1_E0000-0000X00S0_,B1903
92299604,1,1,_,_,20,C,9,4,0,0,0,0,0,0,_,0,0,0,C20T11E9000-4000X_0S__,B1637
92102584,1,1,0,_,00,B,0,3,0,0,0,0,0,0,_,0,0,0,B00T11E0000-3000X_0S0_,B1223
92304539,1,1,0,0,00,B,_,4,_,3,_,_,3,0,_,0,0,0,B00T11E____-4330X_0S00,B1981
92103276,_,1,0,_,00,B,_,3,_,4,_,_,3,0,_,0,0,0,B00T_1E____-3340X_0S0_,B1329
92127858,1,1,0,0,00,B,_,0,_,0,_,_,0,0,_,0,0,0,B00T11E____-0000X_0S00,T1319
92296575,1,_,0,0,00,B,0,_,0,_,0,0,_,_,0,_,_,_,B00T1_E0000-____X0_S00,B1474
92303812,1,1,0,0,00,B,_,0,_,0,_,_,0,0,_,0,0,0,B00T11E____-0000X_0S00,B1935
92302982,1,1,0,0,00,B,_,3,_,0,_,_,5,0,_,0,0,0,B00T11E____-3500X_0S00,B1882
92304363,1,_,0,_,00,B,0,0,0,0,0,0,0,0,_,0,0,0,B00T1_E0000-0000X_0S0_,B1968
92304602,1,1,_,_,00,B,9,0,8,0,0,0,0,0,0,_,_,_,B00T11E9080-0000X0_S__,B1985
92129929,1,1,0,0,00,B,9,5,9,4,0,0,0,0,0,_,_,_,B00T11E9090-5040X0_S00,T570
92128525,1,1,_,_,_,_,8,3,0,4,0,0,3,0,0,0,0,0,__T11E8000-3340X00S__,T360
92102266,0,1,0,0,00,B,9,5,9,0,9,0,0,0,0,0,0,0,B00T01E9990-5000X00S00,B1175
92298646,_,_,_,_,00,B,_,3,_,0,_,_,0,0,_,1,1,1,B00T__E____-3000X_1S__,B1579
92128467,1,1,0,0,00,C,8,3,0,4,0,0,0,0,0,0,0,0,C00T11E8000-3040X00S00,T354
92127062,1,_,0,0,00,B,9,_,0,_,0,0,_,_,0,_,_,_,B00T1_E9000-____X0_S00,T1076
92101978,1,1,0,0,00,B,0,_,0,_,9,0,_,_,0,_,_,_,B00T11E0900-____X0_S00,B1136
92302347,1,_,_,_,00,B,_,3,_,5,_,_,0,0,_,0,0,0,B00T1_E____-3050X_0S__,B1832
92126909,1,1,0,0,00,B,0,_,0,_,0,0,_,_,0,_,_,_,B00T11E0000-____X0_S00,T1028
92298530,1,1,0,0,00,B,0,0,0,0,0,0,0,0,0,0,0,0,B00T11E0000-0000X00S00,B1574
92303207,1,1,_,0,20,_,_,0,_,0,_,_,4,0,_,0,0,0,_20T11E____-0400X_0S_0,B1897
92101110,1,1,0,0,00,B,8,_,8,_,0,0,_,_,0,_,_,_,B00T11E8080-____X0_S00,B1016
92127332,1,1,0,0,00,B,7,_,7,_,0,0,_,_,0,_,_,_,B00T11E7070-____X0_S00,T1172
92101479,1,1,0,0,00,B,9,0,0,0,0,0,0,0,0,_,_,_,B00T11E9000-0000X0_S00,B1068
92103377,1,1,0,0,00,B,0,_,0,_,0,0,_,_,0,_,_,_,B00T11E0000-____X0_S00,B1350
92127419,1,1,0,0,00,B,_,0,_,0,_,_,0,0,_,0,0,0,B00T11E____-0000X_0S00,T1198
92101387,1,1,0,0,00,B,0,0,0,0,0,0,0,0,0,_,_,_,B00T11E0000-0000X0_S00,B1050
92129889,_,1,0,0,00,B,_,5,7,0,_,8,0,0,_,0,0,0,B00T_1E__78-5000X_0S00,T561
92305244,1,1,0,0,00,B,_,0,_,0,_,_,0,0,_,0,0,0,B00T11E____-0000X_0S00,B2018
92101010,1,1,_,0,00,B,_,4,_,0,_,_,0,0,_,0,0,0,B00T11E____-4000X_0S_0,B1008
92101024,1,1,0,0,00,B,8,0,0,0,0,0,4,5,0,0,0,0,B00T11E8000-0405X00S00,B1009
92127824,1,1,0,0,00,B,_,4,_,0,_,_,0,0,_,0,0,0,B00T11E____-4000X_0S00,T1308
92129811,1,1,0,0,00,B,0,0,0,0,0,0,0,0,0,_,_,_,B00T11E0000-0000X0_S00,T547
92129752,1,1,0,0,00,B,0,0,0,0,0,0,4,0,0,0,0,0,B00T11E0000-0400X00S00,T537
92299183,_,1,0,_,00,B,8,3,7,4,0,0,0,0,0,0,0,0,B00T_1E8070-3040X00S0_,B1604
92128613,1,1,0,0,00,B,0,_,0,_,0,0,_,_,0,_,_,_,B00T11E0000-____X0_S00,T374
92128334,_,1,0,0,00,B,_,0,_,0,_,_,0,0,_,0,0,0,B00T_1E____-0000X_0S00,T328
92103024,1,1,1,0,00,B,9,3,0,0,0,0,3,0,0,0,0,0,B00T11E9000-3300X00S10,B1292
92102532,1,1,0,0,00,B,9,_,8,_,9,0,_,_,0,_,_,_,B00T11E9980-____X0_S00,B1216
92127144,1,1,0,0,00,B,_,3,_,0,_,_,5,3,_,0,0,0,B00T11E____-3503X_0S00,T1105
92101497,1,1,0,0,00,B,0,3,0,5,0,0,4,4,_,0,0,0,B00T11E0000-3454X_0S00,B1070
92300616,_,_,0,0,00,B,7,0,0,0,0,0,0,0,0,0,0,0,B00T__E7000-0000X00S00,B1705
92126924,_,_,_,_,_,_,0,_,0,_,0,0,_,_,0,_,_,_,__T__E0000-____X0_S__,T1035
92302957,1,1,0,0,00,B,7,0,0,0,9,0,0,0,0,_,_,_,B00T11E7900-0000X0_S00,B1882
92129963,1,1,0,0,00,B,0,_,0,_,0,0,_,_,0,_,_,_,B00T11E0000-____X0_S00,T581
92127509,1,1,0,0,00,B,0,_,0,_,0,0,_,_,0,_,_,_,B00T11E0000-____X0_S00,T1218
92128839,1,1,0,0,00,B,0,0,0,0,0,0,0,0,0,0,0,0,B00T11E0000-0000X00S00,T408
92128656,1,_,0,0,00,B,_,3,_,0,_,_,0,0,_,0,0,0,B00T1_E____-3000X_0S00,T379
92297133,_,1,0,0,00,B,_,4,_,0,_,_,0,0,_,0,0,0,B00T_1E____-4000X_0S00,B1498
92101176,_,1,0,0,00,B,8,_,0,_,0,0,_,_,0,_,_,_,B00T_1E8000-____X0_S00,B1024
92298114,1,1,0,_,00,B,9,5,0,4,0,0,5,3,0,_,_,_,B00T11E9000-5543X0_S0_,B1554
92127268,1,_,0,0,00,B,9,0,8,0,0,0,0,0,0,_,_,_,B00T1_E9080-0000X0_S00,T1151
92299124,1,1,0,0,00,B,_,0,_,0,_,_,0,0,_,0,0,0,B00T11E____-0000X_0S00,B1601
92102209,1,1,0,0,00,B,0,_,0,_,0,0,_,_,0,_,_,_,B00T11E0000-____X0_S00,B1162
92299730,_,_,0,0,00,B,0,_,0,_,0,0,_,_,0,_,_,_,B00T__E0000-____X0_S00,B1649
92100898,1,1,0,0,00,B,8,4,8,5,0,0,0,0,_,0,0,0,B00T11E8080-4050X_0S00,B1001
92102424,1,1,0,0,00,B,9,_,8,_,0,0,_,_,0,_,_,_,B00T11E9080-____X0_S00,B1200
92101004,1,1,1,0,00,B,_,4,_,4,_,_,0,0,_,0,0,0,B00T11E____-4040X_0S10,B1008
92296533,1,1,0,0,00,B,0,_,0,_,0,0,_,_,0,_,_,_,B00T11E0000-____X0_S00,B1470
92128979,1,1,0,0,00,B,0,4,0,5,8,0,0,0,0,0,0,0,B00T11E0800-4050X00S00,T428
92299241,_,_,0,0,_,_,8,_,0,_,0,0,_,_,0,_,_,_,__T__E8000-____X0_S00,B1609
92128533,1,_,_,_,00,B,0,3,0,5,0,0,4,3,0,_,_,_,B00T1_E0000-3453X0_S__,T361
92305816,1,1,_,0,00,B,8,_,0,_,9,0,_,_,0,_,_,_,B00T11E8900-____X0_S_0,B2052
92102007,1,1,0,0,00,B,0,0,0,0,0,0,0,0,0,0,0,0,B00T11E0000-0000X00S00,B1141
92102990,1,1,0,0,20,B,0,_,0,_,9,0,_,_,0,_,_,_,B20T11E0900-____X0_S00,B1288
92128444,1,1,0,0,00,B,_,4,_,0,_,_,0,0,_,0,0,0,B00T11E____-4000X_0S00,T352
92129223,1,_,0,0,00,B,9,_,0,_,0,0,_,_,0,_,_,_,B00T1_E9000-____X0_S00,T451
92297127,1,1,_,_,20,_,9,_,0,_,0,0,_,_,0,_,_,_,_20T11E9000-____X0_S__,B1498
92129060,1,1,0,0,00,B,0,0,0,0,0,0,0,0,0,_,_,_,B00T11E0000-0000X0_S00,T435
92297321,_,_,_,0,00,B,9,_,8,_,0,0,_,_,0,_,_,_,B00T__E9080-____X0_S_0,B1510
92129335,1,1,_,_,00,B,9,_,0,_,0,0,_,_,0,_,_,_,B00T11E9000-____X0_S__,T468
92295530,1,1,0,0,00,B,0,0,0,0,0,0,0,0,0,0,0,0,B00T11E0000-0000X00S00,B1404
92128888,_,1,0,0,00,B,7,5,7,4,7,7,0,0,_,0,0,0,B00T_1E7777-5040X_0S00,T417
92101668,0,1,0,_,00,B,9,_,0,_,0,0,_,_,0,_,_,_,B00T01E9000-____X0_S0_,B1097
92127972,1,_,_,_,00,B,7,_,8,_,0,0,_,_,0,_,_,_,B00T1_E7080-____X0_S__,T211
92101798,_,_,0,0,00,B,9,3,7,4,0,0,0,0,0,_,_,_,B00T__E9070-3040X0_S00,B1114
92305856,_,1,0,0,00,B,8,3,7,0,7,0,3,0,0,0,0,0,B00T_1E8770-3300X00S00,B2053
92102568,1,1,0,0,00,B,0,0,0,0,0,0,0,0,_,0,0,0,B00T11E0000-0000X_0S00,B1220
92304014,0,0,0,_,00,B,9,_,8,_,0,0,_,_,0,_,_,_,B00T00E9080-____X0_S0_,B1947
92103252,_,1,0,0,00,B,7,0,0,0,0,0,0,0,0,0,0,0,B00T_1E7000-0000X00S00,B1324
92303169,1,1,0,0,00,B,_,5,_,4,_,_,0,0,_,0,0,0,B00T11E____-5040X_0S00,B1893
92305233,1,1,0,0,00,B,0,3,0,0,0,0,0,0,0,0,0,0,B00T11E0000-3000X00S00,B2017
92102340,1,1,0,0,00,B,9,5,9,3,0,0,4,5,0,_,_,_,B00T11E9090-5435X0_S00,B1187
92102070,_,1,0,0,00,B,0,3,0,4,0,0,4,0,_,0,0,0,B00T_1E0000-3440X_0S00,B1146
92103201,1,1,_,0,00,B,9,3,0,0,0,0,0,0,0,_,_,_,B00T11E9000-3000X0_S_0,B1319
92300283,1,1,0,0,00,B,_,0,_,0,_,_,0,0,_,0,0,0,B00T11E____-0000X_0S00,B1685
92102260,1,1,0,0,00,B,_,0,_,0,_,_,0,0,_,0,0,0,B00T11E____-0000X_0S00,B1174
92127115,_,_,0,0,00,B,_,0,_,0,_,_,0,0,_,0,0,0,B00T__E____-0000X_0S00,T1095
92102373,1,1,0,0,00,B,_,3,_,0,_,_,0,0,_,0,0,0,B00T11E____-3000X_0S00,B1192
92127152,1,1,0,0,00,B,0,4,0,4,0,0,0,0,_,0,0,0,B00T11E0000-4040X_0S00,T1107
92102399,1,1,0,0,00,B,8,3,8,4,9,8,0,0,0,0,0,0,B00T11E8988-3040X00S00,B1197
92128293,1,1,0,0,00,B,0,0,0,4,0,0,0,0,0,0,0,0,B00T11E0000-0040X00S00,T317
92129340,_,1,0,0,00,B,_,4,_,4,_,_,0,0,_,0,0,0,B00T_1E____-4040X_0S00,T469
92102711,1,1,0,0,00,B,0,_,0,_,0,0,_,_,0,_,_,_,B00T11E0000-____X0_S00,B1250
92296642,1,1,0,0,00,B,_,3,_,5,_,_,0,0,_,0,0,0,B00T11E____-3050X_0S00,B1476
92128282,1,_,0,0,00,B,0,_,0,_,0,0,_,_,0,_,_,_,B00T1_E0000-____X0_S00,T314
92303642,1,1,0,0,00,B,0,0,0,0,8,0,4,0,0,0,0,0,B00T11E0800-0400X00S00,B1928
92102511,1,_,0,0,00,B,7,4,0,0,0,0,0,0,0,_,_,_,B00T1_E7000-4000X0_S00,B1214
92126964,1,1,0,0,00,C,9,0,0,0,0,0,0,0,0,0,0,0,C00T11E9000-0000X00S00,T1045
92128134,1,1,0,0,00,B,8,0,9,0,0,0,0,0,0,_,_,_,B00T11E8090-0000X0_S00,T268
92129401,1,1,0,0,00,B,0,0,0,0,0,0,0,0,0,_,_,_,B00T11E0000-0000X0_S00,T477
92128294,1,1,0,0,00,B,_,0,_,0,_,_,0,0,_,0,0,0,B00T11E____-0000X_0S00,T317
92101913,1,1,0,0,00,B,8,0,0,0,0,0,0,0,0,_,_,_,B00T11E8000-0000X0_S00,B1129
92127116,1,1,0,0,00,B,7,_,8,_,0,0,_,_,0,_,_,_,B00T11E7080-____X0_S00,T1095
92300172,1,1,0,0,00,B,9,4,9,0,8,7,4,0,_,0,0,0,B00T11E9897-4400X_0S00,B1681
92101106,1,1,0,0,00,B,8,4,7,5,0,0,0,0,0,0,0,0,B00T11E8070-4050X00S00,B1016
92101116,1,1,0,0,00,B,9,_,0,_,0,0,_,_,0,_,_,_,B00T11E9000-____X0_S00,B1016
92128324,1,1,_,_,00,B,_,0,_,0,_,_,0,0,_,0,0,0,B00T11E____-0000X_0S__,T324
92100957,1,_,0,0,00,B,9,_,7,_,0,0,_,_,0,_,_,_,B00T1_E9070-____X0_S00,B1005
92304914,1,1,0,0,00,B,7,3,9,0,8,0,0,0,0,0,0,0,B00T11E7890-3000X00S00,B2002
92127165,_,1,1,0,00,C,0,3,0,0,0,0,0,0,_,0,0,0,C00T_1E0000-3000X_0S10,T1113
92102714,_,_,0,0,00,B,9,4,8,0,0,0,0,0,0,0,0,0,B00T__E9080-4000X00S00,B1251
92304223,1,_,0,0,00,B,0,_,0,_,0,0,_,_,0,_,_,_,B00T1_E0000-____X0_S00,B1959
92127836,1,1,0,0,20,B,9,_,0,_,0,0,_,_,0,_,_,_,B20T11E9000-____X0_S00,T1312
92304316,1,1,0,0,00,B,7,_,9,_,0,0,_,_,0,_,_,_,B00T11E7090-____X0_S00,B1964
92299467,1,1,0,0,00,C,_,4,_,4,_,_,5,0,_,0,0,0,C00T11E____-4540X_0S00,B1627
92103334,1,1,_,0,00,B,0,5,0,3,0,0,0,0,_,0,0,0,B00T11E0000-5030X_0S_0,B1342
92102879,1,1,_,0,00,C,_,3,_,4,_,_,0,0,_,0,0,0,C00T11E____-3040X_0S_0,B1267
92300160,_,_,0,0,00,B,_,3,_,0,_,_,0,0,_,0,0,0,B00T__E____-3000X_0S00,B1680
92101044,1,_,0,0,00,B,0,0,0,0,0,0,0,0,0,_,_,_,B00T1_E0000-0000X0_S00,B1011
92129550,1,1,0,0,00,B,0,_,0,_,0,0,_,_,0,_,_,_,B00T11E0000-____X0_S00,T501
92128349,1,1,0,0,00,B,9,_,0,_,0,0,_,_,0,_,_,_,B00T11E9000-____X0_S00,T331
92127415,_,_,_,_,00,B,,,,,,,,,,,,,B00T__Enannannannan-nannannannanXnannanS__,T1194
92300177,1,1,0,_,00,B,_,4,_,0,_,_,3,5,_,0,0,0,B00T11E____-4305X_0S0_,B1681
92101463,1,1,0,0,00,C,9,3,8,4,0,0,5,4,0,0,0,0,C00T11E9080-3544X00S00,B1064
92101522,1,1,0,0,00,B,9,4,0,0,0,0,0,0,0,0,0,0,B00T11E9000-4000X00S00,B1073
92101800,1,1,0,0,00,B,9,0,0,0,0,0,0,0,0,_,_,_,B00T11E9000-0000X0_S00,B1114
92102113,_,1,0,0,00,B,0,0,0,0,0,0,0,0,_,0,0,0,B00T_1E0000-0000X_0S00,B1153
92302793,1,1,0,0,00,B,_,4,_,0,_,_,0,0,_,0,0,0,B00T11E____-4000X_0S00,B1867
92298958,1,1,0,0,00,B,8,_,8,_,0,0,_,_,0,_,_,_,B00T11E8080-____X0_S00,B1593
92129000,_,_,0,0,00,B,7,_,0,0,0,0,_,0,0,_,_,_,B00T__E7000-__00X0_S00,T430
92127464,1,_,0,0,00,B,0,0,0,0,0,0,0,0,0,_,_,_,B00T1_E0000-0000X0_S00,T1208
92129999,1,1,0,0,00,C,9,_,0,_,0,0,_,_,0,_,_,_,C00T11E9000-____X0_S00,T586
92128801,1,1,0,0,00,B,0,3,0,0,0,0,0,0,_,0,0,0,B00T11E0000-3000X_0S00,T402
92300307,1,1,0,0,00,B,0,4,0,0,7,8,0,0,_,0,0,0,B00T11E0708-4000X_0S00,B1686
92102054,1,1,0,0,00,B,0,0,0,0,0,0,0,0,0,0,0,0,B00T11E0000-0000X00S00,B1144
92127387,1,1,0,0,00,B,8,4,7,5,0,0,0,0,0,0,0,0,B00T11E8070-4050X00S00,T1185
