anno_id	anno_seek_identity	anno_annotation_target_id	bounding_boxes
1	b9T11E9000-0000X00S000	1	"[{""photo"":""anno/EV/m0548/m0548_r.jpg"",""bbox"":{""x"":0.0,""y"":0.01171875,""w"":0.9968613281250001,""h"":0.986328125}},{""photo"":""anno/EV/m0548/m0548_f.jpg"",""bbox"":{""x"":0.0,""y"":0.005859375,""w"":0.9961875,""h"":0.9921875}},{""photo"":""anno/EV/m0548/m0548_l.jpg"",""bbox"":{""x"":0.0018457031249999997,""y"":0.0,""w"":0.998154296875,""h"":0.998046875}}]"
2	b0T11E9790-4435X00S000	2	"[{""photo"":""anno/EV/f0703/f0703_l.jpg"",""bbox"":{""x"":0.1707421875,""y"":0.001953125,""w"":0.826171875,""h"":0.994140625}},{""photo"":""anno/EV/f0703/f0703_f.jpg"",""bbox"":{""x"":0.004678143712574851,""y"":0.017578125,""w"":0.968375748502994,""h"":0.98046875}},{""photo"":""anno/EV/f0703/f0703_l_2.jpg"",""bbox"":{""x"":0.06460937500000001,""y"":0.00390625,""w"":0.9303750000000002,""h"":0.9921875}},{""photo"":""anno/EV/f0703/f0703_l_1.jpg"",""bbox"":{""x"":0.10699218749999999,""y"":0.00390625,""w"":0.8930078125,""h"":0.9921875}},{""photo"":""anno/EV/f0703/f0703_r.jpg"",""bbox"":{""x"":0.0,""y"":0.06054687499999999,""w"":0.9515449218749998,""h"":0.9374999999999999}},{""photo"":""anno/EV/f0703/f0703_l_4.jpg"",""bbox"":{""x"":0.05134398002103049,""y"":0.0390625,""w"":0.9486560199789695,""h"":0.958984375}},{""photo"":""anno/EV/f0703/f0703_f_2.jpg"",""bbox"":{""x"":0.089484375,""y"":0.03515625,""w"":0.8073046875,""h"":0.9628906249999999}},{""photo"":""anno/EV/f0703/f0703_r_1.jpg"",""bbox"":{""x"":0.0034101562499999996,""y"":0.0,""w"":0.9497285156249998,""h"":0.99609375}}]"
3	b9T11E9080-4040X00S000	3	"[{""photo"":""anno/EV/f0612/f0612_l_1.jpg"",""bbox"":{""x"":0.04636328125,""y"":0.013671875,""w"":0.95363671875,""h"":0.984375}},{""photo"":""anno/EV/f0612/f0612_r.jpg"",""bbox"":{""x"":0.08428710937499999,""y"":0.0703125,""w"":0.915712890625,""h"":0.927734375}},{""photo"":""anno/EV/f0612/f0612_f_1.JPG"",""bbox"":{""x"":0.13037109375,""y"":0.00390625,""w"":0.86962890625,""h"":0.994140625}},{""photo"":""anno/EV/f0612/f0612_l.jpg"",""bbox"":{""x"":0.012126953125000001,""y"":0.09765625,""w"":0.9805507812500001,""h"":0.8984375}},{""photo"":""anno/EV/f0612/f0612_l_2.JPG"",""bbox"":{""x"":0.08056640625,""y"":0.10546875,""w"":0.91943359375,""h"":0.892578125}},{""photo"":""anno/EV/f0612/f0612_f.jpg"",""bbox"":{""x"":0.060138671874999994,""y"":0.056640625,""w"":0.939861328125,""h"":0.939453125}}]"
4	c9T11E8090-3540X00S001	4	"[{""photo"":""anno/EV/f0398/f0398_r_1.jpg"",""bbox"":{""x"":0.16536458333333334,""y"":0.0,""w"":0.65625,""h"":0.99609375}},{""photo"":""anno/EV/f0398/f0398_o_1.JPG"",""bbox"":{""x"":0.0905625,""y"":0.080078125,""w"":0.876875,""h"":0.81640625}},{""photo"":""anno/EV/f0398/f0398_l_1.JPG"",""bbox"":{""x"":0.16153906250000002,""y"":0.005859375,""w"":0.6617890625,""h"":0.9921875}},{""photo"":""anno/EV/f0398/f0398_f.JPG"",""bbox"":{""x"":0.19019921875,""y"":0.001953125,""w"":0.7086875,""h"":0.99609375}},{""photo"":""anno/EV/f0398/f0398_f_1.jpg"",""bbox"":{""x"":0.07016369047619048,""y"":0.0078125,""w"":0.9289062499999999,""h"":0.990234375}},{""photo"":""anno/EV/f0398/f0398_r.jpg"",""bbox"":{""x"":0.0034374999999999996,""y"":0.048828125,""w"":0.9573437499999999,""h"":0.94921875}},{""photo"":""anno/EV/f0398/f0398_o_3.jpg"",""bbox"":{""x"":0.0,""y"":0.107421875,""w"":0.9854257812499999,""h"":0.876953125}},{""photo"":""anno/EV/f0398/f0398_o.JPG"",""bbox"":{""x"":0.10729687499999999,""y"":0.203125,""w"":0.8255898437499999,""h"":0.69140625}},{""photo"":""anno/EV/f0398/f0398_o_2.JPG"",""bbox"":{""x"":0.00260546875,""y"":0.09375,""w"":0.8142089843750001,""h"":0.783203125}},{""photo"":""anno/EV/f0398/f0398_l.JPG"",""bbox"":{""x"":0.00515625,""y"":0.044921875,""w"":0.9659375000000001,""h"":0.951171875}}]"
5	c9T11E9080-0000X00S000	5	"[{""photo"":""anno/EV/m0547/m0547_f.jpg"",""bbox"":{""x"":0.0016180240251326553,""y"":0.002324945760057484,""w"":0.9983819759748673,""h"":0.9941627277551565}},{""photo"":""anno/EV/m0547/m0547_r.jpg"",""bbox"":{""x"":0.0,""y"":0.0003717773361769927,""w"":0.9727320319534616,""h"":0.996115896179037}}]"
6	b9T11E7880-3340X00S000	6	"[{""photo"":""anno/EV/m0132/m0132_f.jpg"",""bbox"":{""x"":0.0016760197135185742,""y"":0.0003717773361769927,""w"":0.9957839590626155,""h"":0.996115896179037}},{""photo"":""anno/EV/m0132/m0132_r.jpg"",""bbox"":{""x"":0.0015451648680566918,""y"":0.09217069325855887,""w"":0.9809200763101248,""h"":0.9023638118327746}},{""photo"":""anno/EV/m0132/m0132_l.jpg"",""bbox"":{""x"":0.0033319045334666976,""y"":0.006231282607818356,""w"":0.9966680954665333,""h"":0.9883032224835151}}]"
7	c8T11E8777-4335X00S000	7	"[{""photo"":""anno/EV/f0512/f0512_f.jpg"",""bbox"":{""x"":0.026474850082737734,""y"":0.002324945760057484,""w"":0.9735251499172624,""h"":0.9941627277551565}},{""photo"":""anno/EV/f0512/f0512_r_1.JPG"",""bbox"":{""x"":0.005176287614148258,""y"":0.13318723016004852,""w"":0.9485168892776009,""h"":0.8633004433551654}},{""photo"":""anno/EV/f0512/f0512_l.jpg"",""bbox"":{""x"":0.03993452563515937,""y"":0.0003717773361769927,""w"":0.9588238023693333,""h"":0.996115896179037}},{""photo"":""anno/EV/f0512/f0512_f_1.jpg"",""bbox"":{""x"":0.006648780607166001,""y"":0.0042781141839379755,""w"":0.9884904447769409,""h"":0.992209559331276}},{""photo"":""anno/EV/f0512/f0512_r.jpg"",""bbox"":{""x"":0.04006202664701416,""y"":0.0,""w"":0.9213568858920445,""h"":0.9945345050913335}}]"
8	b9T11E9070-4050X00S000	8	"[{""photo"":""anno/EV/m0144/m0144_l.jpg"",""bbox"":{""x"":0.004852493034911412,""y"":0.002324945760057484,""w"":0.99003149324502,""h"":0.9941627277551565}},{""photo"":""anno/EV/m0144/m0144_r.jpg"",""bbox"":{""x"":0.0036278195741577235,""y"":0.0042781141839379755,""w"":0.9266007110329596,""h"":0.9902563909073955}}]"
9	c9T11E0000-3000X00S000	9	"[{""photo"":""anno/EV/f0573/f0573_r.jpg"",""bbox"":{""x"":0.0016316231850390115,""y"":0.0,""w"":0.9507896883148065,""h"":0.996487673515214}},{""photo"":""anno/EV/f0573/f0573_l.jpg"",""bbox"":{""x"":0.001437278014709867,""y"":0.0003717773361769927,""w"":0.9983310351021011,""h"":0.996115896179037}},{""photo"":""anno/EV/f0573/f0573_f.jpg"",""bbox"":{""x"":0.016789810255479383,""y"":0.0003717773361770149,""w"":0.9714246083066137,""h"":0.9961158961790367}}]"
10	c8T01E9080-0000X00S000	10	"[{""photo"":""anno/EV/f0357/f0357_r (1).jpg"",""bbox"":{""x"":0.9994818827031839,""y"":0.996487673515214,""w"":0.0005181172968160859,""h"":0.0035123264847860547}},{""photo"":""anno/EV/f0357/f0357_r (1).jpg"",""bbox"":{""x"":0.0,""y"":0.0042781141839379755,""w"":1.0,""h"":0.992209559331276}},{""photo"":""anno/EV/f0357/f0357_r.jpg"",""bbox"":{""x"":0.003369768185867251,""y"":0.006231282607818407,""w"":0.9567873872921627,""h"":0.9902563909073954}}]"
11	c9T11E08?9-3340X00S000	11	"[{""photo"":""anno/EV/m0344/m0344_l_1.jpg"",""bbox"":{""x"":0.16934322980208974,""y"":0.1370935670078095,""w"":0.8306567701979103,""h"":0.8593941065074044}},{""photo"":""anno/EV/m0344/m0344_l.jpg"",""bbox"":{""x"":0.08252864758443326,""y"":0.04529465108542774,""w"":0.9174713524155667,""h"":0.9511930224297862}},{""photo"":""anno/EV/m0344/m0344_r.jpg"",""bbox"":{""x"":0.0029321533440516065,""y"":0.0042781141839379755,""w"":0.9448263745975182,""h"":0.992209559331276}}]"
12	c9T11E0000-4040X00S000	12	"[{""photo"":""anno/EV/f0557/f0557_f.jpg"",""bbox"":{""x"":0.057037552806187226,""y"":0.015997124727220702,""w"":0.9083815668371231,""h"":0.9765842119402323}},{""photo"":""anno/EV/f0557/f0557_l.jpg"",""bbox"":{""x"":0.020222548150053702,""y"":0.002324945760057484,""w"":0.9732113479720238,""h"":0.9941627277551565}},{""photo"":""anno/EV/f0557/f0557_r.jpg"",""bbox"":{""x"":0.0029285807779319286,""y"":0.0003717773361770149,""w"":0.9833778186446409,""h"":0.9961158961790367}}]"
13	b9T11E9000-5545X00S000	13	"[{""photo"":""anno/EV/m0591/m0591.jpg"",""bbox"":{""x"":0.13675665157827396,""y"":0.11365554592124394,""w"":0.8278820528287212,""h"":0.8515814328118826}}]"
14	c9T11E9980-3440X00S000	14	"[{""photo"":""anno/EV/f0410/f0410_l (2).jpg"",""bbox"":{""x"":0.03792587659450465,""y"":0.03428587547728734,""w"":0.9596118403877018,""h"":0.9629120329730688}},{""photo"":""anno/EV/f0410/f0410_l.jpg"",""bbox"":{""x"":0.0,""y"":0.006231282607818356,""w"":0.999991885294009,""h"":0.9918156358160621}},{""photo"":""anno/EV/f0410/f0410_r (1).jpg"",""bbox"":{""x"":0.003004994154408524,""y"":0.0687326721719933,""w"":0.9412680726703416,""h"":0.9277550013432206}},{""photo"":""anno/EV/f0410/f0410_r_1.jpg"",""bbox"":{""x"":0.003516377234847282,""y"":0.08631118798691739,""w"":0.9471748839393889,""h"":0.9101764855282966}},{""photo"":""anno/EV/f0410/f0410_f (1).jpg"",""bbox"":{""x"":0.1789850823708726,""y"":0.07068584059587368,""w"":0.7576668616178227,""h"":0.9258018329193403}},{""photo"":""anno/EV/f0410/f0410_f_2.jpg"",""bbox"":{""x"":0.005089731200798678,""y"":0.1497003719185278,""w"":0.9354440407649609,""h"":0.8457219275402411}},{""photo"":""anno/EV/f0410/f0410_l_2.jpg"",""bbox"":{""x"":0.04787992058473899,""y"":0.019903461574981685,""w"":0.948935264291902,""h"":0.9765842119402323}},{""photo"":""anno/EV/f0410/f0410_f.jpg"",""bbox"":{""x"":0.02680312532782674,""y"":0.011913217038211577,""w"":0.9600507229474367,""h"":0.984396885635754}},{""photo"":""anno/EV/f0410/f0410_f_1.jpg"",""bbox"":{""x"":0.10093875070305797,""y"":0.021856629998862065,""w"":0.8978932489540338,""h"":0.9726778750924714}},{""photo"":""anno/EV/f0410/f0410_l (1).jpg"",""bbox"":{""x"":0.11276200941530895,""y"":0.025762966846623048,""w"":0.887237990584691,""h"":0.9668183698208299}},{""photo"":""anno/EV/f0410/f0410_r_3.jpg"",""bbox"":{""x"":0.0,""y"":0.0,""w"":0.976251212042006,""h"":0.996487673515214}},{""photo"":""anno/EV/f0410/f0410_r.jpg"",""bbox"":{""x"":0.0014892446206545035,""y"":0.002324945760057484,""w"":0.9961821360503619,""h"":0.9941627277551565}}]"
15	c9T11E?7??-4030X00S000	15	"[{""photo"":""anno/EV/f0212/f0212_l.jpg"",""bbox"":{""x"":0.016903409090909094,""y"":0.008209228515625,""w"":0.9728851010101012,""h"":0.9765625}}]"
16	b9T11E9000-0000X00S000	16	"[{""photo"":""anno/EV/f0446/f0446_f.jpg"",""bbox"":{""x"":0.044504791306353014,""y"":0.056249403628979164,""w"":0.9369952086936469,""h"":0.9242193463710209}},{""photo"":""anno/EV/f0446/f0446_r.jpg"",""bbox"":{""x"":0.024791666666666663,""y"":0.06005859375,""w"":0.9279166666666666,""h"":0.875}},{""photo"":""anno/EV/f0446/f0446_l.jpg"",""bbox"":{""x"":0.048437499999999994,""y"":0.03662109375,""w"":0.871875,""h"":0.93359375}}]"
17	c8T11E8080-3040X00S000	17	"[{""photo"":""anno/EV/f0379/f0379_l_1.jpg"",""bbox"":{""x"":0.005645640872217424,""y"":0.01280102281460227,""w"":0.9918908399107306,""h"":0.9648652013969494}},{""photo"":""anno/EV/f0379/f0379_f.jpg"",""bbox"":{""x"":0.0,""y"":0.04405171759668969,""w"":0.8941432105745528,""h"":0.9531461908536665}},{""photo"":""anno/EV/f0379/f0379_l.jpg"",""bbox"":{""x"":0.08744545508415609,""y"":0.0010820122713194325,""w"":0.9066962578077408,""h"":0.9961158961790367}},{""photo"":""anno/EV/f0379/f0379_r.jpg"",""bbox"":{""x"":0.0,""y"":0.06438295672638977,""w"":0.9973995588445078,""h"":0.9120548489082693}}]"
18	b7T11E9790-3050X01S000	18	"[{""photo"":""anno/EV/m0542/m0542_f.jpg"",""bbox"":{""x"":0.003925879396984924,""y"":0.00390625,""w"":0.9912845477386935,""h"":0.994140625}},{""photo"":""anno/EV/m0542/m0542_r.jpg"",""bbox"":{""x"":0.0,""y"":0.072265625,""w"":0.995890827922078,""h"":0.92578125}},{""photo"":""anno/EV/m0542/m0542_l.jpg"",""bbox"":{""x"":0.034012276785714286,""y"":0.03515625,""w"":0.9597377232142857,""h"":0.962890625}}]"
19	c9T11E8790-5040X00S000	19	"[{""photo"":""anno/EV/f0556/f0556_r (1).jpg"",""bbox"":{""x"":0.0014856292944065708,""y"":0.008184451031698847,""w"":0.9906457138338526,""h"":0.9883032224835151}},{""photo"":""anno/EV/f0556/f0556_l.jpg"",""bbox"":{""x"":0.007893458959211301,""y"":0.0042781141839379755,""w"":0.9912894082547974,""h"":0.992209559331276}},{""photo"":""anno/EV/f0556/f0556_f.jpg"",""bbox"":{""x"":0.005679822993954788,""y"":0.01404395630334021,""w"":0.9893709937668836,""h"":0.9824437172118737}},{""photo"":""anno/EV/f0556/f0556_l (1).jpg"",""bbox"":{""x"":0.10886594163269721,""y"":0.002324945760057484,""w"":0.8911340583673028,""h"":0.992209559331276}},{""photo"":""anno/EV/f0556/f0556_o.jpg"",""bbox"":{""x"":0.02473967574157397,""y"":0.015097207938981725,""w"":0.9049512968628368,""h"":0.938491221340393}},{""photo"":""anno/EV/f0556/f0556_r.jpg"",""bbox"":{""x"":0.00846295345304238,""y"":0.008184451031698847,""w"":0.9915370465469576,""h"":0.9883032224835151}}]"
20	b8T11E9777-3000X00S000	20	"[{""photo"":""anno/EV/m0212/m0212_o (1).jpg"",""bbox"":{""x"":0.005236260053619303,""y"":0.008209228515625,""w"":0.9791806300268097,""h"":0.98046875}},{""photo"":""anno/EV/m0212/m0212_f.jpg"",""bbox"":{""x"":0.006961137820512819,""y"":0.074615478515625,""w"":0.9588967347756409,""h"":0.9199218749999999}},{""photo"":""anno/EV/m0212/m0212_o.jpg"",""bbox"":{""x"":0.3177083333333333,""y"":0.006256103515625,""w"":0.6744791666666666,""h"":0.984375}},{""photo"":""anno/EV/m0212/m0212_r.jpg"",""bbox"":{""x"":0.009114583333333334,""y"":0.018019903273809524,""w"":0.98828125,""h"":0.975093984962406}},{""photo"":""anno/EV/m0212/m0212_r_1.jpg"",""bbox"":{""x"":0.014322916666666666,""y"":0.032259662095438325,""w"":0.9661458333333334,""h"":0.9677403379045617}}]"
21	b8T11E7987-5343X00S000	21	"[{""photo"":""anno/EV/m0192/m0192_f (1).jpg"",""bbox"":{""x"":0.001383062728684048,""y"":0.003035180695199924,""w"":0.94798632902761,""h"":0.9902563909073953}},{""photo"":""anno/EV/m0192/m0192_r (1).jpg"",""bbox"":{""x"":0.0,""y"":0.018660528086243633,""w"":0.929098167730543,""h"":0.9785373803641125}},{""photo"":""anno/EV/m0192/m0192_o.jpg"",""bbox"":{""x"":0.1605529428538402,""y"":0.002324945760057484,""w"":0.8394470571461597,""h"":0.9941627277551565}},{""photo"":""anno/EV/m0192/m0192_r_1.jpg"",""bbox"":{""x"":0.00157750859191746,""y"":0.037481977389905836,""w"":0.9486183199136284,""h"":0.9590056961253078}},{""photo"":""anno/EV/m0192/m0192_l (2).jpg"",""bbox"":{""x"":0.0015851867154410824,""y"":0.09607703010631974,""w"":0.9984148132845589,""h"":0.9004106434088942}},{""photo"":""anno/EV/m0192/m0192_r.jpg"",""bbox"":{""x"":0.0015462106841947901,""y"":0.010137619455579339,""w"":0.9382958021086613,""h"":0.9843968856357541}},{""photo"":""anno/EV/m0192/m0192_f.jpg"",""bbox"":{""x"":0.006423466139000512,""y"":0.14490624070333136,""w"":0.8840395145832578,""h"":0.8515814328118826}},{""photo"":""anno/EV/m0192/m0192_r_1 (1).jpg"",""bbox"":{""x"":0.0,""y"":0.03552880896602537,""w"":0.940950035913795,""h"":0.9609588645491883}},{""photo"":""anno/EV/m0192/m0192_l (1).jpg"",""bbox"":{""x"":0.06867838855471808,""y"":0.07263900901975417,""w"":0.9245792591750766,""h"":0.9218954960715793}},{""photo"":""anno/EV/m0192/m0192_o (1).jpg"",""bbox"":{""x"":0.1466485395130617,""y"":0.0003717773361769927,""w"":0.8533514604869383,""h"":0.996115896179037}},{""photo"":""anno/EV/m0192/m0192_l.jpg"",""bbox"":{""x"":0.06867838855471808,""y"":0.07068584059587368,""w"":0.9304310266382098,""h"":0.9218954960715793}}]"
22	b8T11E7700-3450X00S000	22	"[{""photo"":""anno/EV/m0148/m0148.jpg"",""bbox"":{""x"":0.13325390625,""y"":0.342193603515625,""w"":0.738515625,""h"":0.4921875}},{""photo"":""anno/EV/m0148/m0148_o.jpg"",""bbox"":{""x"":0.0,""y"":0.008209228515625,""w"":0.9868359375,""h"":0.978515625}},{""photo"":""anno/EV/m0148/m0148_l.jpg"",""bbox"":{""x"":0.08006250000000001,""y"":0.080474853515625,""w"":0.9107109375,""h"":0.9140625}}]"
23	b9T11E8889-4500X00S000	23	"[{""photo"":""anno/EV/m0230/m0230_r.jpg"",""bbox"":{""x"":0.0,""y"":0.021856629998862065,""w"":0.9821292360303823,""h"":0.9726778750924714}},{""photo"":""anno/EV/m0230/m0230_l_1.jpg"",""bbox"":{""x"":0.0014345598817775862,""y"":0.0042781141839379755,""w"":0.9918940908926545,""h"":0.984396885635754}},{""photo"":""anno/EV/m0230/m0230_l.jpg"",""bbox"":{""x"":0.0,""y"":0.019903461574981657,""w"":0.9850803239467006,""h"":0.9746310435163515}}]"
24	b9T11E7000-4000X01S000	24	"[{""photo"":""anno/EV/m0331/m0331.jpg"",""bbox"":{""x"":0.10378899333351849,""y"":0.0003717773361769927,""w"":0.6349167697499734,""h"":0.996115896179037}}]"
25	c9T11E0000-0000X00S000	25	"[{""photo"":""anno/EV/f0239/f0239_r.jpg"",""bbox"":{""x"":0.007476562499999999,""y"":0.006256103515625,""w"":0.9756914062499998,""h"":0.98828125}}]"
26	c9T11E0000-3040X00S000	26	"[{""photo"":""anno/EV/f0002/f0002_l.jpg"",""bbox"":{""x"":0.009674193825696942,""y"":0.012090787879459799,""w"":0.9826268418202054,""h"":0.9843968856357539}},{""photo"":""anno/EV/f0002/f0002_u15_r.jpg"",""bbox"":{""x"":0.0,""y"":0.008184451031698847,""w"":0.9946954266044229,""h"":0.9883032224835151}},{""photo"":""anno/EV/f0002/f0002_u15_l.jpg"",""bbox"":{""x"":0.0,""y"":0.010137619455579339,""w"":1.0,""h"":0.9843968856357541}},{""photo"":""anno/EV/f0002/f0002_f.jpg"",""bbox"":{""x"":0.003395278079120454,""y"":0.010137619455579339,""w"":0.9935013763558617,""h"":0.9726778750924712}}]"
27	c7T11E9970-3554X00S000	27	"[{""photo"":""anno/EV/f0648/f0648_f.jpg"",""bbox"":{""x"":0.18619861216026712,""y"":0.008215704504919315,""w"":0.731773566671819,""h"":0.9901113167766866}},{""photo"":""anno/EV/f0648/f0648_l_letura.jpg"",""bbox"":{""x"":0.07942738001242167,""y"":0.00037226205239104354,""w"":0.8971387676812871,""h"":0.9974146131232078}}]"
28	c9T11E0000-0000X00S000	28	"[{""photo"":""anno/EV/f0445/f0445_l.jpg"",""bbox"":{""x"":0.0546875,""y"":0.0023557428728070173,""w"":0.9440104166666666,""h"":0.9927161654135338}}]"
29	c9T11E0000-0040X00S000	29	"[{""photo"":""anno/EV/f0506/f0506_l_1.jpg"",""bbox"":{""x"":0.0318359375,""y"":0.031646728515625,""w"":0.95826171875,""h"":0.9609375}},{""photo"":""anno/EV/f0506/f0506_o.jpg"",""bbox"":{""x"":0.05691225165562914,""y"":0.047271728515625,""w"":0.9364652317880795,""h"":0.9453125}},{""photo"":""anno/EV/f0506/f0506_l.jpg"",""bbox"":{""x"":0.053338383238276305,""y"":0.014068603515625,""w"":0.9380198431558936,""h"":0.98046875}}]"
30	b9T11E0000-0000X00S000	30	"[{""photo"":""anno/EV/m0226/m0226_r.jpg"",""bbox"":{""x"":0.001433616519369788,""y"":0.003035180695199924,""w"":0.9985663834806302,""h"":0.9414271803103839}},{""photo"":""anno/EV/m0226/m0226_f.jpg"",""bbox"":{""x"":0.02948601909316515,""y"":0.0,""w"":0.9312502740830486,""h"":0.9971979084503562}}]"
31	c9T11E0000-3000X00S000	31	"[{""photo"":""anno/EV/f0717/f0717_f.jpg"",""bbox"":{""x"":0.05530078125,""y"":0.029296875,""w"":0.92503125,""h"":0.95703125}},{""photo"":""anno/EV/f0717/f0717_l.jpg"",""bbox"":{""x"":0.011662109374999998,""y"":0.05078124999999999,""w"":0.984615234375,""h"":0.9355468749999999}},{""photo"":""anno/EV/f0717/f0717_l_1.jpg"",""bbox"":{""x"":0.0091640625,""y"":0.029296875,""w"":0.96375390625,""h"":0.970703125}},{""photo"":""anno/EV/f0717/f0717_r.jpg"",""bbox"":{""x"":0.0,""y"":0.10546874999999999,""w"":0.9000703124999999,""h"":0.8808593749999999}},{""photo"":""anno/EV/f0717/f0717_f_1.jpg"",""bbox"":{""x"":0.01980859375,""y"":0.03515625,""w"":0.9039921875,""h"":0.953125}}]"
32	c8T11E7777-5040X00S000	32	"[{""photo"":""anno/EV/m0552/m0552_l.jpg"",""bbox"":{""x"":0.0096784038154268,""y"":0.0335756405421449,""w"":0.9846730098431478,""h"":0.962912032973069}},{""photo"":""anno/EV/m0552/m0552_f.jpg"",""bbox"":{""x"":0.0,""y"":0.019903461574981685,""w"":0.9911146107002458,""h"":0.9765842119402323}},{""photo"":""anno/EV/m0552/m0552_r.jpg"",""bbox"":{""x"":0.001302088196924977,""y"":0.0025327787607321403,""w"":0.9882849414660332,""h"":0.9911507953286948}}]"
33	c9T11E9080-5544X00S000	33	"[{""photo"":""anno/EV/m0501/m0501_l.jpg"",""bbox"":{""x"":0.016439694736279254,""y"":0.002324945760057484,""w"":0.9835603052637207,""h"":0.992209559331276}},{""photo"":""anno/EV/m0501/m0501_r.jpg"",""bbox"":{""x"":0.03475257976726932,""y"":0.037481977389905885,""w"":0.8548027839446738,""h"":0.9590056961253081}},{""photo"":""anno/EV/m0501/m0501_f.JPG"",""bbox"":{""x"":0.004478180407380909,""y"":0.01209078787945983,""w"":0.993756903535085,""h"":0.9843968856357541}}]"
34	c9T11E7890-5040X00S000	34	"[{""photo"":""anno/EV/f0523/f0523_l.jpg"",""bbox"":{""x"":0.016937222271741173,""y"":0.005165908551373444,""w"":0.9798511534535257,""h"":0.988303222483515}},{""photo"":""anno/EV/f0523/f0523_r.jpg"",""bbox"":{""x"":0.002620373129481304,""y"":0.0042781141839379755,""w"":0.9973796268705187,""h"":0.992209559331276}},{""photo"":""anno/EV/f0523/f0523_f.jpg"",""bbox"":{""x"":0.003410985273922115,""y"":0.0,""w"":0.9840819813293713,""h"":0.996487673515214}}]"
35	c8T11E7080-4444X01S000	35	"[{""photo"":""anno/EV/f0080/f0080_l.jpg"",""bbox"":{""x"":0.03386406573713411,""y"":0.02771613527050354,""w"":0.9661359342628659,""h"":0.9668183698208299}},{""photo"":""anno/EV/f0080/f0080_f.jpg"",""bbox"":{""x"":0.016402905189045764,""y"":0.02771613527050354,""w"":0.915411490149501,""h"":0.9687715382447104}},{""photo"":""anno/EV/f0080/f0080_u32_r.jpg"",""bbox"":{""x"":0.0,""y"":0.006941517542960907,""w"":0.958699950655984,""h"":0.9843968856357538}},{""photo"":""anno/EV/f0080/f0080_u32_l.jpg"",""bbox"":{""x"":0.01154504294390883,""y"":0.008184451031698847,""w"":0.9884549570560912,""h"":0.9843968856357541}}]"
36	c9T11E7070-4050X00S000	36	"[{""photo"":""anno/EV/f0137/f0137_l.jpg"",""bbox"":{""x"":0.0,""y"":0.006231282607818356,""w"":0.9582384523711754,""h"":0.9902563909073956}},{""photo"":""anno/EV/f0137/f0137_f.jpg"",""bbox"":{""x"":0.0072615370833983865,""y"":0.10584287222572208,""w"":0.9813685636696204,""h"":0.8886916328656114}},{""photo"":""anno/EV/f0137/f0137_r.jpg"",""bbox"":{""x"":0.0,""y"":0.039435145813786265,""w"":0.9971695300706308,""h"":0.9550993592775472}}]"
37	c8T11E9870-5440X00S000	37	"[{""photo"":""anno/EV/f0033/f0033_f.jpg"",""bbox"":{""x"":0.09955112729719247,""y"":0.0,""w"":0.7618264870009677,""h"":0.9971979084503562}},{""photo"":""anno/EV/f0033/f0033_o (1).jpg"",""bbox"":{""x"":0.11698292544276326,""y"":0.006941517542960907,""w"":0.8830170745572368,""h"":0.9902563909073953}},{""photo"":""anno/EV/f0033/f0033_r_1.jpg"",""bbox"":{""x"":0.001438795498133792,""y"":0.002324945760057484,""w"":0.8337442234340113,""h"":0.988303222483515}},{""photo"":""anno/EV/f0033/f0033_l.jpg"",""bbox"":{""x"":0.03534053898148394,""y"":0.0042781141839379755,""w"":0.9570682721303932,""h"":0.992209559331276}},{""photo"":""anno/EV/f0033/f0033_l (1).jpg"",""bbox"":{""x"":0.08224533109796041,""y"":0.06091999847647145,""w"":0.9177546689020396,""h"":0.933614506614862}},{""photo"":""anno/EV/f0033/f0033_o.jpg"",""bbox"":{""x"":0.06310068940976482,""y"":0.010137619455579339,""w"":0.9331618514543386,""h"":0.9570525277014275}},{""photo"":""anno/EV/f0033/f0033_l_a.jpg"",""bbox"":{""x"":0.05740851602835728,""y"":0.006231282607818356,""w"":0.9378744748513156,""h"":0.9902563909073956}},{""photo"":""anno/EV/f0033/f0033_u12_r.jpg"",""bbox"":{""x"":0.0,""y"":0.002324945760057484,""w"":0.9822143145854471,""h"":0.9941627277551565}},{""photo"":""anno/EV/f0033/f0033_u12_l.jpg"",""bbox"":{""x"":0.03936773611995246,""y"":0.01404395630334021,""w"":0.9606322638800476,""h"":0.9824437172118737}},{""photo"":""anno/EV/f0033/f0033_r (1).jpg"",""bbox"":{""x"":0.0,""y"":0.006231282607818356,""w"":0.9636464268011995,""h"":0.9902563909073956}}]"
38	c9T11E0000-0000X00S000	38	"[{""photo"":""anno/EV/f0835/f0835_r.jpg"",""bbox"":{""x"":0.01201171875,""y"":0.008209228515625,""w"":0.9849609375,""h"":0.986328125}}]"
39	c8T11E9970-3400X00S0?0	39	"[{""photo"":""anno/EV/f0579/f0579_f.jpg"",""bbox"":{""x"":0.0,""y"":0.0042781141839379755,""w"":0.9952705954958448,""h"":0.992209559331276}},{""photo"":""anno/EV/f0579/f0579_r.jpg"",""bbox"":{""x"":0.021700042691838214,""y"":0.006231282607818356,""w"":0.9562497704400925,""h"":0.9902563909073956}},{""photo"":""anno/EV/f0579/f0579_l.jpg"",""bbox"":{""x"":0.0,""y"":0.0042781141839379755,""w"":0.9915874561789122,""h"":0.9902563909073955}},{""photo"":""anno/EV/f0579/f0579_l_1.jpg"",""bbox"":{""x"":0.07813030407773908,""y"":0.0,""w"":0.916141010493238,""h"":0.9945345050913335}},{""photo"":""anno/EV/f0579/f0579_f_1.JPG"",""bbox"":{""x"":0.16856407196777107,""y"":0.0,""w"":0.8305085781010627,""h"":0.996487673515214}}]"
40	b8T11E8080-3030X00S000	40	"[{""photo"":""anno/EV/m0534/m0534_l.jpg"",""bbox"":{""x"":0.007277318702761857,""y"":0.0,""w"":0.9881782185535647,""h"":0.996487673515214}},{""photo"":""anno/EV/m0534/m0534_f.jpg"",""bbox"":{""x"":0.003682660578770974,""y"":0.0042781141839379755,""w"":0.9803479169670802,""h"":0.992209559331276}},{""photo"":""anno/EV/m0534/m0534_r.jpg"",""bbox"":{""x"":0.0,""y"":0.0042781141839379755,""w"":0.9770648535750243,""h"":0.9902563909073955}}]"
41	c9T11E0000-0000X00S000	41	"[{""photo"":""anno/EV/f0705/f0705_l_1.jpg"",""bbox"":{""x"":0.12675195312499998,""y"":0.078521728515625,""w"":0.86469140625,""h"":0.916015625}},{""photo"":""anno/EV/f0705/f0705_l.jpg"",""bbox"":{""x"":0.014906250000000001,""y"":0.012115478515625,""w"":0.9838125000000001,""h"":0.986328125}}]"
42	c8T11E9090-4540X00S000	42	"[{""photo"":""anno/EV/f0647/f0647_f.jpg"",""bbox"":{""x"":0.0,""y"":0.08826435641079788,""w"":0.9964264696474134,""h"":0.9082233171044161}},{""photo"":""anno/EV/f0647/f0647_l.jpg"",""bbox"":{""x"":0.22526125806801553,""y"":0.0023279769800836347,""w"":0.7708362125795675,""h"":0.9954588981955153}}]"
43	c9T11E9000-0000X00S000	43	"[{""photo"":""anno/EV/m0051/m0051_r.JPG"",""bbox"":{""x"":0.007816406250000001,""y"":0.035552978515625,""w"":0.9861699218750001,""h"":0.958984375}},{""photo"":""anno/EV/m0051/m0051_r_a.jpg"",""bbox"":{""x"":0.001607421875,""y"":0.025787353515624997,""w"":0.9210527343749999,""h"":0.9648437499999999}}]"
44	c9T11E8089-5030X00S000	44	"[{""photo"":""anno/EV/f0621/f0621_f.jpg"",""bbox"":{""x"":0.12183911982653338,""y"":0.004988349119080415,""w"":0.8560064551015903,""h"":0.9950116508809196}},{""photo"":""anno/EV/f0621/f0621_r.jpg"",""bbox"":{""x"":0.005833452158637418,""y"":0.0,""w"":0.9534401763032504,""h"":0.9971979084503562}},{""photo"":""anno/EV/f0621/f0621_r_1.jpg"",""bbox"":{""x"":0.0,""y"":0.01670735966236314,""w"":0.9688017977891277,""h"":0.9785373803641125}}]"
45	c9T11E8080-4030X00S000	45	"[{""photo"":""anno/EV/m0458/m0458_f_Olarro treated.jpg"",""bbox"":{""x"":0.137314453125,""y"":0.10546875,""w"":0.654638671875,""h"":0.892578125}}]"
46	b8T11E7090-0000X00S000	46	"[{""photo"":""anno/EV/m0200/m0200_l.jpg"",""bbox"":{""x"":0.05859480707019212,""y"":0.04613612829587455,""w"":0.9388190199468555,""h"":0.9516041537240152}},{""photo"":""anno/EV/m0200/m0200_r.jpg"",""bbox"":{""x"":0.0030223320239612522,""y"":0.04602080287639643,""w"":0.9742363255537273,""h"":0.9531314196497453}},{""photo"":""anno/EV/m0200/m0200_f.jpg"",""bbox"":{""x"":0.10575977914416715,""y"":0.0655521695253346,""w"":0.861138582107078,""h"":0.8300837158834872}}]"
47	b9T11E0000-3405X00S000	47	"[{""photo"":""anno/EV/m0536/m0536_r.jpg"",""bbox"":{""x"":0.010089843749999999,""y"":0.01068115234375,""w"":0.96718359375,""h"":0.982421875}},{""photo"":""anno/EV/m0536/m0536_l.jpg"",""bbox"":{""x"":0.026865234375,""y"":0.00677490234375,""w"":0.9671484375,""h"":0.98828125}},{""photo"":""anno/EV/m0536/m0536_f.jpg"",""bbox"":{""x"":0.0185625,""y"":0.00482177734375,""w"":0.972,""h"":0.982421875}}]"
48	b8T11E8?90-4030X1?S010	48	"[{""photo"":""anno/EV/m0528/m0528_f.jpg"",""bbox"":{""x"":0.011226562500000002,""y"":0.028259277343750003,""w"":0.9767109375000002,""h"":0.9628906250000001}},{""photo"":""anno/EV/m0528/m0528_r.jpg"",""bbox"":{""x"":0.014301124476987446,""y"":0.01654052734375,""w"":0.9602183577405857,""h"":0.98046875}}]"
49	c9T11E0000-4030X00S000	49	"[{""photo"":""anno/EV/m0380/m0380_l_1.jpg"",""bbox"":{""x"":0.06818548387096773,""y"":0.021881103515625,""w"":0.9079435483870967,""h"":0.962890625}},{""photo"":""anno/EV/m0380/m0380_l.jpg"",""bbox"":{""x"":0.129515625,""y"":0.096099853515625,""w"":0.861638671875,""h"":0.890625}}]"
50	c9T11E0000-0000X00S000	50	"[{""photo"":""anno/EV/f0225/f0225_r_a.jpg"",""bbox"":{""x"":0.006776147959183672,""y"":0.029693603515625,""w"":0.9283322704081631,""h"":0.966796875}}]"
51	c8T11E9980-4435X00S110	51	"[{""photo"":""anno/EV/f0724/f0724_l_1.jpg"",""bbox"":{""x"":0.044270833333333336,""y"":0.0629415282578085,""w"":0.9505208333333334,""h"":0.9340597798259088}},{""photo"":""anno/EV/f0724/f0724_l_3.jpg"",""bbox"":{""x"":0.00693359375,""y"":0.06341552734375,""w"":0.9901171874999999,""h"":0.935546875}},{""photo"":""anno/EV/f0724/f0724_r_1.jpg"",""bbox"":{""x"":0.04686328125,""y"":0.04388427734375,""w"":0.94180078125,""h"":0.95025634765625}},{""photo"":""anno/EV/f0724/f0724_l.jpg"",""bbox"":{""x"":0.1536774861878453,""y"":0.14544677734375,""w"":0.8463225138121547,""h"":0.849609375}},{""photo"":""anno/EV/f0724/f0724_r.jpg"",""bbox"":{""x"":0.043798828125,""y"":0.044921875,""w"":0.947806640625,""h"":0.95404052734375}}]"
52	c?T11E9070-3030X00S001	52	"[{""photo"":""anno/EV/f0481/f0481_r.jpg"",""bbox"":{""x"":0.005349609375,""y"":0.12005615234375,""w"":0.7846093749999997,""h"":0.8203125}},{""photo"":""anno/EV/f0481/f0481_l.jpg"",""bbox"":{""x"":0.007353515624999999,""y"":0.03997802734375,""w"":0.9868417968749998,""h"":0.9561157226562499}}]"
53	c8T11E9000-4030X00S000	53	"[{""photo"":""anno/EV/f0434/f0434_f.jpg"",""bbox"":{""x"":0.13508789062499998,""y"":0.0,""w"":0.7686035156249998,""h"":0.998046875}},{""photo"":""anno/EV/f0434/f0434_f_2.jpg"",""bbox"":{""x"":0.1201171875,""y"":0.0703125,""w"":0.8642578125,""h"":0.927734375}},{""photo"":""anno/EV/f0434/f0434_f_1.jpg"",""bbox"":{""x"":0.064453125,""y"":0.0390625,""w"":0.8232421875,""h"":0.958984375}}]"
54	b9T11E7899-3030X00S000	54	"[{""photo"":""anno/EV/m0537/m0537_l.jpg"",""bbox"":{""x"":0.0033789062499999995,""y"":0.0,""w"":0.9950878906249999,""h"":0.998046875}},{""photo"":""anno/EV/m0537/m0537_f.jpg"",""bbox"":{""x"":0.0019062499999999997,""y"":0.001953125,""w"":0.9950624999999998,""h"":0.99609375}}]"
55	b8T11E8798-4555X01S0?0	55	"[{""photo"":""anno/EV/m0072/m0072_r.jpg"",""bbox"":{""x"":0.00488671875,""y"":0.0,""w"":0.9675703124999999,""h"":0.9980468749999999}},{""photo"":""anno/EV/m0072/m0072_f.jpg"",""bbox"":{""x"":0.10536328125,""y"":0.0019531249999999998,""w"":0.832939453125,""h"":0.9960937499999999}},{""photo"":""anno/EV/m0072/m0072_l.jpg"",""bbox"":{""x"":0.01851953125,""y"":0.033203125,""w"":0.98148046875,""h"":0.96484375}}]"
56	b9T11E7778-4535X00S000	56	"[{""photo"":""anno/EV/m0011/m0011_f_a.jpg"",""bbox"":{""x"":0.0053671875,""y"":0.0078125,""w"":0.9839843750000001,""h"":0.990234375}},{""photo"":""anno/EV/m0011/m0011_l_a.jpg"",""bbox"":{""x"":0.032890625,""y"":0.00390625,""w"":0.9636953125000001,""h"":0.994140625}},{""photo"":""anno/EV/m0011/m0011_f.jpg"",""bbox"":{""x"":0.03415300546448087,""y"":0.001953125,""w"":0.9306693989071038,""h"":0.99609375}},{""photo"":""anno/EV/m0011/m0011_l_c.jpg"",""bbox"":{""x"":0.027421875,""y"":0.044921875,""w"":0.972578125,""h"":0.953125}},{""photo"":""anno/EV/m0011/m0011_r.jpg"",""bbox"":{""x"":0.004209321120689655,""y"":0.001953125,""w"":0.9912951239224137,""h"":0.99609375}},{""photo"":""anno/EV/m0011/m0011_l.jpg"",""bbox"":{""x"":0.0018398437500000001,""y"":0.005859375,""w"":0.9971953125,""h"":0.9921875}},{""photo"":""anno/EV/m0011/m0011_r_a.jpg"",""bbox"":{""x"":0.0,""y"":0.0039062499999999996,""w"":0.9685683593749999,""h"":0.9941406249999999}}]"
57	b8T11E7779-5544X00S000	57	"[{""photo"":""anno/EV/m0191/m0191_r.jpg"",""bbox"":{""x"":0.00507563694267516,""y"":0.08203125,""w"":0.942376592356688,""h"":0.916015625}},{""photo"":""anno/EV/m0191/m0191_l.jpg"",""bbox"":{""x"":0.1745625,""y"":0.0,""w"":0.8254374999999999,""h"":0.998046875}},{""photo"":""anno/EV/m0191/m0191_o.JPG"",""bbox"":{""x"":0.0673828125,""y"":0.169921875,""w"":0.8408203125,""h"":0.787109375}},{""photo"":""anno/EV/m0191/m0191_f (1).JPG"",""bbox"":{""x"":0.2138671875,""y"":0.072265625,""w"":0.509765625,""h"":0.912109375}},{""photo"":""anno/EV/m0191/m0191_r"",""bbox"":{""x"":0.006757812499999999,""y"":0.080078125,""w"":0.9393359374999999,""h"":0.91796875}},{""photo"":""anno/EV/m0191/m0191_Tenebo.jpg"",""bbox"":{""x"":0.22705078125,""y"":0.1328125,""w"":0.48486328125,""h"":0.865234375}},{""photo"":""anno/EV/m0191/m0191_f.JPG"",""bbox"":{""x"":0.13623046875,""y"":0.107421875,""w"":0.6474609375,""h"":0.890625}},{""photo"":""anno/EV/m0191/m0191_o"",""bbox"":{""x"":0.06591796875,""y"":0.173828125,""w"":0.85107421875,""h"":0.77734375}}]"
58	c9T11E7099-0000X10S000	58	"[{""photo"":""anno/EV/f0461/f0461_f.jpg"",""bbox"":{""x"":0.0017988281249999999,""y"":0.029296875,""w"":0.98216015625,""h"":0.96875}},{""photo"":""anno/EV/f0461/f0461_l.jpg"",""bbox"":{""x"":0.0721171875,""y"":0.03515625,""w"":0.924796875,""h"":0.962890625}},{""photo"":""anno/EV/f0461/f0461_r.jpg"",""bbox"":{""x"":0.001439453125,""y"":0.0,""w"":0.9730703125,""h"":0.9980468749999999}}]"
59	c9T11E7799-4030X00S000	59	"[{""photo"":""anno/EV/f0062/f0062_22_r.jpg"",""bbox"":{""x"":0.0,""y"":0.064453125,""w"":0.9782462284482758,""h"":0.9335937499999999}},{""photo"":""anno/EV/f0062/f0062_u22_f.jpg"",""bbox"":{""x"":0.10672883064516128,""y"":0.01953125,""w"":0.8932711693548387,""h"":0.9765625}},{""photo"":""anno/EV/f0062/f0062_u22_l.jpg"",""bbox"":{""x"":0.0015606309808612437,""y"":0.064453125,""w"":0.9972431967703348,""h"":0.9335937499999999}}]"
60	b9T11E0000-3050X00S000	60	"[{""photo"":""anno/EV/m0405/m0405_r.jpg"",""bbox"":{""x"":0.0,""y"":0.0,""w"":0.9973995588445078,""h"":0.9749318421739555}},{""photo"":""anno/EV/m0405/m0405_l.jpg"",""bbox"":{""x"":0.011718793772324496,""y"":0.013305001835107006,""w"":0.9856807650721833,""h"":0.9821557384126393}}]"
61	c9T11E9090-0000X00S000	61	"[{""photo"":""anno/EV/f0187/f0187_r_a.jpg"",""bbox"":{""x"":0.003815002780867631,""y"":0.021484375,""w"":0.9842707174638488,""h"":0.9765625}},{""photo"":""anno/EV/f0187/f0187_r.jpg"",""bbox"":{""x"":0.002088666097838453,""y"":0.01953125,""w"":0.8730624288964732,""h"":0.978515625}},{""photo"":""anno/EV/f0187/f0187_r_c.jpg"",""bbox"":{""x"":0.0033125000000000003,""y"":0.015625,""w"":0.9225312500000001,""h"":0.98046875}},{""photo"":""anno/EV/f0187/f0187_f.jpg"",""bbox"":{""x"":0.007111068111455108,""y"":0.015625,""w"":0.7413288506191951,""h"":0.982421875}}]"
62	b9T11E8900-4040X00S000	62	"[{""photo"":""anno/EV/m0208/m0208_r.jpg"",""bbox"":{""x"":0.00741052215558861,""y"":0.006231282607818356,""w"":0.9925894778444114,""h"":0.9883032224835151}},{""photo"":""anno/EV/m0208/m0208_l.jpg"",""bbox"":{""x"":0.0875320869456887,""y"":0.0,""w"":0.9066707543102923,""h"":0.9945345050913335}},{""photo"":""anno/EV/m0208/m0208_f (1).jpg"",""bbox"":{""x"":0.0,""y"":0.007119076975253935,""w"":0.8068588295797623,""h"":0.9863500540596345}},{""photo"":""anno/EV/m0208/m0208_f.jpg"",""bbox"":{""x"":0.04914263676367937,""y"":0.006231282607818356,""w"":0.9468210420003195,""h"":0.9902563909073956}},{""photo"":""anno/EV/m0208/m0208_l (1).jpg"",""bbox"":{""x"":0.00260417639384988,""y"":0.004283691907776226,""w"":0.993493294253733,""h"":0.9465660250032009}}]"
63	c9T11E8808-3400X00S000	63	"[{""photo"":""anno/EV/f0266/f0266_r.jpg"",""bbox"":{""x"":0.04839304972383326,""y"":0.06482633532423232,""w"":0.9457392503217666,""h"":0.9316613381909816}},{""photo"":""anno/EV/f0266/f0266_f.jpg"",""bbox"":{""x"":0.005702435918061988,""y"":0.002324945760057484,""w"":0.9743192826117106,""h"":0.9941627277551565}},{""photo"":""anno/EV/f0266/f0266_f_a.jpg"",""bbox"":{""x"":0.018193278873193844,""y"":0.02771613527050354,""w"":0.9625026135144895,""h"":0.9668183698208299}},{""photo"":""anno/EV/f0266/f0266_l (1).jpg"",""bbox"":{""x"":0.07039882704823185,""y"":0.0003717773361769927,""w"":0.9251527323864636,""h"":0.996115896179037}},{""photo"":""anno/EV/f0266/f0266_l.jpg"",""bbox"":{""x"":0.014623313009646468,""y"":0.0042781141839379755,""w"":0.9824571405637749,""h"":0.992209559331276}}]"
64	c9T11E0000-3335X00S000	64	"[{""photo"":""anno/EV/f0258/f0258_l.jpg"",""bbox"":{""x"":0.048457031250000004,""y"":0.0078125,""w"":0.9449121093750001,""h"":0.98828125}},{""photo"":""anno/EV/f0258/f0258_o.jpg"",""bbox"":{""x"":0.0018769531249999997,""y"":0.0,""w"":0.6362871093749999,""h"":0.998046875}},{""photo"":""anno/EV/f0258/f0258_f.jpg"",""bbox"":{""x"":0.06617187499999999,""y"":0.015625,""w"":0.933828125,""h"":0.982421875}}]"
65	b8T11E9???-5340X00S000	65	"[{""photo"":""anno/EV/m0543/m0543_f (1).jpg"",""bbox"":{""x"":0.11400953389830508,""y"":0.0546875,""w"":0.7581634004237289,""h"":0.91015625}},{""photo"":""anno/EV/m0543/m0543_l_1.jpg"",""bbox"":{""x"":0.08047476803221287,""y"":0.005859375,""w"":0.9195252319677871,""h"":0.9902343749999999}},{""photo"":""anno/EV/m0543/m0543_f.jpg"",""bbox"":{""x"":0.2326875,""y"":0.0078125,""w"":0.76340625,""h"":0.986328125}},{""photo"":""anno/EV/m0543/m0543_l.jpg"",""bbox"":{""x"":0.00512109375,""y"":0.033203125,""w"":0.99487890625,""h"":0.96484375}}]"
66	b9T11E0000-0000X00S000	66	"[{""photo"":""anno/EV/m0006/m0006_l.jpeg"",""bbox"":{""x"":0.015216655356895198,""y"":0.008911177931017054,""w"":0.970724543449987,""h"":0.9843816301300649}}]"
67	c9T11E9890-5434X01S000	67	"[{""photo"":""anno/EV/f0818/f0818_f.jpg"",""bbox"":{""x"":0.036870422346201845,""y"":0.08898982738557426,""w"":0.963129577653798,""h"":0.9062561039292658}},{""photo"":""anno/EV/f0818/f0818_f_2.jpg"",""bbox"":{""x"":0.016281128625058476,""y"":0.006958024874735513,""w"":0.9603806068418621,""h"":0.9765690775099848}},{""photo"":""anno/EV/f0818/f0818_l_1.jpg"",""bbox"":{""x"":0.022970738983273443,""y"":0.003051748564695585,""w"":0.9692987364779454,""h"":0.9863347682850846}},{""photo"":""anno/EV/f0818/f0818_r_1.jpg"",""bbox"":{""x"":0.009388896725782029,""y"":0.04406764982011491,""w"":0.9835411809164736,""h"":0.9492251433397054}},{""photo"":""anno/EV/f0818/f0818_l.jpg"",""bbox"":{""x"":0.06800732386363804,""y"":0.04341663232919295,""w"":0.9213076363272226,""h"":0.9492251433397052}},{""photo"":""anno/EV/f0818/f0818_r.jpg"",""bbox"":{""x"":0.013676631815864426,""y"":0.042114511665094945,""w"":0.8379057411037468,""h"":0.9433657288746455}}]"
68	c8T11E8877-4050X00S000	68	"[{""photo"":""anno/EV/f0453/f0453_f.jpg"",""bbox"":{""x"":0.01351920389895545,""y"":0.04406764982011491,""w"":0.9822950646861142,""h"":0.9277406236344856}},{""photo"":""anno/EV/f0453/f0453_r.jpg"",""bbox"":{""x"":0.014240478898929317,""y"":0.05188020244019487,""w"":0.9429076353735313,""h"":0.9375063144095855}},{""photo"":""anno/EV/f0453/f0453_l.jpg"",""bbox"":{""x"":0.06685039651665291,""y"":0.032348820889995133,""w"":0.9250166876147656,""h"":0.9472720051846852}}]"
69	c8T10E9070-3040X10S000	69	"[{""photo"":""anno/EV/f0742/f0742_l_Josephine.jpg"",""bbox"":{""x"":0.07422008895557664,""y"":0.1978966773014736,""w"":0.8047020170973047,""h"":0.7989663384766827}},{""photo"":""anno/EV/f0742/f0742_f_Josephine.jpg"",""bbox"":{""x"":0.45703949514749836,""y"":0.07195124463519852,""w"":0.5390722250457672,""h"":0.6887640848936921}}]"
70	b9T11E0000-5534X?0S000	70	"[{""photo"":""anno/EV/m0375/m0375_l_1.jpg"",""bbox"":{""x"":0.06437499999999999,""y"":0.04882812499999999,""w"":0.9350468749999999,""h"":0.9492187499999999}},{""photo"":""anno/EV/m0375/m0375_l.jpg"",""bbox"":{""x"":0.08287259615384615,""y"":0.001953125,""w"":0.9171274038461539,""h"":0.99609375}}]"
71	b9T11E8870-3030X00S000	71	"[{""photo"":""anno/EV/m0362/m0362_r.jpg"",""bbox"":{""x"":0.01181536170042402,""y"":0.032348820889995133,""w"":0.9635798833078949,""h"":0.9609439722698252}},{""photo"":""anno/EV/m0362/m0362_o.jpg"",""bbox"":{""x"":0.008017807715778128,""y"":0.07727099845545449,""w"":0.987597944806998,""h"":0.9160217947043658}},{""photo"":""anno/EV/m0362/m0362_l.jpg"",""bbox"":{""x"":0.09216217286999326,""y"":0.07727099845545449,""w"":0.8505407346683163,""h"":0.9160217947043658}}]"
72	b9T11E9090-3050X00S000	72	"[{""photo"":""anno/EV/m0113/m0113_l 1.jpeg"",""bbox"":{""x"":0.009294840856545838,""y"":0.010864301184775438,""w"":0.9850724585412415,""h"":0.9804753538200247}},{""photo"":""anno/EV/m0113/m0113_r 1.jpeg"",""bbox"":{""x"":0.019933604485238527,""y"":0.014336576505677101,""w"":0.9766680100471402,""h"":0.9765690775099849}}]"
73	b8T11E7780-4530X00S000	73	"[{""photo"":""anno/EV/m0140/m0140_f.jpg"",""bbox"":{""x"":0.014557138211533347,""y"":0.010864301184775438,""w"":0.9800333051332049,""h"":0.9804753538200247}},{""photo"":""anno/EV/m0140/m0140_r.jpg"",""bbox"":{""x"":0.012955549460956907,""y"":0.032348820889995133,""w"":0.945595183857817,""h"":0.9550845578047651}}]"
74	c8T11E9790-3535X00S000	74	"[{""photo"":""anno/EV/f0618/f0618_l.jpg"",""bbox"":{""x"":0.020328352035393717,""y"":0.0,""w"":0.9663416518811366,""h"":0.9913396550048001}},{""photo"":""anno/EV/f0618/f0618_o.jpg"",""bbox"":{""x"":0.0990253430451996,""y"":0.07727099845545449,""w"":0.8634999528320069,""h"":0.9023498276192259}},{""photo"":""anno/EV/f0618/f0618_r.jpg"",""bbox"":{""x"":0.007269295147706947,""y"":0.010864301184775438,""w"":0.9808770703550157,""h"":0.978522215665005}},{""photo"":""anno/EV/f0618/f0618_r_1.jpg"",""bbox"":{""x"":0.009359586954525686,""y"":0.0,""w"":0.9692440479913467,""h"":0.9952459313148401}},{""photo"":""anno/EV/f0618/f0618_r_2.jpg"",""bbox"":{""x"":0.007136254708137865,""y"":0.016723715649835325,""w"":0.9861291182287406,""h"":0.9785222156650047}},{""photo"":""anno/EV/f0618/f0618_f.jpg"",""bbox"":{""x"":0.03702246410266985,""y"":0.005004886719715551,""w"":0.8992811341504768,""h"":0.9804753538200249}}]"
75	c9T11E0907-5000X00S000	75	"[{""photo"":""anno/EV/f0478/f0478_l.jpg"",""bbox"":{""x"":0.13541910967333282,""y"":0.08791587428342851,""w"":0.8554841832248044,""h"":0.897654404579885}},{""photo"":""anno/EV/f0478/f0478_r.jpg"",""bbox"":{""x"":0.002604213647564061,""y"":0.0050554677068237125,""w"":0.7682430260314074,""h"":0.9943248789192575}},{""photo"":""anno/EV/f0478/f0478_l_1.jpg"",""bbox"":{""x"":0.24870240334237081,""y"":0.16485768039027585,""w"":0.7500135304984589,""h"":0.8207125984730377}}]"
76	c8T11E7080-0000X00S000	76	"[{""photo"":""anno/EV/f0601/f0601_r.jpg"",""bbox"":{""x"":0.007026346176920397,""y"":0.11047434709079396,""w"":0.9551566041713822,""h"":0.8769590316039663}},{""photo"":""anno/EV/f0601/f0601_l_1.jpg"",""bbox"":{""x"":0.06524233860251831,""y"":0.08898982738557426,""w"":0.9305206931588925,""h"":0.8925841368441263}},{""photo"":""anno/EV/f0601/f0601_l.jpg"",""bbox"":{""x"":0.07949461241902067,""y"":0.008911163029755476,""w"":0.913453979019581,""h"":0.9824284919750447}},{""photo"":""anno/EV/f0601/f0601_o.jpg"",""bbox"":{""x"":0.002821101144834676,""y"":0.04406764982011491,""w"":0.9716151845174535,""h"":0.9394594525646054}}]"
77	c9T11E00?0-3030X00S000	77	"[{""photo"":""anno/EV/f0795/f0795_l.jpg"",""bbox"":{""x"":0.03419477342945417,""y"":0.044921875,""w"":0.961476570545829,""h"":0.953125}}]"
78	c8T11E0000-4554X00S000	78	"[{""photo"":""anno/EV/f0189/f0189_l.jpg"",""bbox"":{""x"":0.0018339843750000001,""y"":0.0,""w"":0.998166015625,""h"":0.998046875}}]"
79	b7T11E9070-3040X10S000	79	"[{""photo"":""anno/EV/m0055/m0055_l (1).jpg"",""bbox"":{""x"":0.05259580579010958,""y"":0.006958024874735524,""w"":0.9379387957339789,""h"":0.9824284919750447}},{""photo"":""anno/EV/m0055/m0055_l.jpg"",""bbox"":{""x"":0.04383002265240884,""y"":0.012817439339795433,""w"":0.9525484342968131,""h"":0.9824284919750447}},{""photo"":""anno/EV/m0055/m0055_f.jpg"",""bbox"":{""x"":0.008931137377475511,""y"":0.005004886719715551,""w"":0.9807950376251172,""h"":0.9785222156650047}},{""photo"":""anno/EV/m0055/m0055_r (1).jpg"",""bbox"":{""x"":0.011144789339663447,""y"":0.06164589321529468,""w"":0.9710136111648665,""h"":0.9296937617895055}},{""photo"":""anno/EV/m0055/m0055_r.jpg"",""bbox"":{""x"":0.0,""y"":0.06945844583537453,""w"":0.9869338772807508,""h"":0.9179749328593857}}]"
80	c9T11E7090-0000X00S000	80	"[{""photo"":""anno/EV/f0450/f0450_r.jpg"",""bbox"":{""x"":0.013909511413899308,""y"":0.049927064285174905,""w"":0.9108758075084927,""h"":0.9394594525646055}},{""photo"":""anno/EV/f0450/f0450_l.jpg"",""bbox"":{""x"":0.01269237297592633,""y"":0.06750530768035456,""w"":0.9772559112780776,""h"":0.9179749328593859}},{""photo"":""anno/EV/f0450/f0450_r_1.jpg"",""bbox"":{""x"":0.01292391760032614,""y"":0.03820823535505502,""w"":0.9154647542746737,""h"":0.9520262711951446}}]"
81	c8T11E9000-3000X00S000	81	"[{""photo"":""anno/EV/f0126/f0126_l.jpg"",""bbox"":{""x"":0.014367963553245428,""y"":0.010864301184775438,""w"":0.9677915254171816,""h"":0.9793701264353044}},{""photo"":""anno/EV/f0126/f0126_f_2.jpg"",""bbox"":{""x"":0.10385380224899586,""y"":0.005004886719715551,""w"":0.88271658912832,""h"":0.9804753538200249}},{""photo"":""anno/EV/f0126/f0126_r_3.jpg"",""bbox"":{""x"":0.013424720139657679,""y"":0.018676853804855398,""w"":0.9714257279745937,""h"":0.970709663044925}},{""photo"":""anno/EV/f0126/f0126_r (1).jpg"",""bbox"":{""x"":0.0,""y"":0.005004886719715551,""w"":0.9879237925952581,""h"":0.9882879064401048}},{""photo"":""anno/EV/f0126/f0126_o.jpg"",""bbox"":{""x"":0.005208427295128197,""y"":0.0012210436501943385,""w"":0.980486438307881,""h"":0.9895899985434513}},{""photo"":""anno/EV/f0126/f0126_l_1.jpg"",""bbox"":{""x"":0.011874217409127303,""y"":0.005004886719715551,""w"":0.9881257825908727,""h"":0.9843816301300649}},{""photo"":""anno/EV/f0126/f0126_r.jpg"",""bbox"":{""x"":0.010582259978128214,""y"":0.022583130114895322,""w"":0.9894177400218717,""h"":0.9726628011999447}}]"
82	c9T01E0708-5000X00S000	82	"[{""photo"":""anno/EV/f0424/f0424_r.jpg"",""bbox"":{""x"":0.0016075831017982568,""y"":0.008911163029755476,""w"":0.976142609943744,""h"":0.9824284919750447}},{""photo"":""anno/EV/f0424/f0424_l.jpg"",""bbox"":{""x"":0.04572421629778336,""y"":0.042114511665094945,""w"":0.9449115777753317,""h"":0.9414125907196254}},{""photo"":""anno/EV/f0424/f0424_f.jpg"",""bbox"":{""x"":0.07708431165588372,""y"":0.04992707918643646,""w"":0.8461832341825292,""h"":0.9394594525646055}}]"
83	c8T11E7080-4030X00S000	83	"[{""photo"":""anno/EV/f0037/f0037_u5_l.jpg"",""bbox"":{""x"":0.12081893913015322,""y"":0.016723715649835325,""w"":0.8597932171468048,""h"":0.966803386734885}},{""photo"":""anno/EV/f0037/f0037_u5_r.jpg"",""bbox"":{""x"":0.01935152053196643,""y"":0.010864301184775438,""w"":0.9181685340529914,""h"":0.9843816301300646}},{""photo"":""anno/EV/f0037/f0037_u5_f.jpg"",""bbox"":{""x"":0.10169440476725865,""y"":0.0128174393397954,""w"":0.8841988174309926,""h"":0.9746159393549648}}]"
84	c8T11E7780-5030X00S000	84	"[{""photo"":""anno/EV/f0043/f0043_f.jpg"",""bbox"":{""x"":0.019442358247414988,""y"":0.018676853804855398,""w"":0.9262608506848898,""h"":0.9746159393549649}},{""photo"":""anno/EV/f0043/f0043_r.jpg"",""bbox"":{""x"":0.018114031159188245,""y"":0.07336472214541445,""w"":0.9648572501020248,""h"":0.9179749328593857}},{""photo"":""anno/EV/f0043/f0043_l.jpg"",""bbox"":{""x"":0.017204340560249557,""y"":0.07727099845545449,""w"":0.9762949564421267,""h"":0.9101623802393057}},{""photo"":""anno/EV/f0043/f0043_r (1).jpg"",""bbox"":{""x"":1.6042801948290553e-06,""y"":0.018676853804855398,""w"":0.9843341639721572,""h"":0.9668033867348851}},{""photo"":""anno/EV/f0043/f0043_o.jpg"",""bbox"":{""x"":0.036458991065897305,""y"":0.12661864533115527,""w"":0.9192874175901248,""h"":0.8733813546688447}},{""photo"":""anno/EV/f0043/f0043_u3_l.jpg"",""bbox"":{""x"":0.030763383635552588,""y"":0.010864301184775438,""w"":0.9682791868349241,""h"":0.9843816301300646}},{""photo"":""anno/EV/f0043/f0043_u3_f.jpg"",""bbox"":{""x"":0.03228432797743425,""y"":0.0128174393397954,""w"":0.9548557482263718,""h"":0.9746159393549648}},{""photo"":""anno/EV/f0043/f0043_l_a.jpg"",""bbox"":{""x"":0.07615952429851401,""y"":0.010864301184775438,""w"":0.917582959757794,""h"":0.974615939354965}}]"
85	c9T11E9000-4040X00S000	85	"[{""photo"":""anno/EV/f0204/f0204_l.jpg"",""bbox"":{""x"":0.018070219630717966,""y"":0.003051748564695589,""w"":0.968376844846708,""h"":0.9824284919750449}},{""photo"":""anno/EV/f0204/f0204_f.jpg"",""bbox"":{""x"":0.04492608918649916,""y"":0.008911163029755476,""w"":0.9361887641628159,""h"":0.9824284919750447}}]"
86	c0T11E9890-3050X00S000	86	"[{""photo"":""anno/EV/f0709/f0709_r_2.jpg"",""bbox"":{""x"":0.01915082686622653,""y"":0.10070865631569409,""w"":0.9095671901505918,""h"":0.8886778605340864}},{""photo"":""anno/EV/f0709/f0709_r_3.jpg"",""bbox"":{""x"":0.05282800064166798,""y"":0.034301959045015096,""w"":0.9308996062446129,""h"":0.9550845578047653}},{""photo"":""anno/EV/f0709/f0709_r_1.jpg"",""bbox"":{""x"":0.0031464600507437874,""y"":0.08117727476549441,""w"":0.9213642779740572,""h"":0.908209242084286}},{""photo"":""anno/EV/f0709/f0709_f_2.jpg"",""bbox"":{""x"":0.057866569630831,""y"":0.003051748564695589,""w"":0.8868343581675929,""h"":0.9843816301300646}},{""photo"":""anno/EV/f0709/f0709_l_3.jpg"",""bbox"":{""x"":0.05047291321460491,""y"":0.07141159889165605,""w"":0.9432650119836592,""h"":0.9199280710144057}},{""photo"":""anno/EV/f0709/f0709_r.jpg"",""bbox"":{""x"":0.12404604383558723,""y"":0.07727101335671605,""w"":0.8308806647722131,""h"":0.908209242084286}},{""photo"":""anno/EV/f0709/f0709_f_1.jpg"",""bbox"":{""x"":0.01854106924205272,""y"":0.05188020244019487,""w"":0.9455092448074476,""h"":0.9316468999445254}},{""photo"":""anno/EV/f0709/f0709_l_1.jpg"",""bbox"":{""x"":0.1293057221261059,""y"":0.0128174393397954,""w"":0.8523014365078504,""h"":0.976569077509985}},{""photo"":""anno/EV/f0709/f0709_l_2.jpg"",""bbox"":{""x"":0.0628749562844819,""y"":0.07336472214541445,""w"":0.926090925744386,""h"":0.9218812091694256}},{""photo"":""anno/EV/f0709/f0709_f.jpg"",""bbox"":{""x"":0.07374245773432897,""y"":0.03820823535505502,""w"":0.914028208128869,""h"":0.957037695959785}},{""photo"":""anno/EV/f0709/f0709_l (1).jpg"",""bbox"":{""x"":0.11981715322298557,""y"":0.02844254457995521,""w"":0.8686562958541837,""h"":0.9668033867348849}}]"
87	c8T01E9080-5000X00S001	87	"[{""photo"":""anno/EV/f0454/f0454_f.jpg"",""bbox"":{""x"":0.009114747766474363,""y"":0.021061825150561684,""w"":0.9856948656030092,""h"":0.9710855349614348}},{""photo"":""anno/EV/f0454/f0454_r_1.jpg"",""bbox"":{""x"":0.010578458963709354,""y"":0.03625509720003506,""w"":0.9745273464288423,""h"":0.9550845578047651}},{""photo"":""anno/EV/f0454/f0454_r.jpg"",""bbox"":{""x"":0.02460495165485598,""y"":0.010864301184775438,""w"":0.9552125448582715,""h"":0.974615939354965}},{""photo"":""anno/EV/f0454/f0454_l.jpg"",""bbox"":{""x"":0.05259671148785016,""y"":0.014770577494815362,""w"":0.9307667913485872,""h"":0.9687565248899049}}]"
88	b8T11E9000-3000X00S000	88	"[{""photo"":""anno/EV/m0048/m0048_o.jpg"",""bbox"":{""x"":0.019914667381497355,""y"":0.0128174393397954,""w"":0.9556747330510434,""h"":0.9687565248899052}},{""photo"":""anno/EV/m0048/m0048_f.jpg"",""bbox"":{""x"":0.05583083878106851,""y"":0.008911163029755476,""w"":0.9382395824102728,""h"":0.9863347682850846}},{""photo"":""anno/EV/m0048/m0048_r.jpg"",""bbox"":{""x"":0.015419136695213536,""y"":0.07727099845545449,""w"":0.9695135841038696,""h"":0.9160217947043658}},{""photo"":""anno/EV/m0048/m0048_r_a.jpg"",""bbox"":{""x"":0.016799784057168584,""y"":0.026489406424935247,""w"":0.8549763615635296,""h"":0.9687565248899048}},{""photo"":""anno/EV/m0048/m0048_l (1).jpg"",""bbox"":{""x"":0.021153032243410034,""y"":0.053833340595214794,""w"":0.9599196610262435,""h"":0.9355531762545654}},{""photo"":""anno/EV/m0048/m0048_l.jpg"",""bbox"":{""x"":0.014645102338147377,""y"":0.053833340595214794,""w"":0.9745625033130846,""h"":0.9375063144095853}},{""photo"":""anno/EV/m0048/m0048_l_a.jpg"",""bbox"":{""x"":0.014310830933354573,""y"":0.006958024874735513,""w"":0.9030475412839151,""h"":0.978522215665005}}]"
89	c8T11E0000-3530X00S001	89	"[{""photo"":""anno/EV/f0079/f0079_u32_l.jpg"",""bbox"":{""x"":0.024641312893081763,""y"":0.0078125,""w"":0.9753586871069182,""h"":0.990234375}},{""photo"":""anno/EV/f0079/f0079_u32_l_a.jpg"",""bbox"":{""x"":0.07022553339517625,""y"":0.00390625,""w"":0.9297744666048238,""h"":0.994140625}}]"
90	b9T11E7000-3030X00S000	90	"[{""photo"":""anno/EV/m0343/m0343_r.jpg"",""bbox"":{""x"":0.03174711070318226,""y"":0.03625509720003506,""w"":0.9374322691258613,""h"":0.9433657288746453}},{""photo"":""anno/EV/m0343/m0343_l_1.jpg"",""bbox"":{""x"":0.020086018988470098,""y"":0.014770577494815362,""w"":0.9702284407501262,""h"":0.9668033867348852}},{""photo"":""anno/EV/m0343/m0343_l.jpg"",""bbox"":{""x"":0.05629744714521756,""y"":0.006958024874735524,""w"":0.9372512833310219,""h"":0.9785222156650047}},{""photo"":""anno/EV/m0343/m0343_f.jpg"",""bbox"":{""x"":0.06840671029554954,""y"":0.05383335549647639,""w"":0.8068114301518318,""h"":0.9414125907196252}},{""photo"":""anno/EV/m0343/m0343_r_1.jpg"",""bbox"":{""x"":0.01458197136130796,""y"":0.016723715649835325,""w"":0.9621736079382102,""h"":0.976569077509985}}]"
91	b9T11E7790-4030X00S000	91	[]
92	c9T11E9899-3455X00S001	92	[]
93	c9T11E0000-3444X00S001	93	[]
94	c9T00E9897-3545X00S001	94	[]
95	c9T11E8000-3033X00S000	95	[]
96	c9T11E0000-3000X00S000	96	"[{""photo"":""anno/EV/f0107/f0107_u19_f.jpg"",""bbox"":{""x"":0.0,""y"":0.027740478515625,""w"":0.9737383868243243,""h"":0.96875}}]"
97	c9T11E0000-3030X00S001	97	[]
98	c8T11E9798-3300X00S000	98	[]
99	c8T11E9009-0000X00S000	99	[]
100	c9T11E9980-4040X00S000	100	"[{""photo"":""anno/EV/f0732/f0732_r.jpg"",""bbox"":{""x"":0.006039062499999999,""y"":0.015380859375,""w"":0.9939609375,""h"":0.982421875}},{""photo"":""anno/EV/f0732/f0732_f.jpg"",""bbox"":{""x"":0.007597656249999999,""y"":0.032958984375,""w"":0.99240234375,""h"":0.9609374999999999}},{""photo"":""anno/EV/f0732/f0732_f_1.jpg"",""bbox"":{""x"":0.0472265625,""y"":0.034912109375,""w"":0.9527734375,""h"":0.95703125}},{""photo"":""anno/EV/f0732/f0732_l_1.jpg"",""bbox"":{""x"":0.077998046875,""y"":0.087890625,""w"":0.918466796875,""h"":0.906005859375}},{""photo"":""anno/EV/f0732/f0732_l.jpg"",""bbox"":{""x"":0.003015625,""y"":0.05859375,""w"":0.992140625,""h"":0.935302734375}},{""photo"":""anno/EV/f0732/f0732_r_1.jpg"",""bbox"":{""x"":0.0,""y"":0.011474609375,""w"":0.9740468750000001,""h"":0.984375}}]"
101	c9T11E0000-3040X00S001	101	"[{""photo"":""anno/EV/f0796/f0796_r_4.jpg"",""bbox"":{""x"":0.0,""y"":0.02630615234375,""w"":0.987970703125,""h"":0.970703125}},{""photo"":""anno/EV/f0796/f0796_r_1.jpg"",""bbox"":{""x"":0.0032265625000000003,""y"":0.04583740234375,""w"":0.9550625,""h"":0.94921875}},{""photo"":""anno/EV/f0796/f0796_r_2.jpg"",""bbox"":{""x"":0.0,""y"":0.01263427734375,""w"":1.0,""h"":0.98046875}},{""photo"":""anno/EV/f0796/f0796_r_3.jpg"",""bbox"":{""x"":0.0,""y"":0.01068115234375,""w"":0.9961875,""h"":0.982421875}},{""photo"":""anno/EV/f0796/f0796_f_1.jpg"",""bbox"":{""x"":0.0,""y"":0.01263427734375,""w"":0.9569133551307847,""h"":0.984375}},{""photo"":""anno/EV/f0796/f0796_o.jpg"",""bbox"":{""x"":0.0,""y"":0.02239990234375,""w"":0.5969389056143022,""h"":0.9600681603791948}},{""photo"":""anno/EV/f0796/f0796_l.jpg"",""bbox"":{""x"":0.089267578125,""y"":0.015625,""w"":0.910732421875,""h"":0.97943115234375}},{""photo"":""anno/EV/f0796/f0796_f.jpg"",""bbox"":{""x"":0.0,""y"":0.01654052734375,""w"":0.9581367924528301,""h"":0.9765625}},{""photo"":""anno/EV/f0796/f0796_r.jpg"",""bbox"":{""x"":0.0,""y"":0.04388427734375,""w"":0.941005859375,""h"":0.953125}},{""photo"":""anno/EV/f0796/f0796_l_1.jpg"",""bbox"":{""x"":0.0035484619901889496,""y"":0.014466471336912508,""w"":0.9858031005098111,""h"":0.9766834310068375}}]"
102	b9T11E0000-3555X00S000	102	[]
103	b8T10E9787-5545X00S000	103	"[{""photo"":""anno/EV/m0518/m0518_l.jpg"",""bbox"":{""x"":0.0218125,""y"":0.0,""w"":0.9781875,""h"":0.995849609375}},{""photo"":""anno/EV/m0518/m0518_r_a.jpg"",""bbox"":{""x"":0.0,""y"":0.00774773360303264,""w"":0.9924846745484812,""h"":0.9881018757719674}},{""photo"":""anno/EV/m0518/m0518_f.jpg"",""bbox"":{""x"":0.007683637520547143,""y"":0.0,""w"":0.9897121958127862,""h"":1.0}},{""photo"":""anno/EV/m0518/m0518_r.JPG"",""bbox"":{""x"":0.0,""y"":0.034912109375,""w"":0.95947265625,""h"":0.962890625}},{""photo"":""anno/EV/m0518/m0518_r (1).jpg"",""bbox"":{""x"":0.0,""y"":0.032958984375,""w"":0.96533203125,""h"":0.9609375}},{""photo"":""anno/EV/m0518/m0518_f_a.JPG"",""bbox"":{""x"":0.03234375,""y"":0.050537109375,""w"":0.96626953125,""h"":0.9453125}}]"
104	b8T11E9989-5450X00S000	104	"[{""photo"":""anno/EV/m0211/m0211_r (1).jpg"",""bbox"":{""x"":0.0,""y"":0.015380859375,""w"":1.0,""h"":0.980712890625}},{""photo"":""anno/EV/m0211/m0211_f.jpg"",""bbox"":{""x"":0.0,""y"":0.011474609375,""w"":0.9946289062500001,""h"":0.986328125}},{""photo"":""anno/EV/m0211/m0211_r.jpg"",""bbox"":{""x"":0.0013802083333333333,""y"":0.015380859375,""w"":0.9986197916666667,""h"":0.982421875}},{""photo"":""anno/EV/m0211/m0211_l.jpg"",""bbox"":{""x"":0.0029622395833333332,""y"":0.011474609375,""w"":0.9970377604166667,""h"":0.984375}}]"
105	b9T11E7799-3355X00S000	105	"[{""photo"":""anno/EV/m0021/m0021_l_a.jpg"",""bbox"":{""x"":0.039477539062500004,""y"":0.029052734375,""w"":0.9605224609375,""h"":0.966796875}},{""photo"":""anno/EV/m0021/m0021_r.jpg"",""bbox"":{""x"":0.0,""y"":0.023193359375,""w"":0.96009375,""h"":0.970703125}},{""photo"":""anno/EV/m0021/m0021_l.jpg"",""bbox"":{""x"":0.07036200887198986,""y"":0.06030273437499999,""w"":0.8239761565272495,""h"":0.9374999999999999}},{""photo"":""anno/EV/m0021/m0021_f.jpg"",""bbox"":{""x"":0.007053947717518828,""y"":0.005482342785636394,""w"":0.9881023022824812,""h"":0.9923203915893636}}]"
106	c8T11E9007-4040X00S000	106	"[{""photo"":""anno/EV/f0878/f0878_Nareya right.JPG"",""bbox"":{""x"":0.012126953125000001,""y"":0.029052734375,""w"":0.964958984375,""h"":0.96875}},{""photo"":""anno/EV/f0878/f0878_Nareya left.JPG"",""bbox"":{""x"":0.012812500000000001,""y"":0.027099609375,""w"":0.9871875,""h"":0.962890625}},{""photo"":""anno/EV/f0878/f0878_Nareya.JPG"",""bbox"":{""x"":0.22005208333333334,""y"":0.031224430387713997,""w"":0.6328125,""h"":0.963777693856999}}]"
107	b8T11E9000-5344X00S001	107	"[{""photo"":""anno/EV/m0279/m0279_r (1).jpg"",""bbox"":{""x"":0.0,""y"":0.023193359375,""w"":0.9704296874999999,""h"":0.974609375}},{""photo"":""anno/EV/m0279/m0279_l.jpg"",""bbox"":{""x"":0.00447265625,""y"":0.001708984375,""w"":0.9795117187500001,""h"":0.994140625}},{""photo"":""anno/EV/m0279/m0279_l_2 (1).jpg"",""bbox"":{""x"":0.07954101562499999,""y"":0.091552734375,""w"":0.920458984375,""h"":0.90234375}},{""photo"":""anno/EV/m0279/m0279_l (1).jpg"",""bbox"":{""x"":0.0342890625,""y"":0.025146484375,""w"":0.9657109375,""h"":0.97265625}},{""photo"":""anno/EV/m0279/m0279_l_2.jpg"",""bbox"":{""x"":0.06790364583333335,""y"":0.091552734375,""w"":0.8614062500000002,""h"":0.90234375}},{""photo"":""anno/EV/m0279/m0279_l_1.jpg"",""bbox"":{""x"":0.030656249999999996,""y"":0.077880859375,""w"":0.9693437500000001,""h"":0.9140625}},{""photo"":""anno/EV/m0279/m0279_r.jpg"",""bbox"":{""x"":0.0,""y"":0.044677734375,""w"":0.9056803385416667,""h"":0.953125}},{""photo"":""anno/EV/m0279/m0279_r_1.jpg"",""bbox"":{""x"":0.0047460937499999994,""y"":0.0,""w"":0.99525390625,""h"":0.995849609375}}]"
108	b8T11E7090-4355X10S000	108	[]
109	c9T11E0000-3050X00S000	109	"[{""photo"":""anno/EV/f0627/f0627_f.jpg"",""bbox"":{""x"":0.041871093750000005,""y"":0.034912109375,""w"":0.95812890625,""h"":0.962890625}},{""photo"":""anno/EV/f0627/f0627_l.jpg"",""bbox"":{""x"":0.10520507812499999,""y"":0.075927734375,""w"":0.894794921875,""h"":0.91796875}},{""photo"":""anno/EV/f0627/f0627_l_1.jpg"",""bbox"":{""x"":0.03588724134738042,""y"":0.00774773360303264,""w"":0.9635724301771644,""h"":0.9858991009859035}}]"
110	c9T11E9889-5550X11S000	110	"[{""photo"":""anno/EV/f0626/f0626_r.jpg"",""bbox"":{""x"":0.104609375,""y"":0.10351562500000001,""w"":0.8272187499999999,""h"":0.8884277343749999}},{""photo"":""anno/EV/f0626/f0626_r_1.jpg"",""bbox"":{""x"":0.0,""y"":0.044677734375,""w"":0.974421875,""h"":0.953125}},{""photo"":""anno/EV/f0626/f0626_l_1.jpg"",""bbox"":{""x"":0.025267578125,""y"":0.019287109375,""w"":0.974732421875,""h"":0.978515625}},{""photo"":""anno/EV/f0626/f0626_f.jpg"",""bbox"":{""x"":0.0,""y"":0.027099609375,""w"":0.9194774269311065,""h"":0.96875}},{""photo"":""anno/EV/f0626/f0626_l.jpg"",""bbox"":{""x"":0.10958282950423218,""y"":0.08203125,""w"":0.8904171704957679,""h"":0.913818359375}}]"
111	c9T11E8080-4040X00S000	111	"[{""photo"":""anno/EV/f0286/f0286_r.jpg"",""bbox"":{""x"":0.0026407917352050036,""y"":0.0,""w"":0.997359208264795,""h"":0.9959105573828806}},{""photo"":""anno/EV/f0286/f0286_l.jpg"",""bbox"":{""x"":0.032479865820756335,""y"":0.044732275888155426,""w"":0.9675201341792435,""h"":0.9511782814947252}},{""photo"":""anno/EV/f0286/f0286_r (1).jpg"",""bbox"":{""x"":0.009204685251125885,""y"":0.04101558553494011,""w"":0.9850141121995805,""h"":0.9392698666077808}},{""photo"":""anno/EV/f0286/f0286_l_a.jpg"",""bbox"":{""x"":0.0,""y"":0.005859046124500757,""w"":1.0,""h"":0.9920046494133998}},{""photo"":""anno/EV/f0286/f0286_f.jpg"",""bbox"":{""x"":0.0,""y"":0.019341479872895806,""w"":0.9852579987802931,""h"":0.9726628011999449}}]"
112	b9T11E8779-4050X00S000	112	"[{""photo"":""anno/EV/m0595/m0595_r.jpg"",""bbox"":{""x"":0.0,""y"":0.0408259995781155,""w"":0.9870726897344445,""h"":0.9492251433397054}},{""photo"":""anno/EV/m0595/m0595_r_1.jpg"",""bbox"":{""x"":0.0,""y"":0.04668541404317539,""w"":0.9896432458771718,""h"":0.9453188670296653}},{""photo"":""anno/EV/m0595/m0595_f_1.jpg"",""bbox"":{""x"":0.05109467176520746,""y"":0.0800782697052197,""w"":0.9489053282347926,""h"":0.9177854258326811}},{""photo"":""anno/EV/m0595/m0595_f.jpg"",""bbox"":{""x"":0.0925353338849802,""y"":0.03691972326807558,""w"":0.8575818773179174,""h"":0.9609439722698252}},{""photo"":""anno/EV/m0595/m0595_r (1).jpg"",""bbox"":{""x"":0.0,""y"":0.0623105192833352,""w"":0.9937143171421553,""h"":0.9296937617895055}}]"
113	b8T11E7070-5050X00S000	113	[]
114	c8T10E8?80-3340X00S011	114	"[{""photo"":""anno/EV/f0873/f0873_f_Essa.JPG"",""bbox"":{""x"":0.09696685825554244,""y"":0.08789078286023966,""w"":0.7247167428948801,""h"":0.9055037561135032}},{""photo"":""anno/EV/f0873/f0873_Essa right ear.JPG"",""bbox"":{""x"":0.0,""y"":0.03288460319996844,""w"":0.9481838963080143,""h"":0.962897110424845}}]"
115	b9T11E7888-0000X10S000	115	"[{""photo"":""anno/EV/m0220/m0220_r_1.jpg"",""bbox"":{""x"":0.0,""y"":0.060357381128315124,""w"":1.0,""h"":0.9336000380995457}},{""photo"":""anno/EV/m0220/m0220_r_3.jpg"",""bbox"":{""x"":0.0,""y"":0.0,""w"":0.9803612307688353,""h"":0.9959105573828806}},{""photo"":""anno/EV/m0220/m0220_r.jpg"",""bbox"":{""x"":0.0,""y"":0.021294618027915768,""w"":0.990863625867766,""h"":0.9726628011999451}}]"
116	c8T11E8090-5030X00S001	116	[]
117	b0T11E9789-3040X00S000	117	"[{""photo"":""anno/EV/m0305/m0305_l.jpg"",""bbox"":{""x"":0.0,""y"":0.003716374632736108,""w"":0.944139732645869,""h"":0.9882879064401046}},{""photo"":""anno/EV/m0305/m0305_r (1).jpg"",""bbox"":{""x"":0.0,""y"":0.007622650942775996,""w"":0.9360496443602979,""h"":0.9804753538200247}},{""photo"":""anno/EV/m0305/m0305_r.jpg"",""bbox"":{""x"":0.0,""y"":0.01348206540783592,""w"":0.9870221185595274,""h"":0.976569077509985}},{""photo"":""anno/EV/m0305/m0305_f.jpg"",""bbox"":{""x"":0.0,""y"":0.06054703286023966,""w"":0.9352024121118623,""h"":0.9353635245226409}}]"
118	c9T11E0000-0000X00S000	118	[]
119	b8T11E8080-3050X00S000	119	"[{""photo"":""anno/EV/m0015/m0015_f (1).jpg"",""bbox"":{""x"":0.039574932695207767,""y"":0.01171875,""w"":0.9604250673047924,""h"":0.9823064848692145}},{""photo"":""anno/EV/m0015/m0015_r (1).jpg"",""bbox"":{""x"":0.0,""y"":0.007256437538709748,""w"":1.0,""h"":0.9843816301300649}},{""photo"":""anno/EV/m0015/m0015_f.jpg"",""bbox"":{""x"":0.0729729600519732,""y"":0.01171872368996006,""w"":0.9205996949400975,""h"":0.9838256202888542}},{""photo"":""anno/EV/m0015/m0015_l.jpg"",""bbox"":{""x"":0.022143789727212426,""y"":0.009765493449800267,""w"":0.9778562102727876,""h"":0.9879490106573748}},{""photo"":""anno/EV/m0015/m0015_l_a.jpg"",""bbox"":{""x"":0.027279458372041807,""y"":0.01897526646882952,""w"":0.9727205416279582,""h"":0.976569077509985}},{""photo"":""anno/EV/m0015/m0015_r.jpg"",""bbox"":{""x"":0.009075964560251847,""y"":0.05273449339517972,""w"":0.9199233807609424,""h"":0.9472655066048202}}]"
120	c9T11E8780-0000X00S000	120	"[{""photo"":""anno/EV/f0790/f0790_r.jpg"",""bbox"":{""x"":0.0,""y"":0.025200894337955693,""w"":0.9877972654241411,""h"":0.966803386734885}},{""photo"":""anno/EV/f0790/f0790_r_1.jpg"",""bbox"":{""x"":0.0,""y"":0.0,""w"":0.9998637286266306,""h"":0.9920042810728407}}]"
121	c8T11E9900-3050X00S000	121	"[{""photo"":""anno/EV/f0853/f0853_f.jpg"",""bbox"":{""x"":0.014323175061602486,""y"":0.27206382830857767,""w"":0.6783976551904463,""h"":0.7279361716914223}},{""photo"":""anno/EV/f0853/f0853_r.jpg"",""bbox"":{""x"":0.09375169131230739,""y"":0.15171895209017552,""w"":0.5338637977506391,""h"":0.6471003180268182}},{""photo"":""anno/EV/f0853/f0853_r_1.jpg"",""bbox"":{""x"":0.16146124614897372,""y"":0.16158328620643794,""w"":0.7135545394325615,""h"":0.8384167137935621}}]"
122	c8T11E9090-3035X00S01?	122	"[{""photo"":""anno/EV/f0518/f0518_r.jpg"",""bbox"":{""x"":0.0,""y"":0.0,""w"":1.0,""h"":0.9893390712329775}},{""photo"":""anno/EV/f0518/f0518_f.jpg"",""bbox"":{""x"":0.0,""y"":0.009765467139760342,""w"":0.9973403880471563,""h"":0.9771863921889926}},{""photo"":""anno/EV/f0518/f0518_f_1.jpg"",""bbox"":{""x"":0.0,""y"":0.018195334438847993,""w"":1.0,""h"":0.9746159393549648}},{""photo"":""anno/EV/f0518/f0518_l.jpg"",""bbox"":{""x"":0.0,""y"":0.015001801563304612,""w"":0.9974138270170476,""h"":0.9849981984366953}}]"
123	c9T11E8070-3555X01S000	123	"[{""photo"":""anno/EV/f0255/f0255_l.jpg"",""bbox"":{""x"":0.004599083834936171,""y"":0.005859322379920151,""w"":0.9950493536650639,""h"":0.9832694920524643}},{""photo"":""anno/EV/f0255/f0255_o.jpg"",""bbox"":{""x"":0.0,""y"":0.010606598767379571,""w"":0.9649483445605034,""h"":0.9824284919750448}},{""photo"":""anno/EV/f0255/f0255_r.jpg"",""bbox"":{""x"":0.0,""y"":0.018419151387459445,""w"":1.0,""h"":0.9726628011999449}},{""photo"":""anno/EV/f0255/f0255_r_a.jpg"",""bbox"":{""x"":0.0,""y"":0.014512875077419496,""w"":1.0,""h"":0.9804753538200248}},{""photo"":""anno/EV/f0255/f0255_f.jpg"",""bbox"":{""x"":0.004924302033161084,""y"":0.024278565852519307,""w"":0.9950756979668389,""h"":0.968756524889905}}]"
124	b9T11E9097-0000X00S000	124	"[{""photo"":""anno/EV/m0290/m0290_f.jpg"",""bbox"":{""x"":0.0031307690190924935,""y"":0.011528927252815957,""w"":0.9968692309809075,""h"":0.978522215665005}},{""photo"":""anno/EV/m0290/m0290_l.jpg"",""bbox"":{""x"":0.0013637239509964596,""y"":0.019341479872895806,""w"":0.9911233489513566,""h"":0.9765690775099848}}]"
125	c8T11E9888-4550X00S000	125	"[{""photo"":""anno/EV/f0511/f0511_r.jpg"",""bbox"":{""x"":0.0,""y"":0.001953019759840191,""w"":1.0,""h"":0.9922214214413613}},{""photo"":""anno/EV/f0511/f0511_l.jpg"",""bbox"":{""x"":0.014910384624349314,""y"":0.01760536369121657,""w"":0.9850896153756507,""h"":0.9785222156650049}},{""photo"":""anno/EV/f0511/f0511_f.jpg"",""bbox"":{""x"":0.0,""y"":0.0,""w"":0.996181575861833,""h"":0.9980807175112414}}]"
126	b8T11E798?-3050X00S110	126	"[{""photo"":""anno/EV/m0267/m0267_Bull 02 pic 2.JPG"",""bbox"":{""x"":0.0,""y"":0.013482065407835904,""w"":1.0,""h"":0.9765690775099848}},{""photo"":""anno/EV/m0267/m0267_r.jpg"",""bbox"":{""x"":0.03378410077176421,""y"":0.05840424297329516,""w"":0.9357453142614208,""h"":0.9336000380995455}},{""photo"":""anno/EV/m0267/m0267_r_1.jpg"",""bbox"":{""x"":0.03372721328735928,""y"":0.06426365743835516,""w"":0.9088770735339873,""h"":0.9296937617895057}},{""photo"":""anno/EV/m0267/m0267_Bull 02 in Esoit.JPG"",""bbox"":{""x"":0.3544996926983638,""y"":0.15410801256927376,""w"":0.44825027408696955,""h"":0.8398494066585871}},{""photo"":""anno/EV/m0267/m0267_f.jpg"",""bbox"":{""x"":0.030606208033744184,""y"":0.015435203562855881,""w"":0.9693937919662559,""h"":0.9765690775099848}}]"
127	b9T11E9877-5050X00S000	127	"[{""photo"":""anno/EV/m0538/m0538_l.jpg"",""bbox"":{""x"":0.0033620416357379333,""y"":0.00566951278775607,""w"":0.9966379583642622,""h"":0.9863347682850846}},{""photo"":""anno/EV/m0538/m0538_f.jpg"",""bbox"":{""x"":0.002022677982655609,""y"":0.01348206540783592,""w"":0.9979773220173443,""h"":0.9824284919750447}},{""photo"":""anno/EV/m0538/m0538_r.jpg"",""bbox"":{""x"":0.0,""y"":0.007812460534940113,""w"":1.0,""h"":0.9880980968479405}}]"
128	?1T11E0000-0000X00S000	128	"[{""photo"":""anno/EV/f0241/f0241_o.jpg"",""bbox"":{""x"":0.0,""y"":0.023247756182935755,""w"":1.0,""h"":0.9687565248899049}}]"
129	c9T11E0000-0000X00S000	129	"[{""photo"":""anno/EV/f0613/f0613_IMG_1327_processed.jpg"",""bbox"":{""x"":0.07090183862334305,""y"":0.011528927252815957,""w"":0.9290981613766569,""h"":0.9843816301300646}},{""photo"":""anno/EV/f0613/f0613_r.jpg"",""bbox"":{""x"":0.0,""y"":0.01348206540783592,""w"":1.0,""h"":0.9785222156650047}},{""photo"":""anno/EV/f0613/f0613_l.jpg"",""bbox"":{""x"":0.0,""y"":0.0076226509427760325,""w"":0.9459177676140678,""h"":0.9882879064401046}},{""photo"":""anno/EV/f0613/f0613_f_1.jpg"",""bbox"":{""x"":0.03989431713476691,""y"":0.042779137733135464,""w"":0.9601056828652332,""h"":0.9492251433397052}}]"
130	c9T11E8080-4040X00S000	130	"[{""photo"":""anno/EV/f0367/f0367_f.jpg"",""bbox"":{""x"":0.025523244689020962,""y"":0.0,""w"":0.974476755310979,""h"":0.9885320449841668}},{""photo"":""anno/EV/f0367/f0367_r.jpg"",""bbox"":{""x"":0.0,""y"":0.015435203562855881,""w"":0.960986488248782,""h"":0.9804753538200247}}]"
131	c0T11E9980-4440X00S000	131	"[{""photo"":""anno/EV/f0608/f0608_l.jpg"",""bbox"":{""x"":0.2559143926056338,""y"":0.132568359375,""w"":0.7440856073943661,""h"":0.8554687499999999}},{""photo"":""anno/EV/f0608/f0608_l (1).jpg"",""bbox"":{""x"":0.005026694749216302,""y"":0.027099609375,""w"":0.9949733052507836,""h"":0.96875}},{""photo"":""anno/EV/f0608/f0608_r_1.jpg"",""bbox"":{""x"":0.0,""y"":0.040771484375,""w"":0.9764999999999999,""h"":0.955078125}},{""photo"":""anno/EV/f0608/f0608_l_1.jpg"",""bbox"":{""x"":0.04404296875,""y"":0.032958984375,""w"":0.95595703125,""h"":0.9609375}},{""photo"":""anno/EV/f0608/f0608_r.jpg"",""bbox"":{""x"":0.0,""y"":0.068115234375,""w"":0.9810937499999999,""h"":0.92578125}},{""photo"":""anno/EV/f0608/f0608_o.jpg"",""bbox"":{""x"":0.005208333333333333,""y"":0.18619319370814733,""w"":0.9140625,""h"":0.8138068062918526}}]"
132	b8T11E9000-5530X00S000	132	[]
133	c9T11E9900-3340X00S000	133	"[{""photo"":""anno/EV/f0254/f0254_f.jpg"",""bbox"":{""x"":0.0,""y"":0.118896484375,""w"":0.9185312499999999,""h"":0.87890625}},{""photo"":""anno/EV/f0254/f0254_l_a.jpg"",""bbox"":{""x"":0.0494375,""y"":0.040771484375,""w"":0.9505625,""h"":0.953125}},{""photo"":""anno/EV/f0254/f0254_r.jpg"",""bbox"":{""x"":0.0,""y"":0.009521484375,""w"":1.0,""h"":0.9780724333365668}},{""photo"":""anno/EV/f0254/f0254_l.jpg"",""bbox"":{""x"":0.0556640625,""y"":0.036865234375,""w"":0.9443359375,""h"":0.961181640625}}]"
134	c9T11E0000-5554X00S000	134	[]
135	b0T11E0000-4050X00S000	135	"[{""photo"":""anno/EV/m0068/k_m0068.jpg"",""bbox"":{""x"":0.0713671875,""y"":0.034912109375,""w"":0.9286328125,""h"":0.9609375}}]"
136	c8T11E7080-5545X00S000	136	"[{""photo"":""anno/EV/f0298/f0298_f.jpg"",""bbox"":{""x"":0.042041015625,""y"":0.019134521484375,""w"":0.8946328125,""h"":0.978515625}},{""photo"":""anno/EV/f0298/f0298_r.jpg"",""bbox"":{""x"":0.0,""y"":0.003509521484375,""w"":0.93909375,""h"":0.994140625}},{""photo"":""anno/EV/f0298/f0298_r_1.jpg"",""bbox"":{""x"":0.0,""y"":0.017181396484375,""w"":1.0,""h"":0.974609375}},{""photo"":""anno/EV/f0298/f0298_l_1.jpg"",""bbox"":{""x"":0.014094716494845361,""y"":0.017181396484375,""w"":0.9859052835051546,""h"":0.978515625}},{""photo"":""anno/EV/f0298/f0298_l.jpg"",""bbox"":{""x"":0.01474609375,""y"":0.044525146484375,""w"":0.98525390625,""h"":0.951171875}},{""photo"":""anno/EV/f0298/f0298_r (1).jpg"",""bbox"":{""x"":0.0,""y"":0.030853271484375,""w"":0.985703125,""h"":0.962890625}}]"
137	c9T11E0000-5000X00S000	137	"[{""photo"":""anno/EV/f0172/f0172_r.jpg"",""bbox"":{""x"":0.0,""y"":0.012420654296875,""w"":0.9192537006578948,""h"":0.982421875}},{""photo"":""anno/EV/f0172/f0172_l.jpg"",""bbox"":{""x"":0.0,""y"":0.002655029296875,""w"":0.9976484375,""h"":0.9921875}},{""photo"":""anno/EV/f0172/f0172_f.jpg"",""bbox"":{""x"":0.0,""y"":0.024139404296875,""w"":0.9913044124474631,""h"":0.975860595703125}}]"
138	c9T11E9090-4030X00S111	138	"[{""photo"":""anno/EV/f0447/f0447_r.jpg"",""bbox"":{""x"":0.0,""y"":0.015380859375,""w"":0.933572265625,""h"":0.9765625}},{""photo"":""anno/EV/f0447/f0447_l.jpg"",""bbox"":{""x"":0.08290625,""y"":0.003662109375,""w"":0.9090078125000001,""h"":0.996337890625}}]"
139	b9T11E8000-0005X00S000	139	[]
140	b9T11E0797-5000X00S000	140	[]
141	b9T11E0000-3030X00S000	141	[]
142	c8T11E7790-5455X00S000	142	[]
143	b8T11E8799-5354X?0S000	143	[]
144	c8T01E8790-3030X01S000	144	[]
145	b9T11E9988-5050X00S000	145	"[{""photo"":""anno/EV/m0183/m0183_r.jpg"",""bbox"":{""x"":0.0,""y"":0.0,""w"":0.9498515625000001,""h"":0.9945068359375}},{""photo"":""anno/EV/m0183/m0183_r_1.jpg"",""bbox"":{""x"":0.0,""y"":0.0179443359375,""w"":1.0,""h"":0.97265625}},{""photo"":""anno/EV/m0183/m0183_l.jpg"",""bbox"":{""x"":0.07667666303162486,""y"":0.0198974609375,""w"":0.9233233369683751,""h"":0.974609375}},{""photo"":""anno/EV/m0183/m0183.jpg"",""bbox"":{""x"":0.0,""y"":0.0120849609375,""w"":0.9963834635416667,""h"":0.98046875}},{""photo"":""anno/EV/m0183/m0183_f.jpg"",""bbox"":{""x"":0.09923437500000001,""y"":0.0238037109375,""w"":0.8982421875000002,""h"":0.974609375}}]"
146	b9T11E8090-4040X00S000	146	[]
147	c9T11E7970-0500X00S000	147	[]
148	b9T11E8707-4555X00S000	148	[]
149	c8T11E9099-0000X00S000	149	[]
150	c9T11E8090-4050X00S000	150	"[{""photo"":""anno/EV/f0727/f0727_r.jpg"",""bbox"":{""x"":0.0017304687499999998,""y"":0.05313110351562499,""w"":0.99826953125,""h"":0.946868896484375}},{""photo"":""anno/EV/f0727/f0727_f.jpg"",""bbox"":{""x"":0.001681640625,""y"":0.021881103515625,""w"":0.9753515625,""h"":0.974609375}}]"
151	b9T11E0000-3350X00S000	151	[]
152	b9T11E9980-5050X00S000	152	[]
153	c9T11E8990-4403X10S000	153	[]
154	c9T00E8879-5030X00S111	154	"[{""photo"":""anno/EV/f0309/f0309_r.jpg"",""bbox"":{""x"":0.0,""y"":0.011528927252815957,""w"":1.0,""h"":0.9824284919750449}}]"
155	c9T11E8787-4545X10S000	155	"[{""photo"":""anno/EV/f0616/f0616_l_1.jpg"",""bbox"":{""x"":0.06782676876730187,""y"":0.019531263155019962,""w"":0.932173231232698,""h"":0.9763792942278606}},{""photo"":""anno/EV/f0616/f0616_r.jpg"",""bbox"":{""x"":0.0013833862777002735,""y"":0.05449796666325524,""w"":0.9986166137222998,""h"":0.9414125907196254}},{""photo"":""anno/EV/f0616/f0616_l.jpg"",""bbox"":{""x"":0.02499714595766921,""y"":0.05859401310039947,""w"":0.9750028540423309,""h"":0.9392696824375013}},{""photo"":""anno/EV/f0616/f0616_o.jpg"",""bbox"":{""x"":0.13162013350774796,""y"":0.06426365743835512,""w"":0.8313567948335351,""h"":0.9316468999445254}}]"
156	c9T11E0800-5350X00S000	156	"[{""photo"":""anno/EV/f0024/f0024_u10_r.jpg"",""bbox"":{""x"":0.0,""y"":0.003716374632736108,""w"":1.0,""h"":0.9902410445951247}}]"
157	b9T11E9?8?-5500X00S000	157	[]
158	c9T01E8080-3040X00S111	158	"[{""photo"":""anno/EV/f0606/f0606_f.jpg"",""bbox"":{""x"":0.0078125,""y"":0.00764480744949495,""w"":0.9895833333333334,""h"":0.9883996212121212}},{""photo"":""anno/EV/f0606/f0606_r.jpg"",""bbox"":{""x"":0.00519140625,""y"":0.04858398437499999,""w"":0.9707929687499999,""h"":0.9453124999999999}}]"
159	c9T11E9890-5500X00S101	159	[]
160	c9T01E0000-0500X00S101	160	"[{""photo"":""anno/EV/f0141/f0141_l.jpg"",""bbox"":{""x"":0.0,""y"":0.126953125,""w"":1.0,""h"":0.868896484375}}]"
161	b8T11E7980-3000X00S000	161	"[{""photo"":""anno/EV/m0247/m0247_f.jpg"",""bbox"":{""x"":0.05264160764254376,""y"":0.024971388409161424,""w"":0.9440380798574564,""h"":0.9728313459658385}}]"
162	b9T11E8977-3000X00S000	162	[]
163	b9T11E8990-3050X00S000	163	"[{""photo"":""anno/EV/f0409/f0409_f.jpg"",""bbox"":{""x"":0.0,""y"":0.0078125,""w"":1.0,""h"":0.988037109375}}]"
164	b9T11E8770-3550X00S000	164	"[{""photo"":""anno/EV/m0118/m0118_l.jpeg"",""bbox"":{""x"":0.037636282961460446,""y"":0.013671875,""w"":0.9623637170385395,""h"":0.984130859375}}]"
165	c9T10E9990-5535X00S001	165	"[{""photo"":""anno/EV/m0236/m0236_r.jpg"",""bbox"":{""x"":0.005400390625,""y"":0.08690586506741725,""w"":0.8721977059210144,""h"":0.9130941349325827}},{""photo"":""anno/EV/m0236/m0236_f.jpg"",""bbox"":{""x"":0.077197265625,""y"":0.032470703125,""w"":0.888525390625,""h"":0.9609375}},{""photo"":""anno/EV/m0236/m0236_r_1.jpg"",""bbox"":{""x"":0.006091655545384413,""y"":0.06900325240200945,""w"":0.9939083444546155,""h"":0.9013331626718626}}]"
166	c9T11E7090-5344X00S001	166	"[{""photo"":""anno/EV/f0653/f0653_f_1.jpg"",""bbox"":{""x"":0.11244769874476988,""y"":0.091796875,""w"":0.8875523012552301,""h"":0.906005859375}},{""photo"":""anno/EV/f0653/f0653_f.jpg"",""bbox"":{""x"":0.11814573558981234,""y"":0.019287109375,""w"":0.8818542644101877,""h"":0.970703125}},{""photo"":""anno/EV/f0653/f0653_l.jpg"",""bbox"":{""x"":0.047521484375,""y"":0.04296875,""w"":0.952478515625,""h"":0.952880859375}}]"
167	c9T11E9080-5400X00S001	167	"[{""photo"":""anno/EV/f0056/f0056_u39_f.jpg"",""bbox"":{""x"":0.0,""y"":0.013427734375,""w"":0.955671806167401,""h"":0.984375}},{""photo"":""anno/EV/f0056/f0056_u39_r.jpg"",""bbox"":{""x"":0.0,""y"":0.023193359375,""w"":0.9620839636913766,""h"":0.976806640625}},{""photo"":""anno/EV/f0056/f0056?_l.jpg"",""bbox"":{""x"":0.00344921875,""y"":0.019287109375,""w"":0.99655078125,""h"":0.98046875}},{""photo"":""anno/EV/f0056/f0056?_l_a.jpg"",""bbox"":{""x"":0.0221796875,""y"":0.0,""w"":0.9778203125,""h"":0.997802734375}},{""photo"":""anno/EV/f0056/f0056_u39_l.jpg"",""bbox"":{""x"":0.0177801724137931,""y"":0.0,""w"":0.9822198275862069,""h"":0.997802734375}}]"
168	c9T11E0007-4304X00S000	168	"[{""photo"":""anno/EV/f0267/f0267_r.jpg"",""bbox"":{""x"":0.005390625,""y"":0.013427734375,""w"":0.994609375,""h"":0.982421875}},{""photo"":""anno/EV/f0267/f0267_l.jpg"",""bbox"":{""x"":0.05640625,""y"":0.029052734375,""w"":0.9250624999999999,""h"":0.966796875}},{""photo"":""anno/EV/f0267/f0267_l (1).jpg"",""bbox"":{""x"":0.058124999999999996,""y"":0.081787109375,""w"":0.941875,""h"":0.91015625}},{""photo"":""anno/EV/f0267/f0267_f.jpg"",""bbox"":{""x"":0.001544921875,""y"":0.023193359375,""w"":0.998455078125,""h"":0.970703125}}]"
169	c9T11E0007-0000X00S000	169	[]
170	b9T11E7890-3540X00S000	170	[]
171	c8T11E8788-4435X00S000	171	"[{""photo"":""anno/EV/f0522/f0522_o.jpg"",""bbox"":{""x"":0.00732421875,""y"":0.0078125,""w"":0.41455078125,""h"":0.873046875}},{""photo"":""anno/EV/f0522/f0522_f.jpg"",""bbox"":{""x"":0.014277343750000001,""y"":0.009765625,""w"":0.9808535156250001,""h"":0.986328125}},{""photo"":""anno/EV/f0522/f0522_l.jpg"",""bbox"":{""x"":0.016521484375,""y"":0.0078125,""w"":0.9792734375,""h"":0.986328125}}]"
172	c8T11E9000-0000X00S000	172	"[{""photo"":""anno/EV/f0130/f0130_r_a.jpg"",""bbox"":{""x"":0.014602803738317755,""y"":0.10546875,""w"":0.8995327102803737,""h"":0.787109375}},{""photo"":""anno/EV/f0130/f0130_r.jpg"",""bbox"":{""x"":0.011200657894736841,""y"":0.005859375,""w"":0.9483223684210526,""h"":0.9921875}}]"
173	c9T11E9000-0000X10S000	173	"[{""photo"":""anno/EV/f0585/f0585_r (1).jpg"",""bbox"":{""x"":0.016308593750000003,""y"":0.044921875,""w"":0.9556835937500001,""h"":0.919921875}},{""photo"":""anno/EV/f0585/f0585_f_1.jpg"",""bbox"":{""x"":0.01837588028169014,""y"":0.025390625,""w"":0.9279819542253521,""h"":0.966796875}},{""photo"":""anno/EV/f0585/f0585_r.jpg"",""bbox"":{""x"":0.004151168969181721,""y"":0.001953125,""w"":0.9796758767268863,""h"":0.98828125}},{""photo"":""anno/EV/f0585/f0585_l.jpg"",""bbox"":{""x"":0.006117187499999999,""y"":0.013671875,""w"":0.9802792968749999,""h"":0.984375}},{""photo"":""anno/EV/f0585/f0585_f.jpg"",""bbox"":{""x"":0.05850074404761905,""y"":0.064453125,""w"":0.8861142113095238,""h"":0.919921875}},{""photo"":""anno/EV/f0585/f0585_l_1.jpg"",""bbox"":{""x"":0.06364583333333335,""y"":0.0390625,""w"":0.9204166666666668,""h"":0.94921875}},{""photo"":""anno/EV/f0585/f0585_r_1.jpg"",""bbox"":{""x"":0.02272185114503817,""y"":0.009765625,""w"":0.9297024093511453,""h"":0.982421875}}]"
174	b9T11E8080-3040X00S000	174	"[{""photo"":""anno/EV/m0346/m0346_f.jpg"",""bbox"":{""x"":0.07115624999999999,""y"":0.046875,""w"":0.9172968749999999,""h"":0.9453125}},{""photo"":""anno/EV/m0346/m0346_l.jpg"",""bbox"":{""x"":0.055390625,""y"":0.115234375,""w"":0.931947265625,""h"":0.8828125}},{""photo"":""anno/EV/m0346/m0346_r.jpg"",""bbox"":{""x"":0.0173046875,""y"":0.05078124999999999,""w"":0.92926171875,""h"":0.9453124999999999}}]"
175	b9T11E8080-3000X00S000	175	"[{""photo"":""anno/EV/m0364/m0364_r.jpg"",""bbox"":{""x"":0.013623046875000001,""y"":0.0078125,""w"":0.97177734375,""h"":0.990234375}},{""photo"":""anno/EV/m0364/m0364_l.jpg"",""bbox"":{""x"":0.06380859374999999,""y"":0.013671875,""w"":0.9223242187499999,""h"":0.978515625}},{""photo"":""anno/EV/m0364/m0364_l_1.jpg"",""bbox"":{""x"":0.0657421875,""y"":0.031249999999999997,""w"":0.9263671874999998,""h"":0.9609374999999999}}]"
176	c9T11E7070-3540X01S000	176	"[{""photo"":""anno/EV/f0067/f0067_l.jpg"",""bbox"":{""x"":0.028443567961165046,""y"":0.025390625,""w"":0.9715564320388349,""h"":0.947265625}},{""photo"":""anno/EV/f0067/f0067_u17_l.jpg"",""bbox"":{""x"":0.009914062500000001,""y"":0.01171875,""w"":0.9881015625,""h"":0.984375}},{""photo"":""anno/EV/f0067/f0067_f_.jpg"",""bbox"":{""x"":0.012531249999999999,""y"":0.0078125,""w"":0.97273828125,""h"":0.9765625}}]"
177	b9T11E8780-4400X00S000	177	"[{""photo"":""anno/EV/m0044/m0044_r.jpg"",""bbox"":{""x"":0.007734956575682382,""y"":0.060546875,""w"":0.9281947890818859,""h"":0.935546875}},{""photo"":""anno/EV/m0044/m0044_o.jpg"",""bbox"":{""x"":0.016084558823529414,""y"":0.005859375,""w"":0.9765625,""h"":0.9921875}},{""photo"":""anno/EV/m0044/m0044_r_a.jpg"",""bbox"":{""x"":0.001962939698492462,""y"":0.130859375,""w"":0.9677292713567839,""h"":0.865234375}},{""photo"":""anno/EV/m0044/m0044_f.jpg"",""bbox"":{""x"":0.009389408299180326,""y"":0.0,""w"":0.9780633644979507,""h"":0.9765625}}]"
178	??T??E9890-3340X00S110	178	"[{""photo"":""anno/EV/f0013/f0013_r.jpg"",""bbox"":{""x"":0.0,""y"":0.0019531249999999998,""w"":0.9837421875,""h"":0.9902343749999999}},{""photo"":""anno/EV/f0013/f0013_u16_l.jpg"",""bbox"":{""x"":0.0067174145299145295,""y"":0.05468749999999999,""w"":0.9824218749999999,""h"":0.9238281249999999}},{""photo"":""anno/EV/f0013/f0013_u16_r.jpg"",""bbox"":{""x"":0.005059871495327103,""y"":0.0078125,""w"":0.9748685747663552,""h"":0.98828125}},{""photo"":""anno/EV/f0013/f0013_f.jpg"",""bbox"":{""x"":0.011953124999999997,""y"":0.0,""w"":0.9816503906249998,""h"":0.9960937499999999}},{""photo"":""anno/EV/f0013/f0013_l.jpg"",""bbox"":{""x"":0.0013339843749999999,""y"":0.01171875,""w"":0.9964863281249999,""h"":0.982421875}}]"
179	c9T11E9799-0000X00S000	179	"[{""photo"":""anno/EV/f0643/f0643_r.JPG"",""bbox"":{""x"":0.0029296875,""y"":0.14453125,""w"":0.8203125,""h"":0.853515625}}]"
180	c9T11E7770-3530X01S000	180	"[{""photo"":""anno/EV/f0411/f0411_l_1.jpg"",""bbox"":{""x"":0.134235924432497,""y"":0.025390625,""w"":0.8629452284946236,""h"":0.96875}},{""photo"":""anno/EV/f0411/f0411_f.jpg"",""bbox"":{""x"":0.014716796874999999,""y"":0.05078124999999999,""w"":0.9338476562499999,""h"":0.9374999999999999}},{""photo"":""anno/EV/f0411/f0411_r (1).jpg"",""bbox"":{""x"":0.00390625,""y"":0.06009615384615385,""w"":0.9583333333333334,""h"":0.9314903846153846}},{""photo"":""anno/EV/f0411/f0411_o.jpg"",""bbox"":{""x"":0.006510416666666667,""y"":0.0021001344086021504,""w"":0.9908854166666666,""h"":0.9849630376344085}},{""photo"":""anno/EV/f0411/f0411_l_2.jpg"",""bbox"":{""x"":0.23735393603936042,""y"":0.06640625,""w"":0.7577067958179582,""h"":0.927734375}},{""photo"":""anno/EV/f0411/f0411_f (1).jpg"",""bbox"":{""x"":0.014910156249999997,""y"":0.06249999999999999,""w"":0.9800039062499999,""h"":0.9355468749999999}},{""photo"":""anno/EV/f0411/f0411_r (3).jpg"",""bbox"":{""x"":0.00792342799188641,""y"":0.125,""w"":0.966658215010142,""h"":0.873046875}},{""photo"":""anno/EV/f0411/f0411_l (1).jpg"",""bbox"":{""x"":0.16294516174801363,""y"":0.09765625,""w"":0.8330155717934167,""h"":0.900390625}},{""photo"":""anno/EV/f0411/f0411_l (2).jpg"",""bbox"":{""x"":0.0444375,""y"":0.052734375,""w"":0.95262890625,""h"":0.943359375}},{""photo"":""anno/EV/f0411/f0411_r.jpg"",""bbox"":{""x"":0.00478125,""y"":0.021484375,""w"":0.9578437499999999,""h"":0.9765625}},{""photo"":""anno/EV/f0411/f0411_l.jpg"",""bbox"":{""x"":0.17793750000000003,""y"":0.046875,""w"":0.8144062500000001,""h"":0.94921875}},{""photo"":""anno/EV/f0411/f0411_r (2).jpg"",""bbox"":{""x"":0.0,""y"":0.083984375,""w"":0.9766631765463918,""h"":0.841796875}}]"
181	b8T11E0000-0000X00S000	181	"[{""photo"":""anno/EV/m0197/m0197_f 10_jan_paul_kirui.jpg"",""bbox"":{""x"":0.2903645833333333,""y"":0.24269311064718163,""w"":0.4361979166666667,""h"":0.6106471816283925}},{""photo"":""anno/EV/m0197/m0197_f 10_jan_paul_kirui_1.jpg"",""bbox"":{""x"":0.03958333333333333,""y"":0.048828125,""w"":0.9068181818181819,""h"":0.939453125}},{""photo"":""anno/EV/m0197/m0197_f.jpg"",""bbox"":{""x"":0.07594517299107144,""y"":0.09375,""w"":0.8996582031250001,""h"":0.875}}]"
182	c8T11E7787-4530X00S000	182	"[{""photo"":""anno/EV/f0116/f0116_l_1.jpg"",""bbox"":{""x"":0.013020833333333334,""y"":0.015625,""w"":0.9733072916666667,""h"":0.97265625}},{""photo"":""anno/EV/f0116/f0116_u33_f.jpg"",""bbox"":{""x"":0.02800269905533063,""y"":0.015625,""w"":0.9503415991902833,""h"":0.9765625}},{""photo"":""anno/EV/f0116/f0116_u33_l.jpg"",""bbox"":{""x"":0.017760348226018397,""y"":0.009765625,""w"":0.9785951872536137,""h"":0.986328125}},{""photo"":""anno/EV/f0116/f0116_u33_r.jpg"",""bbox"":{""x"":0.019822761194029852,""y"":0.08984375,""w"":0.9623049525101764,""h"":0.90625}},{""photo"":""anno/EV/f0116/f0116_r_1.jpg"",""bbox"":{""x"":0.00873046875,""y"":0.00390625,""w"":0.9850878906249999,""h"":0.990234375}}]"
183	b9T11E7090-0000X00S000	183	"[{""photo"":""anno/EV/m0102/m0102_r.jpg"",""bbox"":{""x"":0.00732421875,""y"":0.002349853515625,""w"":0.98876953125,""h"":0.990234375}},{""photo"":""anno/EV/m0102/m0102_f.jpg"",""bbox"":{""x"":0.015908203125,""y"":0.117584228515625,""w"":0.9350488281249999,""h"":0.876953125}}]"
184	c9T11E9000-4050X10S000	184	"[{""photo"":""anno/EV/f0865/f0865_emilie_f.jpg"",""bbox"":{""x"":0.03459375,""y"":0.103912353515625,""w"":0.94700390625,""h"":0.89453125}},{""photo"":""anno/EV/f0865/f0865_f Nalepo_r_processed .jpg"",""bbox"":{""x"":0.018310546875,""y"":0.135162353515625,""w"":0.9623209635416666,""h"":0.859375}},{""photo"":""anno/EV/f0865/f0865_f Nalepo_f.jpg"",""bbox"":{""x"":0.02244971264367816,""y"":0.160552978515625,""w"":0.8306393678160919,""h"":0.8359375}},{""photo"":""anno/EV/f0865/f0865_f Nalepo_l.jpg"",""bbox"":{""x"":0.0021486523652365238,""y"":0.148834228515625,""w"":0.9088799504950494,""h"":0.845703125}}]"
185	c8T11E0000-0000X00S000	185	"[{""photo"":""anno/EV/m0262/m0262_l.jpg"",""bbox"":{""x"":0.017187499999999998,""y"":0.014068603515625,""w"":0.9828125,""h"":0.982421875}}]"
186	c8T11E9900-3300X00S000	186	"[{""photo"":""anno/EV/f0170/f0170_l_a.jpg"",""bbox"":{""x"":0.00553125,""y"":0.002349853515625,""w"":0.9845624999999999,""h"":0.9921875}},{""photo"":""anno/EV/f0170/f0170_f.jpg"",""bbox"":{""x"":0.01233203125,""y"":0.002349853515625,""w"":0.9830390625,""h"":0.98828125}},{""photo"":""anno/EV/f0170/f0170_f_a.jpg"",""bbox"":{""x"":0.0053705506117908775,""y"":0.008209228515625,""w"":0.9946294493882091,""h"":0.9863281249999999}},{""photo"":""anno/EV/f0170/f0170_r.jpg"",""bbox"":{""x"":0.0072109375,""y"":0.004302978515625,""w"":0.9860957031250001,""h"":0.98828125}},{""photo"":""anno/EV/f0170/f0170_l.jpg"",""bbox"":{""x"":0.009495985894357744,""y"":0.008209228515625,""w"":0.9856833358343338,""h"":0.986328125}}]"
187	c9T11E8080-0000X00S000	187	"[{""photo"":""anno/EV/f0517/f0517_r.jpg"",""bbox"":{""x"":0.0,""y"":0.0,""w"":0.9915546875,""h"":1.0}},{""photo"":""anno/EV/f0517/f0517_f.jpg"",""bbox"":{""x"":0.0,""y"":0.021881103515625,""w"":0.9973886718749999,""h"":0.970703125}}]"
188	c8T11E9080-3?40X01S000	188	"[{""photo"":""anno/EV/f0124/f0124_l.jpg"",""bbox"":{""x"":0.0,""y"":0.0,""w"":1.0,""h"":0.996490478515625}},{""photo"":""anno/EV/f0124/f0124_r.jpg"",""bbox"":{""x"":0.0,""y"":0.041015625,""w"":0.9494025735294118,""h"":0.955474853515625}},{""photo"":""anno/EV/f0124/f0124_f.jpg"",""bbox"":{""x"":0.0,""y"":0.0,""w"":1.0,""h"":0.996490478515625}},{""photo"":""anno/EV/f0124/f0124_f_a.jpg"",""bbox"":{""x"":0.0,""y"":0.0,""w"":0.9447083333333334,""h"":0.996490478515625}}]"
189	c9T11E9000-3050X00S000	189	"[{""photo"":""anno/EV/f0055/f0055_u29_r.jpg"",""bbox"":{""x"":0.0,""y"":0.001953125,""w"":1.0,""h"":0.994537353515625}},{""photo"":""anno/EV/f0055/f0055_r.jpg"",""bbox"":{""x"":0.0590625,""y"":0.045318603515625,""w"":0.9179999999999999,""h"":0.951171875}},{""photo"":""anno/EV/f0055/f0055_f.jpg"",""bbox"":{""x"":0.026455078125,""y"":0.0,""w"":0.943564453125,""h"":0.992584228515625}},{""photo"":""anno/EV/f0055/f0055_u29_l.jpg"",""bbox"":{""x"":0.0,""y"":0.017974853515625,""w"":0.9933735561056106,""h"":0.974609375}},{""photo"":""anno/EV/f0055/f0055_l.jpg"",""bbox"":{""x"":0.0,""y"":0.001953125,""w"":1.0,""h"":0.994537353515625}}]"
190	c9T11E9000-0000X00S000	190	"[{""photo"":""anno/EV/f0003/f0003_u15_l.jpg"",""bbox"":{""x"":0.0064220183486238544,""y"":0.008209228515625,""w"":0.9935779816513761,""h"":0.986328125}},{""photo"":""anno/EV/f0003/f0003?_f.jpg"",""bbox"":{""x"":0.0,""y"":0.031646728515625,""w"":0.9988125,""h"":0.9609375}},{""photo"":""anno/EV/f0003/f0003?_l_a.jpg"",""bbox"":{""x"":0.0,""y"":0.015625,""w"":1.0,""h"":0.980865478515625}},{""photo"":""anno/EV/f0003/f0003?_r.jpg"",""bbox"":{""x"":0.0026041666666666665,""y"":0.0,""w"":0.99609375,""h"":1.0}}]"
191	c8T11E9000-4030X00S000	191	"[{""photo"":""anno/EV/f0553/f0553_l (1).jpg"",""bbox"":{""x"":0.0,""y"":0.0234375,""w"":0.9960000000000001,""h"":0.969146728515625}},{""photo"":""anno/EV/f0553/f0553_r (1).jpg"",""bbox"":{""x"":0.01171875,""y"":0.0162081219176783,""w"":0.9817708333333334,""h"":0.9740926909458776}},{""photo"":""anno/EV/f0553/f0553_r.jpg"",""bbox"":{""x"":0.0,""y"":0.014068603515624998,""w"":1.0,""h"":0.9804687499999999}},{""photo"":""anno/EV/f0553/f0553_f.jpg"",""bbox"":{""x"":0.0,""y"":0.0,""w"":0.9992812499999999,""h"":0.992584228515625}},{""photo"":""anno/EV/f0553/f0553_f (1).jpg"",""bbox"":{""x"":0.0164765625,""y"":0.0,""w"":0.9835234375,""h"":0.996490478515625}},{""photo"":""anno/EV/f0553/f0553_l.jpg"",""bbox"":{""x"":0.01966015625,""y"":0.009765625,""w"":0.98033984375,""h"":0.978912353515625}}]"
192	c8T11E8888-4030X00S000	192	"[{""photo"":""anno/EV/m0371/m0371_l.jpg"",""bbox"":{""x"":0.035535156250000005,""y"":0.06640625,""w"":0.9546035156250001,""h"":0.930084228515625}},{""photo"":""anno/EV/m0371/m0371_r_1.jpg"",""bbox"":{""x"":0.00399609375,""y"":0.080078125,""w"":0.94840625,""h"":0.916412353515625}},{""photo"":""anno/EV/m0371/m0371_f_2.jpg"",""bbox"":{""x"":0.0890703125,""y"":0.041015625,""w"":0.9109296875,""h"":0.949615478515625}},{""photo"":""anno/EV/m0371/m0371_l_2.jpg"",""bbox"":{""x"":0.0,""y"":0.029693603515625,""w"":1.0,""h"":0.96875}},{""photo"":""anno/EV/m0371/m0371_f_1.jpg"",""bbox"":{""x"":0.09609375,""y"":0.086334228515625,""w"":0.90390625,""h"":0.90625}},{""photo"":""anno/EV/m0371/m0371_f.jpg"",""bbox"":{""x"":0.0,""y"":0.002349853515625,""w"":0.96384375,""h"":0.994140625}},{""photo"":""anno/EV/m0371/m0371_r.jpg"",""bbox"":{""x"":0.0,""y"":0.064453125,""w"":0.9550214843749999,""h"":0.9281311035156249}},{""photo"":""anno/EV/m0371/m0371_l_4.jpg"",""bbox"":{""x"":0.10662193698949826,""y"":0.08984375,""w"":0.8933780630105017,""h"":0.908599853515625}},{""photo"":""anno/EV/m0371/m0371_l_3.jpg"",""bbox"":{""x"":0.11272722630718954,""y"":0.12109375,""w"":0.8866753472222222,""h"":0.873443603515625}}]"
193	c8T11E8000-4000X00S000	193	"[{""photo"":""anno/EV/m0031/m0031_r.jpg"",""bbox"":{""x"":0.0,""y"":0.025787353515625,""w"":1.0,""h"":0.970703125}},{""photo"":""anno/EV/m0031/m0031_l.jpg"",""bbox"":{""x"":0.0030468749999999997,""y"":0.008209228515625,""w"":0.996953125,""h"":0.986328125}},{""photo"":""anno/EV/m0031/m0031_f.jpg"",""bbox"":{""x"":0.0,""y"":0.027740478515625,""w"":1.0,""h"":0.96484375}}]"
194	c8T11E7090-0000X00S000	194	[]
195	b8T11E9990-0040X00S000	195	"[{""photo"":""anno/EV/m0198/m0198_f (1).jpg"",""bbox"":{""x"":0.03224992523923445,""y"":0.0078125,""w"":0.9506049391945773,""h"":0.986724853515625}},{""photo"":""anno/EV/m0198/m0198_o.jpg"",""bbox"":{""x"":0.024739583333333332,""y"":0.008117492492492493,""w"":0.9700520833333334,""h"":0.9643644498991178}},{""photo"":""anno/EV/m0198/m0198_r_1.jpg"",""bbox"":{""x"":0.0,""y"":0.0546875,""w"":0.9808084239130433,""h"":0.941802978515625}},{""photo"":""anno/EV/m0198/m0198_f.jpg"",""bbox"":{""x"":0.07374770220588234,""y"":0.013671875,""w"":0.8714269301470587,""h"":0.982818603515625}},{""photo"":""anno/EV/m0198/m0198_l.jpg"",""bbox"":{""x"":0.0,""y"":0.012115478515625,""w"":0.99984375,""h"":0.982421875}}]"
196	c8T11E7709-4534X00S000	196	"[{""photo"":""anno/EV/f0590/f0590_r.jpg"",""bbox"":{""x"":0.0,""y"":0.004302978515625,""w"":1.0,""h"":0.98828125}},{""photo"":""anno/EV/f0590/f0590_f.jpg"",""bbox"":{""x"":0.0345703125,""y"":0.001953125,""w"":0.955869140625,""h"":0.990631103515625}},{""photo"":""anno/EV/f0590/f0590_l.jpg"",""bbox"":{""x"":0.0,""y"":0.0078125,""w"":1.0,""h"":0.988677978515625}}]"
197	b9T11E0000-0000X00S000	197	"[{""photo"":""anno/EV/m0400/m0400_f.jpg"",""bbox"":{""x"":0.11464062500000001,""y"":0.130859375,""w"":0.788154296875,""h"":0.865631103515625}}]"
198	b8T11E7000-0000X00S100	198	"[{""photo"":""anno/EV/m0045/m0045_f.jpg"",""bbox"":{""x"":0.0,""y"":0.0,""w"":0.995889115250291,""h"":0.994537353515625}},{""photo"":""anno/EV/m0045/m0045_r.jpg"",""bbox"":{""x"":0.0017952511547344111,""y"":0.019927978515625,""w"":0.9963643908775982,""h"":0.974609375}},{""photo"":""anno/EV/m0045/m0045_o.jpg"",""bbox"":{""x"":0.018509765624999997,""y"":0.016021728515625,""w"":0.981490234375,""h"":0.9707031249999999}}]"
199	b8T11E8000-3040X00S000	199	"[{""photo"":""anno/EV/f0177/f0177_l (1).jpg"",""bbox"":{""x"":0.0853125,""y"":0.016021728515625,""w"":0.9146875,""h"":0.978515625}},{""photo"":""anno/EV/f0177/f0177_l_2.jpg"",""bbox"":{""x"":0.0,""y"":0.064849853515625,""w"":1.0,""h"":0.9296875}},{""photo"":""anno/EV/f0177/f0177_l.jpg"",""bbox"":{""x"":0.0235625,""y"":0.105865478515625,""w"":0.9764375,""h"":0.890625}},{""photo"":""anno/EV/f0177/f0177_l_1.jpg"",""bbox"":{""x"":0.015125000000000001,""y"":0.014068603515625,""w"":0.984875,""h"":0.982421875}},{""photo"":""anno/EV/f0177/f0177_f.jpg"",""bbox"":{""x"":0.12783203125,""y"":0.0,""w"":0.87216796875,""h"":0.996490478515625}},{""photo"":""anno/EV/f0177/f0177_l_a.jpg"",""bbox"":{""x"":0.028908203124999997,""y"":0.0039062499999999996,""w"":0.971091796875,""h"":0.9925842285156249}},{""photo"":""anno/EV/f0177/f0177_r.jpg"",""bbox"":{""x"":0.02430859375,""y"":0.023834228515625,""w"":0.97569140625,""h"":0.970703125}}]"
200	c9T11E9887-3040X00S000	200	"[{""photo"":""anno/EV/f0470/f0470_l.jpg"",""bbox"":{""x"":0.07216761330269315,""y"":0.02929704601525962,""w"":0.9278323866973068,""h"":0.9581363326795006}},{""photo"":""anno/EV/f0470/f0470_r_2.jpg"",""bbox"":{""x"":6.28956764266997e-07,""y"":0.008911163029755476,""w"":0.9636384781149647,""h"":0.9843816301300649}},{""photo"":""anno/EV/f0470/f0470_l_3.jpg"",""bbox"":{""x"":0.01614834039048501,""y"":0.008911163029755476,""w"":0.9823816835030886,""h"":0.9754637711951447}},{""photo"":""anno/EV/f0470/f0470_r (1).jpg"",""bbox"":{""x"":0.0,""y"":0.013671730294780304,""w"":0.9918750000000002,""h"":0.9757147865550001}},{""photo"":""anno/EV/f0470/f0470_l (1).jpg"",""bbox"":{""x"":0.0,""y"":0.03906246053494011,""w"":0.9843370125403851,""h"":0.9561834707799}},{""photo"":""anno/EV/f0470/f0470_f.jpg"",""bbox"":{""x"":0.07905436112391251,""y"":0.018676853804855398,""w"":0.9018404882582692,""h"":0.9765690775099847}},{""photo"":""anno/EV/f0470/f0470_r_1.jpg"",""bbox"":{""x"":0.0,""y"":0.09179696708513985,""w"":1.0,""h"":0.9014958260746805}},{""photo"":""anno/EV/f0470/f0470_l_2.jpg"",""bbox"":{""x"":0.13680424186222012,""y"":0.03820823535505502,""w"":0.8537754830444352,""h"":0.9550845578047653}},{""photo"":""anno/EV/f0470/f0470_r.jpg"",""bbox"":{""x"":0.0,""y"":0.07336472214541445,""w"":0.8736750806106942,""h"":0.9179749328593857}},{""photo"":""anno/EV/f0470/f0470_f_1.jpg"",""bbox"":{""x"":0.030230021809081034,""y"":0.010864301184775464,""w"":0.9385403690865661,""h"":0.9785222156650047}},{""photo"":""anno/EV/f0470/f0470_l_1.jpg"",""bbox"":{""x"":0.05580602811084238,""y"":0.024536268269915285,""w"":0.9351287570237032,""h"":0.958990834114805}}]"
201	c8T00E8090-3544X00S101	201	"[{""photo"":""anno/EV/f0025/f0025_l_1.jpg"",""bbox"":{""x"":0.0,""y"":0.010864301184775438,""w"":1.0,""h"":0.9804753538200247}},{""photo"":""anno/EV/f0025/f0025_u13_r.jpg"",""bbox"":{""x"":0.0,""y"":0.014770577494815362,""w"":1.0,""h"":0.9726628011999449}},{""photo"":""anno/EV/f0025/f0025_u13_l.jpg"",""bbox"":{""x"":0.011268733355323364,""y"":0.005004886719715551,""w"":0.9887312666446766,""h"":0.9949951132802844}},{""photo"":""anno/EV/f0025/f0025_f.jpg"",""bbox"":{""x"":0.003906320471346166,""y"":0.007410247284382383,""w"":0.9922053997219195,""h"":0.9925897527156177}}]"
202	c8T11E7970-3344X00S000	202	"[{""photo"":""anno/EV/f0290/f0290_l (1).jpg"",""bbox"":{""x"":0.052130859375,""y"":0.048828125,""w"":0.947869140625,""h"":0.951171875}},{""photo"":""anno/EV/f0290/f0290_l.jpg"",""bbox"":{""x"":0.034921875000000005,""y"":0.00390625,""w"":0.965078125,""h"":0.991943359375}},{""photo"":""anno/EV/f0290/f0290_r.jpg"",""bbox"":{""x"":0.0,""y"":0.011474609375,""w"":1.0,""h"":0.982421875}},{""photo"":""anno/EV/f0290/f0290_f (1).jpg"",""bbox"":{""x"":0.092232421875,""y"":0.0,""w"":0.8979609375000001,""h"":0.991943359375}},{""photo"":""anno/EV/f0290/f0290_f.jpg"",""bbox"":{""x"":0.09419921875,""y"":0.0,""w"":0.85845703125,""h"":0.991943359375}}]"
203	b9T01E0000-0000X00S000	203	"[{""photo"":""anno/EV/m0003/m0003_l.jpeg"",""bbox"":{""x"":0.0,""y"":0.005004886719715551,""w"":0.988387740327159,""h"":0.9902410445951245}}]"
204	c9T11E8080-0000X00S000	204	"[{""photo"":""anno/EV/f0702/f0702_r.jpg"",""bbox"":{""x"":8.757474184527548e-07,""y"":0.0,""w"":0.9765879304774775,""h"":0.9952459313148401}},{""photo"":""anno/EV/f0702/f0702_r_2.jpg"",""bbox"":{""x"":0.0,""y"":0.11047434709079396,""w"":0.9714160556656081,""h"":0.8769590316039663}}]"
205	c9T11E7090-4030X00S000	205	"[{""photo"":""anno/EV/f0468/f0468_r.jpg"",""bbox"":{""x"":0.0,""y"":0.07031268417027958,""w"":0.9160934610674809,""h"":0.9249332471445605}},{""photo"":""anno/EV/f0468/f0468_f.jpg"",""bbox"":{""x"":0.056050265235520036,""y"":0.049927064285174905,""w"":0.9264385882663357,""h"":0.9394594525646055}},{""photo"":""anno/EV/f0468/f0468_r_1.jpg"",""bbox"":{""x"":0.0,""y"":0.0898439604803195,""w"":0.9965860265053101,""h"":0.9054019708345206}}]"
206	c9T11E7800-0000X0?S000	206	"[{""photo"":""anno/EV/f0065/f0065_u17_r.jpg"",""bbox"":{""x"":0.0,""y"":0.05188020244019487,""w"":1.0,""h"":0.9433657288746452}}]"
207	b8T11E0000-0000X00S000	207	"[{""photo"":""anno/EV/m0291/m0291_l.jpg"",""bbox"":{""x"":0.04271755513504269,""y"":0.0128174393397954,""w"":0.9572824448649573,""h"":0.9824284919750447}}]"
208	c9T11E9070-3340X00S000	208	[]
209	b9T11E9080-4030X00S000	209	"[{""photo"":""anno/EV/m0568/m0568_f.jpg"",""bbox"":{""x"":0.043947215226345815,""y"":0.12414631417593369,""w"":0.9155438604717513,""h"":0.8710996171389064}},{""photo"":""anno/EV/m0568/m0568_l.jpg"",""bbox"":{""x"":0.07287876486119617,""y"":0.0128174393397954,""w"":0.9271212351388037,""h"":0.9824284919750447}},{""photo"":""anno/EV/m0568/m0568_r.jpg"",""bbox"":{""x"":3.1782577109500388e-06,""y"":0.014770577494815362,""w"":0.9795332961128724,""h"":0.9804753538200247}}]"
210	c9T11E7900-3440X00S000	210	"[{""photo"":""anno/EV/f0432/f0432_l.jpg"",""bbox"":{""x"":0.0,""y"":0.010559123348053645,""w"":0.9947890003455144,""h"":0.9843816301300646}},{""photo"":""anno/EV/f0432/f0432_l_1.jpg"",""bbox"":{""x"":0.0,""y"":0.012512261503073607,""w"":0.9880885920391915,""h"":0.9824284919750447}},{""photo"":""anno/EV/f0432/f0432_r.jpg"",""bbox"":{""x"":0.0,""y"":0.031609628909115006,""w"":1.0,""h"":0.9628971104248452}}]"
211	c9T11E9000-4000X00S000	211	"[{""photo"":""anno/EV/f0583/f0583_f.jpg"",""bbox"":{""x"":0.015047146455625361,""y"":0.005547449103698088,""w"":0.9799494168930731,""h"":0.9924994653613618}},{""photo"":""anno/EV/f0583/f0583_r.jpg"",""bbox"":{""x"":0.004748120153558223,""y"":0.005547441653067309,""w"":0.9952518798464418,""h"":0.9902410445951247}},{""photo"":""anno/EV/f0583/f0583_l.jpg"",""bbox"":{""x"":0.0017786896353624959,""y"":0.01531313242816712,""w"":0.9835841504416586,""h"":0.9785222156650047}}]"
212	c8T11E7080-4345X00S000	212	"[{""photo"":""anno/EV/f0441/f0441_f.jpg"",""bbox"":{""x"":0.018479501859847498,""y"":0.057739616905254754,""w"":0.9815204981401524,""h"":0.9355531762545656}},{""photo"":""anno/EV/f0441/f0441_f (1).jpg"",""bbox"":{""x"":0.0,""y"":0.006958024874735513,""w"":1.0,""h"":0.9882879064401046}},{""photo"":""anno/EV/f0441/f0441_r.jpg"",""bbox"":{""x"":0.010456362312698952,""y"":0.11047434709079396,""w"":0.9425404412492248,""h"":0.8808653079140062}},{""photo"":""anno/EV/f0441/f0441_r_1.jpg"",""bbox"":{""x"":0.0015468942848554175,""y"":0.13195886679601365,""w"":0.8854120372157193,""h"":0.8632870645188264}},{""photo"":""anno/EV/f0441/f0441_f_1.jpg"",""bbox"":{""x"":0.09346262885949523,""y"":0.09289610369561419,""w"":0.8729044193667725,""h"":0.894537274999146}},{""photo"":""anno/EV/f0441/f0441_l.jpg"",""bbox"":{""x"":0.01990742997221977,""y"":0.07727099845545449,""w"":0.9754238469770163,""h"":0.9140686565493457}}]"
213	b8T11E9090-3050X00S000	213	"[{""photo"":""anno/EV/m0294/m0294_r.jpg"",""bbox"":{""x"":0.0013145479794319146,""y"":0.00531685953170824,""w"":0.998685452020568,""h"":0.9902410445951245}},{""photo"":""anno/EV/m0294/m0294_f.jpg"",""bbox"":{""x"":0.004830331598790317,""y"":0.061957866027287305,""w"":0.9951696684012097,""h"":0.9336000380995455}}]"
214	c9T11E7800-3440X00S000	214	"[{""photo"":""anno/EV/f0823/f0823_l.jpg"",""bbox"":{""x"":0.1865871069736928,""y"":0.03039568273497517,""w"":0.8134128930263071,""h"":0.9628971104248452}},{""photo"":""anno/EV/f0823/f0823_r.jpg"",""bbox"":{""x"":0.018048584282500658,""y"":0.03039568273497517,""w"":0.953493763850879,""h"":0.9648502485798649}},{""photo"":""anno/EV/f0823/f0823_r_1.jpg"",""bbox"":{""x"":0.005234516647405719,""y"":0.034301959045015096,""w"":0.9947654833525942,""h"":0.9656980409549849}}]"
215	c9T11E7000-0000X00S000	215	"[{""photo"":""anno/EV/f0012/f0012_u31_r.jpg"",""bbox"":{""x"":0.0,""y"":0.016723715649835325,""w"":1.0,""h"":0.9707096630449249}}]"
216	c8T11E9080-3444X00S000	216	"[{""photo"":""anno/EV/f0220/f0220_f.jpg"",""bbox"":{""x"":0.008743482575521927,""y"":0.006958024874735524,""w"":0.9859162237630519,""h"":0.9843816301300646}},{""photo"":""anno/EV/f0220/f0220_l.jpg"",""bbox"":{""x"":0.052856929703118595,""y"":0.016723715649835325,""w"":0.9471430702968813,""h"":0.9832762843501647}},{""photo"":""anno/EV/f0220/f0220_r.jpg"",""bbox"":{""x"":0.0,""y"":0.006958024874735513,""w"":0.9570531982496889,""h"":0.9882879064401046}}]"
217	c8T11E7000-4350X00S000	217	"[{""photo"":""anno/EV/f0142/f0142_f.jpg"",""bbox"":{""x"":0.0,""y"":0.0,""w"":0.9914290623716504,""h"":0.9874333786947602}},{""photo"":""anno/EV/f0142/f0142_l.jpg"",""bbox"":{""x"":0.07780872686067598,""y"":0.014770577494815362,""w"":0.922191273139324,""h"":0.9852294225051846}}]"
218	b8T11E0000-5530X00S000	218	"[{""photo"":""anno/EV/m0569/m0569_l.jpg"",""bbox"":{""x"":0.01703912119098964,""y"":0.014770577494815362,""w"":0.9819747464074638,""h"":0.9804753538200247}}]"
219	c9T11E7080-5430X00S000	219	"[{""photo"":""anno/EV/f0521/f0521_o.jpg"",""bbox"":{""x"":0.0,""y"":0.0,""w"":0.6518545173868271,""h"":0.9957206557055769}},{""photo"":""anno/EV/f0521/f0521_r (1).jpg"",""bbox"":{""x"":0.0,""y"":0.0002712625654143208,""w"":1.0,""h"":0.9921941827501445}},{""photo"":""anno/EV/f0521/f0521_f.jpg"",""bbox"":{""x"":0.0101355067070289,""y"":0.0061306770304742075,""w"":0.9898644932929711,""h"":0.9902410445951245}},{""photo"":""anno/EV/f0521/f0521_r.jpg"",""bbox"":{""x"":0.01026154919278548,""y"":0.007432749265472105,""w"":0.9817065226545743,""h"":0.9843816301300649}},{""photo"":""anno/EV/f0521/f0521_o (1).jpg"",""bbox"":{""x"":0.02050929239826893,""y"":0.12657417672169025,""w"":0.8554841832248045,""h"":0.7949272290931276}},{""photo"":""anno/EV/f0521/f0521_l.jpg"",""bbox"":{""x"":0.017555094953681627,""y"":0.015245301885551992,""w"":0.9824449050463183,""h"":0.9804753538200247}}]"
220	c9T11E8777-3450X00S000	220	"[{""photo"":""anno/EV/f0045/f0045_u10_r.jpg"",""bbox"":{""x"":0.0,""y"":0.014770577494815362,""w"":0.9970098311448704,""h"":0.9804753538200247}},{""photo"":""anno/EV/f0045/f0045_u10_l.jpg"",""bbox"":{""x"":0.008006747962664143,""y"":0.010864301184775438,""w"":0.9919932520373358,""h"":0.9824284919750449}}]"
221	c9T10E0000-0000X00S000	221	"[{""photo"":""anno/EV/f0547/f0547_r.jpg"",""bbox"":{""x"":0.0,""y"":0.009657149985906388,""w"":1.0,""h"":0.9863347682850847}},{""photo"":""anno/EV/f0547/f0547_l.jpg"",""bbox"":{""x"":0.0,""y"":0.007704011830886426,""w"":1.0,""h"":0.9882879064401047}},{""photo"":""anno/EV/f0547/f0547_f.jpg"",""bbox"":{""x"":0.006815388197650168,""y"":0.0037977355208465013,""w"":0.9895334765195186,""h"":0.9843816301300647}}]"
222	c9T11E8090-0000X00S000	222	"[{""photo"":""anno/EV/f0368/f0368_r_1.jpg"",""bbox"":{""x"":0.0,""y"":0.034301959045015096,""w"":1.0,""h"":0.960943972269825}},{""photo"":""anno/EV/f0368/f0368_r.jpg"",""bbox"":{""x"":0.0,""y"":0.005004886719715551,""w"":1.0,""h"":0.9804753538200249}},{""photo"":""anno/EV/f0368/f0368_l.jpg"",""bbox"":{""x"":0.012705330788369796,""y"":0.0128174393397954,""w"":0.9638669978625388,""h"":0.9804753538200249}}]"
223	c9T00E9870-4000X00S000	223	"[{""photo"":""anno/EV/f0278/f0278_l.jpg"",""bbox"":{""x"":0.0,""y"":0.0,""w"":1.0,""h"":1.0}},{""photo"":""anno/EV/f0278/f0278_l_1.jpg"",""bbox"":{""x"":0.007824976084930107,""y"":0.003051748564695589,""w"":0.9921750239150698,""h"":0.9863347682850848}},{""photo"":""anno/EV/f0278/f0278_r_a.jpg"",""bbox"":{""x"":0.0,""y"":0.0,""w"":1.0,""h"":0.9952459313148401}},{""photo"":""anno/EV/f0278/f0278_r_1.jpg"",""bbox"":{""x"":0.0,""y"":0.010864301184775438,""w"":1.0,""h"":0.978522215665005}},{""photo"":""anno/EV/f0278/f0278_f.jpg"",""bbox"":{""x"":0.005594506862257505,""y"":0.0128174393397954,""w"":0.9803223728480844,""h"":0.9824284919750447}},{""photo"":""anno/EV/f0278/f0278_r.jpg"",""bbox"":{""x"":0.0,""y"":0.07727099845545449,""w"":0.8486497925708522,""h"":0.9160217947043658}}]"
224	c8T11E8080-3030X00S000	224	"[{""photo"":""anno/EV/f0246/f0246_r (1).jpg"",""bbox"":{""x"":0.007206698601962779,""y"":0.022583130114895322,""w"":0.9927933013980372,""h"":0.970709663044925}},{""photo"":""anno/EV/f0246/f0246_l (1).jpg"",""bbox"":{""x"":0.08064378641505915,""y"":0.023437434224900078,""w"":0.9193562135849408,""h"":0.97180849708994}},{""photo"":""anno/EV/f0246/f0246_f.jpg"",""bbox"":{""x"":0.0,""y"":0.018676853804855398,""w"":0.8993772815299305,""h"":0.9765690775099847}},{""photo"":""anno/EV/f0246/f0246_l.jpg"",""bbox"":{""x"":0.008772821979979303,""y"":0.008911163029755476,""w"":0.9912271780200207,""h"":0.9804753538200249}},{""photo"":""anno/EV/f0246/f0246_r.jpg"",""bbox"":{""x"":0.0069014865837334185,""y"":0.008911163029755476,""w"":0.9606247518713216,""h"":0.9804753538200249}},{""photo"":""anno/EV/f0246/f0246_f_1.jpg"",""bbox"":{""x"":0.0,""y"":0.003051748564695589,""w"":1.0,""h"":0.9902410445951247}},{""photo"":""anno/EV/f0246/f0246_o.jpg"",""bbox"":{""x"":0.013020598428846212,""y"":0.026837381242654824,""w"":0.9648616262314706,""h"":0.9619106563513315}},{""photo"":""anno/EV/f0246/f0246_r_1.JPG"",""bbox"":{""x"":0.008790330984230488,""y"":0.0,""w"":0.8378892508087502,""h"":0.9932927931598203}}]"
225	b8T11E8080-3040X00S000	225	"[{""photo"":""anno/EV/m0283/m0283_l_1.JPG"",""bbox"":{""x"":0.01555573343571942,""y"":0.013787243244557823,""w"":0.9827911673859755,""h"":0.9785222156650049}},{""photo"":""anno/EV/m0283/m0283_r.JPG"",""bbox"":{""x"":0.0,""y"":0.004021552469457901,""w"":0.9990425704704766,""h"":0.9843816301300646}},{""photo"":""anno/EV/m0283/m0283_l_2.jpg"",""bbox"":{""x"":0.01695419545974786,""y"":0.015740381399577785,""w"":0.983045804540252,""h"":0.970709663044925}},{""photo"":""anno/EV/m0283/m0283_f_1.JPG"",""bbox"":{""x"":0.15527734865971077,""y"":0.1094910128405363,""w"":0.8447226513402892,""h"":0.8808653079140064}},{""photo"":""anno/EV/m0283/m0283_l.JPG"",""bbox"":{""x"":0.0,""y"":0.0020684143144379386,""w"":1.0,""h"":0.9863347682850846}},{""photo"":""anno/EV/m0283/m0283_f.JPG"",""bbox"":{""x"":0.06751505363027768,""y"":0.06847511158511695,""w"":0.9242842525263886,""h"":0.9257874854794658}}]"
226	b9T11E9090-3343X00S000	226	"[{""photo"":""anno/EV/m0121/m0121__r.jpg"",""bbox"":{""x"":0.0,""y"":0.0011257605082355398,""w"":0.9985978080698048,""h"":0.9980535972152045}},{""photo"":""anno/EV/m0121/m0121_r_1.jpg"",""bbox"":{""x"":0.0,""y"":0.04214166176365491,""w"":0.8020267416359884,""h"":0.9531314196497452}},{""photo"":""anno/EV/m0121/m0121_o.jpg"",""bbox"":{""x"":0.0957480465658471,""y"":0.0030788986632555027,""w"":0.9042519534341529,""h"":0.9961004590601845}},{""photo"":""anno/EV/m0121/m0121_f.jpg"",""bbox"":{""x"":0.0,""y"":0.01675086574839535,""w"":0.9548347760393922,""h"":0.9804753538200249}},{""photo"":""anno/EV/m0121/m0121_l.jpg"",""bbox"":{""x"":0.0,""y"":0.0,""w"":1.0,""h"":0.9952730814134001}},{""photo"":""anno/EV/m0121/m0121_l_1.jpg"",""bbox"":{""x"":0.05564818166573005,""y"":0.0,""w"":0.94435181833427,""h"":0.9972262195684203}},{""photo"":""anno/EV/m0121/m0121_f_1.jpg"",""bbox"":{""x"":0.020519440272113,""y"":0.15932995106485315,""w"":0.979480559727887,""h"":0.8398494066585869}}]"
227	b9T11E8700-3030X00S000	227	[]
228	c8T11E9800-3340X00S000	228	[]
229	c9T11E0000-4040X00S000	229	"[{""photo"":""anno/EV/f0190/f0190_l_a.jpg"",""bbox"":{""x"":0.05057713153050825,""y"":0.014770577494815362,""w"":0.9477788170012996,""h"":0.9804753538200247}},{""photo"":""anno/EV/f0190/f0190_l.jpg"",""bbox"":{""x"":0.07892173428645273,""y"":0.005004886719715551,""w"":0.9210782657135472,""h"":0.9863347682850846}}]"
230	b9T11E9808-5555X00S000	230	"[{""photo"":""anno/EV/m0539/m0539_f.jpg"",""bbox"":{""x"":0.0,""y"":0.0,""w"":1.0,""h"":0.995795273772832}},{""photo"":""anno/EV/m0539/m0539_l.jpg"",""bbox"":{""x"":0.0,""y"":0.0036010910226872417,""w"":0.9961433938905923,""h"":0.9866332445122529}},{""photo"":""anno/EV/m0539/m0539_r.jpg"",""bbox"":{""x"":0.0,""y"":0.0018649524891156714,""w"":1.0,""h"":0.9726628011999449}}]"
231	c8T11E9987-4535X00S000	231	"[{""photo"":""anno/EV/f0416/f0416_f.jpg"",""bbox"":{""x"":0.010501542476824284,""y"":0.03070089037422019,""w"":0.9404980786692189,""h"":0.9692991096257798}},{""photo"":""anno/EV/f0416/f0416_l_1.jpg"",""bbox"":{""x"":0.030476180181305462,""y"":0.17132683753565803,""w"":0.9695238198186946,""h"":0.8222711632634072}},{""photo"":""anno/EV/f0416/f0416_r.jpg"",""bbox"":{""x"":0.013362146638043696,""y"":0.052185410079439776,""w"":0.9134443734809545,""h"":0.9478145899205602}},{""photo"":""anno/EV/f0416/f0416_r (1).jpg"",""bbox"":{""x"":2.1563527205366032e-06,""y"":0.023437289519680493,""w"":0.9319883111414926,""h"":0.9760201257444446}},{""photo"":""anno/EV/f0416/f0416_l.jpg"",""bbox"":{""x"":0.032524789563247,""y"":0.052185410079439776,""w"":0.9615798472265655,""h"":0.9472720051846854}}]"
232	c9T11E9090-4030X00S000	232	"[{""photo"":""anno/EV/f0713/f0713_l_1.jpg"",""bbox"":{""x"":0.06234487472268443,""y"":0.0683592302947803,""w"":0.9376551252773155,""h"":0.9316407697052197}},{""photo"":""anno/EV/f0713/f0713_r_1.jpg"",""bbox"":{""x"":4.4333523857487124e-07,""y"":0.008911163029755476,""w"":0.9666033753527169,""h"":0.9863347682850846}},{""photo"":""anno/EV/f0713/f0713_l.jpg"",""bbox"":{""x"":0.037924497520675234,""y"":0.030395682734975157,""w"":0.9620755024793247,""h"":0.958990834114805}},{""photo"":""anno/EV/f0713/f0713_r.jpg"",""bbox"":{""x"":0.009242214537713402,""y"":0.003051748564695589,""w"":0.9146063435586285,""h"":0.978522215665005}}]"
233	c8T11E9070-3040X00S000	233	"[{""photo"":""anno/EV/f0364/f0364_f (1).jpg"",""bbox"":{""x"":0.04444311320694618,""y"":0.0128174393397954,""w"":0.9555568867930538,""h"":0.9804753538200249}},{""photo"":""anno/EV/f0364/f0364_l.jpg"",""bbox"":{""x"":0.0,""y"":0.006958024874735513,""w"":0.9988182290275347,""h"":0.9813232777453443}},{""photo"":""anno/EV/f0364/f0364_l (2).jpg"",""bbox"":{""x"":0.0018003111828377928,""y"":0.010864301184775438,""w"":0.9900959866673924,""h"":0.9824284919750449}},{""photo"":""anno/EV/f0364/f0364_l_1.jpg"",""bbox"":{""x"":0.04118159783725115,""y"":0.016723715649835373,""w"":0.9530328180352602,""h"":0.9785222156650047}},{""photo"":""anno/EV/f0364/f0364_l (1).jpg"",""bbox"":{""x"":0.015021184120188023,""y"":0.0,""w"":0.9792911042436491,""h"":0.9952459313148401}},{""photo"":""anno/EV/f0364/f0364_f_2.jpg"",""bbox"":{""x"":0.10738967710187525,""y"":0.02844254457995521,""w"":0.8926103228981247,""h"":0.9628971104248449}},{""photo"":""anno/EV/f0364/f0364_f (2).jpg"",""bbox"":{""x"":0.027388722497020443,""y"":0.012817439339795433,""w"":0.89617046409411,""h"":0.966803386734885}},{""photo"":""anno/EV/f0364/f0364_f.jpg"",""bbox"":{""x"":0.07097951313526288,""y"":0.022583130114895322,""w"":0.929020486864737,""h"":0.9687565248899048}}]"
234	c9T11E9080-3030X00S000	234	"[{""photo"":""anno/EV/f0654/f0654_r_1.jpg"",""bbox"":{""x"":0.0,""y"":0.02648940642493522,""w"":0.9789965945439109,""h"":0.9687565248899048}},{""photo"":""anno/EV/f0654/f0654_r.jpg"",""bbox"":{""x"":0.12943334533850487,""y"":0.024536268269915285,""w"":0.8372057085625936,""h"":0.9715575080401246}},{""photo"":""anno/EV/f0654/f0654_f.jpg"",""bbox"":{""x"":0.06383053512003796,""y"":0.07141158399039449,""w"":0.8713438443384698,""h"":0.9218812091694258}}]"
235	c8T11E9000-3330X00S?00	235	"[{""photo"":""anno/EV/f0584/f0584_r.jpg"",""bbox"":{""x"":0.0,""y"":0.015096110454826395,""w"":0.9899480164628889,""h"":0.9804753538200248}},{""photo"":""anno/EV/f0584/f0584_l_1.jpg"",""bbox"":{""x"":0.024801080674157074,""y"":0.01227491420896687,""w"":0.9751989193258429,""h"":0.9804753538200248}},{""photo"":""anno/EV/f0584/f0584_f.jpg"",""bbox"":{""x"":0.0,""y"":0.0044623615888869095,""w"":0.982659480053485,""h"":0.9882879064401048}},{""photo"":""anno/EV/f0584/f0584_o.jpg"",""bbox"":{""x"":0.0063067063983598595,""y"":0.03766571022422638,""w"":0.9936932936016403,""h"":0.9570376959597853}},{""photo"":""anno/EV/f0584/f0584_f_1.jpg"",""bbox"":{""x"":0.04117254483793442,""y"":0.010321776053946907,""w"":0.9175335594193161,""h"":0.9785222156650049}},{""photo"":""anno/EV/f0584/f0584_f_1 (1).jpg"",""bbox"":{""x"":0.04529098650869228,""y"":0.03180629575916653,""w"":0.9277120487399944,""h"":0.9609439722698251}},{""photo"":""anno/EV/f0584/f0584_l_1 (1).jpg"",""bbox"":{""x"":0.05867407134520947,""y"":0.010321776053946907,""w"":0.9413259286547905,""h"":0.9843816301300647}},{""photo"":""anno/EV/f0584/f0584_l (1).jpg"",""bbox"":{""x"":0.08836250815604932,""y"":0.06696278254952603,""w"":0.9116374918439507,""h"":0.933037217450474}},{""photo"":""anno/EV/f0584/f0584_l.jpg"",""bbox"":{""x"":0.015216627908305892,""y"":0.0,""w"":0.9847833720916941,""h"":0.9947034061840115}},{""photo"":""anno/EV/f0584/f0584_f (1).jpg"",""bbox"":{""x"":0.047189548425853864,""y"":0.006415499743906872,""w"":0.9260713941420293,""h"":0.9882879064401048}}]"
236	c9T11E7787-5554X00S000	236	"[{""photo"":""anno/EV/f0054/f0054_u29_f.jpg"",""bbox"":{""x"":0.030174536962170304,""y"":0.08789066446505989,""w"":0.965593606250809,""h"":0.9121093355349401}}]"
237	c9T11E9080-5030X00S000	237	"[{""photo"":""anno/EV/f0148/f0148_l.jpg"",""bbox"":{""x"":0.07097125730002428,""y"":0.0,""w"":0.9270311640133161,""h"":0.9960956574778956}}]"
238	b8T11E7899-3543X00S000	238	"[{""photo"":""anno/EV/m0099/m0099_f.jpg"",""bbox"":{""x"":0.06337837134919924,""y"":0.022583130114895322,""w"":0.9366216286508008,""h"":0.9774168698851047}},{""photo"":""anno/EV/m0099/m0099_r.jpg"",""bbox"":{""x"":0.0,""y"":0.014770577494815362,""w"":1.0,""h"":0.9707096630449251}},{""photo"":""anno/EV/m0099/m0099_l.jpg"",""bbox"":{""x"":0.09904061548900712,""y"":0.016723715649835325,""w"":0.9009593845109929,""h"":0.9785222156650047}}]"
239	c9T11E7070-5040X00S000	239	"[{""photo"":""anno/EV/f0289/f0289_r.jpg"",""bbox"":{""x"":0.034812890387974145,""y"":0.0,""w"":0.9563375651540192,""h"":0.9952459313148401}},{""photo"":""anno/EV/f0289/f0289_r (2).jpg"",""bbox"":{""x"":0.005286475520684103,""y"":0.0128174393397954,""w"":0.9947135244793159,""h"":0.9824284919750447}},{""photo"":""anno/EV/f0289/f0289_l.JPG"",""bbox"":{""x"":0.1126498985003064,""y"":0.09765609213976034,""w"":0.8873501014996935,""h"":0.9023439078602397}},{""photo"":""anno/EV/f0289/f0289_r (1).jpg"",""bbox"":{""x"":0.005743223428788244,""y"":0.0050048867197155554,""w"":0.9942567765712118,""h"":0.9902410445951245}},{""photo"":""anno/EV/f0289/f0289_f.jpg"",""bbox"":{""x"":0.0,""y"":0.0,""w"":0.9997511534749934,""h"":1.0}}]"
240	c9T11E9090-4?30X00S000	240	"[{""photo"":""anno/EV/f0489/f0489.jpg"",""bbox"":{""x"":0.003906320471346166,""y"":0.0,""w"":0.9817885451316629,""h"":0.9956686669725824}},{""photo"":""anno/EV/f0489/f0489_l.jpg"",""bbox"":{""x"":0.028646350123205044,""y"":0.0,""w"":0.9648611564224966,""h"":0.9895343744824509}}]"
241	c9T01E????-5430X00S000	241	"[{""photo"":""anno/EV/f0108/f0108_u2_l.jpg"",""bbox"":{""x"":0.03385477741833324,""y"":0.031231742224408495,""w"":0.9635590495987144,""h"":0.9572697519782033}},{""photo"":""anno/EV/f0108/f0108_u2_l_a.jpg"",""bbox"":{""x"":0.11328108556685897,""y"":0.0,""w"":0.8802264209788425,""h"":1.0}}]"
242	c8T11E9890-5030X00S000	242	"[{""photo"":""anno/EV/f0333/f0333_r_1.jpg"",""bbox"":{""x"":0.0,""y"":0.016723715649835325,""w"":0.971694805154427,""h"":0.9785222156650047}},{""photo"":""anno/EV/f0333/f0333_f.jpg"",""bbox"":{""x"":0.004237168812923766,""y"":0.003051748564695589,""w"":0.9771973164710073,""h"":0.9824284919750449}},{""photo"":""anno/EV/f0333/f0333_l_a.jpg"",""bbox"":{""x"":0.030392681001523612,""y"":0.006958024874735524,""w"":0.9696073189984764,""h"":0.9746159393549648}},{""photo"":""anno/EV/f0333/f0333_f_1.jpg"",""bbox"":{""x"":0.0,""y"":0.010864301184775438,""w"":0.991803857677547,""h"":0.9804753538200247}},{""photo"":""anno/EV/f0333/f0333_r.jpg"",""bbox"":{""x"":0.007325460807475703,""y"":0.0128174393397954,""w"":0.991717109663001,""h"":0.9824284919750447}},{""photo"":""anno/EV/f0333/f0333_l.jpg"",""bbox"":{""x"":0.005954521178309704,""y"":0.01757819077509981,""w"":0.9940454788216903,""h"":0.9718083260746806}}]"
243	c9T11E9900-5040X00S000	243	"[{""photo"":""anno/EV/f0323/f0323_o.jpg"",""bbox"":{""x"":0.007325460807475703,""y"":0.09754836696180502,""w"":0.9829278886024723,""h"":0.839849406658587}},{""photo"":""anno/EV/f0323/f0323_l.jpg"",""bbox"":{""x"":0.016430844636764388,""y"":0.015516564450966275,""w"":0.9835691553632355,""h"":0.9804753538200248}},{""photo"":""anno/EV/f0323/f0323_r.jpg"",""bbox"":{""x"":0.0,""y"":0.0037977355208465013,""w"":0.990364096413726,""h"":0.9921941827501446}},{""photo"":""anno/EV/f0323/f0323_f.jpg"",""bbox"":{""x"":0.0,""y"":0.015516564450966275,""w"":0.9851131295035225,""h"":0.9765690775099849}}]"
244	c9T11E9890-????X?0S000	244	[]
245	c9T11E0900-4000X00S000	245	"[{""photo"":""anno/EV/f0614/f0614_l.jpg"",""bbox"":{""x"":0.1454178301331725,""y"":0.030945025192966824,""w"":0.8514645794597894,""h"":0.9668033867348851}},{""photo"":""anno/EV/f0614/f0614_r.jpg"",""bbox"":{""x"":0.0066745230313025525,""y"":0.023349472194335363,""w"":0.9641033302510553,""h"":0.9687565248899049}},{""photo"":""anno/EV/f0614/f0614_l_1.jpg"",""bbox"":{""x"":0.09175114499386189,""y"":0.04874026820959494,""w"":0.8945326471062984,""h"":0.9453188670296653}}]"
246	c9T11E8070-0000X00S000	246	"[{""photo"":""anno/EV/f0068/f0068_u17_r.jpg"",""bbox"":{""x"":0.0,""y"":0.010864301184775438,""w"":0.9845278208493526,""h"":0.9824284919750449}},{""photo"":""anno/EV/f0068/f0068_r_c.jpg"",""bbox"":{""x"":0.0,""y"":0.008911163029755476,""w"":1.0,""h"":0.9824284919750447}},{""photo"":""anno/EV/f0068/f0068_f.jpg"",""bbox"":{""x"":0.010538482321359371,""y"":0.006958024874735513,""w"":0.9894615176786407,""h"":0.9863347682850848}}]"
247	b8T11E9800-4040X01S000	247	"[{""photo"":""anno/EV/m0024/m0024_f.jpg"",""bbox"":{""x"":0.0,""y"":0.004130073351497288,""w"":1.0,""h"":0.9902410445951246}},{""photo"":""anno/EV/m0024/m0024_r.jpg"",""bbox"":{""x"":0.0,""y"":0.024095459150486227,""w"":0.9996299333239238,""h"":0.9707096630449248}},{""photo"":""anno/EV/m0024/m0024_o.jpg"",""bbox"":{""x"":0.00542937035565893,""y"":0.006517215755306505,""w"":0.9945706296443411,""h"":0.9824284919750449}},{""photo"":""anno/EV/m0024/m0024_f_a.jpg"",""bbox"":{""x"":0.01116030886765226,""y"":0.01042349206534643,""w"":0.9888396911323477,""h"":0.9804753538200247}},{""photo"":""anno/EV/m0024/m0024_l.jpg"",""bbox"":{""x"":0.017168098969405937,""y"":0.0963615708862251,""w"":0.982831901030594,""h"":0.8964904131541662}}]"
248	b8T11E8787-3440X00S000	248	[]
249	b9T11E9000-3040X00S000	249	"[{""photo"":""anno/EV/m0532/m0532_f.jpg"",""bbox"":{""x"":0.0,""y"":0.002746570727973685,""w"":1.0,""h"":0.9921941827501446}},{""photo"":""anno/EV/m0532/m0532_f_1.jpg"",""bbox"":{""x"":0.0,""y"":0.0066528470380136095,""w"":0.9765850116800167,""h"":0.9863347682850849}},{""photo"":""anno/EV/m0532/m0532_r.jpg"",""bbox"":{""x"":0.0,""y"":0.0,""w"":0.990047867026071,""h"":0.9949407534781183}},{""photo"":""anno/EV/m0532/m0532_l.jpg"",""bbox"":{""x"":0.0056962629118097055,""y"":0.0,""w"":0.9943037370881903,""h"":0.9949407534781183}}]"
250	c9T11E0000-3030X01S000	250	"[{""photo"":""anno/EV/f0334/f0334_f.JPG"",""bbox"":{""x"":0.09082306088249942,""y"":0.006958024874735513,""w"":0.9091769391175005,""h"":0.9863347682850848}},{""photo"":""anno/EV/f0334/f0334_r.JPG"",""bbox"":{""x"":0.01172007133774014,""y"":0.1328126447052197,""w"":0.8422838349122598,""h"":0.8604801484546006}},{""photo"":""anno/EV/f0334/f0334_l.JPG"",""bbox"":{""x"":0.10840150300355708,""y"":0.006958024874735513,""w"":0.8915984969964428,""h"":0.9843816301300646}},{""photo"":""anno/EV/f0334/f0334_f_1.JPG"",""bbox"":{""x"":0.15234760830620112,""y"":0.07336472214541445,""w"":0.7002079444887956,""h"":0.9218812091694256}}]"
251	b8T11E8080-3040X??S???	251	"[{""photo"":""anno/EV/m0598/m0598_l_ledap_l_processed smaller.jpg"",""bbox"":{""x"":0.13033378065429055,""y"":0.034301959045015096,""w"":0.8696662193457094,""h"":0.9531314196497451}},{""photo"":""anno/EV/m0598/m0598_r_Ledap_r_processed .jpg"",""bbox"":{""x"":0.0,""y"":0.04797392613015483,""w"":1.0,""h"":0.9472720051846852}},{""photo"":""anno/EV/m0598/m0598_Ledap_l_before break.JPG"",""bbox"":{""x"":0.06006078717064861,""y"":0.018676853804855398,""w"":0.792494765624348,""h"":0.9531314196497451}},{""photo"":""anno/EV/m0598/m0598_f_Ledap_f.JPG"",""bbox"":{""x"":0.11719072406408587,""y"":0.016723715649835325,""w"":0.505380210980407,""h"":0.9746159393549648}},{""photo"":""anno/EV/m0598/m0598_Ledap.jpg"",""bbox"":{""x"":0.06954556963454205,""y"":0.008911163029755476,""w"":0.9188731108734668,""h"":0.9863347682850846}},{""photo"":""anno/EV/m0598/m0598_r_Ledap_r.JPG"",""bbox"":{""x"":0.1611368293667299,""y"":0.06164589321529468,""w"":0.7251107374936272,""h"":0.9336000380995454}},{""photo"":""anno/EV/m0598/m0598_f_Ledap_f_processed smaller.jpg"",""bbox"":{""x"":0.20320811172863115,""y"":0.0343019590450151,""w"":0.7967918882713689,""h"":0.960943972269825}},{""photo"":""anno/EV/m0598/m0598_l_ledap_l.JPG"",""bbox"":{""x"":0.05713104681713896,""y"":0.042114511665094945,""w"":0.8203272989826893,""h"":0.9375063144095854}}]"
252	c8T11E0000-3040X00S000	252	"[{""photo"":""anno/EV/f0465/f0465_NASHIPAI Left.JPG"",""bbox"":{""x"":0.012642791430123018,""y"":0.015740381399577747,""w"":0.9796661110088982,""h"":0.9726628011999447}},{""photo"":""anno/EV/f0465/f0465_NASHIPAI - Nugu.JPG"",""bbox"":{""x"":0.17432066095752313,""y"":0.007927828779497825,""w"":0.771986583149781,""h"":0.9843816301300649}},{""photo"":""anno/EV/f0465/f0465_l.jpg"",""bbox"":{""x"":0.02530924257968392,""y"":0.06066255896503703,""w"":0.9746907574203161,""h"":0.9316468999445257}},{""photo"":""anno/EV/f0465/f0465_f.jpg"",""bbox"":{""x"":0.0,""y"":0.08214707867025672,""w"":0.9881438750453497,""h"":0.9121155183943259}},{""photo"":""anno/EV/f0465/f0465_NASHIPAI - White Tree Plain.JPG"",""bbox"":{""x"":0.017469150368155086,""y"":0.02539079601525962,""w"":0.9780030709267957,""h"":0.9684377794545339}},{""photo"":""anno/EV/f0465/f0465_NASHIPAI Right.JPG"",""bbox"":{""x"":0.09481252458640649,""y"":0.021599795864637672,""w"":0.8482094329113495,""h"":0.972662801199945}},{""photo"":""anno/EV/f0465/f0465_r.jpg"",""bbox"":{""x"":0.0,""y"":0.08203152625541932,""w"":0.9934453725415868,""h"":0.9102779326541434}},{""photo"":""anno/EV/f0465/f0465_Nashipai f.JPG"",""bbox"":{""x"":0.0017262821649850497,""y"":0.03722490110479737,""w"":0.8771128127810158,""h"":0.9627750988952026}},{""photo"":""anno/EV/f0465/f0465_Nashipai 26th Oct Enchorro hill.JPG"",""bbox"":{""x"":0.005306050756549298,""y"":0.04882830917027958,""w"":0.9085316804270301,""h"":0.939574873429243}},{""photo"":""anno/EV/f0465/f0465_NASHIPAI - behind hill.JPG"",""bbox"":{""x"":0.0015741660610269857,""y"":0.005974690624477863,""w"":0.998425833938973,""h"":0.9882879064401048}}]"
253	b9T11E7887-5334X00S000	253	"[{""photo"":""anno/EV/m0103/m0103_r_1.jpg"",""bbox"":{""x"":0.002604213647564061,""y"":0.0,""w"":0.9961117201932655,""h"":1.0}},{""photo"":""anno/EV/m0103/m0103_r.jpg"",""bbox"":{""x"":0.0,""y"":0.006958024874735513,""w"":1.0,""h"":0.978522215665005}},{""photo"":""anno/EV/m0103/m0103_f.jpg"",""bbox"":{""x"":0.03516814203966101,""y"":0.24133460347713187,""w"":0.9463061341836024,""h"":0.7480519133726485}},{""photo"":""anno/EV/m0103/m0103_l.jpg"",""bbox"":{""x"":0.03981636853618812,""y"":0.024536268269915285,""w"":0.9601836314638119,""h"":0.968756524889905}}]"
254	c9T11E8980-3040X00S000	254	"[{""photo"":""anno/EV/f0081/f0081_u32_r.jpg"",""bbox"":{""x"":0.0,""y"":0.010864301184775438,""w"":0.9804096222839013,""h"":0.9843816301300646}},{""photo"":""anno/EV/f0081/f0081_u32_l.jpg"",""bbox"":{""x"":0.05715153899665617,""y"":0.0128174393397954,""w"":0.9428484610033437,""h"":0.9824284919750447}},{""photo"":""anno/EV/f0081/f0081_u32_f.jpg"",""bbox"":{""x"":0.012660692482750894,""y"":0.03039568273497517,""w"":0.987339307517249,""h"":0.9696043172650248}}]"
255	b9T11E9877-5530X00S000	255	"[{""photo"":""anno/EV/m0366/m0366_f.jpg"",""bbox"":{""x"":0.03905286765990943,""y"":0.0004475929187536254,""w"":0.8966821920758565,""h"":0.9980535972152046}},{""photo"":""anno/EV/m0366/m0366_r.jpg"",""bbox"":{""x"":0.05521727179304337,""y"":0.0870366892305543,""w"":0.9447827282069566,""h"":0.9129633107694457}},{""photo"":""anno/EV/m0366/m0366_l.jpg"",""bbox"":{""x"":0.03144775186564658,""y"":0.03820823535505502,""w"":0.9528101577683935,""h"":0.9550845578047653}}]"
256	b8T10E9989-0000X00S000	256	"[{""photo"":""anno/EV/m0169/m0169_f.jpg"",""bbox"":{""x"":0.03747219125677469,""y"":0.047105882940576826,""w"":0.9622829849114078,""h"":0.9472720051846855}}]"
257	c8T11E9090-3030X00S000	257	"[{""photo"":""anno/EV/f0342/f0342_l.jpg"",""bbox"":{""x"":0.060778857709523036,""y"":0.03820823535505504,""w"":0.939221142290477,""h"":0.9511782814947252}},{""photo"":""anno/EV/f0342/f0342_P1020536_r.jpg"",""bbox"":{""x"":0.0,""y"":0.051880202440194825,""w"":0.9953320307107544,""h"":0.9375063144095853}},{""photo"":""anno/EV/f0342/f0342_r_1.jpg"",""bbox"":{""x"":0.0,""y"":0.032348820889995133,""w"":1.0,""h"":0.9628971104248449}},{""photo"":""anno/EV/f0342/f0342_r_2.jpg"",""bbox"":{""x"":0.011313469403837484,""y"":0.008911163029755476,""w"":0.9886865305961625,""h"":0.9863347682850846}},{""photo"":""anno/EV/f0342/f0342_l_1.jpg"",""bbox"":{""x"":0.0021171241941776832,""y"":0.0128174393397954,""w"":0.9978828758058224,""h"":0.9804753538200249}},{""photo"":""anno/EV/f0342/f0342_r.jpg"",""bbox"":{""x"":0.0080518860469165,""y"":0.032348820889995133,""w"":0.9852913372902079,""h"":0.9609439722698252}}]"
258	b8T11E7809-3050X00S000	258	"[{""photo"":""anno/EV/f0412/f0412_r copy.jpg"",""bbox"":{""x"":0.0,""y"":0.0128174393397954,""w"":1.0,""h"":0.9824284919750447}},{""photo"":""anno/EV/f0412/f0412_f.jpg"",""bbox"":{""x"":0.10478783856561243,""y"":0.0050048867197155554,""w"":0.8184717967587998,""h"":0.9902410445951245}},{""photo"":""anno/EV/f0412/f0412_l_1 (1).jpg"",""bbox"":{""x"":0.11993840273638327,""y"":0.016723715649835325,""w"":0.8800615972636168,""h"":0.9785222156650047}},{""photo"":""anno/EV/f0412/f0412_o_1.jpg"",""bbox"":{""x"":0.001465980100456482,""y"":0.003051748564695589,""w"":0.978533278072208,""h"":0.9921941827501445}},{""photo"":""anno/EV/f0412/f0412_l_1.jpg"",""bbox"":{""x"":0.013730304363943393,""y"":0.005004886719715551,""w"":0.9862696956360566,""h"":0.9902410445951245}},{""photo"":""anno/EV/f0412/f0412_l (1).jpg"",""bbox"":{""x"":0.08271277111998371,""y"":0.07336472214541445,""w"":0.9172872288800162,""h"":0.9179749328593857}},{""photo"":""anno/EV/f0412/f0412_o.JPG"",""bbox"":{""x"":0.0,""y"":0.005004886719715551,""w"":1.0,""h"":0.9902410445951245}},{""photo"":""anno/EV/f0412/f0412_l.jpg"",""bbox"":{""x"":0.04816517277605842,""y"":0.010864301184775464,""w"":0.943229906812417,""h"":0.9785222156650047}}]"
259	b9T11E0000-3050X00S000	259	"[{""photo"":""anno/EV/m0016/m0016_lb.jpg"",""bbox"":{""x"":0.04058506389776358,""y"":0.029052734375,""w"":0.9594149361022364,""h"":0.96875}},{""photo"":""anno/EV/m0016/m0016_la.jpg"",""bbox"":{""x"":0.08665899020522387,""y"":0.06030273437499999,""w"":0.9034660680970148,""h"":0.9335937499999999}}]"
260	c9T11E9080-0000X00S000	260	"[{""photo"":""anno/EV/f0145/f0145_r.jpg"",""bbox"":{""x"":0.0,""y"":0.0024007310737735876,""w"":0.8739638428589128,""h"":0.9902410445951247}}]"
261	c8T01E8000-3040X00S000	261	"[{""photo"":""anno/EV/f0291/f0291_P1000787.JPG"",""bbox"":{""x"":0.10812890380709683,""y"":0.003051748564695589,""w"":0.8897836301234594,""h"":0.9902410445951247}},{""photo"":""anno/EV/f0291/f0291_f.jpg"",""bbox"":{""x"":0.0034051672549544536,""y"":0.0,""w"":0.9965948327450456,""h"":0.9932927931598203}}]"
262	c9T11E0007-4530X00S?00	262	"[{""photo"":""anno/EV/f0265/f0265_f.jpg"",""bbox"":{""x"":0.011651139371410962,""y"":0.0,""w"":0.988348860628589,""h"":0.9952459313148401}},{""photo"":""anno/EV/f0265/f0265_r.jpg"",""bbox"":{""x"":0.005247325753667126,""y"":0.014770577494815402,""w"":0.9947526742463328,""h"":0.9804753538200247}},{""photo"":""anno/EV/f0265/f0265_f_a.jpg"",""bbox"":{""x"":0.0176733627910597,""y"":0.016723715649835325,""w"":0.9675526112272539,""h"":0.9707096630449249}},{""photo"":""anno/EV/f0265/f0265_l.jpg"",""bbox"":{""x"":0.08259297393430068,""y"":0.006958024874735513,""w"":0.9174070260656995,""h"":0.9930419751252645}}]"
263	b9T11E7797-0000X00S000	263	"[{""photo"":""anno/EV/m0456/m0456_sarah omeara.jpg"",""bbox"":{""x"":0.013021068237820455,""y"":0.010875176361136574,""w"":0.9830906519554451,""h"":0.9755915308858509}}]"
264	b8T11E8090-3040X00S000	264	"[{""photo"":""anno/EV/m0376/m0376_IMG_1217_processed.jpg"",""bbox"":{""x"":0.12429356007537588,""y"":0.010864301184775438,""w"":0.8700254611793905,""h"":0.9824284919750449}},{""photo"":""anno/EV/m0376/m0376_IMG_1104_processed.jpg"",""bbox"":{""x"":0.14949240565285704,""y"":0.13671888155019973,""w"":0.850507594347143,""h"":0.8585270497646403}},{""photo"":""anno/EV/m0376/m0376_f.jpg"",""bbox"":{""x"":0.010045716674435691,""y"":0.006958024874735524,""w"":0.9189482187625292,""h"":0.9882879064401046}},{""photo"":""anno/EV/m0376/m0376_IMG_1109_processed_processed.jpg"",""bbox"":{""x"":0.03080765758225517,""y"":0.05578647875023479,""w"":0.9691923424177448,""h"":0.9394594525646053}},{""photo"":""anno/EV/m0376/m0376_r.jpg"",""bbox"":{""x"":2.883687484036557e-06,""y"":0.008911163029755476,""w"":0.9573610211175119,""h"":0.9863347682850846}},{""photo"":""anno/EV/m0376/m0376_l.jpg"",""bbox"":{""x"":0.08792837228526548,""y"":0.04406764982011491,""w"":0.9115487027122666,""h"":0.9472720051846852}}]"
265	b8T11E9978-5430X00S000	265	"[{""photo"":""anno/EV/m0097/m0097_r (1).jpg"",""bbox"":{""x"":0.0015446667570852256,""y"":0.034301959045015096,""w"":0.9720878492944869,""h"":0.9589908341148052}},{""photo"":""anno/EV/m0097/m0097_f.jpg"",""bbox"":{""x"":0.04928060340211567,""y"":0.04797392613015488,""w"":0.9116473058015836,""h"":0.9453188670296653}},{""photo"":""anno/EV/m0097/m0097_l.jpg"",""bbox"":{""x"":0.0,""y"":0.0,""w"":0.983090651955445,""h"":0.998900293255132}},{""photo"":""anno/EV/m0097/m0097_f_1.jpg"",""bbox"":{""x"":0.08190458558446341,""y"":0.024536268269915285,""w"":0.9180954144155365,""h"":0.958990834114805}},{""photo"":""anno/EV/m0097/m0097_r (2).jpg"",""bbox"":{""x"":1.6701709035193967e-06,""y"":0.04406764982011491,""w"":0.9751738424668502,""h"":0.9492251433397054}},{""photo"":""anno/EV/m0097/m0097_f_1 (1).jpg"",""bbox"":{""x"":0.07766818103328849,""y"":0.034301959045015096,""w"":0.8896449557467265,""h"":0.9589908341148052}},{""photo"":""anno/EV/m0097/m0097_r.jpg"",""bbox"":{""x"":0.0,""y"":0.0,""w"":1.0,""h"":0.9835271023847203}}]"
266	b8T11E8090-3050X00S000	266	[]
267	c9T11E8090-3000X00S000	267	[]
268	c8T11E8990-4050X00S010	268	"[{""photo"":""anno/EV/f0868/f0868 left.JPG"",""bbox"":{""x"":0.0,""y"":0.01529279220613955,""w"":1.0,""h"":0.9824284919750447}},{""photo"":""anno/EV/f0868/f0868_f.JPG"",""bbox"":{""x"":0.026958733073837383,""y"":0.007480239586059589,""w"":0.9653649313670042,""h"":0.9902410445951246}},{""photo"":""anno/EV/f0868/f0868 right.JPG"",""bbox"":{""x"":0.0,""y"":0.013339654051119587,""w"":0.8504455786476117,""h"":0.9824284919750449}},{""photo"":""anno/EV/f0868/f0868 left ear.JPG"",""bbox"":{""x"":0.04662331853039766,""y"":0.027011621136259323,""w"":0.9533766814696023,""h"":0.9648502485798652}},{""photo"":""anno/EV/f0868/f0868_iconic ear.JPG"",""bbox"":{""x"":0.0,""y"":0.019199068516179474,""w"":1.0,""h"":0.9746159393549648}}]"
269	c9T00E8080-5040X00S001	269	"[{""photo"":""anno/EV/f0504/f0504_l.jpg"",""bbox"":{""x"":0.1119536425531871,""y"":0.003051748564695589,""w"":0.8855831727525758,""h"":0.9921941827501445}},{""photo"":""anno/EV/f0504/f0504_f.jpg"",""bbox"":{""x"":2.9213191828540987e-06,""y"":0.0,""w"":0.9999970786808171,""h"":0.9952459313148401}},{""photo"":""anno/EV/f0504/f0504_r.jpg"",""bbox"":{""x"":0.0,""y"":0.0050048867197155554,""w"":1.0,""h"":0.9902410445951245}}]"
270	c8T00E8870-3340X00S001	270	"[{""photo"":""anno/EV/f0436/f0436_l.jpg"",""bbox"":{""x"":0.1464881275991819,""y"":0.03820823535505502,""w"":0.853511872400818,""h"":0.9023498276192261}},{""photo"":""anno/EV/f0436/f0436_l_1.jpg"",""bbox"":{""x"":0.12541669297596922,""y"":0.02844254457995521,""w"":0.8604355041272986,""h"":0.9715574554200448}},{""photo"":""anno/EV/f0436/f0436_f.jpg"",""bbox"":{""x"":0.11572585388733109,""y"":0.05578647875023479,""w"":0.8842741461126689,""h"":0.9316468999445254}}]"
271	c9T11E7000-3000X00S000	271	"[{""photo"":""anno/EV/f0016/f0016_u6_l.jpg"",""bbox"":{""x"":0.016927388709166602,""y"":0.07834714080713547,""w"":0.9791843314840993,""h"":0.9216528591928645}}]"
272	c8T11E7700-4040X00S000	272	"[{""photo"":""anno/EV/m0310/m0310_f.jpg"",""bbox"":{""x"":0.07324461876144184,""y"":0.11438062340083388,""w"":0.7529249835376453,""h"":0.8856193765991661}},{""photo"":""anno/EV/m0310/m0310_f (1).jpg"",""bbox"":{""x"":0.07031487840793219,""y"":0.032348820889995133,""w"":0.8012839866848768,""h"":0.9492251433397054}}]"
273	b8T11E0700-3540X00S000	273	"[{""photo"":""anno/EV/m0590/m0590_f_Tepesi.JPG"",""bbox"":{""x"":0.183109882018052,""y"":0.010864301184775438,""w"":0.6137806040602622,""h"":0.9843816301300646}},{""photo"":""anno/EV/m0590/m0590_r_tepesi_gini.JPG"",""bbox"":{""x"":0.17578220136317282,""y"":0.03039568273497517,""w"":0.8242177986368272,""h"":0.9696043172650248}},{""photo"":""anno/EV/m0590/m0590_r.JPG"",""bbox"":{""x"":0.15967195918997512,""y"":0.0,""w"":0.8403280408100249,""h"":0.9952459313148401}},{""photo"":""anno/EV/m0590/m0590_l.JPG"",""bbox"":{""x"":4.510166152993378e-06,""y"":0.018676853804855398,""w"":0.999995489833847,""h"":0.9746159393549649}}]"
274	c9T11E8097-3430X00S000	274	"[{""photo"":""anno/EV/f0281/f0281_r.jpg"",""bbox"":{""x"":0.0,""y"":0.010864301184775438,""w"":0.9917017565650483,""h"":0.9843816301300646}},{""photo"":""anno/EV/f0281/f0281_l.jpg"",""bbox"":{""x"":0.032622609506542374,""y"":0.08313041292051437,""w"":0.9631404222548685,""h"":0.9082092420842858}},{""photo"":""anno/EV/f0281/f0281_r (1).jpg"",""bbox"":{""x"":0.0063927867085428235,""y"":0.049927064285174905,""w"":0.9793809496144901,""h"":0.9414125907196252}},{""photo"":""anno/EV/f0281/f0281_f (1).jpg"",""bbox"":{""x"":0.052500351792959865,""y"":0.0655521695253346,""w"":0.8355170213670613,""h"":0.9324947186296854}},{""photo"":""anno/EV/f0281/f0281_l (1).jpg"",""bbox"":{""x"":0.04243974211634881,""y"":0.03820823535505502,""w"":0.913938362758028,""h"":0.9492251433397052}},{""photo"":""anno/EV/f0281/f0281_f.jpg"",""bbox"":{""x"":0.006333326512916251,""y"":0.0058592960698801155,""w"":0.959683142169589,""h"":0.9874334970899402}}]"
275	c9T11E8000-0000X00S000	275	"[{""photo"":""anno/EV/f0150/f0150_f_crp.jpg"",""bbox"":{""x"":0.0,""y"":0.0,""w"":1.0,""h"":0.991943359375}},{""photo"":""anno/EV/f0150/f0150_l.jpg"",""bbox"":{""x"":0.0,""y"":0.013427734375,""w"":1.0,""h"":0.982421875}}]"
276	b9T11E8070-3450X00S000	276	"[{""photo"":""anno/EV/m0513/m0513_l.JPG"",""bbox"":{""x"":0.0,""y"":0.016723715649835325,""w"":1.0,""h"":0.9785222156650047}},{""photo"":""anno/EV/m0513/m0513_f.jpg"",""bbox"":{""x"":0.05974997404326113,""y"":0.042114511665094945,""w"":0.8569451470810879,""h"":0.9453188670296653}},{""photo"":""anno/EV/m0513/m0513_o.jpg"",""bbox"":{""x"":0.006298862996674597,""y"":0.005004886719715551,""w"":0.9937011370033255,""h"":0.9882879064401048}},{""photo"":""anno/EV/m0513/m0513_l_1.jpg"",""bbox"":{""x"":0.031161273585145158,""y"":0.026489406424935247,""w"":0.9688387264148548,""h"":0.9687565248899048}}]"
277	b9T11E9080-3300X00S000	277	"[{""photo"":""anno/EV/m0175/m0175_l.JPG"",""bbox"":{""x"":0.0,""y"":0.010864301184775438,""w"":1.0,""h"":0.9804753538200247}},{""photo"":""anno/EV/m0175/m0175_f.jpg"",""bbox"":{""x"":0.0,""y"":0.02648940642493522,""w"":1.0,""h"":0.9687565248899048}}]"
278	c9T11E7080-5430X00S000	278	"[{""photo"":""anno/EV/f0324/f0324_f.jpg"",""bbox"":{""x"":0.0,""y"":0.0,""w"":1.0,""h"":0.9913396550048001}},{""photo"":""anno/EV/f0324/f0324_r.jpg"",""bbox"":{""x"":0.0,""y"":0.008911163029755476,""w"":0.9940607622483174,""h"":0.9843816301300649}},{""photo"":""anno/EV/f0324/f0324_l.jpg"",""bbox"":{""x"":0.0,""y"":0.02844254457995521,""w"":1.0,""h"":0.9668033867348849}}]"
279	c9T11E8090-3340X00S000	279	"[{""photo"":""anno/EV/f0435/f0435_l.JPG"",""bbox"":{""x"":0.010362489833499421,""y"":0.014533230200708624,""w"":0.9896375101665006,""h"":0.9765690775099849}},{""photo"":""anno/EV/f0435/f0435_l_1.JPG"",""bbox"":{""x"":0.08104424594939401,""y"":0.012580092045688662,""w"":0.918955754050606,""h"":0.9785222156650049}},{""photo"":""anno/EV/f0435/f0435_r.JPG"",""bbox"":{""x"":0.0,""y"":0.008673815735648738,""w"":1.0,""h"":0.9804753538200248}},{""photo"":""anno/EV/f0435/f0435_l_2.JPG"",""bbox"":{""x"":0.049288024433787936,""y"":0.004767539425608813,""w"":0.9507119755662121,""h"":0.9902410445951246}}]"
280	c8T11E9080-4050X00S110	280	"[{""photo"":""anno/EV/f0380/f0380_r.jpg"",""bbox"":{""x"":0.014669371235495166,""y"":0.03039568273497517,""w"":0.985330628764505,""h"":0.9628971104248452}},{""photo"":""anno/EV/f0380/f0380_f.jpg"",""bbox"":{""x"":0.019579134149676672,""y"":0.0128174393397954,""w"":0.9804208658503233,""h"":0.9785222156650047}},{""photo"":""anno/EV/f0380/f0380_l_2.jpg"",""bbox"":{""x"":0.06304870787708654,""y"":0.09289610369561419,""w"":0.9369512921229135,""h"":0.9023498276192259}},{""photo"":""anno/EV/f0380/f0380_l_1.jpg"",""bbox"":{""x"":0.04908359980122235,""y"":0.010864301184775438,""w"":0.9509164001987775,""h"":0.9843816301300646}}]"
281	b9T11E9090-3533X00S000	281	"[{""photo"":""anno/EV/m0223/m0223_f.jpg"",""bbox"":{""x"":0.021495967900127977,""y"":0.014770577494815362,""w"":0.9785040320998719,""h"":0.9707096630449251}},{""photo"":""anno/EV/m0223/m0223_l.jpg"",""bbox"":{""x"":0.0034404457022685977,""y"":0.022583130114895322,""w"":0.9814239552210041,""h"":0.9726628011999447}},{""photo"":""anno/EV/m0223/m0223_l (1).jpg"",""bbox"":{""x"":0.06846954173393213,""y"":0.014770577494815402,""w"":0.9281222123894859,""h"":0.9804753538200247}}]"
282	c9T11E0000-0000X?0S000	282	"[{""photo"":""anno/EV/f0580/f0580_l.jpg"",""bbox"":{""x"":0.0,""y"":0.014770577494815362,""w"":0.9834550989688783,""h"":0.978522215665005}},{""photo"":""anno/EV/f0580/f0580_f.jpg"",""bbox"":{""x"":3.174734143642999e-06,""y"":0.005004886719715551,""w"":0.9573297705537411,""h"":0.9882879064401048}},{""photo"":""anno/EV/f0580/f0580_r.jpg"",""bbox"":{""x"":0.007775316688916125,""y"":0.016723715649835325,""w"":0.9922246833110838,""h"":0.9726628011999451}}]"
283	c9T11E9000-3000X00S000	283	"[{""photo"":""anno/EV/f0031/f0031_u12_r.jpg"",""bbox"":{""x"":0.0,""y"":0.003051748564695589,""w"":0.9900599684515421,""h"":0.9882879064401046}},{""photo"":""anno/EV/f0031/f0031_u12_f.jpg"",""bbox"":{""x"":0.0,""y"":0.008911163029755476,""w"":0.9980935491161406,""h"":0.9843816301300649}}]"
284	b9T11E0000-3030X00S010	284	"[{""photo"":""anno/EV/f0760/f0760_f.jpg"",""bbox"":{""x"":3.664756648989353e-06,""y"":0.0128174393397954,""w"":0.9864299049050339,""h"":0.9804753538200249}},{""photo"":""anno/EV/f0760/f0760_l.jpg"",""bbox"":{""x"":0.10602216076571641,""y"":0.04406764982011491,""w"":0.8889121740641527,""h"":0.9355531762545655}}]"
285	b8T11E9080-3043X00S000	285	"[{""photo"":""anno/EV/f0816/f0816_f.jpg"",""bbox"":{""x"":0.0,""y"":0.0050049016209771134,""w"":0.9869297299835111,""h"":0.9843816301300646}},{""photo"":""anno/EV/f0816/f0816_r.jpg"",""bbox"":{""x"":1.8055484435039206e-06,""y"":0.0870366892305543,""w"":0.9999981944515565,""h"":0.9082092420842858}},{""photo"":""anno/EV/f0816/f0816_l.jpg"",""bbox"":{""x"":0.046761186668053165,""y"":0.022583130114895322,""w"":0.9451928328492686,""h"":0.970709663044925}}]"
286	b8T11E9700-0000X00S000	286	"[{""photo"":""anno/EV/m0173/m0173_r.jpg"",""bbox"":{""x"":0.0,""y"":0.006958024874735513,""w"":1.0,""h"":0.9863347682850848}}]"
287	c8T11E0000-3050X00S000	287	"[{""photo"":""anno/EV/f0397/f0397_f.jpg"",""bbox"":{""x"":0.10046173829669888,""y"":0.06945844583537453,""w"":0.897200737692388,""h"":0.9257874854794655}}]"
288	c9T11E0000-3400X00S000	288	"[{""photo"":""anno/EV/f0711/f0711_r_1.jpg"",""bbox"":{""x"":3.53526555042094e-06,""y"":0.0,""w"":0.9888733523915689,""h"":0.9935844108485237}},{""photo"":""anno/EV/f0711/f0711_l_1.jpg"",""bbox"":{""x"":0.06912560578536868,""y"":0.015062195183518923,""w"":0.9308743942146314,""h"":0.9804753538200247}},{""photo"":""anno/EV/f0711/f0711_IMG_0964_processed.jpg"",""bbox"":{""x"":0.0,""y"":0.01310905702849885,""w"":0.9929737100080388,""h"":0.9868909429715012}},{""photo"":""anno/EV/f0711/f0711_l.jpg"",""bbox"":{""x"":0.08598201989479987,""y"":0.0,""w"":0.9080045902565277,""h"":0.994140625}},{""photo"":""anno/EV/f0711/f0711_r.jpg"",""bbox"":{""x"":0.0,""y"":0.0,""w"":0.9229884914905506,""h"":0.9896781345384836}},{""photo"":""anno/EV/f0711/f0711_IMG_0966_processed.jpg"",""bbox"":{""x"":0.015964488833017376,""y"":0.0033433662533990383,""w"":0.9612204657432017,""h"":0.9921941827501446}},{""photo"":""anno/EV/f0711/f0711_f.jpg"",""bbox"":{""x"":0.05086263077619168,""y"":0.0052965044084190005,""w"":0.9491373692238083,""h"":0.9902410445951246}}]"
289	b9T11E9090-0000X00S000	289	"[{""photo"":""anno/EV/m0306/m0306_r_1.jpg"",""bbox"":{""x"":0.009400443889695919,""y"":0.014770577494815362,""w"":0.9774551336221162,""h"":0.978522215665005}},{""photo"":""anno/EV/m0306/m0306_r.jpg"",""bbox"":{""x"":0.003518827922682077,""y"":0.04797392613015483,""w"":0.9193525229313139,""h"":0.9472720051846852}}]"
290	c9T11E9000-4030X00S000	290	"[{""photo"":""anno/EV/f0341/f0341_r_1.jpg"",""bbox"":{""x"":0.0,""y"":0.05383334059521483,""w"":0.9800178458792144,""h"":0.9414125907196252}},{""photo"":""anno/EV/f0341/f0341_l_1.jpg"",""bbox"":{""x"":0.11727600390051972,""y"":0.04406764982011491,""w"":0.8804717965685095,""h"":0.9492251433397054}},{""photo"":""anno/EV/f0341/f0341_l.jpg"",""bbox"":{""x"":0.0764837295111202,""y"":0.0,""w"":0.9138279817506533,""h"":0.9952459313148401}},{""photo"":""anno/EV/f0341/f0341_r.jpg"",""bbox"":{""x"":0.005787619881383598,""y"":0.05578647875023479,""w"":0.9850900369833623,""h"":0.9375063144095855}},{""photo"":""anno/EV/f0341/f0341_f.jpg"",""bbox"":{""x"":0.09712972468093053,""y"":0.03625509720003506,""w"":0.9018912704243968,""h"":0.958990834114805}}]"
291	c8T11E0000-5440X00S000	291	"[{""photo"":""anno/EV/f0215/f0215_l.jpg"",""bbox"":{""x"":0.0487851787775473,""y"":0.0,""w"":0.9512148212224528,""h"":0.9903563207545427}},{""photo"":""anno/EV/f0215/f0215_f.jpg"",""bbox"":{""x"":0.029885837482533026,""y"":0.0020684143144379576,""w"":0.9678885547877896,""h"":0.9882879064401047}}]"
292	c8T11E0000-5000X00S000	292	"[{""photo"":""anno/EV/f0256/f0256_l.jpg"",""bbox"":{""x"":0.012204886219882744,""y"":0.005337214654997369,""w"":0.9877951137801173,""h"":0.9902410445951245}},{""photo"":""anno/EV/f0256/f0256_r.jpg"",""bbox"":{""x"":0.009893182546094056,""y"":0.02920888665939525,""w"":0.9901068174539059,""h"":0.962897110424845}},{""photo"":""anno/EV/f0256/f0256_f.jpg"",""bbox"":{""x"":0.0,""y"":0.09170930762003426,""w"":1.0,""h"":0.902349827619226}},{""photo"":""anno/EV/f0256/f0256_o.jpg"",""bbox"":{""x"":0.0,""y"":0.013583781419235441,""w"":1.0,""h"":0.9804753538200248}}]"
293	c9T00E8887-3530X00S?01	293	"[{""photo"":""anno/EV/f0599/f0599_l_1.jpg"",""bbox"":{""x"":0.04611347023086691,""y"":0.024861801229926317,""w"":0.9434857708032903,""h"":0.9687565248899049}},{""photo"":""anno/EV/f0599/f0599_l (1).jpg"",""bbox"":{""x"":0.04323150989372687,""y"":0.007283557834746546,""w"":0.9567684901062732,""h"":0.9882879064401047}},{""photo"":""anno/EV/f0599/f0599_r (1).jpg"",""bbox"":{""x"":0.0,""y"":0.0053304196797265835,""w"":0.9702097552151092,""h"":0.9863347682850847}},{""photo"":""anno/EV/f0599/f0599_r.jpg"",""bbox"":{""x"":0.0,""y"":0.09570353280561905,""w"":0.9905640234849823,""h"":0.8979147933142122}},{""photo"":""anno/EV/f0599/f0599_l.jpg"",""bbox"":{""x"":0.039804465069148094,""y"":0.04634632093514596,""w"":0.9601955349308519,""h"":0.9492251433397052}}]"
294	b9T11E0007-3330X00S000	294	"[{""photo"":""anno/EV/m0092/m0092_f.jpg"",""bbox"":{""x"":0.19792023721487104,""y"":0.04406764982011491,""w"":0.5638122546976262,""h"":0.9511782814947252}},{""photo"":""anno/EV/m0092/m0092_r.jpg"",""bbox"":{""x"":0.0,""y"":0.006958024874735513,""w"":0.9968965157476326,""h"":0.9843816301300646}},{""photo"":""anno/EV/m0092/m0092.jpg"",""bbox"":{""x"":0.0,""y"":0.03625509720003506,""w"":0.8073062307448687,""h"":0.9570376959597853}},{""photo"":""anno/EV/m0092/m0092_l_a.jpg"",""bbox"":{""x"":0.014284857005380807,""y"":0.026489406424935247,""w"":0.9857151429946192,""h"":0.9687565248899048}},{""photo"":""anno/EV/m0092/m0092_l (1).jpg"",""bbox"":{""x"":0.1927118099197429,""y"":0.008911163029755476,""w"":0.8007956966259586,""h"":0.9843816301300649}},{""photo"":""anno/EV/m0092/m0092_l.jpg"",""bbox"":{""x"":0.052397010772672156,""y"":0.008911163029755476,""w"":0.9466967662307368,""h"":0.9863347682850846}}]"
295	b8T11E7090-3440X00S000	295	"[{""photo"":""anno/EV/m0465/m0465_f.jpg"",""bbox"":{""x"":0.03544162000359037,""y"":0.02408189900246782,""w"":0.9421861542414384,""h"":0.9746159393549649}},{""photo"":""anno/EV/m0465/m0465_l.jpg"",""bbox"":{""x"":0.05226961663798802,""y"":0.027988175312507746,""w"":0.9251182519470207,""h"":0.9609439722698252}}]"
296	c8T11E8090-3050X00S000	296	"[{""photo"":""anno/EV/f0578/f0578_r.jpg"",""bbox"":{""x"":0.006895178036014901,""y"":0.052185410079439776,""w"":0.9931048219639851,""h"":0.9433657288746454}},{""photo"":""anno/EV/f0578/f0578_P1030467.JPG"",""bbox"":{""x"":1.1099237016976016e-06,""y"":0.1088264165750189,""w"":0.9111492499414869,""h"":0.8847715842240463}},{""photo"":""anno/EV/f0578/f0578_l.jpg"",""bbox"":{""x"":0.006510534118910227,""y"":0.01773859879091675,""w"":0.9896011860743554,""h"":0.9822614012090832}},{""photo"":""anno/EV/f0578/f0578_f.jpg"",""bbox"":{""x"":0.1112680228895158,""y"":0.11077955473003886,""w"":0.81693339192922,""h"":0.8847715842240463}}]"
297	b8T11E9790-0000X00S000	297	"[{""photo"":""anno/EV/m0273/m0273_r.jpg"",""bbox"":{""x"":0.0013021068237820306,""y"":0.0,""w"":0.9909032928981372,""h"":1.0}}]"
298	b9T11E9070-4430X00S000	298	"[{""photo"":""anno/EV/m0263/m0263_l_1.JPG"",""bbox"":{""x"":0.05146825808672044,""y"":0.06140856082244949,""w"":0.941325575582636,""h"":0.9296937617895055}},{""photo"":""anno/EV/m0263/m0263_o.JPG"",""bbox"":{""x"":0.0,""y"":0.004767539425608813,""w"":0.851090682618242,""h"":0.9882879064401047}},{""photo"":""anno/EV/m0263/m0263_f_1.JPG"",""bbox"":{""x"":0.005382399655570813,""y"":0.057936313557829355,""w"":0.9946176003444293,""h"":0.9375063144095855}},{""photo"":""anno/EV/m0263/m0263_l.JPG"",""bbox"":{""x"":0.08766071506449143,""y"":0.06922109854126779,""w"":0.9123392849355085,""h"":0.9257874854794657}},{""photo"":""anno/EV/m0263/m0263_f.JPG"",""bbox"":{""x"":0.0,""y"":0.022345782820788584,""w"":0.995285948498563,""h"":0.9707096630449249}}]"
299	b8T11E7800-4030X00S000	299	"[{""photo"":""anno/EV/m0219/m0219_f (1).jpg"",""bbox"":{""x"":0.0052766721347878185,""y"":0.0,""w"":0.9773613819308039,""h"":0.9952459313148401}},{""photo"":""anno/EV/m0219/m0219_f.jpg"",""bbox"":{""x"":0.06640744801288438,""y"":0.0550770958840057,""w"":0.9271000585328171,""h"":0.9449229041159943}},{""photo"":""anno/EV/m0219/m0219_f_1.jpg"",""bbox"":{""x"":0.009114747766474363,""y"":0.0,""w"":0.9648611564224964,""h"":1.0}},{""photo"":""anno/EV/m0219/m0219_f_pesi.jpg"",""bbox"":{""x"":0.1743158777149039,""y"":0.03039568273497517,""w"":0.6137853873028815,""h"":0.9696043172650248}},{""photo"":""anno/EV/m0219/m0219_o.jpg"",""bbox"":{""x"":0.2607480013860566,""y"":0.008911163029755476,""w"":0.7368296989076653,""h"":0.9824284919750447}},{""photo"":""anno/EV/m0219/m0219_o_1.jpg"",""bbox"":{""x"":0.014244238345793537,""y"":0.006958024874735513,""w"":0.9857557616542064,""h"":0.9824284919750449}}]"
300	b8T01E9080-4530X00S000	300	"[{""photo"":""anno/EV/m0215/m0215_f_1.JPG"",""bbox"":{""x"":1.1099237016976016e-06,""y"":0.12219317602091373,""w"":0.8408354814572566,""h"":0.8730527552939263}},{""photo"":""anno/EV/m0215/m0215_f_2.JPG"",""bbox"":{""x"":0.08789332052898985,""y"":0.041015703930119884,""w"":0.886227799647765,""h"":0.9542302273847202}},{""photo"":""anno/EV/m0215/m0215_f.JPG"",""bbox"":{""x"":0.004395720453966134,""y"":0.0128174393397954,""w"":0.9956042795460338,""h"":0.9804753538200249}},{""photo"":""anno/EV/m0215/m0215_r.JPG"",""bbox"":{""x"":0.0,""y"":0.049927064285174905,""w"":1.0,""h"":0.9453188670296652}},{""photo"":""anno/EV/m0215/m0215_o.JPG"",""bbox"":{""x"":0.0029308502772112666,""y"":0.17883418251649286,""w"":0.9970691497227886,""h"":0.8105523343332875}},{""photo"":""anno/EV/m0215/m0215_l.JPG"",""bbox"":{""x"":0.08789332052898985,""y"":0.07336472214541445,""w"":0.8071434673918961,""h"":0.9218812091694256}}]"
301	c9T11E8090-3050X00S000	301	"[{""photo"":""anno/EV/f0600/f0600_r_1.jpg"",""bbox"":{""x"":0.0,""y"":0.02878843266325537,""w"":0.9991295011115161,""h"":0.9687565248899049}},{""photo"":""anno/EV/f0600/f0600_r_2.jpg"",""bbox"":{""x"":0.0394899208951689,""y"":0.06720012984363266,""w"":0.9356711767003624,""h"":0.9257874854794659}},{""photo"":""anno/EV/f0600/f0600_l_1.jpg"",""bbox"":{""x"":0.0,""y"":0.012512261503073607,""w"":1.0,""h"":0.9824284919750447}},{""photo"":""anno/EV/f0600/f0600_IMG_2200_processed.jpg"",""bbox"":{""x"":0.0,""y"":0.04180933382837315,""w"":0.9400194084048826,""h"":0.9531314196497451}},{""photo"":""anno/EV/f0600/f0600_r.jpg"",""bbox"":{""x"":0.00548810180666922,""y"":0.012512261503073607,""w"":0.9524703078873864,""h"":0.9824284919750447}},{""photo"":""anno/EV/f0600/f0600_l.jpg"",""bbox"":{""x"":0.010350767559932117,""y"":0.018371675968133494,""w"":0.984769718704712,""h"":0.9765690775099848}}]"
302	b9T11E9080-4455X00S000	302	[]
303	c8T11E0000-0000X00S000	303	"[{""photo"":""anno/EV/f0739/f0739_f.jpg"",""bbox"":{""x"":0.18018014166454244,""y"":0.1168559837178087,""w"":0.755873011205478,""h"":0.8613339263638067}},{""photo"":""anno/EV/f0739/f0739_chepkuinet.jpg"",""bbox"":{""x"":0.26221287156281137,""y"":0.25726488655401347,""w"":0.36768241436545523,""h"":0.5039096439951523}}]"
304	c8T11E8770-3530X00S000	304	"[{""photo"":""anno/EV/f0122/f0122_r_processed.jpg"",""bbox"":{""x"":0.016149020157089872,""y"":0.0018242720450604155,""w"":0.98385097984291,""h"":0.9824284919750449}},{""photo"":""anno/EV/f0122/f0122_l_a.jpg"",""bbox"":{""x"":0.0,""y"":0.027866104177818984,""w"":1.0,""h"":0.9668033867348851}},{""photo"":""anno/EV/f0122/f0122_l_processed.jpg"",""bbox"":{""x"":0.012283077885776154,""y"":0.008334722627619362,""w"":0.985588092843459,""h"":0.9843816301300647}},{""photo"":""anno/EV/f0122/f0122_r_1_processed.jpg"",""bbox"":{""x"":0.0,""y"":0.023959827867779077,""w"":0.9754308438183725,""h"":0.9707096630449249}},{""photo"":""anno/EV/f0122/f0122_o.jpg"",""bbox"":{""x"":0.0013021068237820306,""y"":0.004439545180530764,""w"":0.9948096133694836,""h"":0.9907648184863204}},{""photo"":""anno/EV/f0122/f0122_01102010_l_a.jpg"",""bbox"":{""x"":0.0,""y"":0.0063815844725994,""w"":1.0,""h"":0.9882879064401047}},{""photo"":""anno/EV/f0122/f0122_f_Sept 20 2008 Photo 1 Mara Triangle.jpg"",""bbox"":{""x"":0.0,""y"":0.0044284463175794375,""w"":0.7822417843107662,""h"":0.9882879064401047}}]"
305	c8T1?E9977-0000X00S000	305	"[{""photo"":""anno/EV/f0726/f0726_r.jpg"",""bbox"":{""x"":0.0,""y"":0.024102267280776957,""w"":1.0,""h"":0.9531314196497452}},{""photo"":""anno/EV/f0726/f0726_r_1.jpg"",""bbox"":{""x"":0.0,""y"":0.008911163029755476,""w"":0.9688934127533193,""h"":0.9843816301300649}},{""photo"":""anno/EV/f0726/f0726_r_2.jpg"",""bbox"":{""x"":0.0,""y"":0.04406764982011491,""w"":0.9751969980581822,""h"":0.9492251433397054}}]"
306	b8T11E8980-5444X00S000	306	"[{""photo"":""anno/EV/m0047/m0047_r.JPG"",""bbox"":{""x"":0.0,""y"":0.018337790499349027,""w"":0.8906421773906215,""h"":0.9726628011999451}},{""photo"":""anno/EV/m0047/m0047_l.jpg"",""bbox"":{""x"":0.0,""y"":0.05349427728970847,""w"":0.9973344892562487,""h"":0.9394594525646054}},{""photo"":""anno/EV/m0047/m0047_r (1).jpg"",""bbox"":{""x"":0.0,""y"":0.00466582341420918,""w"":0.8833178265068475,""h"":0.9882879064401047}}]"
307	b8T11E9787-0000X00S000	307	"[{""photo"":""anno/EV/m0166/m0166_r.jpg"",""bbox"":{""x"":0.0,""y"":0.0,""w"":0.9009773489972812,""h"":0.9945949138239181}}]"
308	b8T11E0000-4430X00S000	308	"[{""photo"":""anno/EV/m0271/m0271.JPG"",""bbox"":{""x"":0.06168274317917843,""y"":0.030924684970939254,""w"":0.9308383652204495,""h"":0.9628971104248452}},{""photo"":""anno/EV/m0271/m0271_l.jpg"",""bbox"":{""x"":0.08258680710865017,""y"":0.009223135841748165,""w"":0.9174131928913498,""h"":0.9863347682850846}}]"
309	c9T11E0700-0000X00S000	309	"[{""photo"":""anno/EV/f0283/f0283_l (1).jpg"",""bbox"":{""x"":0.001460089859006891,""y"":0.018676853804855398,""w"":0.9979633160966838,""h"":0.9746159393549649}},{""photo"":""anno/EV/f0283/f0283_l.jpg"",""bbox"":{""x"":0.0,""y"":0.010864301184775438,""w"":0.9953771431286327,""h"":0.9765690775099848}},{""photo"":""anno/EV/f0283/f0283_r.jpg"",""bbox"":{""x"":0.0,""y"":0.014770577494815402,""w"":1.0,""h"":0.9785222156650047}},{""photo"":""anno/EV/f0283/f0283_l_1.jpg"",""bbox"":{""x"":0.0,""y"":0.008911163029755476,""w"":0.9739705817273957,""h"":0.9824284919750447}},{""photo"":""anno/EV/f0283/f0283_f.jpg"",""bbox"":{""x"":0.0,""y"":0.0,""w"":1.0,""h"":0.9757145497646404}}]"
310	c8T11E0000-4000X00S000	310	"[{""photo"":""anno/EV/f0545/f0545_f.jpg"",""bbox"":{""x"":0.0,""y"":0.01042349206534643,""w"":0.9836286630074386,""h"":0.9824284919750449}},{""photo"":""anno/EV/f0545/f0545_f_a.jpg"",""bbox"":{""x"":0.011914240368784223,""y"":0.004564077600286542,""w"":0.9880857596312158,""h"":0.9902410445951245}},{""photo"":""anno/EV/f0545/f0545_r.jpg"",""bbox"":{""x"":0.003906320471346166,""y"":0.0,""w"":0.9817885451316629,""h"":1.0}}]"
311	b8T11E7090-0000X00S000	311	"[{""photo"":""anno/EV/m0567/m0567_r.jpg"",""bbox"":{""x"":0.0,""y"":0.005906860081862808,""w"":0.9886699694239374,""h"":0.9882879064401047}},{""photo"":""anno/EV/m0567/ m0567_r.jpg"",""bbox"":{""x"":0.0,""y"":0.03325079425214239,""w"":1.0,""h"":0.9589908341148051}},{""photo"":""anno/EV/m0567/ m0567_l.jpg"",""bbox"":{""x"":0.0,""y"":0.003953721926842846,""w"":0.9910530906557738,""h"":0.9902410445951246}},{""photo"":""anno/EV/m0567/ m0567_l_1.jpg"",""bbox"":{""x"":0.005953433315598403,""y"":0.005906860081862808,""w"":0.9940465666844016,""h"":0.9863347682850847}},{""photo"":""anno/EV/m0567/m0567_r_1.jpg"",""bbox"":{""x"":2.043915687761105e-06,""y"":0.01762568901198258,""w"":0.9733964666523875,""h"":0.9726628011999449}},{""photo"":""anno/EV/m0567/ m0567_f.jpg"",""bbox"":{""x"":0.016076625663591717,""y"":0.027391379787082427,""w"":0.9676854261232796,""h"":0.966803386734885}}]"
312	c9T11E7780-4540X00S000	312	"[{""photo"":""anno/EV/f0548/f0548_f.jpg"",""bbox"":{""x"":0.0,""y"":0.00921634086647738,""w"":1.0,""h"":0.9863347682850847}},{""photo"":""anno/EV/f0548/f0548_l.jpg"",""bbox"":{""x"":0.0,""y"":0.0,""w"":1.0,""h"":0.9916448328415222}},{""photo"":""anno/EV/f0548/f0548_r.jpg"",""bbox"":{""x"":0.0,""y"":0.0,""w"":1.0,""h"":0.9955511091515621}}]"
313	c9T11E7090-3030X00S000	313	"[{""photo"":""anno/EV/m0069/m0069_f.jpg"",""bbox"":{""x"":0.0,""y"":0.034301959045015096,""w"":1.0,""h"":0.9589908341148052}},{""photo"":""anno/EV/m0069/m0069__r.jpg"",""bbox"":{""x"":0.0,""y"":0.0128174393397954,""w"":1.0,""h"":0.9824284919750447}},{""photo"":""anno/EV/m0069/m0069__l.jpg"",""bbox"":{""x"":0.03716405091941573,""y"":0.005004886719715551,""w"":0.9628359490805842,""h"":0.9882879064401048}}]"
314	c9T11E7997-5544X00S000	314	"[{""photo"":""anno/EV/f0525/f0525_f.jpg"",""bbox"":{""x"":0.012184874308424624,""y"":0.03039568273497517,""w"":0.9878151256915754,""h"":0.9648502485798649}},{""photo"":""anno/EV/f0525/f0525_r.jpg"",""bbox"":{""x"":0.009412165141428707,""y"":0.0,""w"":0.9645584165859671,""h"":0.9913396550048001}},{""photo"":""anno/EV/f0525/f0525_l.jpg"",""bbox"":{""x"":0.0,""y"":0.010864301184775438,""w"":0.9917593562462398,""h"":0.9843816301300646}},{""photo"":""anno/EV/f0525/f0525_f_a.jpg"",""bbox"":{""x"":0.04741707038158985,""y"":0.018676853804855398,""w"":0.9525829296184102,""h"":0.9765690775099847}}]"
315	b9T11E0000-0000X00S000	315	"[{""photo"":""anno/EV/m0337/m0337_l_1.jpg"",""bbox"":{""x"":0.15455646080141075,""y"":0.1027771004326552,""w"":0.833818990125641,""h"":0.8828184460690263}},{""photo"":""anno/EV/m0337/m0337_l_2.jpg"",""bbox"":{""x"":0.1263317877482156,""y"":0.016839021611776528,""w"":0.8692734944886564,""h"":0.9804753538200249}},{""photo"":""anno/EV/m0337/m0337_l_4.jpg"",""bbox"":{""x"":0.12451507494785988,""y"":0.048089232092096035,""w"":0.8754849250521402,""h"":0.9453188670296653}},{""photo"":""anno/EV/m0337/m0337_l.jpg"",""bbox"":{""x"":0.13643351549752852,""y"":0.028557850541896294,""w"":0.8596805769984783,""h"":0.9628971104248449}},{""photo"":""anno/EV/m0337/m0337_f.jpg"",""bbox"":{""x"":0.13284026682313685,""y"":0.05394864655715592,""w"":0.8671597331768631,""h"":0.9394594525646054}},{""photo"":""anno/EV/m0337/m0337_r.jpg"",""bbox"":{""x"":0.00962645089310891,""y"":0.10810866342599611,""w"":0.8968415548473627,""h"":0.8899399480366398}}]"
316	b8T11E0000-3000X00S000	316	"[{""photo"":""anno/EV/m0398/m0398_l.jpg"",""bbox"":{""x"":0.053733044407230056,""y"":0.012817454241056958,""w"":0.9395325744862881,""h"":0.9726628011999451}}]"
317	c8T11E0000-0000X00S000	317	"[{""photo"":""anno/EV/f0316/f0316_r.jpg"",""bbox"":{""x"":0.0,""y"":0.0035943034980473465,""w"":1.0,""h"":0.9882879064401048}},{""photo"":""anno/EV/f0316/f0316_r_a.jpg"",""bbox"":{""x"":3.3062689111480465e-06,""y"":0.0,""w"":0.9999828837803695,""h"":0.9960055082215327}},{""photo"":""anno/EV/f0316/f0316_l.jpg"",""bbox"":{""x"":0.0,""y"":0.0035943034980473465,""w"":1.0,""h"":0.9921941827501447}},{""photo"":""anno/EV/f0316/f0316_f.jpg"",""bbox"":{""x"":0.0018789914970453125,""y"":0.009453717963107233,""w"":0.9862563593342756,""h"":0.9807863268504998}}]"
318	b9T11E8909-3000X00S000	318	"[{""photo"":""anno/EV/m0359/m0359_r.jpg"",""bbox"":{""x"":0.0,""y"":0.010864301184775438,""w"":0.9894737144260983,""h"":0.9843816301300646}},{""photo"":""anno/EV/m0359/m0359_r.jpg"",""bbox"":{""x"":0.0,""y"":0.02844254457995521,""w"":1.0,""h"":0.9550845578047651}},{""photo"":""anno/EV/m0359/m0359_l.jpg"",""bbox"":{""x"":0.0,""y"":0.027343539519680493,""w"":0.9976991848532825,""h"":0.9659492536401398}},{""photo"":""anno/EV/m0359/m0359_r (1).jpg"",""bbox"":{""x"":0.005941333921166433,""y"":0.014770577494815362,""w"":0.9934006467151784,""h"":0.978522215665005}},{""photo"":""anno/EV/m0359/m0359_l (1).jpg"",""bbox"":{""x"":0.07762858854188809,""y"":0.032348820889995133,""w"":0.921813504828262,""h"":0.958990834114805}}]"
319	b9T11E9070-4000X00S000	319	"[{""photo"":""anno/EV/m0298/m0298_l.jpg"",""bbox"":{""x"":0.0013799593345769066,""y"":0.006958024874735513,""w"":0.9986200406654229,""h"":0.9891357251252645}},{""photo"":""anno/EV/m0298/m0298_r (1).jpg"",""bbox"":{""x"":0.005208427295128197,""y"":0.0,""w"":0.9882990792505734,""h"":1.0}},{""photo"":""anno/EV/m0298/m0298_r.jpg"",""bbox"":{""x"":0.0,""y"":0.04797392613015483,""w"":1.0,""h"":0.9472720051846852}}]"
320	b8T00E0000-3500X00S000	320	"[{""photo"":""anno/EV/m0278/m0278_l.jpg"",""bbox"":{""x"":0.0,""y"":0.0,""w"":1.0,""h"":0.9881997207742004}}]"
321	c8T11E8880-0000X00S000	321	"[{""photo"":""anno/EV/f0488/f0488_f.jpg"",""bbox"":{""x"":0.0,""y"":0.005004886719715551,""w"":1.0,""h"":0.9902410445951245}},{""photo"":""anno/EV/f0488/f0488_r.jpg"",""bbox"":{""x"":0.0,""y"":0.010864301184775438,""w"":0.988515565746378,""h"":0.978522215665005}},{""photo"":""anno/EV/f0488/f0488_f_1 (1).jpg"",""bbox"":{""x"":0.00827367366541713,""y"":0.0128174393397954,""w"":0.9880712105564116,""h"":0.9785222156650047}},{""photo"":""anno/EV/f0488/f0488_f_1.jpg"",""bbox"":{""x"":0.0,""y"":0.005004886719715551,""w"":0.9545207806614345,""h"":0.9863347682850846}}]"
322	b9T01E7000-0000X00S000	322	"[{""photo"":""anno/EV/m0321/m0321.jpg"",""bbox"":{""x"":0.0,""y"":0.04602078797513487,""w"":1.0,""h"":0.9394594525646056}}]"
323	c9T11E0900-0000X0?S000	323	"[{""photo"":""anno/EV/f0509/f0509_f.jpg"",""bbox"":{""x"":0.016996119495635252,""y"":0.01118983414478647,""w"":0.9830038805043648,""h"":0.9824284919750448}},{""photo"":""anno/EV/f0509/f0509_r.jpg"",""bbox"":{""x"":0.0,""y"":0.017577651419281026,""w"":0.9968318435272173,""h"":0.9673600639896306}}]"
324	c9T11E9000-3300X00S000	324	"[{""photo"":""anno/EV/f0577/f0577_r.jpg"",""bbox"":{""x"":0.0,""y"":0.0067206775806287755,""w"":1.0,""h"":0.9882879064401047}},{""photo"":""anno/EV/f0577/f0577_f.jpg"",""bbox"":{""x"":0.0,""y"":0.012580092045688662,""w"":0.9885555681075551,""h"":0.9804753538200248}},{""photo"":""anno/EV/f0577/f0577_l.jpg"",""bbox"":{""x"":3.259793058390636e-06,""y"":0.012580092045688662,""w"":0.9999967402069416,""h"":0.9824284919750448}}]"
325	b9T11E7090-3000X0?S001	325	"[{""photo"":""anno/EV/f0319/f0319_r.jpg"",""bbox"":{""x"":0.0,""y"":0.034064626652169916,""w"":0.9239808697564847,""h"":0.9609439722698251}},{""photo"":""anno/EV/f0319/f0319_f.jpg"",""bbox"":{""x"":0.0,""y"":0.02625205913082851,""w"":1.0,""h"":0.9531314196497452}},{""photo"":""anno/EV/f0319/f0319_l.jpg"",""bbox"":{""x"":0.005208427295128197,""y"":0.08537985072431148,""w"":0.9414227402949967,""h"":0.9056107305721297}},{""photo"":""anno/EV/f0319/f0319_l (1).jpg"",""bbox"":{""x"":0.040882914307811706,""y"":0.004767539425608813,""w"":0.9580055639952839,""h"":0.9863347682850847}},{""photo"":""anno/EV/f0319/f0319_o_1.jpg"",""bbox"":{""x"":0.0,""y"":0.008673815735648738,""w"":0.9869968290468625,""h"":0.9824284919750448}},{""photo"":""anno/EV/f0319/f0319_o.jpg"",""bbox"":{""x"":0.011360399653372821,""y"":0.009107859682330188,""w"":0.9854435589860191,""h"":0.9882879064401047}}]"
326	b8T11E0000-4040X00S000	326	"[{""photo"":""anno/EV/m0254/m0254_l.jpg"",""bbox"":{""x"":0.03493476156601601,""y"":0.024638014083837922,""w"":0.965065238433984,""h"":0.9628971104248453}},{""photo"":""anno/EV/m0254/m0254_o.jpg"",""bbox"":{""x"":0.05127156611011974,""y"":0.06956019164929728,""w"":0.9272628218857899,""h"":0.7793021238529679}}]"
327	b8T11E0000-3000X00S000	327	"[{""photo"":""anno/EV/m0165/m0165_l_3.jpg"",""bbox"":{""x"":0.031789130140850566,""y"":0.03830998116897777,""w"":0.9566578834326697,""h"":0.9550845578047651}},{""photo"":""anno/EV/m0165/m0165_l_2.jpg"",""bbox"":{""x"":0.0716173724287644,""y"":0.03635684301395781,""w"":0.9190536894152559,""h"":0.9589908341148052}},{""photo"":""anno/EV/m0165/m0165_l_1.jpg"",""bbox"":{""x"":0.0,""y"":0.009012908843678225,""w"":0.99801243866292,""h"":0.9824284919750449}}]"
328	c9T11E9000-5540X00S000	328	"[{""photo"":""anno/EV/f0786/f0786_f_1.JPG"",""bbox"":{""x"":0.011359770814267778,""y"":0.012485141207036756,""w"":0.9886402291857324,""h"":0.9824284919750447}},{""photo"":""anno/EV/f0786/f0786_f.JPG"",""bbox"":{""x"":0.0,""y"":0.014438279362056772,""w"":0.9882059773991377,""h"":0.9804753538200248}},{""photo"":""anno/EV/f0786/f0786_f (1).JPG"",""bbox"":{""x"":8.122997165016521e-06,""y"":0.033969660912256394,""w"":0.9920751890395411,""h"":0.9589908341148052}}]"
329	c8T11E7000-0000X00S000	329	"[{""photo"":""anno/EV/f0494/f0494_f.jpg"",""bbox"":{""x"":0.26150781249999994,""y"":0.025787353515624997,""w"":0.5347031249999995,""h"":0.9687499999999999}}]"
330	c9T11E9090-0000X0?S000	330	"[{""photo"":""anno/EV/f0638/f0638_r_1.jpg"",""bbox"":{""x"":0.0,""y"":0.044921875,""w"":0.981005859375,""h"":0.947662353515625}},{""photo"":""anno/EV/f0638/f0638_f.jpg"",""bbox"":{""x"":0.0066640625,""y"":0.004302978515625,""w"":0.9546269531249999,""h"":0.9824218749999999}},{""photo"":""anno/EV/f0638/f0638_r.jpg"",""bbox"":{""x"":0.001794921875,""y"":0.047271728515625,""w"":0.9261796875,""h"":0.9375}}]"
331	c0T11E8980-0000X00S000	331	"[{""photo"":""anno/EV/f0615/f0615_r_1.jpg"",""bbox"":{""x"":0.0016367187499999997,""y"":0.006256103515625,""w"":0.9738476562499999,""h"":0.990234375}},{""photo"":""anno/EV/f0615/f0615_r.jpg"",""bbox"":{""x"":0.01284375,""y"":0.010162353515625,""w"":0.9713085937499999,""h"":0.97265625}},{""photo"":""anno/EV/f0615/f0615_r_2.jpg"",""bbox"":{""x"":0.0019433593749999998,""y"":0.041412353515625,""w"":0.8920019531249999,""h"":0.94921875}}]"
332	c9T10E7070-3050X00S000	332	"[{""photo"":""anno/EV/f0503/f0503_r.JPG"",""bbox"":{""x"":0.004974609374999999,""y"":0.016021728515625,""w"":0.9849726562499999,""h"":0.9824218749999999}},{""photo"":""anno/EV/f0503/f0503_f.jpg"",""bbox"":{""x"":0.0,""y"":0.016021728515625,""w"":0.9997734374999999,""h"":0.982421875}},{""photo"":""anno/EV/f0503/f0503_l.jpg"",""bbox"":{""x"":0.018168986344537816,""y"":0.016021728515625,""w"":0.9750689338235294,""h"":0.97265625}}]"
333	b8T11E7000-0000X00S000	333	"[{""photo"":""anno/EV/m0157/m0157_r.jpg"",""bbox"":{""x"":0.012849609375000001,""y"":0.064849853515625,""w"":0.9851367187500001,""h"":0.9296875}},{""photo"":""anno/EV/m0157/m0157_f.jpg"",""bbox"":{""x"":0.0093515625,""y"":0.023834228515625,""w"":0.9906484375,""h"":0.970703125}}]"
334	c9T11E8700-5050X00S000	334	"[{""photo"":""anno/EV/f0507/f0507_f.jpg"",""bbox"":{""x"":0.1260769967177243,""y"":0.0078125,""w"":0.7949261487964993,""h"":0.990234375}},{""photo"":""anno/EV/f0507/f0507_l.jpg"",""bbox"":{""x"":0.018320312499999998,""y"":0.014312744140625,""w"":0.9683593749999999,""h"":0.98046875}}]"
335	?8T11E0000-3050X00S000	335	"[{""photo"":""anno/EV/m0411/m0411_r.jpg"",""bbox"":{""x"":0.027018229166666664,""y"":0.010162353515625,""w"":0.9726562499999999,""h"":0.986328125}},{""photo"":""anno/EV/m0411/m0411_l.jpg"",""bbox"":{""x"":0.011119791666666667,""y"":0.016021728515625,""w"":0.9841015625,""h"":0.982421875}},{""photo"":""anno/EV/m0411/m0411_f.jpg"",""bbox"":{""x"":0.0,""y"":0.019927978515625,""w"":1.0,""h"":0.97265625}}]"
336	b9T11E8790-3555X00S00?	336	"[{""photo"":""anno/EV/m0180/m0180_l.jpg"",""bbox"":{""x"":0.08813281249999999,""y"":0.070709228515625,""w"":0.8661328125,""h"":0.9273376464843749}},{""photo"":""anno/EV/m0180/m0180_l_1.jpg"",""bbox"":{""x"":0.010787109374999998,""y"":0.029693603515624997,""w"":0.989212890625,""h"":0.9570312499999999}},{""photo"":""anno/EV/m0180/m0180_r.jpg"",""bbox"":{""x"":0.0135703125,""y"":0.027740478515625,""w"":0.9864296875,""h"":0.954681396484375}}]"
337	c9T11E8898-4030X00S000	337	"[{""photo"":""anno/EV/f0388/f0388_f.jpg"",""bbox"":{""x"":0.00523828125,""y"":0.019927978515625,""w"":0.99476171875,""h"":0.978515625}},{""photo"":""anno/EV/f0388/f0388_r (1).jpg"",""bbox"":{""x"":0.0,""y"":0.006256103515625,""w"":0.98935546875,""h"":0.990234375}},{""photo"":""anno/EV/f0388/f0388_r.jpg"",""bbox"":{""x"":0.0013020833333333333,""y"":0.0,""w"":0.9908854166666666,""h"":1.0}},{""photo"":""anno/EV/f0388/f0388_l.jpg"",""bbox"":{""x"":0.071455078125,""y"":0.041412353515625,""w"":0.928544921875,""h"":0.951171875}},{""photo"":""anno/EV/f0388/f0388_r (2).jpg"",""bbox"":{""x"":0.0026041666666666665,""y"":0.033973943656065486,""w"":0.9830729166666666,""h"":0.9660260563439346}},{""photo"":""anno/EV/f0388/f0388_l_1.jpg"",""bbox"":{""x"":0.07885351562500001,""y"":0.148834228515625,""w"":0.9126875000000001,""h"":0.845703125}},{""photo"":""anno/EV/f0388/f0388_r_1.jpg"",""bbox"":{""x"":0.0013671875,""y"":0.027740478515625,""w"":0.9078125,""h"":0.96875}}]"
338	b8T11E8870-4040X00S000	338	"[{""photo"":""anno/EV/m0007/m0007_r.jpeg"",""bbox"":{""x"":0.0,""y"":0.027740478515625,""w"":0.9998007812499999,""h"":0.96484375}},{""photo"":""anno/EV/m0007/m0007_l 2.jpeg"",""bbox"":{""x"":0.0,""y"":0.023834228515625,""w"":1.0,""h"":0.970703125}},{""photo"":""anno/EV/m0007/m0007_l 1.jpeg"",""bbox"":{""x"":0.07138671875,""y"":0.002349853515625,""w"":0.9130859375,""h"":0.9941406249999999}}]"
339	c9T11E0000-4000X00S000	339	"[{""photo"":""anno/EV/f0498/f0498_l.jpg"",""bbox"":{""x"":0.0,""y"":0.010172516107559204,""w"":0.99244140625,""h"":0.986328125}}]"
340	c8T11E8090-5453X00S000	340	"[{""photo"":""anno/EV/m0154/m0154_l.jpg"",""bbox"":{""x"":0.00451171875,""y"":0.027750641107559204,""w"":0.99548828125,""h"":0.970703125}},{""photo"":""anno/EV/m0154/m0154_r_1.jpg"",""bbox"":{""x"":0.0,""y"":0.010172516107559204,""w"":0.9959472656250001,""h"":0.984375}},{""photo"":""anno/EV/m0154/m0154_r.jpg"",""bbox"":{""x"":0.0,""y"":0.0004068911075592041,""w"":0.994990234375,""h"":0.998046875}},{""photo"":""anno/EV/m0154/m0154_r_3.jpg"",""bbox"":{""x"":0.0,""y"":0.029703766107559204,""w"":1.0,""h"":0.96875}}]"
341	c9T11E9000-3030X00S000	341	"[{""photo"":""anno/EV/f0311/f0311_f_4.jpg"",""bbox"":{""x"":0.0047265625,""y"":0.008219391107559204,""w"":0.9689453124999999,""h"":0.98828125}},{""photo"":""anno/EV/f0311/f0311_l.jpg"",""bbox"":{""x"":0.0066015625,""y"":0.0,""w"":0.9933984375,""h"":1.0}},{""photo"":""anno/EV/f0311/f0311_r_5.jpg"",""bbox"":{""x"":0.0029947916666666664,""y"":0.006266266107559204,""w"":0.9970052083333333,""h"":0.990234375}},{""photo"":""anno/EV/f0311/f0311_l_4.jpg"",""bbox"":{""x"":0.0,""y"":0.0859375,""w"":0.8287760416666667,""h"":0.9105631411075592}},{""photo"":""anno/EV/f0311/f0311_r_1.jpg"",""bbox"":{""x"":0.0,""y"":0.008219391107559204,""w"":1.0,""h"":0.984375}},{""photo"":""anno/EV/f0311/f0311_r_a.jpg"",""bbox"":{""x"":0.0026640624999999998,""y"":0.002360016107559204,""w"":0.985703125,""h"":0.994140625}},{""photo"":""anno/EV/f0311/f0311_r_1 (1).jpg"",""bbox"":{""x"":0.0,""y"":0.031656891107559204,""w"":0.9723917643229166,""h"":0.96484375}},{""photo"":""anno/EV/f0311/f0311_f.jpg"",""bbox"":{""x"":0.04514257812499999,""y"":0.021484375,""w"":0.954857421875,""h"":0.9711100161075591}},{""photo"":""anno/EV/f0311/f0311_r.jpg"",""bbox"":{""x"":0.0,""y"":0.023844391107559204,""w"":0.9664101562499999,""h"":0.97265625}}]"
342	c8T11E8090-3000X00S000	342	"[{""photo"":""anno/EV/f0721/f0721_l.jpg"",""bbox"":{""x"":0.034248046875,""y"":0.012776687741279602,""w"":0.965751953125,""h"":0.984375}},{""photo"":""anno/EV/f0721/f0721_r.jpg"",""bbox"":{""x"":0.01164660290237467,""y"":0.10546875,""w"":0.8822301698548813,""h"":0.8916829377412796}},{""photo"":""anno/EV/f0721/f0721_f_1.jpg"",""bbox"":{""x"":0.07056104188759278,""y"":0.103515625,""w"":0.8757870493107105,""h"":0.8936360627412796}},{""photo"":""anno/EV/f0721/f0721_IMG_2179_processed.jpg"",""bbox"":{""x"":0.05220703125,""y"":0.140625,""w"":0.92232421875,""h"":0.8565266877412796}},{""photo"":""anno/EV/f0721/f0721_f.jpg"",""bbox"":{""x"":0.07151953124999999,""y"":0.099609375,""w"":0.8694531249999999,""h"":0.8975423127412796}},{""photo"":""anno/EV/f0721/f0721_IMG_2182_processed_1.jpg"",""bbox"":{""x"":0.0701171875,""y"":0.087890625,""w"":0.8554296874999999,""h"":0.9073079377412796}}]"
343	c8T11E9070-4530X00S010	343	"[{""photo"":""anno/EV/m0250/m0250_l_1"",""bbox"":{""x"":0.019156901041666664,""y"":0.014078766107559204,""w"":0.9808430989583333,""h"":0.96875}},{""photo"":""anno/EV/m0250/m0250_l.jpg"",""bbox"":{""x"":0.0,""y"":0.060546875,""w"":1.0,""h"":0.939453125}},{""photo"":""anno/EV/m0250/m0250_r"",""bbox"":{""x"":0.0078125,""y"":0.025,""w"":0.9908854166666666,""h"":0.9691840171813965}},{""photo"":""anno/EV/m0250/m0250_f.jpg"",""bbox"":{""x"":0.0,""y"":0.023844391107559204,""w"":1.0,""h"":0.970703125}},{""photo"":""anno/EV/m0250/m0250_l (1).jpg"",""bbox"":{""x"":0.033130065461346635,""y"":0.0546875,""w"":0.9668699345386533,""h"":0.9340006411075592}},{""photo"":""anno/EV/m0250/m0250.JPG"",""bbox"":{""x"":0.10400390625,""y"":0.087890625,""w"":0.89599609375,""h"":0.8597818911075592}}]"
344	c9T11E0000-0300X00S000	344	"[{""photo"":""anno/EV/f0859/f0859_r.jpg"",""bbox"":{""x"":0.0,""y"":0.11328125,""w"":0.9660618279569892,""h"":0.8835042268037796}},{""photo"":""anno/EV/f0859/f0859_f_1.jpg"",""bbox"":{""x"":0.049479166666666664,""y"":0.03003149315345953,""w"":0.94921875,""h"":0.9699685068465405}},{""photo"":""anno/EV/f0859/f0859_l.jpg"",""bbox"":{""x"":0.13567578125,""y"":0.017578125,""w"":0.86432421875,""h"":0.9792073518037796}},{""photo"":""anno/EV/f0859/f0859_f.jpg"",""bbox"":{""x"":0.059895833333333336,""y"":0.025655743544688574,""w"":0.9388020833333334,""h"":0.9743442564553114}}]"
345	c9T11E0000-0303X00S000	345	"[{""photo"":""anno/EV/f0524/f0524_f.jpg"",""bbox"":{""x"":0.0,""y"":0.0,""w"":1.0,""h"":0.993896484375}},{""photo"":""anno/EV/f0524/f0524_f_1.jpg"",""bbox"":{""x"":0.0,""y"":0.0,""w"":1.0,""h"":0.995849609375}},{""photo"":""anno/EV/f0524/f0524_l.jpg"",""bbox"":{""x"":0.0,""y"":0.0,""w"":0.9973958333333334,""h"":1.0}},{""photo"":""anno/EV/f0524/f0524_r.jpg"",""bbox"":{""x"":0.0,""y"":0.005859375,""w"":0.999638671875,""h"":0.9906412661075592}}]"
346	c8T11E7988-3340X00S000	346	"[{""photo"":""anno/EV/m0189/m0189_r_3.JPG"",""bbox"":{""x"":0.0,""y"":0.052734375,""w"":1.0,""h"":0.939208984375}},{""photo"":""anno/EV/m0189/m0189_r_1.jpg"",""bbox"":{""x"":0.0,""y"":0.017985016107559204,""w"":1.0,""h"":0.978515625}},{""photo"":""anno/EV/m0189/m0189_l.JPG"",""bbox"":{""x"":0.0,""y"":0.019938141107559204,""w"":1.0,""h"":0.974609375}},{""photo"":""anno/EV/m0189/m0189_r_2.JPG"",""bbox"":{""x"":0.0087890625,""y"":0.0,""w"":0.9912109375,""h"":0.9965006411075592}},{""photo"":""anno/EV/m0189/m0189_f.jpg"",""bbox"":{""x"":0.15673828125,""y"":0.060302734375,""w"":0.73681640625,""h"":0.9375}},{""photo"":""anno/EV/m0189/m0189_r.jpg"",""bbox"":{""x"":0.0,""y"":0.023844391107559204,""w"":0.998641304347826,""h"":0.970703125}}]"
347	c8T10E0000-3040X00S000	347	"[{""photo"":""anno/EV/f0874/f0874_l.JPG"",""bbox"":{""x"":0.0791015625,""y"":0.066802978515625,""w"":0.91552734375,""h"":0.927734375}}]"
348	b9T11E0000-0000X00S000	348	"[{""photo"":""anno/EV/m0415/m0415_l.jpg"",""bbox"":{""x"":0.030375,""y"":0.010162353515625,""w"":0.969625,""h"":0.98828125}},{""photo"":""anno/EV/m0415/m0415_f.jpg"",""bbox"":{""x"":0.0,""y"":0.016021728515625,""w"":1.0,""h"":0.98046875}},{""photo"":""anno/EV/m0415/m0415_l_1.jpg"",""bbox"":{""x"":0.00380078125,""y"":0.021881103515625,""w"":0.988203125,""h"":0.974609375}}]"
349	c9T11E0000-0000X00S000	349	"[{""photo"":""anno/EV/f0820/f0820_r.jpg"",""bbox"":{""x"":0.0,""y"":0.000396728515625,""w"":0.9906953125,""h"":0.99609375}}]"
350	c9T11E0000-3000X00S000	350	"[{""photo"":""anno/EV/f0222/f0222_f.jpg"",""bbox"":{""x"":0.003417446524064171,""y"":0.008209228515625,""w"":0.9432152406417113,""h"":0.991790771484375}},{""photo"":""anno/EV/f0222/f0222_r.jpg"",""bbox"":{""x"":0.007222724922440539,""y"":0.00390625,""w"":0.872144034384695,""h"":0.990631103515625}}]"
351	c8T11E9090-304?X00S000	351	"[{""photo"":""anno/EV/f0344/f0344_l_1.jpg"",""bbox"":{""x"":0.074578125,""y"":0.016021728515625,""w"":0.91921875,""h"":0.98046875}},{""photo"":""anno/EV/f0344/f0344_f.jpg"",""bbox"":{""x"":0.006845703125,""y"":0.031646728515625,""w"":0.910478515625,""h"":0.96484375}},{""photo"":""anno/EV/f0344/f0344_l.jpg"",""bbox"":{""x"":0.061681640624999985,""y"":0.010162353515625,""w"":0.9383085937499999,""h"":0.982421875}},{""photo"":""anno/EV/f0344/f0344_r.jpg"",""bbox"":{""x"":0.0804375,""y"":0.029693603515625,""w"":0.8925468749999997,""h"":0.962890625}},{""photo"":""anno/EV/f0344/f0344_r_1.jpg"",""bbox"":{""x"":0.0,""y"":0.008209228515625,""w"":0.8716640625,""h"":0.98828125}}]"
352	c9T11E8000-0000X00S000	352	"[{""photo"":""anno/EV/f0451/f0451_f.jpg"",""bbox"":{""x"":0.0,""y"":0.002349853515625,""w"":0.988583984375,""h"":0.994140625}},{""photo"":""anno/EV/f0451/f0451_l.jpg"",""bbox"":{""x"":0.029617187500000003,""y"":0.008209228515625,""w"":0.9703828125,""h"":0.98828125}},{""photo"":""anno/EV/f0451/f0451_l_1.jpg"",""bbox"":{""x"":0.039203125,""y"":0.012115478515625,""w"":0.940875,""h"":0.982421875}}]"
353	b9T11E0000-0000X00S000	353	"[{""photo"":""anno/EV/m0287/m0287_f.jpg"",""bbox"":{""x"":0.06999999999999999,""y"":0.012115478515625,""w"":0.9205,""h"":0.984375}},{""photo"":""anno/EV/m0287/m0287_r.jpg"",""bbox"":{""x"":0.0,""y"":0.002349853515625,""w"":0.952408203125,""h"":0.9941406249999999}},{""photo"":""anno/EV/m0287/m0287_l.jpg"",""bbox"":{""x"":0.07983984375,""y"":0.016021728515625,""w"":0.92016015625,""h"":0.9765625}}]"
354	c8T11E0997-0000X00S000	354	"[{""photo"":""anno/EV/f0659/f0659_r.jpg"",""bbox"":{""x"":0.0,""y"":0.012115478515625,""w"":0.9604492187499999,""h"":0.984375}}]"
355	b9T11E7799-5540X00S010	355	"[{""photo"":""anno/EV/m0073/m0073_r.jpg"",""bbox"":{""x"":0.0,""y"":0.006256103515625,""w"":0.9954140624999999,""h"":0.990234375}},{""photo"":""anno/EV/m0073/m0073_r_1.jpg"",""bbox"":{""x"":0.140625,""y"":0.00039772282268170427,""w"":0.6341145833333334,""h"":0.994674185463659}},{""photo"":""anno/EV/m0073/m0073_f.jpg"",""bbox"":{""x"":0.0055078125,""y"":0.008209228515625,""w"":0.90328125,""h"":0.986328125}},{""photo"":""anno/EV/m0073/m0073_l.jpg"",""bbox"":{""x"":0.0419921875,""y"":0.008209228515625,""w"":0.9557421875,""h"":0.986328125}}]"
356	c9T11E8800-3330X00S000	356	"[{""photo"":""anno/EV/f0587/f0587_l.jpg"",""bbox"":{""x"":0.0,""y"":0.006256103515625,""w"":0.997669921875,""h"":0.984375}},{""photo"":""anno/EV/f0587/f0587_r.jpg"",""bbox"":{""x"":0.001486328125,""y"":0.010162353515625,""w"":0.998513671875,""h"":0.986328125}},{""photo"":""anno/EV/f0587/f0587_f.jpg"",""bbox"":{""x"":0.0026041666666666665,""y"":0.024333056167049515,""w"":0.99609375,""h"":0.9756669438329505}}]"
357	b8T11E8990-4030X00S000	357	"[{""photo"":""anno/EV/m0523/m0523_o.jpg"",""bbox"":{""x"":0.03740625,""y"":0.008209228515625,""w"":0.96259375,""h"":0.962890625}},{""photo"":""anno/EV/m0523/m0523_f_1.jpg"",""bbox"":{""x"":0.0,""y"":0.006256103515625,""w"":1.0,""h"":0.982421875}},{""photo"":""anno/EV/m0523/m0523_f.jpg"",""bbox"":{""x"":0.013256504524886878,""y"":0.004302978515625,""w"":0.9787719174208145,""h"":0.9921875}},{""photo"":""anno/EV/m0523/m0523_r.jpg"",""bbox"":{""x"":0.00178515625,""y"":0.002349853515625,""w"":0.992546875,""h"":0.994140625}},{""photo"":""anno/EV/m0523/m0523_l_a.jpg"",""bbox"":{""x"":0.13499999999999998,""y"":0.012115478515625,""w"":0.8587499999999999,""h"":0.984375}}]"
358	b7T11E8080-0000X00S000	358	"[{""photo"":""anno/EV/m0313/m0313_r.jpg"",""bbox"":{""x"":0.0,""y"":0.008209228515625,""w"":0.9755859375,""h"":0.98828125}}]"
359	b8T11E8797-3454X00S000	359	"[{""photo"":""anno/EV/m0372/m0372_l.jpg"",""bbox"":{""x"":0.0,""y"":0.002349853515625,""w"":1.0,""h"":0.994140625}},{""photo"":""anno/EV/m0372/m0372_r.jpg"",""bbox"":{""x"":0.0,""y"":0.019927978515625,""w"":0.99583984375,""h"":0.974609375}},{""photo"":""anno/EV/m0372/m0372_r_1.jpg"",""bbox"":{""x"":0.0,""y"":0.006256103515625,""w"":1.0,""h"":0.986328125}}]"
360	c9T11E8000-5343X00S000	360	"[{""photo"":""anno/EV/f0619/f0619_l.jpg"",""bbox"":{""x"":0.040546874999999996,""y"":0.012115478515625,""w"":0.9494726562499999,""h"":0.984375}},{""photo"":""anno/EV/f0619/f0619_r.jpg"",""bbox"":{""x"":0.005972859327217125,""y"":0.045257568359375,""w"":0.9795489296636087,""h"":0.943359375}}]"
361	c8T11E8897-5540X00S000	361	"[{""photo"":""anno/EV/f0296/f0296_l.jpg"",""bbox"":{""x"":0.0,""y"":0.0,""w"":0.999494140625,""h"":0.994384765625}},{""photo"":""anno/EV/f0296/f0296_f.jpg"",""bbox"":{""x"":0.0,""y"":0.002197265625,""w"":1.0,""h"":0.994140625}},{""photo"":""anno/EV/f0296/f0296_r.jpg"",""bbox"":{""x"":0.010957031249999999,""y"":0.01171875,""w"":0.98904296875,""h"":0.984619140625}},{""photo"":""anno/EV/f0296/f0296_l_a.jpg"",""bbox"":{""x"":0.04451953125,""y"":0.002197265625,""w"":0.95548046875,""h"":0.990234375}}]"
362	b8T11E0707-5444X00S000	362	"[{""photo"":""anno/EV/m0122/m0122_f.jpg"",""bbox"":{""x"":0.0,""y"":0.010162353515625,""w"":0.9904062499999999,""h"":0.984375}},{""photo"":""anno/EV/m0122/m0122_f_a.jpg"",""bbox"":{""x"":0.00954296875,""y"":0.025787353515625,""w"":0.95293359375,""h"":0.9609375}},{""photo"":""anno/EV/m0122/m0122_l_a.jpg"",""bbox"":{""x"":0.0,""y"":0.017974853515625,""w"":0.9969667968749999,""h"":0.9765625}},{""photo"":""anno/EV/m0122/m0122_l.jpg"",""bbox"":{""x"":0.04634765625,""y"":0.047271728515625,""w"":0.95365234375,""h"":0.94921875}},{""photo"":""anno/EV/m0122/m0122_r_a.jpg"",""bbox"":{""x"":0.0,""y"":0.012115478515625,""w"":1.0,""h"":0.984375}},{""photo"":""anno/EV/m0122/m0122_r.jpg"",""bbox"":{""x"":0.0,""y"":0.014068603515625,""w"":1.0,""h"":0.982421875}}]"
363	b9T11E9789-3040X00S000	363	"[{""photo"":""anno/EV/m0509/m0509_f.jpg"",""bbox"":{""x"":0.014748046875,""y"":0.027740478515625,""w"":0.9635390625,""h"":0.96875}},{""photo"":""anno/EV/m0509/m0509_l.jpg"",""bbox"":{""x"":0.003908203125000001,""y"":0.019927978515625,""w"":0.9952890625,""h"":0.974212646484375}},{""photo"":""anno/EV/m0509/m0509_r.jpg"",""bbox"":{""x"":0.0,""y"":0.021881103515625,""w"":1.0,""h"":0.9765625}}]"
364	b9T11E7090-4400X00S000	364	"[{""photo"":""anno/EV/m0162/m0162_f.jpg"",""bbox"":{""x"":0.0,""y"":0.017974853515625,""w"":1.0,""h"":0.970703125}},{""photo"":""anno/EV/m0162/m0162_l.jpg"",""bbox"":{""x"":0.021796874999999997,""y"":0.033599853515625,""w"":0.9721406249999999,""h"":0.958984375}},{""photo"":""anno/EV/m0162/m0162_r.jpg"",""bbox"":{""x"":0.00281640625,""y"":0.010162353515625,""w"":0.99718359375,""h"":0.98046875}}]"
365	c9T11E9080-5545X00S000	365	"[{""photo"":""anno/EV/f0157/f0157_r_a.jpg"",""bbox"":{""x"":0.0,""y"":0.05859375,""w"":0.999564453125,""h"":0.937896728515625}},{""photo"":""anno/EV/f0157/f0157_l.jpg"",""bbox"":{""x"":0.00659375,""y"":0.017974853515625,""w"":0.9907109374999999,""h"":0.966796875}},{""photo"":""anno/EV/f0157/f0157_f.jpg"",""bbox"":{""x"":0.0,""y"":0.021881103515625,""w"":0.89694140625,""h"":0.9707031249999999}}]"
366	b8T11E0000-4433X00S000	366	"[{""photo"":""anno/EV/m0556/m0556_f.jpg"",""bbox"":{""x"":0.0,""y"":0.039459228515625,""w"":1.0,""h"":0.955078125}}]"
367	b8T11E9080-0000X00S000	367	"[{""photo"":""anno/EV/m0214/m0214_r.jpg"",""bbox"":{""x"":0.0028203125,""y"":0.009918212890625,""w"":0.9971796875,""h"":0.978515625}},{""photo"":""anno/EV/m0214/m0214_o6.jpg"",""bbox"":{""x"":0.0,""y"":0.011871337890625,""w"":1.0,""h"":0.982421875}}]"
368	c9T11E9080-4030X00S000	368	"[{""photo"":""anno/EV/f0641/f0641_f.jpg"",""bbox"":{""x"":0.004035382231404959,""y"":0.0,""w"":0.995964617768595,""h"":0.994384765625}},{""photo"":""anno/EV/f0641/f0641_l.jpg"",""bbox"":{""x"":0.009072265625,""y"":0.064697265625,""w"":0.990927734375,""h"":0.9333496093749999}},{""photo"":""anno/EV/f0641/f0641_r.jpg"",""bbox"":{""x"":0.00921875,""y"":0.045166015625,""w"":0.99078125,""h"":0.951171875}}]"
369	c9T11E9090-3040X00S000	369	"[{""photo"":""anno/EV/f0041/f0041_l.jpg"",""bbox"":{""x"":0.0,""y"":0.008209228515625,""w"":0.9928828125,""h"":0.98828125}},{""photo"":""anno/EV/f0041/f0041_l_a.jpg"",""bbox"":{""x"":0.01856640625,""y"":0.016021728515625,""w"":0.9814335937499999,""h"":0.978515625}},{""photo"":""anno/EV/f0041/f0041_u3_l.jpg"",""bbox"":{""x"":0.05606413810483871,""y"":0.016021728515625,""w"":0.9197549143145161,""h"":0.983978271484375}},{""photo"":""anno/EV/f0041/f0041_u3_f.jpg"",""bbox"":{""x"":0.1597033514492754,""y"":0.041412353515625,""w"":0.8371263586956522,""h"":0.935546875}},{""photo"":""anno/EV/f0041/f0041_u3_f1.jpg"",""bbox"":{""x"":0.023176326308139535,""y"":0.004302978515625,""w"":0.9537949672965117,""h"":0.987884521484375}},{""photo"":""anno/EV/f0041/f0041_r.jpg"",""bbox"":{""x"":0.0030937499999999997,""y"":0.035552978515625,""w"":0.9652499999999999,""h"":0.9609375}}]"
370	b9T11E0000-4030X00S000	370	"[{""photo"":""anno/EV/m0360/m0360_l_2.jpg"",""bbox"":{""x"":0.006421875,""y"":0.046142578125,""w"":0.993578125,""h"":0.94921875}},{""photo"":""anno/EV/m0360/m0360_f.jpg"",""bbox"":{""x"":0.034744282083862765,""y"":0.073486328125,""w"":0.9604312261753494,""h"":0.921875}},{""photo"":""anno/EV/m0360/m0360_l_3.jpg"",""bbox"":{""x"":0.10642968749999998,""y"":0.012939453124999998,""w"":0.8935703125,""h"":0.9824218749999999}}]"
371	b8T11E8080-4405X00S000	371	[]
372	b8T11E0000-3040X00S000	372	"[{""photo"":""anno/EV/m0418/m0418_l.jpg"",""bbox"":{""x"":0.08203125,""y"":0.062896728515625,""w"":0.91796875,""h"":0.931640625}}]"
373	c8T11E0000-5500X00S000	373	"[{""photo"":""anno/EV/f0078/f0078_r.jpg"",""bbox"":{""x"":0.0,""y"":0.004302978515625,""w"":1.0,""h"":0.98828125}},{""photo"":""anno/EV/f0078/f0078_l.jpg"",""bbox"":{""x"":0.10973914194915255,""y"":0.000396728515625,""w"":0.8796014300847459,""h"":0.99609375}},{""photo"":""anno/EV/f0078/f0078_u32_f.jpg"",""bbox"":{""x"":0.02168924825174825,""y"":0.095703125,""w"":0.9416748615967365,""h"":0.890625}},{""photo"":""anno/EV/f0078/f0078_u32_l.jpg"",""bbox"":{""x"":0.024594907407407406,""y"":0.006256103515625,""w"":0.9754050925925926,""h"":0.990234375}}]"
374	c9T11E0000-4000X00S000	374	"[{""photo"":""anno/EV/f0733/f0733_l.jpg"",""bbox"":{""x"":0.0,""y"":0.009765625,""w"":1.0,""h"":0.982818603515625}},{""photo"":""anno/EV/f0733/f0733_f.jpg"",""bbox"":{""x"":0.0833125,""y"":0.033599853515625,""w"":0.9125625,""h"":0.962890625}}]"
375	c9T11E9000-0000X00S000	375	"[{""photo"":""anno/EV/f0253/f0253_l.jpg"",""bbox"":{""x"":0.05496093750000001,""y"":0.051177978515625,""w"":0.9374765625000001,""h"":0.9453125}},{""photo"":""anno/EV/f0253/f0253_r.jpg"",""bbox"":{""x"":0.0,""y"":0.066802978515625,""w"":0.9682734375000001,""h"":0.927734375}},{""photo"":""anno/EV/f0253/f0253_f.jpg"",""bbox"":{""x"":0.0,""y"":0.014068603515625,""w"":0.9679667968749999,""h"":0.9765625}}]"
376	b8T11E8000-4030X00S000	376	"[{""photo"":""anno/EV/m0526/m0526_r_1.jpg"",""bbox"":{""x"":0.0,""y"":0.016021728515625,""w"":0.99875,""h"":0.98046875}},{""photo"":""anno/EV/m0526/m0526_l_1.jpg"",""bbox"":{""x"":0.022572265625,""y"":0.00390625,""w"":0.977427734375,""h"":0.992584228515625}},{""photo"":""anno/EV/m0526/m0526_l.jpg"",""bbox"":{""x"":0.0,""y"":0.004302978515625,""w"":1.0,""h"":0.986328125}},{""photo"":""anno/EV/m0526/m0526_f.jpg"",""bbox"":{""x"":0.0,""y"":0.0,""w"":0.990328125,""h"":0.994537353515625}},{""photo"":""anno/EV/m0526/m0526_r.jpg"",""bbox"":{""x"":0.011671875,""y"":0.010162353515625,""w"":0.988328125,""h"":0.986328125}}]"
377	b8T11E9000-3500X01S000	377	"[{""photo"":""anno/EV/m0245/m0245_f.JPG"",""bbox"":{""x"":0.07311328125000001,""y"":0.092193603515625,""w"":0.9261015625000001,""h"":0.90234375}},{""photo"":""anno/EV/m0245/m0245_l.jpg"",""bbox"":{""x"":0.034651959528688527,""y"":0.017974853515625,""w"":0.9653480404713115,""h"":0.974609375}},{""photo"":""anno/EV/m0245/m0245_l_1.JPG"",""bbox"":{""x"":0.0458203125,""y"":0.080474853515625,""w"":0.9541796875,""h"":0.913665771484375}}]"
378	c9T11E0000-0300X00S000	378	"[{""photo"":""anno/EV/f0542/f0542_r.jpg"",""bbox"":{""x"":0.0,""y"":0.008209228515625,""w"":0.9856054687500001,""h"":0.986328125}},{""photo"":""anno/EV/f0542/f0542_l.jpg"",""bbox"":{""x"":0.0,""y"":0.014068603515625,""w"":0.9871874999999998,""h"":0.98046875}},{""photo"":""anno/EV/f0542/f0542_l (1).jpg"",""bbox"":{""x"":0.007816406250000001,""y"":0.006256103515625,""w"":0.9536015625,""h"":0.990234375}},{""photo"":""anno/EV/f0542/f0542_f.jpg"",""bbox"":{""x"":0.0,""y"":0.010162353515625,""w"":0.992734375,""h"":0.984375}},{""photo"":""anno/EV/f0542/f0542_r_1.JPG"",""bbox"":{""x"":0.0,""y"":0.014068603515625,""w"":0.861328125,""h"":0.98046875}},{""photo"":""anno/EV/f0542/f0542_f (1).jpg"",""bbox"":{""x"":0.045369140625000005,""y"":0.000396728515625,""w"":0.95431640625,""h"":0.997650146484375}}]"
379	c9T00E7809-0000X00S001	379	"[{""photo"":""anno/EV/f0310/f0310_r.jpg"",""bbox"":{""x"":0.0,""y"":0.019927978515625,""w"":1.0,""h"":0.9765625}},{""photo"":""anno/EV/f0310/f0310_l.jpg"",""bbox"":{""x"":0.0187734375,""y"":0.016021728515625,""w"":0.9812265625,""h"":0.978515625}},{""photo"":""anno/EV/f0310/f0310_f.jpg"",""bbox"":{""x"":0.0016328125,""y"":0.023834228515625,""w"":0.9983671875,""h"":0.970703125}}]"
380	c8T11E9070-5030X00S000	380	"[{""photo"":""anno/EV/f0589/f0589_f_a.JPG"",""bbox"":{""x"":0.0,""y"":0.0096435546875,""w"":0.992947265625,""h"":0.986328125}},{""photo"":""anno/EV/f0589/f0589_r.jpg"",""bbox"":{""x"":0.0,""y"":0.0037841796875,""w"":1.0,""h"":0.9962158203125}},{""photo"":""anno/EV/f0589/f0589_l.jpg"",""bbox"":{""x"":0.012281249999999999,""y"":0.0018310546875,""w"":0.98771875,""h"":0.994140625}},{""photo"":""anno/EV/f0589/f0589_f.jpg"",""bbox"":{""x"":0.006410694748358862,""y"":0.0057373046875,""w"":0.9851100929978118,""h"":0.98828125}}]"
381	c8T11E0000-4530X00S000	381	"[{""photo"":""anno/EV/f0747/f0747_o.jpg"",""bbox"":{""x"":0.0,""y"":0.0,""w"":0.9934895833333334,""h"":0.9419585225249287}}]"
382	b8T11E9890-4030X00S000	382	"[{""photo"":""anno/EV/m0545/m0545_l.jpg"",""bbox"":{""x"":0.008718749999999999,""y"":0.000396728515625,""w"":0.99128125,""h"":0.994140625}},{""photo"":""anno/EV/m0545/m0545_f.jpg"",""bbox"":{""x"":0.02862890625,""y"":0.035552978515625,""w"":0.94475390625,""h"":0.958984375}},{""photo"":""anno/EV/m0545/m0545_l (1).jpg"",""bbox"":{""x"":0.007242187499999999,""y"":0.017974853515625,""w"":0.9927578125,""h"":0.9785156249999999}},{""photo"":""anno/EV/m0545/m0545_l (1).jpg"",""bbox"":{""x"":0.014484374999999997,""y"":0.027740478515624997,""w"":0.985515625,""h"":0.9589843749999999}},{""photo"":""anno/EV/m0545/m0545_r.jpg"",""bbox"":{""x"":0.0,""y"":0.000396728515625,""w"":1.0,""h"":0.9921875}}]"
383	c8T11E9080-4000X00S000	383	"[{""photo"":""anno/EV/f0096/f0096_u14_f.jpg"",""bbox"":{""x"":0.0019414992559523806,""y"":0.002349853515625,""w"":0.990164620535714,""h"":0.9960937499999999}},{""photo"":""anno/EV/f0096/f0096__f_a.jpg"",""bbox"":{""x"":0.0033242187500000004,""y"":0.055084228515625,""w"":0.9723339843750001,""h"":0.939453125}},{""photo"":""anno/EV/f0096/f0096_l_a.jpg"",""bbox"":{""x"":0.00908203125,""y"":0.029693603515625,""w"":0.99091796875,""h"":0.955078125}},{""photo"":""anno/EV/f0096/f0096_r_a.jpg"",""bbox"":{""x"":0.0,""y"":0.023834228515625,""w"":0.99378515625,""h"":0.97265625}},{""photo"":""anno/EV/f0096/f0096_u14_l.jpg"",""bbox"":{""x"":0.006882687832446809,""y"":0.016021728515625,""w"":0.9883539727393618,""h"":0.9765625}},{""photo"":""anno/EV/f0096/f0096_u14_r.jpg"",""bbox"":{""x"":0.0,""y"":0.064849853515625,""w"":1.0,""h"":0.9296875}}]"
384	b8T11E7897-5554X00S000	384	"[{""photo"":""anno/EV/m0544/m0544_f.jpg"",""bbox"":{""x"":0.009884235829959514,""y"":0.021881103515625,""w"":0.9469097925101214,""h"":0.97265625}},{""photo"":""anno/EV/m0544/m0544_r.jpg"",""bbox"":{""x"":0.0,""y"":0.019927978515625,""w"":0.9976249999999999,""h"":0.9765624999999999}},{""photo"":""anno/EV/m0544/m0544_l.jpg"",""bbox"":{""x"":0.022135416666666668,""y"":0.031678406922547545,""w"":0.9700520833333334,""h"":0.9658095595595596}}]"
385	c9T11E0000-4030X00S000	385	"[{""photo"":""anno/EV/f0729/f0729_l.jpg"",""bbox"":{""x"":0.02677734375,""y"":0.051177978515625,""w"":0.97322265625,""h"":0.948822021484375}}]"
386	b9T11E8070-3500X00S000	386	"[{""photo"":""anno/EV/m0025/m0025_r.jpg"",""bbox"":{""x"":0.0,""y"":0.0,""w"":1.0,""h"":0.994537353515625}},{""photo"":""anno/EV/m0025/m0025_f (1).jpg"",""bbox"":{""x"":0.0,""y"":0.008209228515625,""w"":1.0,""h"":0.96875}},{""photo"":""anno/EV/m0025/m0025_r (1).jpg"",""bbox"":{""x"":0.0153125,""y"":0.039459228515625,""w"":0.9742578125,""h"":0.955078125}},{""photo"":""anno/EV/m0025/m0025.jpg"",""bbox"":{""x"":0.024628906250000002,""y"":0.029693603515625,""w"":0.9377929687500001,""h"":0.958984375}},{""photo"":""anno/EV/m0025/m0025_f.jpg"",""bbox"":{""x"":0.0,""y"":0.0,""w"":0.9789062499999999,""h"":0.9808654785156249}}]"
387	c9T11E0000-0000X00S100	387	"[{""photo"":""anno/EV/f0546/f0546_r.jpg"",""bbox"":{""x"":0.004599609375,""y"":0.004302978515625,""w"":0.99044921875,""h"":0.995697021484375}},{""photo"":""anno/EV/f0546/f0546_f.jpg"",""bbox"":{""x"":0.005244140624999999,""y"":0.002349853515625,""w"":0.994755859375,""h"":0.9863281249999999}},{""photo"":""anno/EV/f0546/f0546_l.jpg"",""bbox"":{""x"":0.014730468749999998,""y"":0.000396728515625,""w"":0.9836679687499998,""h"":0.99609375}}]"
388	c9T11E0000-0000X00S000	388	"[{""photo"":""anno/EV/m0597/m0597_r.jpg"",""bbox"":{""x"":0.0,""y"":0.1015625,""w"":0.9540507812500001,""h"":0.894927978515625}},{""photo"":""anno/EV/m0597/m0597_l.jpg"",""bbox"":{""x"":0.1410703125,""y"":0.064849853515625,""w"":0.8589296875,""h"":0.9296875}},{""photo"":""anno/EV/m0597/m0597_r_2.jpg"",""bbox"":{""x"":0.009703125,""y"":0.0703125,""w"":0.9735468749999999,""h"":0.926177978515625}}]"
389	c9T11E0007-3040X00S000	389	"[{""photo"":""anno/EV/f0327/f0327_l.jpg"",""bbox"":{""x"":0.012271689497716894,""y"":0.0,""w"":0.9877283105022832,""h"":1.0}},{""photo"":""anno/EV/f0327/f0327_f.jpg"",""bbox"":{""x"":0.001620835302457467,""y"":0.031005859375,""w"":0.9983791646975425,""h"":0.966796875}}]"
390	b9T11E0000-4400X00S000	390	"[{""photo"":""anno/EV/m0550/m0550_l.jpg"",""bbox"":{""x"":0.02209375,""y"":0.0,""w"":0.970546875,""h"":0.996490478515625}},{""photo"":""anno/EV/m0550/m0550_r.jpg"",""bbox"":{""x"":0.0,""y"":0.002349853515625,""w"":1.0,""h"":0.98828125}},{""photo"":""anno/EV/m0550/m0550_f.jpg"",""bbox"":{""x"":0.0,""y"":0.0,""w"":1.0,""h"":0.992584228515625}}]"
391	b8T11E7090-3040X00S000	391	"[{""photo"":""anno/EV/m0186/m0186_r_1.jpg"",""bbox"":{""x"":0.005208333333333333,""y"":0.014068603515625,""w"":0.9817708333333334,""h"":0.982421875}},{""photo"":""anno/EV/m0186/m0186_resize_f.jpg"",""bbox"":{""x"":0.12096133474576273,""y"":0.037506103515625,""w"":0.8325910053929123,""h"":0.948822021484375}},{""photo"":""anno/EV/m0186/m0186_l (1).jpg"",""bbox"":{""x"":0.010416666666666666,""y"":0.027740478515625,""w"":0.9856770833333334,""h"":0.943359375}},{""photo"":""anno/EV/m0186/m0186_f.JPG"",""bbox"":{""x"":0.46728515625,""y"":0.383209228515625,""w"":0.2578125,""h"":0.544525146484375}},{""photo"":""anno/EV/m0186/m0186_l.jpg"",""bbox"":{""x"":0.14941406249999997,""y"":0.041412353515625,""w"":0.7529296874999999,""h"":0.900390625}},{""photo"":""anno/EV/m0186/m0186_r.jpg"",""bbox"":{""x"":0.0,""y"":0.027740478515625,""w"":0.8645833333333334,""h"":0.955078125}},{""photo"":""anno/EV/m0186/m0186_o.jpg"",""bbox"":{""x"":0.20963541666666666,""y"":0.000396728515625,""w"":0.7877604166666666,""h"":0.96484375}},{""photo"":""anno/EV/m0186/m0186_resize_l.jpg"",""bbox"":{""x"":0.0,""y"":0.004302978515625,""w"":1.0,""h"":0.9902343749999999}}]"
392	b9T01E0000-0000X00S000	392	"[{""photo"":""anno/EV/m0416/m0416_l.jpg"",""bbox"":{""x"":0.0,""y"":0.010162353515625,""w"":1.0,""h"":0.9843749999999999}},{""photo"":""anno/EV/m0416/m0416_r.jpg"",""bbox"":{""x"":0.00517578125,""y"":0.008209228515625,""w"":0.99482421875,""h"":0.98046875}}]"
393	b9T01E9080-4030X00S000	393	"[{""photo"":""anno/EV/m0238/m0238_f_1.jpg"",""bbox"":{""x"":0.004016927083333333,""y"":0.017822265625,""w"":0.9881640625000001,""h"":0.9765625}},{""photo"":""anno/EV/m0238/m0238_r.jpg"",""bbox"":{""x"":0.0,""y"":0.039306640625,""w"":0.9668489583333334,""h"":0.951171875}},{""photo"":""anno/EV/m0238/m0238_f.jpg"",""bbox"":{""x"":0.0,""y"":0.052978515625,""w"":1.0,""h"":0.9375}},{""photo"":""anno/EV/m0238/m0238_l.jpg"",""bbox"":{""x"":0.020589192708333332,""y"":0.035400390625,""w"":0.9794108072916666,""h"":0.958984375}},{""photo"":""anno/EV/m0238/m0238_l_1.jpg"",""bbox"":{""x"":0.0,""y"":0.021728515625,""w"":1.0,""h"":0.978271484375}}]"
394	b8T11E0000-0000X00S000	394	"[{""photo"":""anno/EV/m0460/m0460_tunai.png"",""bbox"":{""x"":0.004981566011235955,""y"":0.004302978515625,""w"":0.995018433988764,""h"":0.984375}}]"
395	c9T01E7090-0000X00S000	395	"[{""photo"":""anno/EV/f0192/f0192_r.jpg"",""bbox"":{""x"":0.0,""y"":0.006256103515624999,""w"":0.9976015625,""h"":0.9882812499999999}}]"
396	c9T11E0000-3343X00S000	396	"[{""photo"":""anno/EV/f0171/f0171_f.jpg"",""bbox"":{""x"":0.0,""y"":0.006256103515625,""w"":1.0,""h"":0.990234375}},{""photo"":""anno/EV/f0171/f0171_r.jpg"",""bbox"":{""x"":0.0,""y"":0.008209228515625,""w"":1.0,""h"":0.982421875}},{""photo"":""anno/EV/f0171/f0171_l.jpg"",""bbox"":{""x"":0.0,""y"":0.016021728515625,""w"":0.9934062499999999,""h"":0.98046875}}]"
397	c8T11E9000-4030X00S000	397	"[{""photo"":""anno/EV/f0028/f0028_u18_f.jpg"",""bbox"":{""x"":0.0014231612042682926,""y"":0.010162353515625,""w"":0.9985768387957317,""h"":0.9863281249999999}},{""photo"":""anno/EV/f0028/f0028_u18_f_a.jpg"",""bbox"":{""x"":0.1296411887886598,""y"":0.123443603515625,""w"":0.8631805734536082,""h"":0.87109375}},{""photo"":""anno/EV/f0028/f0028_u18_l.jpg"",""bbox"":{""x"":0.009337797619047619,""y"":0.041412353515625,""w"":0.9906622023809524,""h"":0.955078125}}]"
398	b9T11E0000-5040X00S000	398	"[{""photo"":""anno/EV/m0517/m0517_l.jpg"",""bbox"":{""x"":0.072830078125,""y"":0.00390625,""w"":0.927169921875,""h"":0.992584228515625}},{""photo"":""anno/EV/m0517/m0517_f.jpg"",""bbox"":{""x"":0.01768423038229376,""y"":0.025787353515625,""w"":0.9823157696177063,""h"":0.974212646484375}}]"
399	b8T11E9080-0000X00S000	399	"[{""photo"":""anno/EV/m0349/m0349_f.jpg"",""bbox"":{""x"":0.0,""y"":0.006256103515625,""w"":1.0,""h"":0.990234375}},{""photo"":""anno/EV/m0349/m0349_r_1.jpg"",""bbox"":{""x"":0.0,""y"":0.019927978515625,""w"":0.9934453124999999,""h"":0.97265625}},{""photo"":""anno/EV/m0349/m0349_r_ken.jpg"",""bbox"":{""x"":0.005859375,""y"":0.019927978515625,""w"":0.9873046875,""h"":0.97265625}},{""photo"":""anno/EV/m0349/m0349_r.jpg"",""bbox"":{""x"":0.007600911458333332,""y"":0.008209228515625,""w"":0.9923990885416667,""h"":0.98828125}}]"
400	b9T11E0000-3040X00S00?	400	"[{""photo"":""anno/EV/m0090/z_m0090_l.jpg"",""bbox"":{""x"":0.03527734375,""y"":0.010162353515625,""w"":0.96472265625,""h"":0.98046875}}]"
401	c9T11E0700-0000X0?S000	401	"[{""photo"":""anno/EV/f0109/f0109_l.jpg"",""bbox"":{""x"":0.049765624999999994,""y"":0.041015625,""w"":0.950234375,""h"":0.955474853515625}},{""photo"":""anno/EV/f0109/f0109_r.jpg"",""bbox"":{""x"":0.0016152343750000001,""y"":0.027740478515625,""w"":0.9933691406250001,""h"":0.96875}},{""photo"":""anno/EV/f0109/f0109_u3_l.jpg"",""bbox"":{""x"":0.07741477272727272,""y"":0.025787353515625,""w"":0.9225852272727273,""h"":0.966796875}}]"
402	c8T11E8080-3000X00S000	402	"[{""photo"":""anno/EV/f0366/f0366_r_1.jpg"",""bbox"":{""x"":0.002859375,""y"":0.0,""w"":0.997140625,""h"":0.988677978515625}},{""photo"":""anno/EV/f0366/f0366_o.jpg"",""bbox"":{""x"":0.044270833333333336,""y"":0.01914254900492545,""w"":0.953125,""h"":0.9808574509950746}},{""photo"":""anno/EV/f0366/f0366_r.jpg"",""bbox"":{""x"":0.0,""y"":0.025787353515625,""w"":0.99801953125,""h"":0.970703125}},{""photo"":""anno/EV/f0366/f0366_f.jpg"",""bbox"":{""x"":0.001861328125,""y"":0.004302978515625,""w"":0.998138671875,""h"":0.9921875}}]"
403	b8T11E9090-3300X00S000	403	"[{""photo"":""anno/EV/f0877/f0877_Collared female.jpg"",""bbox"":{""x"":0.11572265625,""y"":0.209381103515625,""w"":0.87890625,""h"":0.787109375}}]"
404	b8T11E7708-3440X00S000	404	"[{""photo"":""anno/EV/m0493/m0493_r.jpg"",""bbox"":{""x"":0.005859374999999999,""y"":0.035552978515625,""w"":0.8115234374999999,""h"":0.9609375}},{""photo"":""anno/EV/m0493/m0493_l.jpg"",""bbox"":{""x"":0.014648437499999998,""y"":0.133209228515625,""w"":0.9853515625,""h"":0.833984375}}]"
405	b9T11E0000-3040X00S000	405	"[{""photo"":""anno/EV/m0265/m0265_f.JPG"",""bbox"":{""x"":0.04533593749999999,""y"":0.146881103515625,""w"":0.8678593749999999,""h"":0.853118896484375}},{""photo"":""anno/EV/m0265/m0265_l.JPG"",""bbox"":{""x"":0.073529296875,""y"":0.057037353515625,""w"":0.926470703125,""h"":0.94140625}}]"
406	c9T11E0000-0000X01S000	406	"[{""photo"":""anno/EV/f0549/f0549_f.jpg"",""bbox"":{""x"":0.0,""y"":0.002349853515625,""w"":1.0,""h"":0.994140625}},{""photo"":""anno/EV/f0549/f0549_l.jpg"",""bbox"":{""x"":0.0,""y"":0.014068603515625,""w"":1.0,""h"":0.982421875}},{""photo"":""anno/EV/f0549/f0549_r.jpg"",""bbox"":{""x"":0.0045703125,""y"":0.000396728515625,""w"":0.9954296875,""h"":0.984375}}]"
407	c9T11E0800-4030X00S000	407	"[{""photo"":""anno/EV/f0466/f0466_f.jpg"",""bbox"":{""x"":0.0,""y"":0.033203125,""w"":0.9676757812500001,""h"":0.9659016877412796}},{""photo"":""anno/EV/f0466/f0466_l.jpg"",""bbox"":{""x"":0.0,""y"":0.043375641107559204,""w"":1.0,""h"":0.927734375}},{""photo"":""anno/EV/f0466/f0466_r.jpg"",""bbox"":{""x"":0.0,""y"":0.017985016107559204,""w"":1.0,""h"":0.978515625}}]"
408	c8T11E7770-0504X00S000	408	"[{""photo"":""anno/EV/f0197/f0197_f_1.jpg"",""bbox"":{""x"":0.0,""y"":0.019287109375,""w"":0.9913867187500001,""h"":0.974609375}},{""photo"":""anno/EV/f0197/f0197_f.jpg"",""bbox"":{""x"":0.0,""y"":0.019938141107559204,""w"":0.9942826281287246,""h"":0.9765625}},{""photo"":""anno/EV/f0197/f0197_l_a.jpg"",""bbox"":{""x"":0.0026484375,""y"":0.016031891107559204,""w"":0.9958125000000001,""h"":0.96484375}},{""photo"":""anno/EV/f0197/f0197_r_a.jpg"",""bbox"":{""x"":0.0,""y"":0.016031891107559204,""w"":1.0,""h"":0.9765625}}]"
409	c9T11E9000-3330X00S000	409	"[{""photo"":""anno/EV/f0609/f0609_r_1.jpg"",""bbox"":{""x"":0.0,""y"":0.02970377542078495,""w"":1.0,""h"":0.966796875}},{""photo"":""anno/EV/f0609/f0609_l.jpg"",""bbox"":{""x"":0.14815318433544306,""y"":0.07421875,""w"":0.851846815664557,""h"":0.9229329377412796}},{""photo"":""anno/EV/f0609/f0609_f.jpg"",""bbox"":{""x"":0.14815318433544306,""y"":0.07421875,""w"":0.851846815664557,""h"":0.9229329377412796}}]"
410	c8T11E7000-0000X00S000	410	"[{""photo"":""anno/EV/f0399/f0399_f.jpg"",""bbox"":{""x"":0.2080078125,""y"":0.033610016107559204,""w"":0.7470703125,""h"":0.9609375}},{""photo"":""anno/EV/f0399/f0399_r.jpg"",""bbox"":{""x"":0.0439453125,""y"":0.01171875,""w"":0.66650390625,""h"":0.9847818911075592}},{""photo"":""anno/EV/f0399/f0399_l.jpg"",""bbox"":{""x"":0.2255859375,""y"":0.0,""w"":0.76611328125,""h"":0.9965006411075592}}]"
411	c8T11E7998-5555X00S000	411	"[{""photo"":""anno/EV/f0169/f0169_r.jpg"",""bbox"":{""x"":0.0,""y"":0.010162353515625,""w"":0.99184765625,""h"":0.984375}},{""photo"":""anno/EV/f0169/f0169_l.jpg"",""bbox"":{""x"":0.0,""y"":0.021881103515625,""w"":0.9696151069972826,""h"":0.974609375}},{""photo"":""anno/EV/f0169/f0169_r_a.jpg"",""bbox"":{""x"":0.0,""y"":0.000396728515625,""w"":0.9827321186823105,""h"":0.99609375}}]"
412	b8T11E0000-5050X00S000	412	"[{""photo"":""anno/EV/m0391/m0391_o.jpg"",""bbox"":{""x"":0.061927734375,""y"":0.0625,""w"":0.938072265625,""h"":0.932037353515625}},{""photo"":""anno/EV/m0391/m0391_l.jpg"",""bbox"":{""x"":0.053320904954499496,""y"":0.0390625,""w"":0.9466790950455005,""h"":0.955474853515625}},{""photo"":""anno/EV/m0391/m0391_l_1.jpg"",""bbox"":{""x"":0.02275,""y"":0.08203125,""w"":0.97725,""h"":0.914459228515625}}]"
413	b9T11E0000-4050X00S000	413	"[{""photo"":""anno/EV/m0417/m0417_l.jpg"",""bbox"":{""x"":0.004401041666666667,""y"":0.006256103515625,""w"":0.9955989583333333,""h"":0.982421875}}]"
414	b9T11E8800-3050X01S00?	414	"[{""photo"":""anno/EV/m0002/m0002_f.jpg"",""bbox"":{""x"":0.031089843750000002,""y"":0.0078125,""w"":0.96891015625,""h"":0.988677978515625}},{""photo"":""anno/EV/m0002/m0002_l.jpeg"",""bbox"":{""x"":0.00273828125,""y"":0.016021728515625,""w"":0.99726171875,""h"":0.98046875}},{""photo"":""anno/EV/m0002/m0002_r.jpeg"",""bbox"":{""x"":0.0,""y"":0.033599853515625,""w"":1.0,""h"":0.962890625}}]"
415	b8T11E9000-3050X00S000	415	"[{""photo"":""anno/EV/m0268/m0268_l_1.jpg"",""bbox"":{""x"":0.0,""y"":0.053131103515625,""w"":0.9955638663116592,""h"":0.943359375}},{""photo"":""anno/EV/m0268/m0268_r.jpg"",""bbox"":{""x"":0.0,""y"":0.006256103515625,""w"":1.0,""h"":0.98828125}},{""photo"":""anno/EV/m0268/m0268_l.jpg"",""bbox"":{""x"":0.0,""y"":0.041412353515625,""w"":0.9985286458333333,""h"":0.955078125}},{""photo"":""anno/EV/m0268/m0268_f.jpg"",""bbox"":{""x"":0.00146484375,""y"":0.031646728515625,""w"":0.8671875,""h"":0.96484375}}]"
416	b9T11E9000-3000X00S000	416	"[{""photo"":""anno/EV/m0365/m0365_l (1).jpg"",""bbox"":{""x"":0.0033789062499999995,""y"":0.060943603515625,""w"":0.99662109375,""h"":0.9296875}},{""photo"":""anno/EV/m0365/m0365_f.jpg"",""bbox"":{""x"":0.01959375,""y"":0.001953125,""w"":0.9780546875,""h"":0.992584228515625}},{""photo"":""anno/EV/m0365/m0365_l.jpg"",""bbox"":{""x"":0.0,""y"":0.0,""w"":0.980500252016129,""h"":0.994537353515625}},{""photo"":""anno/EV/m0365/m0365_r.jpg"",""bbox"":{""x"":0.0,""y"":0.017974853515625,""w"":0.92232421875,""h"":0.978515625}}]"
417	b9T11E8880-3500X?0S000	417	"[{""photo"":""anno/EV/m0139/m0139_r.jpg"",""bbox"":{""x"":0.0,""y"":0.008209228515625,""w"":1.0,""h"":0.98828125}},{""photo"":""anno/EV/m0139/m0139_o.jpg"",""bbox"":{""x"":0.0,""y"":0.008209228515625,""w"":0.9750097656250001,""h"":0.986328125}},{""photo"":""anno/EV/m0139/m0139_f.JPG"",""bbox"":{""x"":0.07763671875,""y"":0.031646728515625,""w"":0.92236328125,""h"":0.96484375}},{""photo"":""anno/EV/m0139/m0139_l.jpg"",""bbox"":{""x"":0.043687500000000004,""y"":0.0,""w"":0.954298828125,""h"":1.0}},{""photo"":""anno/EV/m0139/m0139_f (1).jpg"",""bbox"":{""x"":0.08203125,""y"":0.062896728515625,""w"":0.91796875,""h"":0.931640625}}]"
418	b9T11E8090-00?0X00S000	418	"[{""photo"":""anno/EV/m0184/m0184__o.jpg"",""bbox"":{""x"":0.0026796875,""y"":0.0,""w"":0.9727265625000002,""h"":0.996490478515625}},{""photo"":""anno/EV/m0184/m0184__r.jpg"",""bbox"":{""x"":0.0,""y"":0.010162353515625,""w"":1.0,""h"":0.984375}},{""photo"":""anno/EV/m0184/m0184__f.jpg"",""bbox"":{""x"":0.0,""y"":0.002349853515625,""w"":1.0,""h"":0.994140625}}]"
419	b9T11E0000-3330X00S000	419	"[{""photo"":""anno/EV/m0114/m0114_l_a.jpeg"",""bbox"":{""x"":0.038296874999999994,""y"":0.012115478515624998,""w"":0.961703125,""h"":0.9726562499999999}},{""photo"":""anno/EV/m0114/m0114_l .jpeg"",""bbox"":{""x"":0.004388671875,""y"":0.0,""w"":0.995611328125,""h"":0.996490478515625}}]"
420	c8T00E0000-0000X00S000	420	"[{""photo"":""anno/EV/f0163/f0163_DSC_0031.jpg"",""bbox"":{""x"":0.0,""y"":0.023834228515625,""w"":1.0,""h"":0.96484375}}]"
421	c9T11E0000-4?00X00S001	421	"[{""photo"":""anno/EV/f0370/f0370_P1010295.JPG"",""bbox"":{""x"":0.39111328125,""y"":0.0078125,""w"":0.60888671875,""h"":0.988677978515625}},{""photo"":""anno/EV/f0370/f0370_l_o.jpg"",""bbox"":{""x"":0.018229166666666668,""y"":0.0254270530972085,""w"":0.9583333333333334,""h"":0.9745729469027915}},{""photo"":""anno/EV/f0370/f0370_o.jpg"",""bbox"":{""x"":0.11008593750000001,""y"":0.076568603515625,""w"":0.846375,""h"":0.876953125}},{""photo"":""anno/EV/f0370/f0370.jpg"",""bbox"":{""x"":0.125,""y"":0.31103286384976525,""w"":0.7252604166666666,""h"":0.6494522691705791}},{""photo"":""anno/EV/f0370/f0370_l.jpg"",""bbox"":{""x"":0.13541666666666666,""y"":0.19941816816816818,""w"":0.6770833333333334,""h"":0.6299329114270521}}]"
422	c9T11E8080-3040X00S000	422	"[{""photo"":""anno/EV/f0042/f0042_l.jpg"",""bbox"":{""x"":0.03388671874999999,""y"":0.05899047851562499,""w"":0.96611328125,""h"":0.9316406249999999}},{""photo"":""anno/EV/f0042/f0042_u3_r.jpg"",""bbox"":{""x"":0.0,""y"":0.015625,""w"":0.928252196396797,""h"":0.978912353515625}},{""photo"":""anno/EV/f0042/f0042_u3_l.jpg"",""bbox"":{""x"":0.09420880913539967,""y"":0.098052978515625,""w"":0.9057911908646004,""h"":0.8984375}}]"
423	b9T11E9000-4330X00S000	423	"[{""photo"":""anno/EV/m0318/m0318_l (1).jpg"",""bbox"":{""x"":0.130318359375,""y"":0.043365478515625,""w"":0.869681640625,""h"":0.953125}},{""photo"":""anno/EV/m0318/m0318.jpg"",""bbox"":{""x"":0.071650390625,""y"":0.125,""w"":0.876740234375,""h"":0.871490478515625}},{""photo"":""anno/EV/m0318/m0318_l_1.jpg"",""bbox"":{""x"":0.052109375000000006,""y"":0.0,""w"":0.947890625,""h"":0.986724853515625}},{""photo"":""anno/EV/m0318/m0318_l.jpg"",""bbox"":{""x"":0.0,""y"":0.006256103515624999,""w"":1.0,""h"":0.9902343749999999}},{""photo"":""anno/EV/m0318/m0318_r.jpg"",""bbox"":{""x"":0.0,""y"":0.0064495912532216496,""w"":0.9986979166666666,""h"":0.9935504087467784}}]"
424	c8T11E8080-3000X00S000	424	"[{""photo"":""anno/EV/f0602/f0602_f.jpg"",""bbox"":{""x"":0.0474375,""y"":0.058990478515625,""w"":0.9525625,""h"":0.9375}},{""photo"":""anno/EV/f0602/f0602_r_4.jpg"",""bbox"":{""x"":0.0,""y"":0.027740478515624997,""w"":0.9307734375,""h"":0.9687499999999999}},{""photo"":""anno/EV/f0602/f0602_r.jpg"",""bbox"":{""x"":0.0,""y"":0.06054687499999999,""w"":0.9669960937499998,""h"":0.9339904785156249}},{""photo"":""anno/EV/f0602/f0602_r_2.jpg"",""bbox"":{""x"":0.0,""y"":0.083984375,""w"":0.9859375,""h"":0.912506103515625}},{""photo"":""anno/EV/f0602/f0602_r_3.jpg"",""bbox"":{""x"":0.0,""y"":0.064453125,""w"":0.98009765625,""h"":0.9320373535156249}},{""photo"":""anno/EV/f0602/f0602_l.jpg"",""bbox"":{""x"":0.020771484375,""y"":0.033599853515625,""w"":0.979228515625,""h"":0.962890625}},{""photo"":""anno/EV/f0602/f0602_r_1.jpg"",""bbox"":{""x"":0.0,""y"":0.039459228515625,""w"":0.954265625,""h"":0.9570312499999999}}]"
425	c8T11E0000-0000X00S001	425	"[{""photo"":""anno/EV/f0098/f0098_u36_l.jpg"",""bbox"":{""x"":0.0,""y"":0.03515625,""w"":1.0,""h"":0.955474853515625}},{""photo"":""anno/EV/f0098/f0098_u36_o.jpg"",""bbox"":{""x"":0.0,""y"":0.039459228515625,""w"":1.0,""h"":0.95703125}}]"
426	b9T11E8080-0000X00S000	426	"[{""photo"":""anno/EV/m0153/m0153_P1000172.JPG"",""bbox"":{""x"":0.0,""y"":0.009765625,""w"":0.890625,""h"":0.975006103515625}}]"
427	c9T11E0000-4040X00S000	427	"[{""photo"":""anno/EV/f0652/f0652_l.jpg"",""bbox"":{""x"":0.15911800986842106,""y"":0.09765625,""w"":0.8408819901315789,""h"":0.898834228515625}}]"
428	b8T11E8080-4400X00S000	428	"[{""photo"":""anno/EV/m0017/m0017_l.jpg"",""bbox"":{""x"":0.030712890625,""y"":0.039459228515625,""w"":0.969287109375,""h"":0.95703125}},{""photo"":""anno/EV/m0017/m0017_f_kerstin_processed.jpg"",""bbox"":{""x"":0.0,""y"":0.0390625,""w"":0.9705937499999999,""h"":0.955474853515625}},{""photo"":""anno/EV/m0017/m0017_f_kerstin.JPG"",""bbox"":{""x"":0.10286458333333333,""y"":0.13964942094662638,""w"":0.75390625,""h"":0.857964983399421}},{""photo"":""anno/EV/m0017/m0017_r kerstin.JPG"",""bbox"":{""x"":0.049479166666666664,""y"":0.25412875479921954,""w"":0.7721354166666666,""h"":0.7454525427995972}},{""photo"":""anno/EV/m0017/m0017_f_a.jpg"",""bbox"":{""x"":0.0,""y"":0.019927978515625,""w"":1.0,""h"":0.9765625}},{""photo"":""anno/EV/m0017/m0017_f_1.jpg"",""bbox"":{""x"":0.04941731770833333,""y"":0.013671875,""w"":0.9389290364583334,""h"":0.980865478515625}},{""photo"":""anno/EV/m0017/m0017_r_1.jpg"",""bbox"":{""x"":0.0,""y"":0.064453125,""w"":0.9807942708333334,""h"":0.924224853515625}},{""photo"":""anno/EV/m0017/m0017_l_1.jpg"",""bbox"":{""x"":0.01171875,""y"":0.029768023574561403,""w"":0.9869791666666666,""h"":0.9672619047619047}},{""photo"":""anno/EV/m0017/m0017_f.jpg"",""bbox"":{""x"":0.06625,""y"":0.035552978515625,""w"":0.9125937500000001,""h"":0.9609375}},{""photo"":""anno/EV/m0017/m0017_r.jpg"",""bbox"":{""x"":0.00344140625,""y"":0.0,""w"":0.9068105468750001,""h"":0.990631103515625}},{""photo"":""anno/EV/m0017/m0017_l_kerstin.JPG"",""bbox"":{""x"":0.061197916666666664,""y"":0.08300904180828299,""w"":0.88671875,""h"":0.9165722557905337}}]"
429	b8T11E7080-4554X00S000	429	"[{""photo"":""anno/EV/m0533/m0533_l.jpg"",""bbox"":{""x"":0.0,""y"":0.015625,""w"":0.9982638888888888,""h"":0.980865478515625}},{""photo"":""anno/EV/m0533/m0533_r.jpg"",""bbox"":{""x"":0.0,""y"":0.0,""w"":1.0,""h"":0.992584228515625}},{""photo"":""anno/EV/m0533/m0533_f.jpg"",""bbox"":{""x"":0.011179687499999999,""y"":0.004302978515625,""w"":0.9875390624999999,""h"":0.986328125}}]"
430	b8T11E8090-0000X00S000	430	"[{""photo"":""anno/EV/m0057/m0057_r.jpg"",""bbox"":{""x"":0.0,""y"":0.013671874999999998,""w"":0.9865390625,""h"":0.9808654785156249}},{""photo"":""anno/EV/m0057/m0057_renaldo_l.jpg"",""bbox"":{""x"":0.03894921875,""y"":0.090240478515625,""w"":0.96105078125,""h"":0.90625}},{""photo"":""anno/EV/m0057/m0057_f.jpg"",""bbox"":{""x"":0.012814453125,""y"":0.012115478515624998,""w"":0.9852890624999999,""h"":0.9843749999999999}},{""photo"":""anno/EV/m0057/m0057_r_1.jpg"",""bbox"":{""x"":0.0,""y"":0.025390625,""w"":0.9509843749999999,""h"":0.969146728515625}}]"
431	b8T11E0000-5000X01S?00	431	"[{""photo"":""anno/EV/m0422/m0422_l.jpg"",""bbox"":{""x"":0.045501302083333334,""y"":0.062896728515625,""w"":0.9544986979166666,""h"":0.935546875}},{""photo"":""anno/EV/m0422/m0422_f.jpg"",""bbox"":{""x"":0.07695638020833333,""y"":0.031646728515625,""w"":0.8547070312499999,""h"":0.9609374999999999}},{""photo"":""anno/EV/m0422/m0422_l_1.jpg"",""bbox"":{""x"":0.12760742187500002,""y"":0.055084228515625,""w"":0.872392578125,""h"":0.94140625}}]"
432	b9T11E8990-3040X00S000	432	"[{""photo"":""anno/EV/m0506/m0506_l.jpg"",""bbox"":{""x"":0.11420507812500001,""y"":0.031646728515625,""w"":0.883916015625,""h"":0.966796875}},{""photo"":""anno/EV/m0506/m0506_f_1.jpg"",""bbox"":{""x"":0.0,""y"":0.016021728515625,""w"":1.0,""h"":0.978515625}},{""photo"":""anno/EV/m0506/m0506_r_b.jpg"",""bbox"":{""x"":0.0,""y"":0.025787353515625,""w"":1.0,""h"":0.96875}},{""photo"":""anno/EV/m0506/m0506_f.jpg"",""bbox"":{""x"":0.00157421875,""y"":0.006256103515625,""w"":0.99842578125,""h"":0.98828125}}]"
433	b9T11E9000-0000X00S000	433	"[{""photo"":""anno/EV/f0188/f0188_r.jpg"",""bbox"":{""x"":0.0,""y"":0.015625,""w"":1.0,""h"":0.980865478515625}}]"
434	?8T11E0000-4040X00S000	434	"[{""photo"":""anno/EV/m0592/m0592_l_1.jpg"",""bbox"":{""x"":0.09779947916666668,""y"":0.195709228515625,""w"":0.79296875,""h"":0.796875}},{""photo"":""anno/EV/m0592/m0592_l.jpg"",""bbox"":{""x"":0.11328125,""y"":0.0439453125,""w"":0.67578125,""h"":0.9560546875}}]"
435	b7T11E8080-4330X00S000	435	"[{""photo"":""anno/EV/m0244/m0244_f.jpg"",""bbox"":{""x"":0.05933672550432277,""y"":0.033599853515625,""w"":0.9352598162824208,""h"":0.962890625}},{""photo"":""anno/EV/m0244/m0244_o.jpg"",""bbox"":{""x"":0.041015625,""y"":0.197662353515625,""w"":0.958984375,""h"":0.79296875}},{""photo"":""anno/EV/m0244/m0244_r.jpg"",""bbox"":{""x"":0.005859375,""y"":0.012115478515625,""w"":0.99169921875,""h"":0.984375}},{""photo"":""anno/EV/m0244/m0244_l.jpg"",""bbox"":{""x"":0.1083984375,""y"":0.019927978515625,""w"":0.8916015625,""h"":0.9765625}}]"
436	c9T00E8?00-4300X00S000	436	"[{""photo"":""anno/EV/f0513/f0513_o.jpg"",""bbox"":{""x"":0.0,""y"":0.0,""w"":0.9864267676767677,""h"":0.996490478515625}},{""photo"":""anno/EV/f0513/f0513_f.jpg"",""bbox"":{""x"":0.0,""y"":0.016021728515625,""w"":1.0,""h"":0.978515625}},{""photo"":""anno/EV/f0513/f0513_r.jpg"",""bbox"":{""x"":0.0,""y"":0.0,""w"":1.0,""h"":0.9964904785156249}},{""photo"":""anno/EV/f0513/f0513_1.jpg"",""bbox"":{""x"":0.0,""y"":0.021881103515625,""w"":1.0,""h"":0.974609375}}]"
437	c9T11E7080-0505X00S000	437	"[{""photo"":""anno/EV/f0741/f0741_r_2.jpg"",""bbox"":{""x"":0.0,""y"":0.023834228515625,""w"":0.9999335937500001,""h"":0.970703125}},{""photo"":""anno/EV/f0741/f0741_f.jpg"",""bbox"":{""x"":0.0,""y"":0.0078125,""w"":1.0,""h"":0.986724853515625}},{""photo"":""anno/EV/f0741/f0741_r_1.jpg"",""bbox"":{""x"":0.021046875,""y"":0.033203125,""w"":0.978953125,""h"":0.963287353515625}},{""photo"":""anno/EV/f0741/f0741_f (2).jpg"",""bbox"":{""x"":0.055763671875,""y"":0.025390625,""w"":0.937189453125,""h"":0.971099853515625}},{""photo"":""anno/EV/f0741/f0741_l.jpg"",""bbox"":{""x"":0.11175390625,""y"":0.037506103515625,""w"":0.88235546875,""h"":0.95703125}},{""photo"":""anno/EV/f0741/f0741_r.jpg"",""bbox"":{""x"":0.0,""y"":0.019927978515625,""w"":1.0,""h"":0.9765625}},{""photo"":""anno/EV/f0741/f0741_r_3.jpg"",""bbox"":{""x"":0.0,""y"":0.0,""w"":1.0,""h"":0.996490478515625}},{""photo"":""anno/EV/f0741/f0741_f (1).jpg"",""bbox"":{""x"":0.07873740201567749,""y"":0.029296875,""w"":0.8901700727883538,""h"":0.967193603515625}}]"
438	b8T11E7000-4040X00S000	438	"[{""photo"":""anno/EV/m0299/m0299_f.jpg"",""bbox"":{""x"":0.0,""y"":0.012115478515625,""w"":1.0,""h"":0.98046875}},{""photo"":""anno/EV/m0299/m0299_l.jpg"",""bbox"":{""x"":0.0,""y"":0.005859375,""w"":1.0,""h"":0.990631103515625}},{""photo"":""anno/EV/m0299/m0299_r.jpg"",""bbox"":{""x"":0.0,""y"":0.025390625,""w"":1.0,""h"":0.965240478515625}},{""photo"":""anno/EV/m0299/m0299_l (1).jpg"",""bbox"":{""x"":0.001376953125,""y"":0.000396728515625,""w"":0.998623046875,""h"":0.990234375}}]"
439	c9T11E8790-3354X00S000	439	"[{""photo"":""anno/EV/f0706/f0706_r.jpg"",""bbox"":{""x"":0.007814470862764884,""y"":0.086334228515625,""w"":0.9080415142532796,""h"":0.91015625}},{""photo"":""anno/EV/f0706/f0706_o.JPG"",""bbox"":{""x"":0.20654296875,""y"":0.08984375,""w"":0.4365234375,""h"":0.857421875}},{""photo"":""anno/EV/f0706/f0706_r_2.jpg"",""bbox"":{""x"":0.0,""y"":0.082427978515625,""w"":0.9511484375,""h"":0.9140625}},{""photo"":""anno/EV/f0706/f0706_f_2.jpg"",""bbox"":{""x"":0.058078124999999994,""y"":0.057037353515625,""w"":0.9347812499999999,""h"":0.939453125}},{""photo"":""anno/EV/f0706/f0706_l.jpg"",""bbox"":{""x"":0.0859375,""y"":0.008228014744602422,""w"":0.9140625,""h"":0.9917719852553976}},{""photo"":""anno/EV/f0706/f0706_IMG_1249_processed.jpg"",""bbox"":{""x"":0.0,""y"":0.021881103515625,""w"":0.9801562500000001,""h"":0.96875}},{""photo"":""anno/EV/f0706/f0706_f_1.jpg"",""bbox"":{""x"":0.051304687499999994,""y"":0.0,""w"":0.9486953125,""h"":0.988677978515625}},{""photo"":""anno/EV/f0706/f0706_f.jpg"",""bbox"":{""x"":0.00671875,""y"":0.006256103515625,""w"":0.9758984374999999,""h"":0.982421875}}]"
440	c9T11E0000-4030X00S000	440	"[{""photo"":""anno/EV/f0479/f0479_l_2.jpg"",""bbox"":{""x"":0.07705078124999999,""y"":0.0039062499999999996,""w"":0.92294921875,""h"":0.9960937499999999}},{""photo"":""anno/EV/f0479/f0479_l_1.jpg"",""bbox"":{""x"":0.02734375,""y"":0.03519144144144144,""w"":0.9661458333333334,""h"":0.9603516177252844}},{""photo"":""anno/EV/f0479/f0479_l.jpg"",""bbox"":{""x"":0.08804296874999999,""y"":0.03125,""w"":0.905775390625,""h"":0.9672037661075592}}]"
441	c9T11E0000-5050X00S000	441	"[{""photo"":""anno/EV/f0205/f0205_l.jpg"",""bbox"":{""x"":0.0,""y"":0.008219391107559204,""w"":1.0,""h"":0.986328125}},{""photo"":""anno/EV/f0205/f0205_l_a.jpg"",""bbox"":{""x"":0.10402734375,""y"":0.0,""w"":0.89597265625,""h"":0.9945475161075592}}]"
442	c8T11E9990-0000X00S110	442	"[{""photo"":""anno/EV/f0322/f0322_f.jpg"",""bbox"":{""x"":0.06703125,""y"":0.0804850161075592,""w"":0.93005859375,""h"":0.91796875}},{""photo"":""anno/EV/f0322/f0322_l.jpg"",""bbox"":{""x"":0.031445312499999996,""y"":0.0,""w"":0.9685546875,""h"":0.9945475161075592}},{""photo"":""anno/EV/f0322/f0322_r.jpg"",""bbox"":{""x"":0.0,""y"":0.010172516107559204,""w"":1.0,""h"":0.986328125}},{""photo"":""anno/EV/f0322/f0322_o.jpg"",""bbox"":{""x"":0.09505208333333333,""y"":0.01814588693555088,""w"":0.87890625,""h"":0.9818541130644491}}]"
443	c8T11E8870-4050X00S000	443	"[{""photo"":""anno/EV/f0371/f0371_r.jpg"",""bbox"":{""x"":0.0,""y"":0.041422516107559204,""w"":0.998765625,""h"":0.95703125}},{""photo"":""anno/EV/f0371/f0371.jpg"",""bbox"":{""x"":0.2552083333333333,""y"":0.2330618279354947,""w"":0.7161458333333334,""h"":0.7116491491491491}},{""photo"":""anno/EV/f0371/f0371_r_1.JPG"",""bbox"":{""x"":0.0,""y"":0.0,""w"":0.9052734375,""h"":0.9965006411075592}},{""photo"":""anno/EV/f0371/f0371_f.JPG"",""bbox"":{""x"":0.240234375,""y"":0.119140625,""w"":0.580078125,""h"":0.8793131411075592}},{""photo"":""anno/EV/f0371/f0371_l.JPG"",""bbox"":{""x"":0.01318359375,""y"":0.0,""w"":0.98681640625,""h"":0.994140625}}]"
444	c8T11E7000-3000X00S000	444	"[{""photo"":""anno/EV/f0555/f0555_r (1).jpg"",""bbox"":{""x"":0.0,""y"":0.023844391107559204,""w"":0.9882656249999999,""h"":0.970703125}},{""photo"":""anno/EV/f0555/f0555_l (1).jpg"",""bbox"":{""x"":0.010416666666666666,""y"":0.0,""w"":0.9895833333333334,""h"":1.0}},{""photo"":""anno/EV/f0555/f0555_r.jpg"",""bbox"":{""x"":0.0,""y"":0.0,""w"":1.0,""h"":0.995849609375}},{""photo"":""anno/EV/f0555/f0555_f.jpg"",""bbox"":{""x"":0.0,""y"":0.0,""w"":1.0,""h"":0.999755859375}}]"
445	b8T11E0000-0000X00S000	445	"[{""photo"":""anno/EV/m0187/m0187_f.jpg"",""bbox"":{""x"":0.006510416666666667,""y"":0.0,""w"":0.9869791666666666,""h"":1.0}}]"
446	c8T11E9777-5040X00S000	446	"[{""photo"":""anno/EV/f0147/f0147_r_a.jpg"",""bbox"":{""x"":0.0,""y"":0.006266266107559204,""w"":1.0,""h"":0.9921875}},{""photo"":""anno/EV/f0147/f0147_l.jpg"",""bbox"":{""x"":0.09345703124999999,""y"":0.0,""w"":0.9065429687500001,""h"":0.9984537661075592}},{""photo"":""anno/EV/f0147/f0147_r.jpg"",""bbox"":{""x"":0.0,""y"":0.0,""w"":0.9895156249999999,""h"":0.9965006411075592}},{""photo"":""anno/EV/f0147/f0147_r_c.jpg"",""bbox"":{""x"":0.0,""y"":0.008219391107559204,""w"":1.0,""h"":0.990234375}},{""photo"":""anno/EV/f0147/f0147_l_a.jpg"",""bbox"":{""x"":0.004347656249999999,""y"":0.0,""w"":0.99565234375,""h"":0.9984537661075592}},{""photo"":""anno/EV/f0147/f0147_f.jpg"",""bbox"":{""x"":0.00973828125,""y"":0.0,""w"":0.9559746093749999,""h"":0.9965006411075592}}]"
447	c8T11E0000-5400X00S000	447	"[{""photo"":""anno/EV/f0766/f0766_l.jpg"",""bbox"":{""x"":0.07631249999999999,""y"":0.006266266107559204,""w"":0.9236875,""h"":0.9839681088924408}}]"
448	c8T11E0000-0000X00S000	448	"[{""photo"":""anno/EV/f0026/f0026_u13_l.jpg"",""bbox"":{""x"":0.0,""y"":0.035563141107559204,""w"":1.0,""h"":0.9550781249999999}},{""photo"":""anno/EV/f0026/f0026_u13_r.jpg"",""bbox"":{""x"":0.0,""y"":0.014078766107559204,""w"":0.9849551361386139,""h"":0.98046875}}]"
449	b8T11E8000-0000X00S000	449	"[{""photo"":""anno/EV/m0578/m0578_l.jpg"",""bbox"":{""x"":0.08129687499999999,""y"":0.038818359375,""w"":0.918703125,""h"":0.95703125}},{""photo"":""anno/EV/m0578/m0578_r_1.jpg"",""bbox"":{""x"":0.0,""y"":0.034912109375,""w"":0.994499362244898,""h"":0.9609375}},{""photo"":""anno/EV/m0578/m0578_DSC_0231.JPG"",""bbox"":{""x"":0.19270833333333334,""y"":0.0771120155885781,""w"":0.5807291666666666,""h"":0.922887984411422}},{""photo"":""anno/EV/m0578/m0578_f.jpg"",""bbox"":{""x"":0.0,""y"":0.0,""w"":1.0,""h"":0.997802734375}},{""photo"":""anno/EV/m0578/m0578_DSC_0348.jpg"",""bbox"":{""x"":0.0,""y"":0.023193359375,""w"":0.73734375,""h"":0.97265625}},{""photo"":""anno/EV/m0578/m0578_DSC_0616.JPG"",""bbox"":{""x"":0.054253472222222224,""y"":0.052734375,""w"":0.9434076003086419,""h"":0.947021484375}},{""photo"":""anno/EV/m0578/m0578_r.jpg"",""bbox"":{""x"":0.0,""y"":0.0,""w"":0.9968652546777547,""h"":0.993896484375}},{""photo"":""anno/EV/m0578/m0578_r_2.jpg"",""bbox"":{""x"":0.05443492196209587,""y"":0.052734375,""w"":0.9166840858416945,""h"":0.945068359375}},{""photo"":""anno/EV/m0578/m0578_DSC_0183.JPG"",""bbox"":{""x"":0.08854166666666667,""y"":0.028586085838607594,""w"":0.6119791666666666,""h"":0.8962124208860759}},{""photo"":""anno/EV/m0578/m0578_DSC_0294.JPG"",""bbox"":{""x"":0.033854166666666664,""y"":0.10990016049848943,""w"":0.8958333333333334,""h"":0.8890357502517623}}]"
450	c9T11E9970-3545X00S000	450	"[{""photo"":""anno/EV/f0052/f0052_u21_l.jpg"",""bbox"":{""x"":0.016281512605042018,""y"":0.017985016107559204,""w"":0.9837184873949579,""h"":0.98046875}},{""photo"":""anno/EV/f0052/f0052_u21_r.jpg"",""bbox"":{""x"":0.0,""y"":0.0257975161075592,""w"":1.0,""h"":0.9628906249999999}}]"
451	b8T11E9900-3050X00S000	451	"[{""photo"":""anno/EV/m0217/m0217_f.jpg"",""bbox"":{""x"":0.1875,""y"":0.015625,""w"":0.697265625,""h"":0.9808756411075592}},{""photo"":""anno/EV/m0217/m0217_l.JPG"",""bbox"":{""x"":0.0,""y"":0.0,""w"":1.0,""h"":0.9965006411075592}},{""photo"":""anno/EV/m0217/m0217_l (1).JPG"",""bbox"":{""x"":0.014132812500000001,""y"":0.068359375,""w"":0.9858671875,""h"":0.9300943911075592}},{""photo"":""anno/EV/m0217/m0217_r_1.JPG"",""bbox"":{""x"":0.0,""y"":0.059000641107559204,""w"":0.9814453125,""h"":0.935546875}},{""photo"":""anno/EV/m0217/m0217_r.jpg"",""bbox"":{""x"":0.0,""y"":0.045328766107559204,""w"":0.9634921875,""h"":0.953125}},{""photo"":""anno/EV/m0217/m0217_o.jpg"",""bbox"":{""x"":0.03955078125,""y"":0.0,""w"":0.96044921875,""h"":1.0}}]"
452	c8T11E9080-5000X00S000	452	"[{""photo"":""anno/EV/f0700/f0700_l.jpg"",""bbox"":{""x"":0.079169921875,""y"":0.0,""w"":0.920830078125,""h"":0.9958496093749999}},{""photo"":""anno/EV/f0700/f0700_r.jpg"",""bbox"":{""x"":0.005383854883081155,""y"":0.049235016107559204,""w"":0.9296122764786794,""h"":0.94921875}},{""photo"":""anno/EV/f0700/f0700_f.jpg"",""bbox"":{""x"":0.05150781249999999,""y"":0.005859375,""w"":0.9484921875,""h"":0.9847818911075591}},{""photo"":""anno/EV/f0700/f0700_f_1.jpg"",""bbox"":{""x"":0.030763671874999995,""y"":0.0590006411075592,""w"":0.969236328125,""h"":0.9394531249999999}}]"
453	c9T11E0000-0000X00S000	453	"[{""photo"":""anno/EV/f0195/f0195_r.jpg"",""bbox"":{""x"":0.0,""y"":0.011474609375,""w"":0.9434355468749999,""h"":0.984375}}]"
454	c9T11E0000-0400X00S000	454	"[{""photo"":""anno/EV/f0389/f0389_f.jpg"",""bbox"":{""x"":0.004655840286054827,""y"":0.1156412661075592,""w"":0.9953441597139452,""h"":0.8828125}},{""photo"":""anno/EV/f0389/f0389_r (1).jpg"",""bbox"":{""x"":0.0,""y"":0.037516266107559204,""w"":0.9590175781249999,""h"":0.9550781249999999}},{""photo"":""anno/EV/f0389/f0389_r.jpg"",""bbox"":{""x"":0.005208333333333333,""y"":0.10649755658436215,""w"":0.9947916666666666,""h"":0.8935024434156379}},{""photo"":""anno/EV/f0389/f0389_l.jpg"",""bbox"":{""x"":0.0098984375,""y"":0.001953125,""w"":0.9901015625,""h"":0.9965006411075592}},{""photo"":""anno/EV/f0389/f0389_f_1.jpg"",""bbox"":{""x"":0.0,""y"":0.047281891107559204,""w"":0.97373046875,""h"":0.943359375}}]"
455	c9T11E0000-3400X00S001	455	"[{""photo"":""anno/EV/f0759/f0759 left.JPG"",""bbox"":{""x"":0.015064453125,""y"":0.044677734375,""w"":0.984935546875,""h"":0.9531249999999999}},{""photo"":""anno/EV/f0759/f0759_r.jpg"",""bbox"":{""x"":0.0,""y"":0.017985016107559204,""w"":0.9935548874104402,""h"":0.98046875}},{""photo"":""anno/EV/f0759/f0759_o.jpg"",""bbox"":{""x"":0.0,""y"":0.019938141107559204,""w"":1.0,""h"":0.970703125}}]"
456	c8T11E0800-3040X00S00?	456	"[{""photo"":""anno/EV/m0225/m0225_f (1).jpg"",""bbox"":{""x"":0.0,""y"":0.009765625,""w"":1.0,""h"":0.9847818911075592}},{""photo"":""anno/EV/m0225/m0225_l.jpg"",""bbox"":{""x"":0.08796093749999999,""y"":0.012125641107559202,""w"":0.9120390625,""h"":0.9863281249999999}},{""photo"":""anno/EV/m0225/m0225_r (1).jpg"",""bbox"":{""x"":0.0,""y"":0.012125641107559202,""w"":1.0,""h"":0.9863281249999999}},{""photo"":""anno/EV/m0225/m0225_r.jpg"",""bbox"":{""x"":0.0,""y"":0.033610016107559204,""w"":0.997541015625,""h"":0.9648437499999999}},{""photo"":""anno/EV/m0225/m0225_l (1).jpg"",""bbox"":{""x"":0.014322916666666666,""y"":0.03255207168042135,""w"":0.984375,""h"":0.9674479283195786}},{""photo"":""anno/EV/m0225/m0225_f.jpg"",""bbox"":{""x"":0.06421874999999999,""y"":0.017985016107559204,""w"":0.9151171874999999,""h"":0.98046875}}]"
457	b8T11E7090-4535X??S000	457	"[{""photo"":""anno/EV/m0127/m0127_r.jpg"",""bbox"":{""x"":0.0,""y"":0.014078766107559204,""w"":1.0,""h"":0.978515625}},{""photo"":""anno/EV/m0127/m0127_l (1).JPG"",""bbox"":{""x"":0.0103359375,""y"":0.08203125,""w"":0.9896640625,""h"":0.9164225161075592}},{""photo"":""anno/EV/m0127/m0127_l.JPG"",""bbox"":{""x"":0.0,""y"":0.0,""w"":1.0,""h"":0.9994532193268861}},{""photo"":""anno/EV/m0127/m0127_l_a.jpg"",""bbox"":{""x"":0.0,""y"":0.0,""w"":0.9895625000000001,""h"":0.9789225161075592}},{""photo"":""anno/EV/m0127/m0127_r (1).jpg"",""bbox"":{""x"":0.001302734375,""y"":0.0,""w"":0.9913808593750001,""h"":0.9945475161075592}},{""photo"":""anno/EV/m0127/m0127_f (1).JPG"",""bbox"":{""x"":0.0043593749999999995,""y"":0.0,""w"":0.995640625,""h"":0.9945475161075592}},{""photo"":""anno/EV/m0127/m0127_f.JPG"",""bbox"":{""x"":0.033890625,""y"":0.016031891107559204,""w"":0.9658828125,""h"":0.9839681088924408}}]"
458	c9T11E0000-0000X00S000	458	"[{""photo"":""anno/EV/f0140/f0140_r.jpg"",""bbox"":{""x"":0.0,""y"":0.009521484375,""w"":1.0,""h"":0.984375}},{""photo"":""anno/EV/f0140/f0140_f.jpg"",""bbox"":{""x"":0.010828125,""y"":0.001953125,""w"":0.989171875,""h"":0.993896484375}},{""photo"":""anno/EV/f0140/f0140_r_a.jpg"",""bbox"":{""x"":0.0,""y"":0.019287109375,""w"":1.0,""h"":0.978515625}}]"
459	c8T11E9000-3340X00S?00	459	"[{""photo"":""anno/EV/f0875/f0875_Eluai.JPG"",""bbox"":{""x"":0.0269375,""y"":0.021484375,""w"":0.95628125,""h"":0.9691568911075592}},{""photo"":""anno/EV/f0875/f0875_Eluai left.JPG"",""bbox"":{""x"":0.018283203125,""y"":0.0078125,""w"":0.9673476562500001,""h"":0.9867350161075592}}]"
460	b9T11E7000-0000X00S000	460	"[{""photo"":""anno/EV/m0195/m0195_o.jpg"",""bbox"":{""x"":0.005208333333333333,""y"":0.0004375173199561334,""w"":0.9934895833333334,""h"":0.9995624826800439}}]"
461	b9T11E9000-3300X00S000	461	"[{""photo"":""anno/EV/m0053/m0053_r.jpg"",""bbox"":{""x"":0.0,""y"":0.0,""w"":1.0,""h"":0.998046875}},{""photo"":""anno/EV/m0053/m0053_r_1.jpg"",""bbox"":{""x"":0.0,""y"":0.010172516107559204,""w"":1.0,""h"":0.98828125}},{""photo"":""anno/EV/m0053/ m0053_l.jpg"",""bbox"":{""x"":0.034125,""y"":0.006266266107559204,""w"":0.965875,""h"":0.990234375}},{""photo"":""anno/EV/m0053/ m0053_f.jpg"",""bbox"":{""x"":0.038390625,""y"":0.038818359375,""w"":0.9582890625,""h"":0.961181640625}},{""photo"":""anno/EV/m0053/ m0053_r.jpg"",""bbox"":{""x"":0.0,""y"":0.008219391107559204,""w"":0.9978515625,""h"":0.990234375}},{""photo"":""anno/EV/m0053/m0053_l.jpg"",""bbox"":{""x"":0.00837890625,""y"":0.010172516107559204,""w"":0.99162109375,""h"":0.98828125}},{""photo"":""anno/EV/m0053/m0053_f.jpg"",""bbox"":{""x"":0.005742187499999999,""y"":0.0629068911075592,""w"":0.9661230468749998,""h"":0.9316406249999999}},{""photo"":""anno/EV/m0053/m0053_l_a.jpg"",""bbox"":{""x"":0.02221875,""y"":0.041422516107559204,""w"":0.97778125,""h"":0.95703125}}]"
462	b9T11E7080-0000X00S000	462	"[{""photo"":""anno/EV/m0256/m0256.jpg"",""bbox"":{""x"":0.018229166666666668,""y"":0.008054123711340207,""w"":0.9791666666666666,""h"":0.9919458762886598}}]"
463	b8T11E0000-5340X00S000	463	"[{""photo"":""anno/EV/m0107/m0107_l.jpeg"",""bbox"":{""x"":0.0,""y"":0.014078766107559204,""w"":0.997734375,""h"":0.98046875}}]"
464	c8T11E9080-0000X00S000	464	"[{""photo"":""anno/EV/f0262/f0262_r.jpg"",""bbox"":{""x"":0.0,""y"":0.015380859375000002,""w"":1.0,""h"":0.9804687500000001}}]"
465	c8T11E9090-4000X00S000	465	"[{""photo"":""anno/EV/f0391/f0391_r.jpg"",""bbox"":{""x"":0.0,""y"":0.08987024540209587,""w"":0.95703125,""h"":0.9101297545979041}},{""photo"":""anno/EV/f0391/f0391_f.jpg"",""bbox"":{""x"":0.0171875,""y"":0.014078766107559204,""w"":0.9796875,""h"":0.98046875}},{""photo"":""anno/EV/f0391/f0391_l.jpg"",""bbox"":{""x"":0.0022656250000000003,""y"":0.010172516107559204,""w"":0.997734375,""h"":0.982421875}}]"
466	c9T11E9070-3030X00S000	466	"[{""photo"":""anno/EV/f0248/f0248_f.jpg"",""bbox"":{""x"":0.018779320520581115,""y"":0.0234375,""w"":0.9543309246368039,""h"":0.9765625}}]"
467	c8T00E0000-3050X00S001	467	"[{""photo"":""anno/EV/f0201/f0201_l.jpg"",""bbox"":{""x"":0.0,""y"":0.014078766107559202,""w"":1.0,""h"":0.9824218749999999}}]"
468	c8T11E9080-4030X00S000	468	"[{""photo"":""anno/EV/f0004/f0004_r_1.jpg"",""bbox"":{""x"":0.005208333333333333,""y"":0.0026621727101626665,""w"":0.9921875,""h"":0.9973378272898373}},{""photo"":""anno/EV/f0004/f0004_f_1.jpg"",""bbox"":{""x"":0.0,""y"":0.012125641107559204,""w"":0.996294921875,""h"":0.986328125}},{""photo"":""anno/EV/f0004/f0004_r.jpg"",""bbox"":{""x"":0.005208333333333333,""y"":0.012851765879765982,""w"":0.9908854166666666,""h"":0.9832902755696873}},{""photo"":""anno/EV/f0004/f0004_u15_f.jpg"",""bbox"":{""x"":0.013376383763837638,""y"":0.05078125,""w"":0.9664437269372693,""h"":0.9437662661075592}},{""photo"":""anno/EV/f0004/f0004_l.jpg"",""bbox"":{""x"":0.0,""y"":0.029703766107559204,""w"":0.9582890625,""h"":0.96484375}},{""photo"":""anno/EV/f0004/f0004_u15_r.jpg"",""bbox"":{""x"":0.00486026309946714,""y"":0.035563141107559204,""w"":0.9951397369005328,""h"":0.958984375}},{""photo"":""anno/EV/f0004/f0004_f.jpg"",""bbox"":{""x"":0.02184765625,""y"":0.033610016107559204,""w"":0.97815234375,""h"":0.9609375}}]"
469	b9T11E0000-3040X00S000	469	"[{""photo"":""anno/EV/m0039/m0039_l_a.jpg"",""bbox"":{""x"":0.08833398437500001,""y"":0.023193359375,""w"":0.911666015625,""h"":0.9765625}},{""photo"":""anno/EV/m0039/m0039_l.jpg"",""bbox"":{""x"":0.035724609374999994,""y"":0.0843912661075592,""w"":0.964275390625,""h"":0.9140625}}]"
470	c9T11E9877-5550X00S000	470	"[{""photo"":""anno/EV/f0103/f0103_l.jpg"",""bbox"":{""x"":0.02146484375,""y"":0.008219391107559204,""w"":0.97853515625,""h"":0.984375}},{""photo"":""anno/EV/f0103/f0103_u38_r.jpg"",""bbox"":{""x"":0.0,""y"":0.008219391107559204,""w"":0.9934516136201991,""h"":0.98828125}},{""photo"":""anno/EV/f0103/f0103_u38_l.jpg"",""bbox"":{""x"":0.0,""y"":0.008219391107559204,""w"":1.0,""h"":0.986328125}}]"
471	c9T11E8777-0000X00S000	471	"[{""photo"":""anno/EV/f0300/f0300_r.jpg"",""bbox"":{""x"":0.0,""y"":0.06640625,""w"":0.985185568432671,""h"":0.9320475161075592}}]"
472	b9T11E0000-4000X00S000	472	"[{""photo"":""anno/EV/m0050/m0050_r.jpg"",""bbox"":{""x"":0.0015156249999999998,""y"":0.025797516107559204,""w"":0.998484375,""h"":0.96875}},{""photo"":""anno/EV/m0050/m0050_r (1).jpg"",""bbox"":{""x"":0.0,""y"":0.0609537661075592,""w"":0.9855468749999999,""h"":0.9374999999999999}},{""photo"":""anno/EV/m0050/m0050_f.jpg"",""bbox"":{""x"":0.008935546874999999,""y"":0.033610016107559204,""w"":0.991064453125,""h"":0.962890625}},{""photo"":""anno/EV/m0050/m0050_l.jpg"",""bbox"":{""x"":0.04150390624999999,""y"":0.010172516107559204,""w"":0.95849609375,""h"":0.9863281249999999}}]"
473	c9T11E0000-0000X00S000	473	"[{""photo"":""anno/EV/f0427/f0427_r.jpg"",""bbox"":{""x"":0.0,""y"":0.014078766107559204,""w"":1.0,""h"":0.984375}},{""photo"":""anno/EV/f0427/f0427_l.jpg"",""bbox"":{""x"":0.019314453125000002,""y"":0.017985016107559204,""w"":0.980685546875,""h"":0.9765625}}]"
474	c8T11E9987-3530X00S000	474	"[{""photo"":""anno/EV/f0115/f0115_r.jpg"",""bbox"":{""x"":0.0,""y"":0.0078125,""w"":0.9992148437499999,""h"":0.9886881411075592}},{""photo"":""anno/EV/f0115/f0115_u30_f.jpg"",""bbox"":{""x"":0.002054850260416667,""y"":0.0629068911075592,""w"":0.9979451497395834,""h"":0.935546875}},{""photo"":""anno/EV/f0115/f0115_l.jpg"",""bbox"":{""x"":0.0,""y"":0.0,""w"":1.0,""h"":0.9945475161075592}},{""photo"":""anno/EV/f0115/f0115_f.jpg"",""bbox"":{""x"":0.0,""y"":0.001708984375,""w"":1.0,""h"":0.99609375}},{""photo"":""anno/EV/f0115/f0115_u30_l.jpg"",""bbox"":{""x"":0.0,""y"":0.014078766107559204,""w"":1.0,""h"":0.982421875}},{""photo"":""anno/EV/f0115/f0115_u30_r.jpg"",""bbox"":{""x"":0.0,""y"":0.027750641107559204,""w"":1.0,""h"":0.9609375}}]"
475	c8T11E8070-0000X10S000	475	"[{""photo"":""anno/EV/f0532/f0532_r.jpg"",""bbox"":{""x"":0.0,""y"":0.0004068911075592041,""w"":1.0,""h"":0.998046875}}]"
476	b8T01E8070-3030X00S000	476	"[{""photo"":""anno/EV/m0388/m0388_l_1.jpg"",""bbox"":{""x"":0.049103515625,""y"":0.053141266107559204,""w"":0.950896484375,""h"":0.9453125}},{""photo"":""anno/EV/m0388/m0388_f_1.jpg"",""bbox"":{""x"":0.0445625,""y"":0.066162109375,""w"":0.9513125,""h"":0.9296875}},{""photo"":""anno/EV/m0388/m0388_f.jpg"",""bbox"":{""x"":0.0,""y"":0.021891266107559204,""w"":0.98859375,""h"":0.970703125}},{""photo"":""anno/EV/m0388/m0388_r.jpg"",""bbox"":{""x"":0.0,""y"":0.053141266107559204,""w"":1.0,""h"":0.9453125}},{""photo"":""anno/EV/m0388/m0388_l.jpg"",""bbox"":{""x"":0.094638671875,""y"":0.014078766107559204,""w"":0.905361328125,""h"":0.9765625}}]"
477	b9T11E9080-3040X00S000	477	"[{""photo"":""anno/EV/m0566/ m0566_l_1.jpg"",""bbox"":{""x"":0.030214843749999998,""y"":0.0,""w"":0.94376953125,""h"":0.9945475161075592}},{""photo"":""anno/EV/m0566/ m0566_l.jpg"",""bbox"":{""x"":0.0,""y"":0.021891266107559204,""w"":0.9951855468749999,""h"":0.96875}},{""photo"":""anno/EV/m0566/ m0566_r.jpg"",""bbox"":{""x"":0.0,""y"":0.033610016107559204,""w"":0.954529296875,""h"":0.962890625}}]"
478	c8T11E8000-3355X00S000	478	"[{""photo"":""anno/EV/f0066/f0066_u17_l.jpg"",""bbox"":{""x"":0.022907777905904054,""y"":0.042724609375,""w"":0.977092222094096,""h"":0.953125}},{""photo"":""anno/EV/f0066/f0066_u17_r.jpg"",""bbox"":{""x"":0.0,""y"":0.0,""w"":0.9127267644135189,""h"":0.9965006411075592}}]"
479	c9T11E7080-0000X00S000	479	"[{""photo"":""anno/EV/f0069/f0069_u17_r.jpg"",""bbox"":{""x"":0.0,""y"":0.053141266107559204,""w"":0.9876700900248344,""h"":0.943359375}}]"
480	b8T11E9080-0000X00S000	480	"[{""photo"":""anno/EV/m0270/m0270_r.jpg"",""bbox"":{""x"":0.0029296875,""y"":0.14453125,""w"":0.8232421875,""h"":0.8304850161075592}}]"
481	b9T11E0000-0000X00S000	481	"[{""photo"":""anno/EV/m0034/m0034_l.jpg"",""bbox"":{""x"":0.0,""y"":0.005615234375,""w"":1.0,""h"":0.986328125}}]"
482	c9T11E7080-0000X00S000	482	"[{""photo"":""anno/EV/f0200/f0200_o.jpg"",""bbox"":{""x"":0.0,""y"":0.0,""w"":0.9985253906249999,""h"":0.9991048127412796}},{""photo"":""anno/EV/f0200/f0200_r.jpg"",""bbox"":{""x"":0.0,""y"":0.0,""w"":0.9968359375,""h"":0.9893391877412796}}]"
483	c7T11E8090-3300X00S000	483	"[{""photo"":""anno/EV/m0022/m0022_f.jpg"",""bbox"":{""x"":0.0,""y"":0.023844391107559204,""w"":1.0,""h"":0.970703125}},{""photo"":""anno/EV/m0022/m0022_f (1).jpg"",""bbox"":{""x"":0.0,""y"":0.039469391107559204,""w"":0.9935351562499999,""h"":0.958984375}},{""photo"":""anno/EV/m0022/m0022_r.jpg"",""bbox"":{""x"":0.0,""y"":0.027750641107559204,""w"":1.0,""h"":0.970703125}}]"
484	c9T11E9080-0000X00S000	484	"[{""photo"":""anno/EV/f0378/f0378_l.jpg"",""bbox"":{""x"":0.05680567781690141,""y"":0.0,""w"":0.9429742517605635,""h"":0.9945475161075592}},{""photo"":""anno/EV/f0378/f0378_r.jpg"",""bbox"":{""x"":0.014322916666666666,""y"":0.006466734889121986,""w"":0.9791666666666666,""h"":0.993533265110878}}]"
485	b8T11E9000-0000X00S000	485	"[{""photo"":""anno/EV/m0004/m0004_r.jpeg"",""bbox"":{""x"":0.0,""y"":0.0,""w"":1.0,""h"":0.993896484375}}]"
486	b8T11E8000-0000X00S000	486	"[{""photo"":""anno/EV/m0325/m0325_r.jpg"",""bbox"":{""x"":0.14979619565217392,""y"":0.0625,""w"":0.850203804347826,""h"":0.9340006411075592}},{""photo"":""anno/EV/m0325/m0325_l"",""bbox"":{""x"":0.09878108638743455,""y"":0.041422516107559204,""w"":0.8837379335732983,""h"":0.947265625}},{""photo"":""anno/EV/m0325/m0325_r"",""bbox"":{""x"":0.15384004237288135,""y"":0.0687662661075592,""w"":0.8461599576271186,""h"":0.927734375}},{""photo"":""anno/EV/m0325/m0325_l.jpg"",""bbox"":{""x"":0.09190381844380403,""y"":0.0703125,""w"":0.9066665165706052,""h"":0.925537109375}}]"
487	c9T11E9890-3040X00S000	487	"[{""photo"":""anno/EV/f0610/f0610_l.jpg"",""bbox"":{""x"":0.10732031249999999,""y"":0.034912109375,""w"":0.8926796875,""h"":0.955078125}},{""photo"":""anno/EV/f0610/f0610_r.jpg"",""bbox"":{""x"":0.00155859375,""y"":0.031005859375,""w"":0.978796875,""h"":0.966796875}},{""photo"":""anno/EV/f0610/f0610_r_1.JPG"",""bbox"":{""x"":0.0,""y"":0.072265625,""w"":0.8203125,""h"":0.9261881411075592}},{""photo"":""anno/EV/f0610/f0610_f_.jpg"",""bbox"":{""x"":0.015576171875,""y"":0.033203125,""w"":0.9600585937499999,""h"":0.9652506411075591}}]"
488	c9T11E8070-4434X00S000	488	"[{""photo"":""anno/EV/f0219/f0219_f.jpg"",""bbox"":{""x"":0.054632812499999996,""y"":0.017578125,""w"":0.9150996093749999,""h"":0.978271484375}},{""photo"":""anno/EV/f0219/f0219_l.jpg"",""bbox"":{""x"":0.020186956243602863,""y"":0.006266266107559204,""w"":0.9798130437563971,""h"":0.9921875}},{""photo"":""anno/EV/f0219/f0219_r.jpg"",""bbox"":{""x"":0.0,""y"":0.006266266107559204,""w"":0.9583730468749999,""h"":0.990234375}}]"
489	c9T11E0000-0000X00S000	489	"[{""photo"":""anno/EV/f0625/f0625_f_1.jpg"",""bbox"":{""x"":0.0,""y"":0.033610016107559204,""w"":0.99594140625,""h"":0.95703125}},{""photo"":""anno/EV/f0625/f0625_l_1.jpg"",""bbox"":{""x"":0.070390625,""y"":0.0625,""w"":0.929609375,""h"":0.9359537661075592}},{""photo"":""anno/EV/f0625/f0625_r_1.jpg"",""bbox"":{""x"":0.0,""y"":0.014078766107559204,""w"":0.9642187499999999,""h"":0.984375}},{""photo"":""anno/EV/f0625/f0625_r (1).jpg"",""bbox"":{""x"":0.0,""y"":0.059000641107559204,""w"":0.9313828125,""h"":0.93359375}},{""photo"":""anno/EV/f0625/f0625_l_1 (1).jpg"",""bbox"":{""x"":0.0,""y"":0.062255859375,""w"":0.9719921875,""h"":0.9375}},{""photo"":""anno/EV/f0625/f0625_l (1).jpg"",""bbox"":{""x"":0.02556640625,""y"":0.09375,""w"":0.97443359375,""h"":0.902099609375}},{""photo"":""anno/EV/f0625/f0625_r.jpg"",""bbox"":{""x"":0.0,""y"":0.00390625,""w"":0.9441269531250001,""h"":0.993896484375}}]"
490	b9T11E0000-4000X00S000	490	"[{""photo"":""anno/EV/m0037/m0037_l.jpg"",""bbox"":{""x"":0.04126320422535211,""y"":0.011474609375,""w"":0.9587367957746479,""h"":0.986328125}},{""photo"":""anno/EV/m0037/m0037_f.jpg"",""bbox"":{""x"":0.0035781250000000006,""y"":0.044677734375,""w"":0.996421875,""h"":0.955078125}}]"
491	b8T10E0000-0000X00S000	491	"[{""photo"":""anno/EV/m0347/m0347_l_1.jpg"",""bbox"":{""x"":0.10081905241935483,""y"":0.057047516107559204,""w"":0.8991809475806452,""h"":0.939453125}},{""photo"":""anno/EV/m0347/m0347_l.jpg"",""bbox"":{""x"":0.1184476544203747,""y"":0.0922037661075592,""w"":0.8815523455796253,""h"":0.90234375}}]"
492	c9T11E9780-4030X00S000	492	"[{""photo"":""anno/EV/f0611/f0611_r.jpg"",""bbox"":{""x"":0.0,""y"":0.13476562500000003,""w"":0.8535932179341658,""h"":0.8597818911075593}},{""photo"":""anno/EV/f0611/f0611_l_1.jpg"",""bbox"":{""x"":0.0016875,""y"":0.025797516107559204,""w"":0.995625,""h"":0.970703125}},{""photo"":""anno/EV/f0611/f0611_f_1.jpg"",""bbox"":{""x"":0.04904296874999999,""y"":0.0648600161075592,""w"":0.95095703125,""h"":0.9316406249999999}},{""photo"":""anno/EV/f0611/f0611_f.jpg"",""bbox"":{""x"":0.06538671875,""y"":0.027750641107559204,""w"":0.93461328125,""h"":0.96484375}},{""photo"":""anno/EV/f0611/f0611_l.jpg"",""bbox"":{""x"":0.0281953125,""y"":0.005859375,""w"":0.9718046875,""h"":0.9912923127412796}}]"
493	c8T11E8090-4030X00S000	493	"[{""photo"":""anno/EV/f0596/f0596_f.jpg"",""bbox"":{""x"":0.32958984375,""y"":0.171875,""w"":0.48046875,""h"":0.79296875}},{""photo"":""anno/EV/f0596/f0596_r.jpg"",""bbox"":{""x"":0.0,""y"":0.0668131411075592,""w"":0.84375,""h"":0.9296875}},{""photo"":""anno/EV/f0596/f0596_l.jpg"",""bbox"":{""x"":0.2783203125,""y"":0.013671875,""w"":0.7216796875,""h"":0.9847818911075592}}]"
494	c8T11E0000-4000X00S000	494	"[{""photo"":""anno/EV/f0198/f0198_f.jpg"",""bbox"":{""x"":0.0,""y"":0.006266266107559204,""w"":0.98328125,""h"":0.98828125}},{""photo"":""anno/EV/f0198/f0198_r.jpg"",""bbox"":{""x"":0.0,""y"":0.012125641107559204,""w"":0.9970859375000001,""h"":0.986328125}}]"
495	b8T11E8080-0000X00S000	495	"[{""photo"":""anno/EV/m0421/m0421_r.jpg"",""bbox"":{""x"":0.0,""y"":0.036865234375,""w"":0.8791764322916665,""h"":0.962890625}},{""photo"":""anno/EV/m0421/m0421_f.jpg"",""bbox"":{""x"":0.11610677083333333,""y"":0.0707193911075592,""w"":0.82373046875,""h"":0.896484375}},{""photo"":""anno/EV/m0421/m0421_o.jpg"",""bbox"":{""x"":0.12239583333333333,""y"":0.2897811572700297,""w"":0.7903645833333334,""h"":0.6797299894451742}}]"
496	c9T11E9000-0000X01S000	496	"[{""photo"":""anno/EV/f0009/f0009_u9_l.jpg"",""bbox"":{""x"":0.0,""y"":0.014078766107559204,""w"":1.0,""h"":0.984375}},{""photo"":""anno/EV/f0009/f0009_u9_r.jpg"",""bbox"":{""x"":0.0,""y"":0.049235016107559204,""w"":1.0,""h"":0.9453125}},{""photo"":""anno/EV/f0009/f0009_l_a.jpg"",""bbox"":{""x"":0.016484375,""y"":0.016031891107559204,""w"":0.983515625,""h"":0.982421875}}]"
497	b9T11E0000-5030X00S000	497	"[{""photo"":""anno/EV/m0172/m0172_l.jpg"",""bbox"":{""x"":0.09426171874999999,""y"":0.012125641107559204,""w"":0.9026757812499999,""h"":0.984375}}]"
498	c8T11E9780-5333X00S000	498	"[{""photo"":""anno/EV/f0586/f0586_f.jpg"",""bbox"":{""x"":0.0,""y"":0.0,""w"":1.0,""h"":0.991943359375}},{""photo"":""anno/EV/f0586/f0586_o.jpg"",""bbox"":{""x"":0.013020833333333334,""y"":0.07383765243902439,""w"":0.984375,""h"":0.9261623475609756}},{""photo"":""anno/EV/f0586/f0586_r (1).jpg"",""bbox"":{""x"":0.0,""y"":0.043375641107559204,""w"":0.9980546875,""h"":0.951171875}},{""photo"":""anno/EV/f0586/f0586_l.jpg"",""bbox"":{""x"":0.06786102062975027,""y"":0.023844391107559204,""w"":0.9288477198697068,""h"":0.97265625}},{""photo"":""anno/EV/f0586/f0586_r.jpg"",""bbox"":{""x"":0.0,""y"":0.016031891107559204,""w"":1.0,""h"":0.9839681088924408}},{""photo"":""anno/EV/f0586/f0586_r_a.jpg"",""bbox"":{""x"":0.0,""y"":0.012125641107559204,""w"":1.0,""h"":0.984375}},{""photo"":""anno/EV/f0586/f0586_f (1).jpg"",""bbox"":{""x"":0.0474375,""y"":0.002360016107559204,""w"":0.9525625,""h"":0.9921875}}]"
499	b8T11E0000-3050X00S000	499	"[{""photo"":""anno/EV/m0397/m0397_l.jpg"",""bbox"":{""x"":0.05181445312500001,""y"":0.046875,""w"":0.948185546875,""h"":0.948974609375}}]"
500	c9T11E0000-3000X00S000	500	"[{""photo"":""anno/EV/f0355/f0355_l.jpg"",""bbox"":{""x"":0.0049023437500000005,""y"":0.00039672851562500005,""w"":0.9902734375000001,""h"":0.9882812500000001}},{""photo"":""anno/EV/f0355/f0355_f.jpg"",""bbox"":{""x"":0.0,""y"":0.008209228515625,""w"":0.9411178035043805,""h"":0.984375}},{""photo"":""anno/EV/f0355/f0355_r.jpg"",""bbox"":{""x"":0.0,""y"":0.021881103515625,""w"":0.9781875000000001,""h"":0.974609375}}]"
501	c9T11E7070-3530X00S000	501	"[{""photo"":""anno/EV/f0288/f0288_r.jpg"",""bbox"":{""x"":0.0031171875,""y"":0.057037353515625,""w"":0.93671484375,""h"":0.94140625}},{""photo"":""anno/EV/f0288/f0288_l (1).jpg"",""bbox"":{""x"":0.061187500000000006,""y"":0.012115478515625,""w"":0.9303281250000001,""h"":0.974609375}},{""photo"":""anno/EV/f0288/f0288_l.jpg"",""bbox"":{""x"":0.03551953125,""y"":0.0,""w"":0.95564453125,""h"":0.998443603515625}}]"
502	b8T11E0700-3050X00S000	502	"[{""photo"":""anno/EV/m0285/m0285_l.jpg"",""bbox"":{""x"":0.0,""y"":0.029703766107559204,""w"":1.0,""h"":0.96875}},{""photo"":""anno/EV/m0285/m0285_r.jpg"",""bbox"":{""x"":0.0161328125,""y"":0.019287109375,""w"":0.9838671875,""h"":0.980712890625}},{""photo"":""anno/EV/m0285/m0285_l copy.jpg"",""bbox"":{""x"":0.0,""y"":0.034912109375,""w"":1.0,""h"":0.962890625}},{""photo"":""anno/EV/m0285/m0285_f.jpg"",""bbox"":{""x"":0.0,""y"":0.029296875,""w"":0.9846712239583334,""h"":0.9672037661075592}}]"
503	c9T11E0000-3000X00S000	503	"[{""photo"":""anno/EV/f0869/f0869_Collared female left.JPG"",""bbox"":{""x"":0.03991796875,""y"":0.08048501610755922,""w"":0.938072265625,""h"":0.9140625000000001}},{""photo"":""anno/EV/f0869/f0869_Collared female.JPG"",""bbox"":{""x"":0.0,""y"":0.1625162661075592,""w"":0.997,""h"":0.830078125}},{""photo"":""anno/EV/f0869/f0869_Collared female right.JPG"",""bbox"":{""x"":0.0,""y"":0.043375641107559204,""w"":0.9485312499999998,""h"":0.9492187499999999}}]"
504	b8T11E0000-3040X00S000	504	"[{""photo"":""anno/EV/m0335/m0335_l.jpg"",""bbox"":{""x"":0.06802734375,""y"":0.060953766107559204,""w"":0.93197265625,""h"":0.9375}}]"
505	b9T11E8000-4000X00S000	505	"[{""photo"":""anno/EV/m0504/m0504_r.jpg"",""bbox"":{""x"":0.0063359374999999996,""y"":0.0078125,""w"":0.9931582031249999,""h"":0.988037109375}},{""photo"":""anno/EV/m0504/m0504_f_a.jpg"",""bbox"":{""x"":0.0,""y"":0.008219391107559204,""w"":1.0,""h"":0.982421875}},{""photo"":""anno/EV/m0504/m0504_o.jpg"",""bbox"":{""x"":0.0,""y"":0.0,""w"":1.0,""h"":1.0}},{""photo"":""anno/EV/m0504/m0504_l_a.jpg"",""bbox"":{""x"":0.0,""y"":0.0,""w"":1.0,""h"":0.9938964843749999}},{""photo"":""anno/EV/m0504/m0504_l.jpg"",""bbox"":{""x"":0.12085937499999998,""y"":0.0,""w"":0.879140625,""h"":0.999755859375}},{""photo"":""anno/EV/m0504/m0504_f.jpg"",""bbox"":{""x"":0.0,""y"":0.006022125482559203,""w"":0.9932890624999999,""h"":0.9843749999999999}}]"
506	b9T11E7070-3000X00S001	506	"[{""photo"":""anno/EV/m0150/m0150_o.jpg"",""bbox"":{""x"":0.0,""y"":0.0,""w"":1.0,""h"":0.9990641176700592}},{""photo"":""anno/EV/m0150/m0150_f.jpg"",""bbox"":{""x"":0.027451171874999996,""y"":0.030314117670059204,""w"":0.972548828125,""h"":0.96875}},{""photo"":""anno/EV/m0150/m0150_l.jpg"",""bbox"":{""x"":0.0072343749999999995,""y"":0.00390625,""w"":0.992765625,""h"":0.9912516176700592}},{""photo"":""anno/EV/m0150/m0150_o_2.jpg"",""bbox"":{""x"":0.0,""y"":0.001017242670059204,""w"":0.9965351562499999,""h"":0.99609375}},{""photo"":""anno/EV/m0150/m0150_r.jpg"",""bbox"":{""x"":0.0,""y"":0.038126617670059204,""w"":0.9742500000000001,""h"":0.958984375}}]"
507	c9T00E0000-3334X00S001	507	"[{""photo"":""anno/EV/f0552/f0552_r (1).jpg"",""bbox"":{""x"":0.0,""y"":0.014078766107559204,""w"":0.92138671875,""h"":0.98046875}},{""photo"":""anno/EV/f0552/f0552_l.jpg"",""bbox"":{""x"":0.017896484375,""y"":0.0,""w"":0.982103515625,""h"":0.9984537661075593}},{""photo"":""anno/EV/f0552/f0552_f.jpg"",""bbox"":{""x"":0.008339843750000001,""y"":0.0,""w"":0.99166015625,""h"":0.9984537661075592}},{""photo"":""anno/EV/f0552/f0552_r.jpg"",""bbox"":{""x"":0.0,""y"":0.005859375,""w"":1.0,""h"":0.9906412661075592}}]"
508	c9T11E8080-3040X00S000	508	"[{""photo"":""anno/EV/f0180/f0180_r.jpg"",""bbox"":{""x"":0.0,""y"":0.013427734375,""w"":1.0,""h"":0.984375}},{""photo"":""anno/EV/f0180/f0180_r_a.jpg"",""bbox"":{""x"":0.0,""y"":0.037516266107559204,""w"":0.998953125,""h"":0.955078125}},{""photo"":""anno/EV/f0180/f0180_f.jpg"",""bbox"":{""x"":0.0,""y"":0.027750641107559204,""w"":1.0,""h"":0.966796875}},{""photo"":""anno/EV/f0180/f0180_l_a.jpg"",""bbox"":{""x"":0.10259374999999998,""y"":0.035563141107559204,""w"":0.89740625,""h"":0.9628906249999999}},{""photo"":""anno/EV/f0180/f0180_l.jpg"",""bbox"":{""x"":0.0,""y"":0.025797516107559204,""w"":0.998046875,""h"":0.97265625}},{""photo"":""anno/EV/f0180/f0180_r_a (1).jpg"",""bbox"":{""x"":0.0,""y"":0.017985016107559204,""w"":0.9207421875,""h"":0.98046875}}]"
509	c9T11E0000-0000X00S000	509	"[{""photo"":""anno/EV/f0123/f0123_l.jpg"",""bbox"":{""x"":0.0,""y"":0.015380859375,""w"":0.9825824058219178,""h"":0.984375}},{""photo"":""anno/EV/f0123/f0123_f.jpg"",""bbox"":{""x"":0.0844381313131313,""y"":0.041422516107559204,""w"":0.9155618686868687,""h"":0.9531249999999999}}]"
510	b8T01E0000-0500X00S000	510	"[{""photo"":""anno/EV/m0555/m0555_l.jpg"",""bbox"":{""x"":0.00352734375,""y"":0.005859375,""w"":0.99647265625,""h"":0.9886881411075592}},{""photo"":""anno/EV/m0555/m0555_r.jpg"",""bbox"":{""x"":0.0026041666666666665,""y"":0.0,""w"":0.9973958333333334,""h"":1.0}},{""photo"":""anno/EV/m0555/m0555_f.jpg"",""bbox"":{""x"":0.0,""y"":0.017985016107559204,""w"":0.99807421875,""h"":0.978515625}},{""photo"":""anno/EV/m0555/m0555_l (1).jpg"",""bbox"":{""x"":0.01089192708333333,""y"":0.0,""w"":0.9891080729166667,""h"":0.9925943911075591}}]"
511	b7T11E8000-0000X00S000	511	"[{""photo"":""anno/EV/m0093/m0093_f.jpg"",""bbox"":{""x"":0.0307265625,""y"":0.0,""w"":0.95090625,""h"":0.9984537661075592}},{""photo"":""anno/EV/m0093/m0093_l.jpg"",""bbox"":{""x"":0.046191406250000004,""y"":0.029703766107559204,""w"":0.95380859375,""h"":0.966796875}},{""photo"":""anno/EV/m0093/m0093_r.jpg"",""bbox"":{""x"":0.0,""y"":0.025797516107559204,""w"":0.9474062499999999,""h"":0.970703125}},{""photo"":""anno/EV/m0093/m0093_l_a.jpg"",""bbox"":{""x"":0.10093359375,""y"":0.016031891107559204,""w"":0.89906640625,""h"":0.978515625}},{""photo"":""anno/EV/m0093/m0093_r_a.jpg"",""bbox"":{""x"":0.0,""y"":0.027750641107559204,""w"":1.0,""h"":0.970703125}}]"
512	c8T11E9000-4000X00S000	512	"[{""photo"":""anno/EV/f0534/f0534_l.jpg"",""bbox"":{""x"":0.0084375,""y"":0.01953125,""w"":0.9915625,""h"":0.9789225161075592}},{""photo"":""anno/EV/f0534/f0534_f.jpg"",""bbox"":{""x"":0.0,""y"":0.021891266107559204,""w"":0.999083984375,""h"":0.974609375}},{""photo"":""anno/EV/f0534/f0534_r.jpg"",""bbox"":{""x"":0.0,""y"":0.029703766107559204,""w"":1.0,""h"":0.966796875}}]"
513	c9T11E0000-0000X00S000	513	"[{""photo"":""anno/EV/f0567/f0567_l.jpg"",""bbox"":{""x"":0.02345455786026201,""y"":0.021891266107559204,""w"":0.976545442139738,""h"":0.974609375}}]"
514	b9T11E8090-0000X00S000	514	"[{""photo"":""anno/EV/m0463/m0463_o.JPG"",""bbox"":{""x"":0.10400390625,""y"":0.2445475161075592,""w"":0.61962890625,""h"":0.62890625}},{""photo"":""anno/EV/m0463/m0463_r.JPG"",""bbox"":{""x"":0.0,""y"":0.007568359375,""w"":0.93896484375,""h"":0.990234375}}]"
515	b8T11E7000-4000X00S000	515	"[{""photo"":""anno/EV/m0112/m0112_r.jpg"",""bbox"":{""x"":0.0,""y"":0.0,""w"":1.0,""h"":0.9965006411075592}},{""photo"":""anno/EV/m0112/m0112_f_1.jpg"",""bbox"":{""x"":0.0,""y"":0.0,""w"":1.0,""h"":0.9906412661075592}},{""photo"":""anno/EV/m0112/m0112_1.jpg"",""bbox"":{""x"":0.00390625,""y"":0.0,""w"":0.9947916666666666,""h"":1.0}},{""photo"":""anno/EV/m0112/m0112_f.jpeg"",""bbox"":{""x"":0.0,""y"":0.033610016107559204,""w"":0.9624375000000001,""h"":0.96484375}}]"
516	c8T11E8070-3000X00S000	516	"[{""photo"":""anno/EV/f0870/f0870_Nosentui left.JPG"",""bbox"":{""x"":0.14013671874999997,""y"":0.032958984375,""w"":0.85986328125,""h"":0.966796875}},{""photo"":""anno/EV/f0870/f0870_Nosentui right.JPG"",""bbox"":{""x"":0.0,""y"":0.0,""w"":0.9310351562500001,""h"":0.9945475161075592}},{""photo"":""anno/EV/f0870/f0870_Nosentui left (2).JPG"",""bbox"":{""x"":0.07079296875,""y"":0.1293131411075592,""w"":0.92920703125,""h"":0.8671875}},{""photo"":""anno/EV/f0870/f0870_Nosentui 2.JPG"",""bbox"":{""x"":0.00406640625,""y"":0.15625,""w"":0.9908476562499998,""h"":0.8382975161075591}}]"
517	c9T11E9090-5433X00S000	517	"[{""photo"":""anno/EV/f0629/f0629_r.jpg"",""bbox"":{""x"":0.09741796875,""y"":0.1234537661075592,""w"":0.90258203125,""h"":0.869140625}},{""photo"":""anno/EV/f0629/f0629_l.jpg"",""bbox"":{""x"":0.10455859375,""y"":0.0746256411075592,""w"":0.89544140625,""h"":0.923828125}},{""photo"":""anno/EV/f0629/f0629_f.jpg"",""bbox"":{""x"":0.0525,""y"":0.0824381411075592,""w"":0.9475,""h"":0.916015625}}]"
518	b8T11E9070-5030X00S000	518	"[{""photo"":""anno/EV/m0314/m0314_l.jpg"",""bbox"":{""x"":0.15234375,""y"":0.049235016107559204,""w"":0.84765625,""h"":0.94921875}},{""photo"":""anno/EV/m0314/m0314_r.jpg"",""bbox"":{""x"":0.00146484375,""y"":0.0,""w"":0.9931640625,""h"":0.9945475161075592}}]"
519	c9T11E0000-4000X00S001	519	"[{""photo"":""anno/EV/m0030/m0030_DSC_0060_2.jpg"",""bbox"":{""x"":0.018579072532699168,""y"":0.064453125,""w"":0.9707565398335315,""h"":0.9300943911075592}},{""photo"":""anno/EV/m0030/m0030_DSC_0059_2.jpg"",""bbox"":{""x"":0.0,""y"":0.014078766107559204,""w"":0.9875043767507004,""h"":0.98046875}}]"
520	c8T11E0000-3030X00S000	520	"[{""photo"":""anno/EV/f0809/f0809_r_Onesmus ole Irungu.jpg"",""bbox"":{""x"":0.24348958333333334,""y"":0.06530700253335851,""w"":0.6744791666666666,""h"":0.9205060422960725}}]"
521	c9T11E070?-0000X00S000	521	"[{""photo"":""anno/EV/f0715/f0715_l_1.jpg"",""bbox"":{""x"":0.0708671875,""y"":0.127349853515625,""w"":0.9212734375,""h"":0.8671875}},{""photo"":""anno/EV/f0715/f0715_l.jpg"",""bbox"":{""x"":0.040364583333333336,""y"":0.03201489986406171,""w"":0.9557291666666666,""h"":0.9679851001359383}}]"
522	c9T01E8770-3545X00S000	522	"[{""photo"":""anno/EV/f0519/f0519_f.jpg"",""bbox"":{""x"":0.010696193866374588,""y"":0.002349853515625,""w"":0.9776321193866374,""h"":0.994140625}},{""photo"":""anno/EV/f0519/f0519_l.jpg"",""bbox"":{""x"":0.023316132048331415,""y"":0.004302978515625,""w"":0.9766838679516686,""h"":0.984375}},{""photo"":""anno/EV/f0519/f0519_r.jpg"",""bbox"":{""x"":0.006853070175438597,""y"":0.010162353515625,""w"":0.9799890350877193,""h"":0.974609375}}]"
523	b9T11E0000-4030X00S000	523	"[{""photo"":""anno/EV/m0570/m0570_l.jpg"",""bbox"":{""x"":0.00261328125,""y"":0.180084228515625,""w"":0.996966796875,""h"":0.814453125}}]"
524	b8T11E9990-5540X00S000	524	"[{""photo"":""anno/EV/m0382/m0382_f.jpg"",""bbox"":{""x"":0.089578125,""y"":0.041412353515625,""w"":0.89578125,""h"":0.94921875}},{""photo"":""anno/EV/m0382/m0382_l.jpg"",""bbox"":{""x"":0.07500000000000001,""y"":0.041412353515625,""w"":0.915,""h"":0.955078125}},{""photo"":""anno/EV/m0382/m0382_r.jpg"",""bbox"":{""x"":0.0016406249999999997,""y"":0.144927978515625,""w"":0.9614062499999998,""h"":0.849609375}}]"
525	c9T11E9000-3030X00S000	525	"[{""photo"":""anno/EV/f0202/f0202_f.jpg"",""bbox"":{""x"":0.005794921875,""y"":0.012115478515625,""w"":0.9870683593749999,""h"":0.984375}},{""photo"":""anno/EV/f0202/f0202_l.jpg"",""bbox"":{""x"":0.0450226399560922,""y"":0.019927978515625,""w"":0.9476193743139408,""h"":0.970703125}}]"
526	b9T11E0000-4030X00S000	526	"[{""photo"":""anno/EV/m0316/m0316_l"",""bbox"":{""x"":0.04392317380352645,""y"":0.016021728515625,""w"":0.9507241813602016,""h"":0.982421875}},{""photo"":""anno/EV/m0316/m0316_l.jpg"",""bbox"":{""x"":0.042544815891472874,""y"":0.017974853515625,""w"":0.9530038759689923,""h"":0.9765625}}]"
527	c8T11E7877-4455X01S000	527	"[{""photo"":""anno/EV/f0535/f0535_f.jpg"",""bbox"":{""x"":0.00984438004032258,""y"":0.012115478515625,""w"":0.9901556199596774,""h"":0.982421875}},{""photo"":""anno/EV/f0535/f0535_r.jpg"",""bbox"":{""x"":0.004166015625,""y"":0.039459228515625,""w"":0.973458984375,""h"":0.958984375}},{""photo"":""anno/EV/f0535/f0535_l.jpg"",""bbox"":{""x"":0.009114583333333334,""y"":0.02832218947350357,""w"":0.9895833333333334,""h"":0.9674457715540912}}]"
528	c0T11E9999-3333X00S000	528	"[{""photo"":""anno/EV/f0448/f0448_f.jpg"",""bbox"":{""x"":0.016335937499999998,""y"":0.045318603515625,""w"":0.9747109374999999,""h"":0.94921875}},{""photo"":""anno/EV/f0448/f0448_r.jpg"",""bbox"":{""x"":0.015919921875000003,""y"":0.094146728515625,""w"":0.96966796875,""h"":0.904296875}},{""photo"":""anno/EV/f0448/f0448_l.jpg"",""bbox"":{""x"":0.01374609375,""y"":0.035552978515625,""w"":0.9622265624999999,""h"":0.962890625}}]"
529	c9T11E0000-4040X10S011	529	"[{""photo"":""anno/EV/f0178/f0178_r.jpg"",""bbox"":{""x"":0.003965736040609137,""y"":0.119537353515625,""w"":0.9220336294416244,""h"":0.876953125}},{""photo"":""anno/EV/f0178/f0178_f.jpg"",""bbox"":{""x"":0.0,""y"":0.031646728515625,""w"":0.9963125,""h"":0.9609375}},{""photo"":""anno/EV/f0178/f0178_l.jpg"",""bbox"":{""x"":0.0020176911157024796,""y"":0.010162353515625,""w"":0.9947217200413223,""h"":0.98828125}}]"
530	c0T11E0000-4030X00S000	530	"[{""photo"":""anno/EV/f0273/e_f0273_f.jpg"",""bbox"":{""x"":0.0026445312499999997,""y"":0.002349853515625,""w"":0.99434375,""h"":0.9921875}},{""photo"":""anno/EV/f0273/e_f0273_l.jpg"",""bbox"":{""x"":0.0,""y"":0.004302978515625,""w"":1.0,""h"":0.9921875}}]"
531	b9T11E7090-0000X00S000	531	"[{""photo"":""anno/EV/m0056/m0056_l.jpg"",""bbox"":{""x"":0.07843359374999999,""y"":0.043365478515625,""w"":0.9173320312499998,""h"":0.947265625}},{""photo"":""anno/EV/m0056/m0056_r.jpg"",""bbox"":{""x"":0.0016445312500000002,""y"":0.014068603515625,""w"":0.97191796875,""h"":0.982421875}},{""photo"":""anno/EV/m0056/m0056_l_a.jpg"",""bbox"":{""x"":0.050927734375000006,""y"":0.100006103515625,""w"":0.9458007812500001,""h"":0.896484375}}]"
532	c9T11E8080-0000X00S000	532	"[{""photo"":""anno/EV/f0308/f0308_f.jpg"",""bbox"":{""x"":0.033263671875,""y"":0.051177978515625,""w"":0.958310546875,""h"":0.943359375}}]"
533	c8T11E9778-5545X11S111	533	"[{""photo"":""anno/EV/f0423/f0423_r.jpg"",""bbox"":{""x"":0.01381640625,""y"":0.016021728515625,""w"":0.9610078125,""h"":0.978515625}},{""photo"":""anno/EV/f0423/f0423_f.jpg"",""bbox"":{""x"":0.021328125,""y"":0.002349853515625,""w"":0.9775390624999999,""h"":0.990234375}},{""photo"":""anno/EV/f0423/f0423_l.jpg"",""bbox"":{""x"":0.03955078125,""y"":0.012115478515625,""w"":0.96044921875,""h"":0.984375}}]"
534	c8T11E0000-0400X00S000	534	"[{""photo"":""anno/EV/f0484/f0484_l.jpg"",""bbox"":{""x"":0.10026041666666667,""y"":0.22727889244002525,""w"":0.8958333333333334,""h"":0.7694128787878787}},{""photo"":""anno/EV/f0484/f0484_l_1.jpg"",""bbox"":{""x"":0.13411458333333334,""y"":0.008292150015782828,""w"":0.86328125,""h"":0.9272411616161618}},{""photo"":""anno/EV/f0484/f0484_f.jpg"",""bbox"":{""x"":0.30078125,""y"":0.29238305910669193,""w"":0.2890625,""h"":0.4853219696969697}},{""photo"":""anno/EV/f0484/f0484.jpg"",""bbox"":{""x"":0.21484375,""y"":0.11088053385416667,""w"":0.70703125,""h"":0.6628787878787877}}]"
535	c9T11E9000-4330X00S0??	535	"[{""photo"":""anno/EV/f0060/f0060_u22_r.jpg"",""bbox"":{""x"":0.0,""y"":0.016021728515625,""w"":1.0,""h"":0.98046875}},{""photo"":""anno/EV/f0060/f0060_l.jpg"",""bbox"":{""x"":0.04358727417640807,""y"":0.002349853515625,""w"":0.9506176939426142,""h"":0.994140625}},{""photo"":""anno/EV/f0060/f0060_u22_l.jpg"",""bbox"":{""x"":0.028645833333333332,""y"":0.0,""w"":0.9661458333333334,""h"":0.9937055871841755}}]"
536	c8T11E8070-5554X00S000	536	"[{""photo"":""anno/EV/f0320/f0320_f.jpg"",""bbox"":{""x"":0.00794921875,""y"":0.066802978515625,""w"":0.9634453125000001,""h"":0.92578125}},{""photo"":""anno/EV/f0320/f0320_l.jpg"",""bbox"":{""x"":0.0035390624999999997,""y"":0.006256103515625,""w"":0.9927070312499999,""h"":0.98828125}},{""photo"":""anno/EV/f0320/f0320_r.jpg"",""bbox"":{""x"":0.004974609374999999,""y"":0.016021728515625,""w"":0.9899472656249999,""h"":0.9804687499999999}}]"
537	b0T11E0000-3440X00S000	537	"[{""photo"":""anno/EV/m0396/m0396_l.jpg"",""bbox"":{""x"":0.019757812499999996,""y"":0.025787353515625,""w"":0.9747187499999999,""h"":0.970703125}}]"
538	c9T11E0000-0000X00S000	538	"[{""photo"":""anno/EV/f0299/f0299_l.jpg"",""bbox"":{""x"":0.07573828124999998,""y"":0.039459228515625,""w"":0.9203847656249998,""h"":0.95703125}}]"
539	c8T11E9000-3030X00S000	539	"[{""photo"":""anno/EV/f0259/f0259_l.jpg"",""bbox"":{""x"":0.004617187500000001,""y"":0.015624999999999998,""w"":0.9953828125,""h"":0.9808756485581399}},{""photo"":""anno/EV/f0259/f0259_f.jpg"",""bbox"":{""x"":0.039656250000000004,""y"":0.001953125,""w"":0.9534023437500001,""h"":0.9945475235581398}},{""photo"":""anno/EV/f0259/f0259_r.jpg"",""bbox"":{""x"":0.0,""y"":0.0,""w"":1.0,""h"":0.9965006485581397}},{""photo"":""anno/EV/f0259/f0259_l_3.jpg"",""bbox"":{""x"":0.0,""y"":0.0,""w"":1.0,""h"":0.9965006485581398}},{""photo"":""anno/EV/f0259/f0259_r_2.jpg"",""bbox"":{""x"":0.0026041666666666665,""y"":0.014308608058608058,""w"":0.9908854166666666,""h"":0.985691391941392}},{""photo"":""anno/EV/f0259/f0259_f_1.jpg"",""bbox"":{""x"":0.0,""y"":0.0,""w"":0.98236328125,""h"":0.9925943985581398}}]"
540	c9T11E0000-0000X00S000	540	"[{""photo"":""anno/EV/f0340/f0340_l.jpg"",""bbox"":{""x"":0.0292421875,""y"":0.059000648558139794,""w"":0.9707578125,""h"":0.9374999999999999}},{""photo"":""anno/EV/f0340/f0340_l_2.jpg"",""bbox"":{""x"":0.103939453125,""y"":0.0234375,""w"":0.896060546875,""h"":0.9730631485581397}}]"
541	b9T11E7090-0000X00S000	541	"[{""photo"":""anno/EV/m0363/m0363_r_1.jpg"",""bbox"":{""x"":0.0,""y"":0.0394693985581398,""w"":0.9679374999999999,""h"":0.951171875}},{""photo"":""anno/EV/m0363/m0363_l.jpg"",""bbox"":{""x"":0.0314344152360515,""y"":0.03515625,""w"":0.9685655847639485,""h"":0.9613443985581398}},{""photo"":""anno/EV/m0363/m0363_r.jpg"",""bbox"":{""x"":0.0,""y"":0.0375162735581398,""w"":0.8693231600467289,""h"":0.958984375}}]"
542	c9T11E0000-3040X00S000	542	"[{""photo"":""anno/EV/f0268/f0268_f.jpg"",""bbox"":{""x"":0.00390625,""y"":0.019495960496628512,""w"":0.9947916666666666,""h"":0.9805040395033715}},{""photo"":""anno/EV/f0268/f0268_r (1).jpg"",""bbox"":{""x"":0.0,""y"":0.009765625,""w"":0.9338125,""h"":0.9789225235581398}},{""photo"":""anno/EV/f0268/f0268_l.jpg"",""bbox"":{""x"":0.09252343749999999,""y"":0.015625,""w"":0.9074765625,""h"":0.9808756485581398}},{""photo"":""anno/EV/f0268/f0268_f (1).jpg"",""bbox"":{""x"":0.0,""y"":0.0238443985581398,""w"":0.9714375000000001,""h"":0.97265625}},{""photo"":""anno/EV/f0268/f0268_r.jpg"",""bbox"":{""x"":0.0,""y"":0.0,""w"":0.9803203125,""h"":0.9965006485581398}}]"
543	c8T11E9099-3040X00S000	543	"[{""photo"":""anno/EV/f0730/f0730_r.jpg"",""bbox"":{""x"":0.0,""y"":0.087890625,""w"":0.9926835937499999,""h"":0.9086100235581398}},{""photo"":""anno/EV/f0730/f0730_f.jpg"",""bbox"":{""x"":0.10637500000000001,""y"":0.0859375,""w"":0.893625,""h"":0.9086100235581398}},{""photo"":""anno/EV/f0730/f0730_l.jpg"",""bbox"":{""x"":0.018229166666666668,""y"":0.016938086168135025,""w"":0.9791666666666666,""h"":0.983061913831865}}]"
544	c8T11E8000-3030X00S000	544	"[{""photo"":""anno/EV/f0217/f0217_l.jpg"",""bbox"":{""x"":0.0,""y"":0.0078125,""w"":0.94443359375,""h"":0.9886881485581398}},{""photo"":""anno/EV/f0217/f0217_r.jpg"",""bbox"":{""x"":0.0,""y"":0.0,""w"":0.993603515625,""h"":0.9965006485581398}},{""photo"":""anno/EV/f0217/f0217_f.jpg"",""bbox"":{""x"":0.0,""y"":0.037109375,""w"":0.9152023784129691,""h"":0.9593912735581397}},{""photo"":""anno/EV/f0217/f0217_r_a.jpg"",""bbox"":{""x"":0.0,""y"":0.0,""w"":1.0,""h"":0.9965006485581398}}]"
545	c9T00E0000-3000X00S001	545	"[{""photo"":""anno/EV/f0183/f0183_l (1).jpg"",""bbox"":{""x"":0.022968749999999996,""y"":0.0,""w"":0.97703125,""h"":0.9834798127412795}},{""photo"":""anno/EV/f0183/f0183_r.jpg"",""bbox"":{""x"":0.0,""y"":0.0518391877412796,""w"":1.0,""h"":0.94140625}},{""photo"":""anno/EV/f0183/f0183_r (1).jpg"",""bbox"":{""x"":0.0,""y"":0.0401204377412796,""w"":1.0,""h"":0.95703125}},{""photo"":""anno/EV/f0183/f0183_l_1.jpg"",""bbox"":{""x"":0.033437499999999995,""y"":0.022542312741279602,""w"":0.9596562499999998,""h"":0.9746093749999999}},{""photo"":""anno/EV/f0183/f0183_l.jpg"",""bbox"":{""x"":0.018541015625,""y"":0.01953125,""w"":0.981458984375,""h"":0.9776204377412796}},{""photo"":""anno/EV/f0183/f0183_f.jpg"",""bbox"":{""x"":0.0,""y"":0.020589187741279602,""w"":0.96328125,""h"":0.9765625}}]"
546	c8T11E8070-0000X00S000	546	"[{""photo"":""anno/EV/f0825/f0825_r.jpg"",""bbox"":{""x"":0.0,""y"":0.016682937741279602,""w"":0.912076171875,""h"":0.98046875}},{""photo"":""anno/EV/f0825/f0825_r_1.jpg"",""bbox"":{""x"":0.059895833333333336,""y"":0.1416829377412796,""w"":0.7708333333333334,""h"":0.8359375}}]"
547	c9T11E7080-5545X00S000	547	"[{""photo"":""anno/EV/f0651/f0651_l.jpg"",""bbox"":{""x"":0.182122802734375,""y"":0.109375,""w"":0.817877197265625,""h"":0.8871256485581398}},{""photo"":""anno/EV/f0651/f0651_r.jpg"",""bbox"":{""x"":0.0,""y"":0.0746256485581398,""w"":0.99084765625,""h"":0.921875}},{""photo"":""anno/EV/f0651/f0651_l_3.jpg"",""bbox"":{""x"":0.039632908065749234,""y"":0.0765787735581398,""w"":0.9603670919342507,""h"":0.919921875}}]"
548	b8T11E9887-4353X00S000	548	"[{""photo"":""anno/EV/m0381/m0381_r_1.jpg"",""bbox"":{""x"":0.0,""y"":0.04793294268893078,""w"":0.91888671875,""h"":0.94921875}},{""photo"":""anno/EV/m0381/m0381_l.jpg"",""bbox"":{""x"":0.06535546874999999,""y"":0.0394693985581398,""w"":0.93464453125,""h"":0.95703125}},{""photo"":""anno/EV/m0381/m0381_l_1.jpg"",""bbox"":{""x"":0.09814453124999999,""y"":0.1586100235581398,""w"":0.8071289062499999,""h"":0.771484375}},{""photo"":""anno/EV/m0381/m0381_r.jpg"",""bbox"":{""x"":0.0,""y"":0.0511881485581398,""w"":1.0,""h"":0.9453125}},{""photo"":""anno/EV/m0381/m0381_r (1).jpg"",""bbox"":{""x"":0.0,""y"":0.0433756485581398,""w"":1.0,""h"":0.94921875}},{""photo"":""anno/EV/m0381/m0381_l (1).jpg"",""bbox"":{""x"":0.13750406901041667,""y"":0.1800943985581398,""w"":0.6597269694010417,""h"":0.69921875}}]"
549	c9T11E0000-3030X00S000	549	"[{""photo"":""anno/EV/f0620/f0620_f.jpg"",""bbox"":{""x"":0.0,""y"":0.0238443985581398,""w"":1.0,""h"":0.96875}},{""photo"":""anno/EV/f0620/f0620_l_1.jpg"",""bbox"":{""x"":0.020671875,""y"":0.0394693985581398,""w"":0.979328125,""h"":0.95703125}},{""photo"":""anno/EV/f0620/f0620_l.jpg"",""bbox"":{""x"":0.04775390625,""y"":0.0316568985581398,""w"":0.95224609375,""h"":0.96484375}}]"
550	b8T11E0000-0000X00S001	550	"[{""photo"":""anno/EV/m0221/m0221_o_2.jpg"",""bbox"":{""x"":0.0,""y"":0.006266273558139801,""w"":1.0,""h"":0.990234375}},{""photo"":""anno/EV/m0221/m0221.jpg"",""bbox"":{""x"":0.0,""y"":0.0,""w"":1.0,""h"":0.9945475235581398}},{""photo"":""anno/EV/m0221/m0221_f.jpg"",""bbox"":{""x"":0.0,""y"":0.0,""w"":1.0,""h"":0.9965006485581398}},{""photo"":""anno/EV/m0221/m0221_o_1.jpg"",""bbox"":{""x"":0.005173841059602649,""y"":0.0,""w"":0.9752690397350994,""h"":0.9886881485581398}},{""photo"":""anno/EV/m0221/m0221_o.jpg"",""bbox"":{""x"":0.08173828125,""y"":0.005859375,""w"":0.917578125,""h"":0.9847818985581398}},{""photo"":""anno/EV/m0221/m0221_l.jpg"",""bbox"":{""x"":0.0,""y"":0.0,""w"":0.998115234375,""h"":0.9965006485581398}},{""photo"":""anno/EV/m0221/m0221_r.jpg"",""bbox"":{""x"":0.0,""y"":0.0414225235581398,""w"":0.9934062499999999,""h"":0.951171875}}]"
551	c9T11E0000-0000X00S000	551	"[{""photo"":""anno/EV/f0359/f0359_l.jpg"",""bbox"":{""x"":0.07708593749999999,""y"":0.0531412735581398,""w"":0.9229140625,""h"":0.943359375}},{""photo"":""anno/EV/f0359/f0359.jpg"",""bbox"":{""x"":0.0,""y"":0.023844398558139798,""w"":0.99859375,""h"":0.9707031249999999}},{""photo"":""anno/EV/f0359/f0359_r (1).jpg"",""bbox"":{""x"":0.0,""y"":0.01171875,""w"":1.0,""h"":0.9847818985581398}},{""photo"":""anno/EV/f0359/f0359_r.jpg"",""bbox"":{""x"":0.0,""y"":0.0375162735581398,""w"":0.967462890625,""h"":0.958984375}}]"
552	c9T11E9900-5333X0?S000	552	"[{""photo"":""anno/EV/f0514/f0514_r.jpg"",""bbox"":{""x"":0.0,""y"":0.0199381485581398,""w"":0.9895938863778055,""h"":0.974609375}},{""photo"":""anno/EV/f0514/f0514_l.jpg"",""bbox"":{""x"":0.017089843749999997,""y"":0.0,""w"":0.98291015625,""h"":0.9965006485581398}},{""photo"":""anno/EV/f0514/f0514_f.jpg"",""bbox"":{""x"":0.0,""y"":0.008219398558139801,""w"":0.99303125,""h"":0.984375}}]"
553	c8T11E0000-3430X00S0?0	553	"[{""photo"":""anno/EV/f0740/f0740_l.jpg"",""bbox"":{""x"":0.006510416666666667,""y"":0.0,""w"":0.9895833333333334,""h"":1.0}}]"
554	b8T01E8000-3000X11S000	554	"[{""photo"":""anno/EV/m0464/ m0464_f.jpg"",""bbox"":{""x"":0.0,""y"":0.0,""w"":1.0,""h"":0.9984537661075592}},{""photo"":""anno/EV/m0464/ m0464_r.jpg"",""bbox"":{""x"":0.0018125000000000003,""y"":0.031656891107559204,""w"":0.9981875,""h"":0.962890625}}]"
555	b8T11E0000-0405X00S000	555	"[{""photo"":""anno/EV/m0023/m0023_l.jpg"",""bbox"":{""x"":0.08536718750000001,""y"":0.031656891107559204,""w"":0.9146328125,""h"":0.9683431088924408}}]"
556	c8T10E8080-4040X00S000	556	"[{""photo"":""anno/EV/f0402/f0402_r.jpg"",""bbox"":{""x"":0.006015625,""y"":0.012115478515625,""w"":0.93693359375,""h"":0.98046875}},{""photo"":""anno/EV/f0402/f0402_f.jpg"",""bbox"":{""x"":0.0047851562499999995,""y"":0.002349853515625,""w"":0.9490559895833333,""h"":0.99609375}},{""photo"":""anno/EV/f0402/f0402_f_2.jpg"",""bbox"":{""x"":0.009212239583333334,""y"":0.002349853515625,""w"":0.9543880208333332,""h"":0.994140625}},{""photo"":""anno/EV/f0402/f0402_1.jpg"",""bbox"":{""x"":0.006822916666666667,""y"":0.004302978515625,""w"":0.9876171875,""h"":0.98828125}}]"
557	c9T11E9000-4000X00S000	557	[]
558	c9T11E0000-3040X00S000	558	"[{""photo"":""anno/EV/f0728/f0728_l.jpg"",""bbox"":{""x"":0.084767578125,""y"":0.109130859375,""w"":0.915232421875,""h"":0.890625}}]"
559	c9T11E9090-3430X00S000	559	"[{""photo"":""anno/EV/f0361/f0361_l.jpg"",""bbox"":{""x"":0.002890625,""y"":0.0078125,""w"":0.997109375,""h"":0.989990234375}},{""photo"":""anno/EV/f0361/f0361_f.jpg"",""bbox"":{""x"":0.0,""y"":0.014078766107559204,""w"":0.99826171875,""h"":0.9765625}},{""photo"":""anno/EV/f0361/f0361_f_1.jpg"",""bbox"":{""x"":0.0167578125,""y"":0.068359375,""w"":0.98033203125,""h"":0.9281412661075592}}]"
560	c9T11E9077-3450X00S000	560	"[{""photo"":""anno/EV/m0535/m0535_f_1.jpg"",""bbox"":{""x"":0.012176589775561096,""y"":0.0078125,""w"":0.9789978179551122,""h"":0.9867350161075592}},{""photo"":""anno/EV/m0535/m0535_f.jpg"",""bbox"":{""x"":0.0,""y"":0.023844391107559204,""w"":1.0,""h"":0.96875}},{""photo"":""anno/EV/m0535/m0535_r.jpg"",""bbox"":{""x"":0.0,""y"":0.0,""w"":0.9897656249999999,""h"":0.9945475161075591}},{""photo"":""anno/EV/m0535/m0535_l.jpg"",""bbox"":{""x"":0.013234375,""y"":0.0,""w"":0.986765625,""h"":0.9906412661075592}}]"
561	b8T11E0000-3400X00S000	561	"[{""photo"":""anno/EV/m0277/m0277_f.jpg"",""bbox"":{""x"":0.07860289228723404,""y"":0.021484375,""w"":0.8726936502659575,""h"":0.974365234375}}]"
562	c9T11E0000-0000X00S000	562	"[{""photo"":""anno/EV/f0175/f0175_f.jpg"",""bbox"":{""x"":0.0,""y"":0.01171875,""w"":0.9872236626637554,""h"":0.982421875}}]"
563	c9T11E0000-3040X00S000	563	"[{""photo"":""anno/EV/f0326/f0326_l.jpg"",""bbox"":{""x"":0.11133911819887429,""y"":0.017985016107559204,""w"":0.8886608818011257,""h"":0.970703125}}]"
564	c9T11E7000-0000X00S0?0	564	"[{""photo"":""anno/EV/f0843/f0843_r.jpg"",""bbox"":{""x"":0.0,""y"":0.013671875,""w"":1.0,""h"":0.9808756411075592}}]"
565	c9T11E8970-0000X00S000	565	"[{""photo"":""anno/EV/f0460/f0460_r.jpg"",""bbox"":{""x"":0.0,""y"":0.023193359375,""w"":1.0,""h"":0.9726562499999999}},{""photo"":""anno/EV/f0460/f0460_r_1.jpg"",""bbox"":{""x"":0.008095703125,""y"":0.010172516107559204,""w"":0.971484375,""h"":0.9882812499999999}}]"
566	c9T11E0000-3450X00S000	566	"[{""photo"":""anno/EV/f0007/f0007_u8_l.jpg"",""bbox"":{""x"":0.09111043689320387,""y"":0.007568359375,""w"":0.9088895631067961,""h"":0.98828125}},{""photo"":""anno/EV/f0007/f0007_l.jpg"",""bbox"":{""x"":0.023078124999999998,""y"":0.013671875,""w"":0.976921875,""h"":0.9828287661075592}},{""photo"":""anno/EV/f0007/ym_f0007_u8_r.jpg"",""bbox"":{""x"":0.0,""y"":0.02734375,""w"":1.0,""h"":0.9672037661075592}}]"
567	c9T11E9090-0000X00S000	567	"[{""photo"":""anno/EV/f0474/f0474_r.jpg"",""bbox"":{""x"":0.0,""y"":0.012125641107559204,""w"":1.0,""h"":0.98046875}},{""photo"":""anno/EV/f0474/f0474_r_1.jpg"",""bbox"":{""x"":0.0,""y"":0.013427734375,""w"":1.0,""h"":0.986328125}}]"
568	c8T11E0000-0000X00S000	568	"[{""photo"":""anno/EV/f0490/f0490.jpg"",""bbox"":{""x"":0.0,""y"":0.0,""w"":0.991611328125,""h"":0.997802734375}},{""photo"":""anno/EV/f0490/f0490_r.jpg"",""bbox"":{""x"":0.0,""y"":0.005859375,""w"":1.0,""h"":0.9925943911075592}},{""photo"":""anno/EV/f0490/f0490_f.jpg"",""bbox"":{""x"":0.0,""y"":0.010172516107559204,""w"":1.0,""h"":0.98828125}}]"
569	c9T00E9070-0400X00S000	569	"[{""photo"":""anno/EV/f0536/f0536_f"",""bbox"":{""x"":0.0,""y"":0.025797516107559204,""w"":1.0,""h"":0.96875}},{""photo"":""anno/EV/f0536/f0536_f (1).jpg"",""bbox"":{""x"":0.18359375,""y"":0.023368624055415618,""w"":0.5377604166666666,""h"":0.8461901763224181}},{""photo"":""anno/EV/f0536/f0536_r.jpg"",""bbox"":{""x"":0.0,""y"":0.007568359375,""w"":0.9890099942062572,""h"":0.98828125}},{""photo"":""anno/EV/f0536/f0536_f.jpg"",""bbox"":{""x"":0.0016093749999999997,""y"":0.042724609375,""w"":0.9382656249999999,""h"":0.9531249999999999}}]"
570	b8T11E0000-4030X00S000	570	"[{""photo"":""anno/EV/m0207/m0207_l_1.jpg"",""bbox"":{""x"":0.006732161103542235,""y"":0.031005859375000003,""w"":0.9932678388964578,""h"":0.9648437500000001}},{""photo"":""anno/EV/m0207/m0207_l_2.jpg"",""bbox"":{""x"":0.05243352689486552,""y"":0.062255859375,""w"":0.9475664731051344,""h"":0.93359375}},{""photo"":""anno/EV/m0207/m0207_l.jpg"",""bbox"":{""x"":0.04272151898734177,""y"":0.007568359375,""w"":0.9572784810126582,""h"":0.986328125}}]"
571	c9T11E0000-3400X00S000	571	"[{""photo"":""anno/EV/f0570/f0570_l (1).jpg"",""bbox"":{""x"":0.0,""y"":0.021891266107559204,""w"":1.0,""h"":0.97265625}},{""photo"":""anno/EV/f0570/f0570_f.jpg"",""bbox"":{""x"":0.0,""y"":0.005859375,""w"":1.0,""h"":0.9886881411075592}},{""photo"":""anno/EV/f0570/f0570_r (1).jpg"",""bbox"":{""x"":0.0,""y"":0.0,""w"":0.9802246093749999,""h"":0.9984537661075592}},{""photo"":""anno/EV/f0570/f0570_r_1.jpg"",""bbox"":{""x"":0.0,""y"":0.010172516107559204,""w"":1.0,""h"":0.98046875}},{""photo"":""anno/EV/f0570/f0570_l.jpg"",""bbox"":{""x"":0.0,""y"":0.025797516107559204,""w"":1.0,""h"":0.96484375}},{""photo"":""anno/EV/f0570/f0570_r.jpg"",""bbox"":{""x"":0.0013554687499999997,""y"":0.0,""w"":0.99864453125,""h"":0.9965006411075591}}]"
572	c8T11E8000-0000X00S000	572	"[{""photo"":""anno/EV/f0224/f0224_r.jpg"",""bbox"":{""x"":0.0,""y"":0.016031891107559204,""w"":0.967751953125,""h"":0.982421875}}]"
573	c9T11E8080-0000X00S000	573	"[{""photo"":""anno/EV/f0734/f0734_r.jpg"",""bbox"":{""x"":0.0,""y"":0.006266266107559204,""w"":0.94727734375,""h"":0.98828125}}]"
574	b9T11E8880-3040X00S000	574	"[{""photo"":""anno/EV/m0163/m0163_l.jpg"",""bbox"":{""x"":0.0,""y"":0.008219391107559204,""w"":1.0,""h"":0.990234375}},{""photo"":""anno/EV/m0163/m0163_f.jpg"",""bbox"":{""x"":0.0,""y"":0.0078125,""w"":0.9933574218749999,""h"":0.9906412661075592}},{""photo"":""anno/EV/m0163/m0163_r.JPG"",""bbox"":{""x"":0.0,""y"":0.016031891107559204,""w"":0.97412109375,""h"":0.9839681088924408}}]"
575	c9T11E9080-0000X00S000	575	"[{""photo"":""anno/EV/f0121/f0121_u33_r.jpg"",""bbox"":{""x"":0.0,""y"":0.0004068911075592041,""w"":1.0,""h"":0.998046875}}]"
576	c8T11E8090-4040X01S000	576	"[{""photo"":""anno/EV/f0505/f0505_l.jpg"",""bbox"":{""x"":0.0,""y"":0.02734375,""w"":1.0,""h"":0.953125}},{""photo"":""anno/EV/f0505/f0505_f.jpg"",""bbox"":{""x"":0.08753906249999999,""y"":0.045328766107559204,""w"":0.9124609375,""h"":0.951171875}},{""photo"":""anno/EV/f0505/f0505_r.jpg"",""bbox"":{""x"":0.00261328125,""y"":0.014078766107559204,""w"":0.996966796875,""h"":0.966796875}}]"
577	c9T11E9090-0000X00S000	577	"[{""photo"":""anno/EV/f0071/f0071_u24_r.jpg"",""bbox"":{""x"":0.0,""y"":0.015625,""w"":0.974665272516835,""h"":0.980224609375}}]"
578	c8T11E7000-3030X00S000	578	"[{""photo"":""anno/EV/f0617/f0617_l.jpg"",""bbox"":{""x"":0.058880859375,""y"":0.0459798127412796,""w"":0.941119140625,""h"":0.94921875}},{""photo"":""anno/EV/f0617/f0617_r_1.jpg"",""bbox"":{""x"":0.0,""y"":0.099609375,""w"":1.0,""h"":0.8975423127412796}},{""photo"":""anno/EV/f0617/f0617_r.jpg"",""bbox"":{""x"":0.0,""y"":0.004964187741279602,""w"":0.9366601562499999,""h"":0.9921875}},{""photo"":""anno/EV/f0617/f0617_f.jpg"",""bbox"":{""x"":0.05642578125,""y"":0.003011062741279602,""w"":0.94357421875,""h"":0.9921875}}]"
579	c9T11E0000-3330X00S000	579	"[{""photo"":""anno/EV/m0383/m0383_l.jpg"",""bbox"":{""x"":0.08885937499999999,""y"":0.040771484375,""w"":0.8696875,""h"":0.955078125}},{""photo"":""anno/EV/m0383/m0383_f.jpg"",""bbox"":{""x"":0.11225976562499998,""y"":0.041422516107559204,""w"":0.8102226562499999,""h"":0.9492187499999999}},{""photo"":""anno/EV/m0383/m0383_f_1.jpg"",""bbox"":{""x"":0.02551171875,""y"":0.027750641107559204,""w"":0.90384375,""h"":0.966796875}}]"
580	c9T11E9000-4000X00S000	580	"[{""photo"":""anno/EV/m0253/m0253_l.jpg"",""bbox"":{""x"":0.013203125,""y"":0.013671875,""w"":0.986796875,""h"":0.9828287661075592}},{""photo"":""anno/EV/m0253/m0253_r.jpg"",""bbox"":{""x"":0.0,""y"":0.012125641107559204,""w"":1.0,""h"":0.984375}}]"
581	b8T11E7080-5030X00S000	581	"[{""photo"":""anno/EV/m0519/m0519_r.jpg"",""bbox"":{""x"":0.0,""y"":0.02734375,""w"":1.0,""h"":0.9711100161075592}},{""photo"":""anno/EV/m0519/m0519_l.jpg"",""bbox"":{""x"":0.0078125,""y"":0.0021345628415300544,""w"":0.9908854166666666,""h"":0.99786543715847}},{""photo"":""anno/EV/m0519/m0519_o.jpg"",""bbox"":{""x"":0.010421875,""y"":0.054443359375,""w"":0.9887753906250001,""h"":0.89453125}},{""photo"":""anno/EV/m0519/m0519_f.jpg"",""bbox"":{""x"":0.044296875,""y"":0.087890625,""w"":0.8954296875000001,""h"":0.9066568911075592}},{""photo"":""anno/EV/m0519/m0519_o_a.jpg"",""bbox"":{""x"":0.09955959520239879,""y"":0.00390625,""w"":0.9004404047976012,""h"":0.99609375}}]"
582	c6T11E0000-0000X00S000	582	"[{""photo"":""anno/EV/f0133/f0133_r_a.jpg"",""bbox"":{""x"":0.21812744140624998,""y"":0.0648600161075592,""w"":0.5472778320312499,""h"":0.9335937499999999}},{""photo"":""anno/EV/f0133/f0133_f.jpg"",""bbox"":{""x"":0.0,""y"":0.005859375,""w"":1.0,""h"":0.9886881411075592}}]"
583	c9T11E9070-4030X00S000	583	"[{""photo"":""anno/EV/f0515/f0515_f.jpg"",""bbox"":{""x"":0.0,""y"":0.005859375,""w"":1.0,""h"":0.988037109375}},{""photo"":""anno/EV/f0515/f0515_r.jpg"",""bbox"":{""x"":0.0,""y"":0.006266266107559204,""w"":1.0,""h"":0.990234375}},{""photo"":""anno/EV/f0515/f0515_l.jpg"",""bbox"":{""x"":0.04734765625,""y"":0.059000641107559204,""w"":0.95265234375,""h"":0.93359375}}]"
584	c9T11E7090-3000X00S000	584	"[{""photo"":""anno/EV/m0399/m0399_r.jpg"",""bbox"":{""x"":0.00609716441207076,""y"":0.0,""w"":0.786534209157128,""h"":0.997802734375}},{""photo"":""anno/EV/m0399/m0399_l.jpg"",""bbox"":{""x"":0.14149609375,""y"":0.089599609375,""w"":0.85850390625,""h"":0.91015625}},{""photo"":""anno/EV/m0399/m0399_r_1.jpg"",""bbox"":{""x"":0.0,""y"":0.043375641107559204,""w"":0.9718945312499999,""h"":0.951171875}}]"
585	c8T11E9080-3000X00S000	585	"[{""photo"":""anno/EV/f0387/f0387_f.jpg"",""bbox"":{""x"":0.0,""y"":0.00390625,""w"":0.9895781249999999,""h"":0.99609375}},{""photo"":""anno/EV/f0387/f0387_r.jpg"",""bbox"":{""x"":0.0,""y"":0.0,""w"":0.9537595177664975,""h"":0.9984537661075592}}]"
586	b8T11E8070-5030X00S000	586	"[{""photo"":""anno/EV/m0205/m0205_l.jpg"",""bbox"":{""x"":0.01613001362928349,""y"":0.093505859375,""w"":0.9838699863707165,""h"":0.904296875}},{""photo"":""anno/EV/m0205/m0205_r (1).jpg"",""bbox"":{""x"":0.0,""y"":0.103271484375,""w"":0.9534847122302159,""h"":0.89453125}},{""photo"":""anno/EV/m0205/m0205_r.jpg"",""bbox"":{""x"":0.0,""y"":0.0961100161075592,""w"":0.9549910071942447,""h"":0.90234375}},{""photo"":""anno/EV/m0205/m0205_l (1).jpg"",""bbox"":{""x"":0.029327297507788157,""y"":0.087890625,""w"":0.963401723130841,""h"":0.9105631411075592}}]"
587	c8T11E9090-0000X00S000	587	"[{""photo"":""anno/EV/f0279/f0279_l.jpg"",""bbox"":{""x"":0.049625,""y"":0.013671875,""w"":0.950375,""h"":0.98046875}},{""photo"":""anno/EV/f0279/f0279_r.jpg"",""bbox"":{""x"":0.001498046875,""y"":0.0,""w"":0.996201171875,""h"":0.9984537661075592}},{""photo"":""anno/EV/f0279/f0279_f.jpg"",""bbox"":{""x"":0.0,""y"":0.005859375,""w"":0.9958007812499999,""h"":0.9906412661075592}}]"
588	c9T11E0000-0000X00S000	588	"[{""photo"":""anno/EV/f0059/f0059_u16_l.jpg"",""bbox"":{""x"":0.02874104496047431,""y"":0.0078125,""w"":0.9712589550395256,""h"":0.986328125}},{""photo"":""anno/EV/f0059/f0059_u16_f.jpg"",""bbox"":{""x"":0.011456175184162063,""y"":0.0,""w"":0.9770480835635359,""h"":0.995849609375}}]"
589	b8T11E7880-5040X00S000	589	"[{""photo"":""anno/EV/m0596/m0596_f.jpg"",""bbox"":{""x"":0.04575,""y"":0.159912109375,""w"":0.90928125,""h"":0.840087890625}},{""photo"":""anno/EV/m0596/m0596_l.jpg"",""bbox"":{""x"":0.06025781250000001,""y"":0.0,""w"":0.9397421874999999,""h"":1.0}}]"
590	b8T11E0970-0000X00S000	590	"[{""photo"":""anno/EV/m0130/m0130_o.jpg"",""bbox"":{""x"":0.06513671875,""y"":0.2055460512638092,""w"":0.93486328125,""h"":0.7319539487361908}},{""photo"":""anno/EV/m0130/m0130_f_1.jpg"",""bbox"":{""x"":0.0,""y"":0.0078125,""w"":0.9914946483180428,""h"":0.9887491762638092}},{""photo"":""anno/EV/m0130/m0130_r (1).jpg"",""bbox"":{""x"":0.0,""y"":0.0649210512638092,""w"":0.9533898305084746,""h"":0.9296875}},{""photo"":""anno/EV/m0130/m0130_r.jpg"",""bbox"":{""x"":0.0,""y"":0.0629679262638092,""w"":0.99797265625,""h"":0.927734375}},{""photo"":""anno/EV/m0130/m0130_f.jpg"",""bbox"":{""x"":0.1059045881126173,""y"":0.017578125,""w"":0.8268704379562043,""h"":0.9789835512638092}},{""photo"":""anno/EV/m0130/m0130_l.jpg"",""bbox"":{""x"":0.036476562500000004,""y"":0.1586710512638092,""w"":0.9614179687500001,""h"":0.8061726987361908}}]"
591	c9T11E8000-3440X00S000	591	"[{""photo"":""anno/EV/f0704/f0704_l_2.jpg"",""bbox"":{""x"":0.061718749999999996,""y"":0.081787109375,""w"":0.93828125,""h"":0.9140625}},{""photo"":""anno/EV/f0704/f0704_f.jpg"",""bbox"":{""x"":0.025843750000000002,""y"":0.025797516107559204,""w"":0.9594492187500001,""h"":0.96875}},{""photo"":""anno/EV/f0704/f0704_l_3.jpg"",""bbox"":{""x"":0.04229296875,""y"":0.025797516107559204,""w"":0.95770703125,""h"":0.966796875}},{""photo"":""anno/EV/f0704/f0704_l.jpg"",""bbox"":{""x"":0.016541015625,""y"":0.0,""w"":0.983458984375,""h"":0.9867350161075591}},{""photo"":""anno/EV/f0704/f0704_l_1.jpg"",""bbox"":{""x"":0.0,""y"":0.015625,""w"":0.9773203125,""h"":0.9828287661075592}},{""photo"":""anno/EV/f0704/f0704_r.jpg"",""bbox"":{""x"":0.0,""y"":0.0323079377412796,""w"":0.9241914062499998,""h"":0.9609375}}]"
592	c9T11E9080-3540X00S000	592	"[{""photo"":""anno/EV/f0018/f0018_u4_r.jpg"",""bbox"":{""x"":0.0,""y"":0.013427734375,""w"":0.9969512195121951,""h"":0.98046875}},{""photo"":""anno/EV/f0018/f0018_u4_l.jpg"",""bbox"":{""x"":0.01688762626262626,""y"":0.013671874999999998,""w"":0.9831123737373737,""h"":0.9821777343749999}}]"
593	b8T11E7987-0000X00S000	593	"[{""photo"":""anno/EV/m0352/m0352_f.jpg"",""bbox"":{""x"":0.0,""y"":0.148193359375,""w"":0.96960546875,""h"":0.842041015625}},{""photo"":""anno/EV/m0352/m0352_r.jpg"",""bbox"":{""x"":0.00166015625,""y"":0.05834960937499999,""w"":0.9330078125,""h"":0.9299316406249999}},{""photo"":""anno/EV/m0352/m0352_o.jpg"",""bbox"":{""x"":0.0,""y"":0.003662109375,""w"":0.9427083333333334,""h"":0.994140625}}]"
594	c9T11E8087-3535X00S000	594	"[{""photo"":""anno/EV/f0315/f0315_r.jpg"",""bbox"":{""x"":0.005695312500000001,""y"":0.014068603515625002,""w"":0.9738984375000002,""h"":0.9839782714843751}},{""photo"":""anno/EV/f0315/f0315_f.jpg"",""bbox"":{""x"":0.031787109375000004,""y"":0.008209228515625,""w"":0.936962890625,""h"":0.991790771484375}},{""photo"":""anno/EV/f0315/f0315_l.jpg"",""bbox"":{""x"":0.036962890625,""y"":0.012115478515625,""w"":0.950685546875,""h"":0.984375}}]"
595	c8T11E9070-5050X01S000	595	"[{""photo"":""anno/EV/f0431/f0431_l.jpg"",""bbox"":{""x"":0.0,""y"":0.006266266107559204,""w"":1.0,""h"":0.984375}},{""photo"":""anno/EV/f0431/f0431_r.jpg"",""bbox"":{""x"":0.004179687499999999,""y"":0.008219391107559204,""w"":0.9958203125,""h"":0.9882812499999999}}]"
596	b8T11E8780-0000X01S000	596	"[{""photo"":""anno/EV/m0227/m0227_o.JPG"",""bbox"":{""x"":0.00439453125,""y"":0.09765625,""w"":0.94189453125,""h"":0.8671875}},{""photo"":""anno/EV/m0227/m0227_r.jpg"",""bbox"":{""x"":0.016927083333333332,""y"":0.004514014764583155,""w"":0.9739583333333334,""h"":0.9909562887414346}},{""photo"":""anno/EV/m0227/m0227_l_1.jpg"",""bbox"":{""x"":0.16754748774509803,""y"":0.017985016107559204,""w"":0.832452512254902,""h"":0.9800618588924408}},{""photo"":""anno/EV/m0227/m0227_l.jpg"",""bbox"":{""x"":0.016927083333333332,""y"":0.004514014764583155,""w"":0.9739583333333334,""h"":0.9909562887414346}}]"
597	c9T11E9890-3430X00S000	597	"[{""photo"":""anno/EV/f0138/f0138_r.jpg"",""bbox"":{""x"":0.0018949269964243147,""y"":0.037506103515625,""w"":0.9095649582836711,""h"":0.958984375}},{""photo"":""anno/EV/f0138/f0138_f.jpg"",""bbox"":{""x"":0.0,""y"":0.021881103515625,""w"":0.9977734375,""h"":0.974609375}},{""photo"":""anno/EV/f0138/f0138_l.jpg"",""bbox"":{""x"":0.015919921875000003,""y"":0.000396728515625,""w"":0.9797988281250001,""h"":0.99609375}}]"
598	c8T11E8790-3040X00S000	598	"[{""photo"":""anno/EV/f0571/f0571_l.jpg"",""bbox"":{""x"":0.00270703125,""y"":0.006256103515625,""w"":0.9961875000000001,""h"":0.991790771484375}},{""photo"":""anno/EV/f0571/f0571_r.jpg"",""bbox"":{""x"":0.0,""y"":0.000396728515625,""w"":0.9996640625,""h"":0.99609375}},{""photo"":""anno/EV/f0571/f0571_f.jpg"",""bbox"":{""x"":0.003949696663296259,""y"":0.002349853515625,""w"":0.9321284125379171,""h"":0.994140625}}]"
599	c9T11E0000-0000X00S000	599	"[{""photo"":""anno/EV/f0095/f0095_u14_f.jpg"",""bbox"":{""x"":0.031631348944591034,""y"":0.057037353515625,""w"":0.9683686510554089,""h"":0.94140625}},{""photo"":""anno/EV/f0095/f0095_u14_l.jpg"",""bbox"":{""x"":0.045109750751503,""y"":0.064849853515625,""w"":0.9527179358717434,""h"":0.93359375}}]"
600	c9T11E9000-3040X00S000	600	"[{""photo"":""anno/EV/f0363/f0363_r (1).jpg"",""bbox"":{""x"":0.0020239637305699484,""y"":0.072662353515625,""w"":0.9087597150259068,""h"":0.921875}},{""photo"":""anno/EV/f0363/f0363_r.jpg"",""bbox"":{""x"":0.00778125,""y"":0.008209228515625,""w"":0.9609843749999996,""h"":0.9902343749999999}},{""photo"":""anno/EV/f0363/f0363_f.jpg"",""bbox"":{""x"":0.08090625,""y"":0.041412353515625,""w"":0.871427734375,""h"":0.95703125}},{""photo"":""anno/EV/f0363/f0363_l.jpg"",""bbox"":{""x"":0.03583984375,""y"":0.002349853515625,""w"":0.9590742187500001,""h"":0.9921875}}]"
601	c9T11E0000-3000X00S000	601	"[{""photo"":""anno/EV/f0038/f0038_u5_l.jpg"",""bbox"":{""x"":0.03617618730360172,""y"":0.029182185574647277,""w"":0.9493130530358932,""h"":0.9708178144253528}}]"
602	b8T11E8790-3040X00S000	602	"[{""photo"":""anno/EV/m0141/m0141_l.jpg"",""bbox"":{""x"":0.06078515624999999,""y"":0.025787353515625,""w"":0.9341718749999999,""h"":0.966796875}},{""photo"":""anno/EV/m0141/m0141_r.jpg"",""bbox"":{""x"":0.0,""y"":0.002349853515625,""w"":0.9971367187499999,""h"":0.9941406249999999}},{""photo"":""anno/EV/m0141/m0141_f.jpg"",""bbox"":{""x"":0.015195312499999999,""y"":0.00039672851562499995,""w"":0.9755390625,""h"":0.9824218749999999}}]"
603	c9T11E9000-4000X00S000	603	"[{""photo"":""anno/EV/f0623/f0623_l.jpg"",""bbox"":{""x"":0.058570312500000006,""y"":0.14492797851562503,""w"":0.935498046875,""h"":0.8515625000000001}},{""photo"":""anno/EV/f0623/f0623_r.jpg"",""bbox"":{""x"":0.00421875,""y"":0.041412353515625,""w"":0.9773437500000001,""h"":0.955078125}}]"
604	b9T11E7000-5430X00S000	604	"[{""photo"":""anno/EV/m0194/m0194_l_1.jpg"",""bbox"":{""x"":0.006705729166666667,""y"":0.002349853515625,""w"":0.9924479166666668,""h"":0.994140625}},{""photo"":""anno/EV/m0194/m0194_r_1.jpg"",""bbox"":{""x"":0.007083333333333333,""y"":0.006256103515625,""w"":0.9881249999999999,""h"":0.978515625}},{""photo"":""anno/EV/m0194/m0194_r.jpg"",""bbox"":{""x"":0.011308593750000002,""y"":0.004302978515625,""w"":0.9781933593750001,""h"":0.994140625}}]"
605	c9T11E8790-3000X00S000	605	"[{""photo"":""anno/EV/f0499/f0499_Mags_l_gini.jpg"",""bbox"":{""x"":0.005767822265625,""y"":0.154693603515625,""w"":0.832489013671875,""h"":0.84375}},{""photo"":""anno/EV/f0499/f0499_f (1).jpg"",""bbox"":{""x"":0.00732421875,""y"":0.023834228515625,""w"":0.90380859375,""h"":0.958984375}},{""photo"":""anno/EV/f0499/f0499_r.jpg"",""bbox"":{""x"":0.05859375,""y"":0.014068603515625,""w"":0.75146484375,""h"":0.98046875}},{""photo"":""anno/EV/f0499/f0499_f.jpg"",""bbox"":{""x"":0.21533203125,""y"":0.049224853515625,""w"":0.62255859375,""h"":0.942962646484375}}]"
606	b9T11E8080-3000X00S000	606	"[{""photo"":""anno/EV/m0213/m0213_r_1.jpg"",""bbox"":{""x"":0.00162109375,""y"":0.008209228515625,""w"":0.9369921874999999,""h"":0.98828125}},{""photo"":""anno/EV/m0213/m0213_f.jpg"",""bbox"":{""x"":0.004119140625,""y"":0.086334228515625,""w"":0.9597597656249999,""h"":0.908203125}},{""photo"":""anno/EV/m0213/m0213_r.jpg"",""bbox"":{""x"":0.04541015625,""y"":0.035552978515625,""w"":0.9169921875,""h"":0.951171875}},{""photo"":""anno/EV/m0213/m0213_o.jpg"",""bbox"":{""x"":0.010416666666666666,""y"":0.008209228515625,""w"":0.8151041666666666,""h"":0.98828125}}]"
607	c9T11E9090-4430X00S000	607	"[{""photo"":""anno/EV/f0551/f0551_r.jpg"",""bbox"":{""x"":0.01003515625,""y"":0.008209228515625,""w"":0.9877460937500001,""h"":0.986328125}},{""photo"":""anno/EV/f0551/f0551_l.jpg"",""bbox"":{""x"":0.006510416666666667,""y"":0.006426403200436569,""w"":0.9921875,""h"":0.993114406779661}},{""photo"":""anno/EV/f0551/f0551_f.jpg"",""bbox"":{""x"":0.003919921875,""y"":0.006256103515625,""w"":0.993046875,""h"":0.986328125}}]"
608	c9T11E0000-0000X00S000	608	"[{""photo"":""anno/EV/f0827/f0827_l_1_processed.jpg"",""bbox"":{""x"":0.2032265625,""y"":0.010162353515625,""w"":0.790759765625,""h"":0.984375}},{""photo"":""anno/EV/f0827/f0827_l.jpg"",""bbox"":{""x"":0.131689453125,""y"":0.049224853515625,""w"":0.8673945312500001,""h"":0.9453125}}]"
609	c9T11E0000-3000X00S000	609	"[{""photo"":""anno/EV/f0714/f0714_l_3.jpg"",""bbox"":{""x"":0.11748437500000002,""y"":0.004302978515625001,""w"":0.8771093750000001,""h"":0.9882812500000001}},{""photo"":""anno/EV/f0714/f0714_f.jpg"",""bbox"":{""x"":0.0799609375,""y"":0.021881103515625,""w"":0.91607421875,""h"":0.9765625}},{""photo"":""anno/EV/f0714/f0714_l.jpg"",""bbox"":{""x"":0.09232031250000002,""y"":0.078125,""w"":0.9036738281250001,""h"":0.919921875}},{""photo"":""anno/EV/f0714/f0714_l_2.jpg"",""bbox"":{""x"":0.05306640625,""y"":0.086334228515625,""w"":0.94123046875,""h"":0.91015625}}]"
610	b8T11E0000-5000X00S000	610	"[{""photo"":""anno/EV/m0124/m0124_f.jpg"",""bbox"":{""x"":0.04230078124999999,""y"":0.017974853515625,""w"":0.9501406249999998,""h"":0.9804687499999999}}]"
611	c8T11E????-3550X?0S?00	611	[]
612	b8T11E0000-0000X00S100	612	"[{""photo"":""anno/EV/m0239/m0239_r.jpg"",""bbox"":{""x"":0.0068359375,""y"":0.008209228515625,""w"":0.98095703125,""h"":0.982421875}},{""photo"":""anno/EV/m0239/m0239_l.jpg"",""bbox"":{""x"":0.029427083333333336,""y"":0.014068603515625,""w"":0.9674153645833334,""h"":0.982421875}}]"
613	b8T11E0000-5000X00S000	613	"[{""photo"":""anno/EV/m0199/m0199_l.jpg"",""bbox"":{""x"":0.01314155629139073,""y"":0.004302978515625,""w"":0.9868584437086093,""h"":0.9921875}}]"
614	b9T11E7080-5545X00S000	614	"[{""photo"":""anno/EV/m0203/m0203_r_1.jpg"",""bbox"":{""x"":0.0024186197916666666,""y"":0.008209228515625,""w"":0.9166569010416666,""h"":0.990234375}},{""photo"":""anno/EV/m0203/m0203_l.jpg"",""bbox"":{""x"":0.007773437500000001,""y"":0.0,""w"":0.9922265625,""h"":0.994537353515625}},{""photo"":""anno/EV/m0203/m0203_r.jpg"",""bbox"":{""x"":0.0,""y"":0.010162353515625,""w"":0.9405703125,""h"":0.98828125}}]"
615	c9T11E8899-3400X00S000	615	"[{""photo"":""anno/EV/f0159/f0159_r.jpg"",""bbox"":{""x"":0.0,""y"":0.010162353515625,""w"":0.925887282844734,""h"":0.974609375}},{""photo"":""anno/EV/f0159/f0159_r_a.jpg"",""bbox"":{""x"":0.0046875,""y"":0.008209228515625,""w"":0.9328125,""h"":0.984375}},{""photo"":""anno/EV/f0159/f0159?_l.jpg"",""bbox"":{""x"":0.026204427083333336,""y"":0.025787353515625,""w"":0.9695638020833334,""h"":0.970703125}}]"
616	c9T11E9000-0000X00S000	616	"[{""photo"":""anno/EV/f0034/f0034_u12_r.jpg"",""bbox"":{""x"":0.008095079787234043,""y"":0.025787353515625,""w"":0.9795046542553192,""h"":0.96875}}]"
617	c8T11E9807-0000X00S000	617	[]
618	b0T11E0000-5030X01S000	618	[]
619	c9T11E8079-3030X00S000	619	[]
620	c9T11E0000-3030X00S000	620	"[{""photo"":""anno/EV/f0761/f0761_l.JPG"",""bbox"":{""x"":0.21533203125,""y"":0.105865478515625,""w"":0.77197265625,""h"":0.890625}}]"
621	c9T11E8000-0000X00S000	621	"[{""photo"":""anno/EV/f0005/f0005_u15_r.jpg"",""bbox"":{""x"":0.0034770716945996274,""y"":0.029693603515624997,""w"":0.9666259310986964,""h"":0.9609374999999999}},{""photo"":""anno/EV/f0005/f0005_r.jpg"",""bbox"":{""x"":0.0023760644768856445,""y"":0.066802978515625,""w"":0.9646821776155717,""h"":0.931640625}},{""photo"":""anno/EV/f0005/f0005_l.jpg"",""bbox"":{""x"":0.024645110410094637,""y"":0.019927978515625,""w"":0.9673205835962144,""h"":0.974609375}}]"
622	b9T11E0000-5405X00S000	622	"[{""photo"":""anno/EV/m0401/m0401_l.jpg"",""bbox"":{""x"":0.0502734375,""y"":0.021881103515625,""w"":0.945140625,""h"":0.974609375}},{""photo"":""anno/EV/m0401/m0401_l_1.jpg"",""bbox"":{""x"":0.01571792965604764,""y"":0.047159636412211395,""w"":0.9823706035029774,""h"":0.9524316898724107}}]"
623	c9T11E8090-0000X00S000	623	"[{""photo"":""anno/EV/f0636/f0636_r.jpg"",""bbox"":{""x"":0.004712433510638298,""y"":0.096099853515625,""w"":0.8560920877659576,""h"":0.8984375}}]"
624	c9T11E0000-3045X00S000	624	[]
625	c8T11E8800-3500X00S000	625	"[{""photo"":""anno/EV/f0152/f0152_f.jpg"",""bbox"":{""x"":0.11272681451612902,""y"":0.068756103515625,""w"":0.8821320564516129,""h"":0.921875}},{""photo"":""anno/EV/f0152/f0152_r.jpg"",""bbox"":{""x"":0.003375,""y"":0.002349853515625,""w"":0.99225,""h"":0.994140625}},{""photo"":""anno/EV/f0152/f0152_l.jpg"",""bbox"":{""x"":0.003603691217150761,""y"":0.016021728515625,""w"":0.9892132391078838,""h"":0.98046875}},{""photo"":""anno/EV/f0152/f0152_l_b.jpg"",""bbox"":{""x"":0.0138515625,""y"":0.004302978515625,""w"":0.9834609375,""h"":0.9921874999999999}},{""photo"":""anno/EV/f0152/f0152_l_a.jpg"",""bbox"":{""x"":0.01580078125,""y"":0.031646728515625,""w"":0.9749082031249999,""h"":0.9609374999999999}},{""photo"":""anno/EV/f0152/f0152_r_b.jpg"",""bbox"":{""x"":0.004418834841628959,""y"":0.002349853515625,""w"":0.9412118212669683,""h"":0.994140625}},{""photo"":""anno/EV/f0152/f0152_f_a.jpg"",""bbox"":{""x"":0.0037578125,""y"":0.002349853515625,""w"":0.9883046874999999,""h"":0.98828125}}]"
626	c8T11E8000-3000X00S000	626	[]
627	b8T11E0000-4300X01S000	627	"[{""photo"":""anno/EV/m0420/m0420_processed.jpg"",""bbox"":{""x"":0.07010381886477463,""y"":0.035552978515625,""w"":0.9239683326377296,""h"":0.95703125}},{""photo"":""anno/EV/m0420/m0420.jpg"",""bbox"":{""x"":0.21972656249999997,""y"":0.068756103515625,""w"":0.7441406249999999,""h"":0.912109375}}]"
628	b9T11E7000-5545X00S000	628	"[{""photo"":""anno/EV/m0554/m0554_l_1.jpg"",""bbox"":{""x"":0.20182291666666666,""y"":0.088287353515625,""w"":0.796875,""h"":0.80859375}},{""photo"":""anno/EV/m0554/m0554_l.jpg"",""bbox"":{""x"":0.0170859375,""y"":0.008209228515625,""w"":0.9795937499999999,""h"":0.9882812499999999}},{""photo"":""anno/EV/m0554/m0554_f.jpg"",""bbox"":{""x"":0.076171875,""y"":0.025787353515625,""w"":0.9171093749999999,""h"":0.970703125}}]"
629	c0T01E0000-4430X00S000	629	"[{""photo"":""anno/EV/f0650/f0650_l.jpg"",""bbox"":{""x"":0.00973828125,""y"":0.000396728515625,""w"":0.99026171875,""h"":0.994140625}}]"
630	b8T11E8090-5033X00S000	630	"[{""photo"":""anno/EV/m0071/m0071_l.JPG"",""bbox"":{""x"":0.016935546875000002,""y"":0.000396728515625,""w"":0.9744453125000001,""h"":0.998046875}},{""photo"":""anno/EV/m0071/m0071_r.jpg"",""bbox"":{""x"":0.00488671875,""y"":0.033599853515625,""w"":0.9431367187499999,""h"":0.9648437499999999}},{""photo"":""anno/EV/m0071/m0071_o.jpg"",""bbox"":{""x"":0.001421875,""y"":0.072662353515625,""w"":0.985359375,""h"":0.8671875}},{""photo"":""anno/EV/m0071/m0071_l_a.jpg"",""bbox"":{""x"":0.005859375,""y"":0.096099853515625,""w"":0.9873046875,""h"":0.90234375}},{""photo"":""anno/EV/m0071/m0071_f.jpg"",""bbox"":{""x"":0.033646484375,""y"":0.004302978515625,""w"":0.9230839843749999,""h"":0.990234375}}]"
631	c8T11E0000-5050X00S000	631	"[{""photo"":""anno/EV/f0209/f0209_l.jpg"",""bbox"":{""x"":0.011484375,""y"":0.004302978515625,""w"":0.9857421875,""h"":0.986328125}}]"
632	c9T11E9090-4540X00S000	632	"[{""photo"":""anno/EV/f0422/f0422_f.jpg"",""bbox"":{""x"":0.04908376963350785,""y"":0.012115478515625,""w"":0.9346367801047119,""h"":0.984375}},{""photo"":""anno/EV/f0422/f0422_r.jpg"",""bbox"":{""x"":0.0067421875,""y"":0.002349853515625,""w"":0.8967109375,""h"":0.99609375}},{""photo"":""anno/EV/f0422/f0422_l.jpg"",""bbox"":{""x"":0.046875,""y"":0.027740478515625,""w"":0.95,""h"":0.970703125}}]"
633	c9T10E8000-0000X00S000	633	"[{""photo"":""anno/EV/f0456/f0456_r.jpg"",""bbox"":{""x"":0.006,""y"":0.033599853515625,""w"":0.9795,""h"":0.962890625}}]"
634	c8T11E9898-0000X00S000	634	"[{""photo"":""anno/EV/f0193/f0193_r.jpg"",""bbox"":{""x"":0.0037890624999999995,""y"":0.006256103515625,""w"":0.9908398437499999,""h"":0.978515625}},{""photo"":""anno/EV/f0193/f0193_r_a.jpg"",""bbox"":{""x"":0.0,""y"":0.016021728515625,""w"":0.9446328125,""h"":0.978515625}}]"
635	b7T11E8999-3050X00S000	635	"[{""photo"":""anno/EV/m0514/m0514_o.jpg"",""bbox"":{""x"":0.01953125,""y"":0.02973762914627515,""w"":0.9544270833333334,""h"":0.9702623708537248}},{""photo"":""anno/EV/m0514/m0514_o (1).jpg"",""bbox"":{""x"":0.19791666666666666,""y"":0.2830933988764045,""w"":0.59375,""h"":0.6342169943820225}},{""photo"":""anno/EV/m0514/m0514_r.jpg"",""bbox"":{""x"":0.103466796875,""y"":0.0625,""w"":0.88185546875,""h"":0.921875}},{""photo"":""anno/EV/m0514/m0514_f (1).jpg"",""bbox"":{""x"":0.06979166666666667,""y"":0.064453125,""w"":0.9051106770833333,""h"":0.935546875}},{""photo"":""anno/EV/m0514/m0514_l.jpg"",""bbox"":{""x"":0.002828125,""y"":0.0078125,""w"":0.997171875,""h"":0.98828125}},{""photo"":""anno/EV/m0514/m0514_f.jpg"",""bbox"":{""x"":0.029501953125,""y"":0.01171875,""w"":0.970458984375,""h"":0.986328125}}]"
636	c9T11E9000-0000X00S000	636	"[{""photo"":""anno/EV/f0408/f0408_f.jpg"",""bbox"":{""x"":0.0058007812499999995,""y"":0.002349853515625,""w"":0.9513281250000002,""h"":0.99609375}},{""photo"":""anno/EV/f0408/f0408_r.jpg"",""bbox"":{""x"":0.0,""y"":0.006256103515625,""w"":0.9980208333333335,""h"":0.9921875}}]"
637	c8T01E????-4535X00S000	637	"[{""photo"":""anno/EV/f0403/f0403_l.jpg"",""bbox"":{""x"":0.03125,""y"":0.096099853515625,""w"":0.96484375,""h"":0.90234375}}]"
638	c9T11E9087-4000X00S000	638	"[{""photo"":""anno/EV/f0622/f0622_l.jpg"",""bbox"":{""x"":0.14204296875,""y"":0.111724853515625,""w"":0.856435546875,""h"":0.884765625}},{""photo"":""anno/EV/f0622/f0622_r (1).jpg"",""bbox"":{""x"":0.011333984374999998,""y"":0.086334228515625,""w"":0.9633886718749999,""h"":0.9121093749999999}},{""photo"":""anno/EV/f0622/f0622_r.jpg"",""bbox"":{""x"":0.0017578124999999998,""y"":0.070709228515625,""w"":0.9193359375,""h"":0.92578125}}]"
639	b8T11E8797-3040X00S001	639	"[{""photo"":""anno/EV/m0074/m0074_r.jpg"",""bbox"":{""x"":0.017695312499999998,""y"":0.008209228515625,""w"":0.91484765625,""h"":0.98828125}},{""photo"":""anno/EV/m0074/m0074_l (1).jpg"",""bbox"":{""x"":0.114109375,""y"":0.012115478515625,""w"":0.877109375,""h"":0.978515625}},{""photo"":""anno/EV/m0074/m0074_f.jpg"",""bbox"":{""x"":0.1143125,""y"":0.0,""w"":0.7827500000000002,""h"":0.996490478515625}},{""photo"":""anno/EV/m0074/m0074_l.jpg"",""bbox"":{""x"":0.0741640625,""y"":0.006256103515625,""w"":0.820861328125,""h"":0.990234375}}]"
640	c8T11E9080-3344X00S000	640	"[{""photo"":""anno/EV/f0044/f0044_u7_r.jpg"",""bbox"":{""x"":0.003267176011029412,""y"":0.0,""w"":0.9768856272977942,""h"":0.998443603515625}},{""photo"":""anno/EV/f0044/f0044_u7_l.jpg"",""bbox"":{""x"":0.0125,""y"":0.006256103515625,""w"":0.9875,""h"":0.9921875}}]"
641	b9T11E8070-5050X00S000	641	"[{""photo"":""anno/EV/m0252/m0252_l_1 (1).jpg"",""bbox"":{""x"":0.00310546875,""y"":0.006256103515625,""w"":0.995302734375,""h"":0.98828125}},{""photo"":""anno/EV/m0252/m0252_r.jpg"",""bbox"":{""x"":0.0016132812500000001,""y"":0.000396728515625,""w"":0.9711953125,""h"":0.99609375}},{""photo"":""anno/EV/m0252/m0252_l (1).jpg"",""bbox"":{""x"":0.031328125,""y"":0.0,""w"":0.9680390624999999,""h"":0.994537353515625}},{""photo"":""anno/EV/m0252/m0252_f.jpg"",""bbox"":{""x"":0.05018306783144913,""y"":0.004302978515625,""w"":0.8470901849948613,""h"":0.9921875}},{""photo"":""anno/EV/m0252/m0252_l_1.jpg"",""bbox"":{""x"":0.008805338541666666,""y"":0.002349853515625,""w"":0.9911946614583333,""h"":0.994140625}},{""photo"":""anno/EV/m0252/m0252_l.jpg"",""bbox"":{""x"":0.0603515625,""y"":0.000396728515625,""w"":0.9294140625,""h"":0.9921875}}]"
642	c8T11E9000-3440X01S001	642	"[{""photo"":""anno/EV/f0373/f0373_o_3.jpg"",""bbox"":{""x"":0.107529296875,""y"":0.008209228515625,""w"":0.860234375,""h"":0.984375}},{""photo"":""anno/EV/f0373/f0373_l.jpg"",""bbox"":{""x"":0.01041796875,""y"":0.037506103515625,""w"":0.98958203125,""h"":0.958984375}},{""photo"":""anno/EV/f0373/f0373_o_1.jpg"",""bbox"":{""x"":0.0,""y"":0.002349853515625,""w"":0.9896249999999999,""h"":0.994140625}},{""photo"":""anno/EV/f0373/f0373_f.jpg"",""bbox"":{""x"":0.006476562499999999,""y"":0.021881103515625,""w"":0.982818359375,""h"":0.9746093749999999}},{""photo"":""anno/EV/f0373/f0373_r.jpg"",""bbox"":{""x"":0.01058203125,""y"":0.002349853515625,""w"":0.96901171875,""h"":0.9921875}},{""photo"":""anno/EV/f0373/f0373_o.jpg"",""bbox"":{""x"":0.0,""y"":0.006256103515624999,""w"":0.98792578125,""h"":0.9863281249999999}}]"
643	b9T11E0707-3330X00S000	643	"[{""photo"":""anno/EV/m0512/m0512_f_1.jpg"",""bbox"":{""x"":0.0031679687499999998,""y"":0.004302978515625,""w"":0.989990234375,""h"":0.9921875}},{""photo"":""anno/EV/m0512/m0512_l.jpg"",""bbox"":{""x"":0.0927734375,""y"":0.000396728515625,""w"":0.9072265625,""h"":0.994140625}},{""photo"":""anno/EV/m0512/m0512_r.jpg"",""bbox"":{""x"":0.0,""y"":0.027740478515625,""w"":0.9991953125,""h"":0.96875}},{""photo"":""anno/EV/m0512/m0512_f.jpg"",""bbox"":{""x"":0.0035507812500000006,""y"":0.0,""w"":0.9161015625000001,""h"":0.996490478515625}}]"
644	c9T01E0000-0400X00S001	644	"[{""photo"":""anno/EV/m0167/m0167_l_1.jpg"",""bbox"":{""x"":0.15614648437499998,""y"":0.021881103515625,""w"":0.834708984375,""h"":0.974609375}},{""photo"":""anno/EV/m0167/m0167_r.jpg"",""bbox"":{""x"":0.010158203125000001,""y"":0.010162353515625,""w"":0.9403593750000002,""h"":0.986328125}},{""photo"":""anno/EV/m0167/m0167_l_2.jpg"",""bbox"":{""x"":0.19174023437499998,""y"":0.025787353515625,""w"":0.8001757812499999,""h"":0.970703125}},{""photo"":""anno/EV/m0167/m0167_f.jpg"",""bbox"":{""x"":0.039794921875,""y"":0.017974853515625,""w"":0.915283203125,""h"":0.9765625}},{""photo"":""anno/EV/m0167/m0167_l.jpg"",""bbox"":{""x"":0.17801367187499997,""y"":0.05899047851562499,""w"":0.81247265625,""h"":0.9355468749999999}}]"
645	c9T11E9090-3030X00S000	645	"[{""photo"":""anno/EV/f0226/f0226_r.jpg"",""bbox"":{""x"":0.0048984375,""y"":0.002349853515625,""w"":0.924171875,""h"":0.994140625}},{""photo"":""anno/EV/f0226/f0226_?_l.jpg"",""bbox"":{""x"":0.05320945945945945,""y"":0.004302978515625,""w"":0.9467905405405406,""h"":0.9921875}}]"
646	b9T11E8080-????X00S00?	646	"[{""photo"":""anno/EV/m0378/m0378_r.jpg"",""bbox"":{""x"":0.014265624999999999,""y"":0.076568603515625,""w"":0.8595039062499998,""h"":0.919921875}}]"
647	b8T11E9000-????X00S000	647	"[{""photo"":""anno/EV/m0086/m0086_r.jpg"",""bbox"":{""x"":0.001459522039490138,""y"":0.03780372590265923,""w"":0.9793392884978828,""h"":0.9486893256685898}}]"
648	b9T11E0000-0000X00S000	648	"[{""photo"":""anno/EV/m0234/m0234.jpg"",""bbox"":{""x"":0.0053124999999999995,""y"":0.004302978515625,""w"":0.9845833333333333,""h"":0.974609375}},{""photo"":""anno/EV/m0234/m0234_r.jpg"",""bbox"":{""x"":0.0015006510416666666,""y"":0.002349853515625,""w"":0.9949316406250001,""h"":0.99609375}}]"
649	b8T11E8778-3553X01S110	649	"[{""photo"":""anno/EV/m0237/m0237_f_1 (1).jpg"",""bbox"":{""x"":0.25341796875,""y"":0.002349853515625,""w"":0.6650390625,""h"":0.9921875}},{""photo"":""anno/EV/m0237/m0237_r.JPG"",""bbox"":{""x"":0.01892208820662768,""y"":0.074615478515625,""w"":0.9352917884990253,""h"":0.919921875}},{""photo"":""anno/EV/m0237/m0237_f_1.jpg"",""bbox"":{""x"":0.05524553571428571,""y"":0.016021728515625,""w"":0.9345703125,""h"":0.982421875}},{""photo"":""anno/EV/m0237/m0237_f.jpg"",""bbox"":{""x"":0.12051822100313479,""y"":0.006256103515625,""w"":0.872942789968652,""h"":0.9921875}},{""photo"":""anno/EV/m0237/m0237_l_1.jpg"",""bbox"":{""x"":0.022506526412776413,""y"":0.006256103515625,""w"":0.9758186808968059,""h"":0.9921875}},{""photo"":""anno/EV/m0237/m0237.jpg"",""bbox"":{""x"":0.15380859375,""y"":0.023834228515625,""w"":0.673828125,""h"":0.974609375}},{""photo"":""anno/EV/m0237/m0237_l.jpg"",""bbox"":{""x"":0.0651500146713615,""y"":0.025787353515625,""w"":0.929384903169014,""h"":0.96875}},{""photo"":""anno/EV/m0237/m0237_f (2).jpg"",""bbox"":{""x"":0.1552734375,""y"":0.035552978515625,""w"":0.68994140625,""h"":0.962890625}},{""photo"":""anno/EV/m0237/m0237_Bulls on Oiti marsh 007.JPG"",""bbox"":{""x"":0.018609874078624078,""y"":0.066802978515625,""w"":0.9663841753685504,""h"":0.92578125}},{""photo"":""anno/EV/m0237/m0237_r"",""bbox"":{""x"":0.033203125,""y"":0.086334228515625,""w"":0.9496093750000001,""h"":0.8984375}},{""photo"":""anno/EV/m0237/m0237_f (1).jpg"",""bbox"":{""x"":0.14501953125,""y"":0.010162353515625,""w"":0.59765625,""h"":0.984375}}]"
650	c8T11E0700-4000X00S000	650	"[{""photo"":""anno/EV/f0463/f0463_f.jpg"",""bbox"":{""x"":0.0,""y"":0.039459228515625,""w"":0.94470703125,""h"":0.95703125}},{""photo"":""anno/EV/f0463/f0463_l.jpg"",""bbox"":{""x"":0.07784375,""y"":0.156646728515625,""w"":0.92215625,""h"":0.83984375}}]"
651	c8T11E9777-4445X10S000	651	"[{""photo"":""anno/EV/f0824/f0824_f.jpg"",""bbox"":{""x"":0.16276041666666666,""y"":0.06501238447681704,""w"":0.5260416666666666,""h"":0.8830670426065163}},{""photo"":""anno/EV/f0824/f0824_r_1.jpg"",""bbox"":{""x"":0.09375,""y"":0.025787353515625,""w"":0.71484375,""h"":0.97265625}},{""photo"":""anno/EV/f0824/f0824_r.jpg"",""bbox"":{""x"":0.0028359374999999995,""y"":0.072662353515625,""w"":0.8904843749999999,""h"":0.92578125}}]"
652	c8T11E7090-3550X00S000	652	"[{""photo"":""anno/EV/m0125/m0125_l_2.jpg"",""bbox"":{""x"":0.12032645089285714,""y"":0.05078125,""w"":0.8669675051510989,""h"":0.947662353515625}},{""photo"":""anno/EV/m0125/m0125_f.jpg"",""bbox"":{""x"":0.08370814267886854,""y"":0.006256103515625,""w"":0.7905769030782029,""h"":0.98828125}},{""photo"":""anno/EV/m0125/m0125_l_1.jpg"",""bbox"":{""x"":0.03980152027027027,""y"":0.049224853515625,""w"":0.9601984797297297,""h"":0.94921875}},{""photo"":""anno/EV/m0125/m0125_r.jpg"",""bbox"":{""x"":0.0035351098574821858,""y"":0.086334228515625,""w"":0.9809929854513065,""h"":0.91015625}},{""photo"":""anno/EV/m0125/m0125_f_1.jpg"",""bbox"":{""x"":0.05926558660933661,""y"":0.084381103515625,""w"":0.9295339373464373,""h"":0.9140625}},{""photo"":""anno/EV/m0125/m0125.jpg"",""bbox"":{""x"":0.20654296875,""y"":0.100006103515625,""w"":0.5126953125,""h"":0.79296875}},{""photo"":""anno/EV/m0125/m0125_o.jpg"",""bbox"":{""x"":0.01611328125,""y"":0.062896728515625,""w"":0.98388671875,""h"":0.865234375}}]"
653	b8T11E????-4430X00S001	653	"[{""photo"":""anno/EV/f0390/f0390_l.jpg"",""bbox"":{""x"":0.048982421874999994,""y"":0.066802978515625,""w"":0.9417265625,""h"":0.9316406249999999}},{""photo"":""anno/EV/f0390/f0390_l_1.jpg"",""bbox"":{""x"":0.018369140625000002,""y"":0.070709228515625,""w"":0.97189453125,""h"":0.927734375}}]"
654	c8T11E7007-4000X00S011	654	"[{""photo"":""anno/EV/f0496/f0496_r.jpg"",""bbox"":{""x"":0.1875,""y"":0.023834228515625,""w"":0.6575520833333334,""h"":0.974609375}},{""photo"":""anno/EV/f0496/f0496_l.jpg"",""bbox"":{""x"":0.22395833333333334,""y"":0.033599853515625,""w"":0.65234375,""h"":0.96484375}}]"
655	c9T11E9880-0000X00S000	655	"[{""photo"":""anno/EV/f0593/f0593_l.jpg"",""bbox"":{""x"":0.022546874999999997,""y"":0.000396728515625,""w"":0.97471875,""h"":0.99609375}},{""photo"":""anno/EV/f0593/f0593_r.jpg"",""bbox"":{""x"":0.0016875,""y"":0.0,""w"":0.9983125,""h"":0.992584228515625}}]"
656	c9T11E0000-0000X00S000	656	"[{""photo"":""anno/EV/f0346/f0346_f.jpg"",""bbox"":{""x"":0.0015429687499999999,""y"":0.033599853515625,""w"":0.9844140625,""h"":0.95703125}},{""photo"":""anno/EV/f0346/f0346_r.jpg"",""bbox"":{""x"":0.009666015625,""y"":0.027740478515625,""w"":0.9306992187500001,""h"":0.96875}},{""photo"":""anno/EV/f0346/f0346_P1000546_l.jpg"",""bbox"":{""x"":0.148421875,""y"":0.109771728515625,""w"":0.8356796875,""h"":0.88671875}}]"
657	c9T11E0000-3433X00S000	657	"[{""photo"":""anno/EV/f0491/f0491_f.jpg"",""bbox"":{""x"":0.21826171875,""y"":0.131256103515625,""w"":0.54931640625,""h"":0.865234375}},{""photo"":""anno/EV/f0491/f0491_l.jpg"",""bbox"":{""x"":0.2607421875,""y"":0.109771728515625,""w"":0.6533203125,""h"":0.890228271484375}},{""photo"":""anno/EV/f0491/f0491_r.jpg"",""bbox"":{""x"":0.05419921875,""y"":0.045318603515625,""w"":0.76611328125,""h"":0.951171875}},{""photo"":""anno/EV/f0491/f0491_f (1).jpg"",""bbox"":{""x"":0.14501953125,""y"":0.080474853515625,""w"":0.55810546875,""h"":0.828125}},{""photo"":""anno/EV/f0491/f0491_f_processed.jpg"",""bbox"":{""x"":0.02513153698979592,""y"":0.004302978515625,""w"":0.9748684630102041,""h"":0.9921875}}]"
658	c8T11E9090-4430X00S000	658	"[{""photo"":""anno/EV/f0866/f0866_Iva_r_gini.JPG"",""bbox"":{""x"":0.022667968749999996,""y"":0.10977172851562499,""w"":0.9520546874999999,""h"":0.8847656249999999}},{""photo"":""anno/EV/f0866/f0866_Iva_l_gini.JPG"",""bbox"":{""x"":0.032029296875,""y"":0.072662353515625,""w"":0.931634765625,""h"":0.923828125}},{""photo"":""anno/EV/f0866/f0866_Iva_f_gini.JPG"",""bbox"":{""x"":0.0170390625,""y"":0.156646728515625,""w"":0.9158496093749999,""h"":0.83203125}},{""photo"":""anno/EV/f0866/f0866_f_Iva.JPG"",""bbox"":{""x"":0.0086015625,""y"":0.072662353515625,""w"":0.9490390625,""h"":0.919921875}}]"
659	c9T00E7879-5554X00S111	659	[]
660	c8T11E8770-4540X00S000	660	"[{""photo"":""anno/EV/f0605/f0605_r.jpg"",""bbox"":{""x"":0.010455701284796573,""y"":0.039459228515625,""w"":0.936830835117773,""h"":0.953125}},{""photo"":""anno/EV/f0605/f0605_l.jpg"",""bbox"":{""x"":0.059152343749999996,""y"":0.037506103515625,""w"":0.9370976562499999,""h"":0.9589843749999999}},{""photo"":""anno/EV/f0605/f0605_f.jpg"",""bbox"":{""x"":0.0,""y"":0.064849853515625,""w"":0.9601445312499999,""h"":0.931640625}}]"
661	c9T00E9000-0000X00S000	661	"[{""photo"":""anno/EV/f0637/f0637_l.jpg"",""bbox"":{""x"":0.1043391523393461,""y"":0.05117797851562499,""w"":0.8925010569334836,""h"":0.9472656249999999}}]"
662	b9T11E0000-5000X00S000	662	"[{""photo"":""anno/EV/m0308/m0308_f.jpg"",""bbox"":{""x"":0.18880208333333334,""y"":0.033599853515625,""w"":0.5533854166666666,""h"":0.9609375}},{""photo"":""anno/EV/m0308/m0308_l.jpg"",""bbox"":{""x"":0.21484375,""y"":0.055084228515625,""w"":0.7708333333333334,""h"":0.943359375}}]"
663	b8T11E9800-4403X00S001	663	"[{""photo"":""anno/EV/m0551/m0551_f.jpg"",""bbox"":{""x"":0.011050781249999999,""y"":0.016021728515625,""w"":0.96141796875,""h"":0.970703125}},{""photo"":""anno/EV/m0551/m0551_l.jpg"",""bbox"":{""x"":0.02640625,""y"":0.002349853515625,""w"":0.9638281249999999,""h"":0.997650146484375}},{""photo"":""anno/EV/m0551/m0551_o.jpg"",""bbox"":{""x"":0.009781928213689483,""y"":0.008209228515625,""w"":0.8836341819699499,""h"":0.990234375}},{""photo"":""anno/EV/m0551/m0551_r.jpg"",""bbox"":{""x"":0.019199218750000004,""y"":0.014068603515625,""w"":0.9657207031250001,""h"":0.978515625}},{""photo"":""anno/EV/m0551/m0551_o_1.jpg"",""bbox"":{""x"":0.07406249999999999,""y"":0.055084228515625,""w"":0.8933789062499999,""h"":0.890625}}]"
664	b9T11E9990-3030X00S000	664	"[{""photo"":""anno/EV/m0243/m0243_f (1).jpg"",""bbox"":{""x"":0.0,""y"":0.010162353515625,""w"":0.886875,""h"":0.986328125}},{""photo"":""anno/EV/m0243/m0243_f.jpg"",""bbox"":{""x"":0.041666666666666664,""y"":0.0,""w"":0.95703125,""h"":0.9972437416634908}},{""photo"":""anno/EV/m0243/m0243_l.jpg"",""bbox"":{""x"":0.017812500000000002,""y"":0.062896728515625,""w"":0.9767187500000001,""h"":0.931640625}}]"
665	c8T11E8080-3000X00S000	665	"[{""photo"":""anno/EV/f0048/f0048_l.jpg"",""bbox"":{""x"":0.06792187499999999,""y"":0.027740478515625,""w"":0.932078125,""h"":0.96875}},{""photo"":""anno/EV/f0048/f0048_r.jpg"",""bbox"":{""x"":0.0,""y"":0.037506103515625,""w"":0.9678984375,""h"":0.958984375}},{""photo"":""anno/EV/f0048/f0048_u1_l.jpg"",""bbox"":{""x"":0.23567708333333334,""y"":0.02843948265388769,""w"":0.7630208333333334,""h"":0.9671301295896328}},{""photo"":""anno/EV/f0048/f0048_u1_r.jpg"",""bbox"":{""x"":0.0027227145522388057,""y"":0.0,""w"":0.9801772388059701,""h"":0.994537353515625}}]"
666	b9T11E7000-0000X00S000	666	"[{""photo"":""anno/EV/m0288/m0288_r.jpg"",""bbox"":{""x"":0.049479166666666664,""y"":0.0,""w"":0.9270833333333334,""h"":0.9326066771409901}}]"
667	c9T11E9070-0500X10S000	667	"[{""photo"":""anno/EV/f0216/f0216_r.jpg"",""bbox"":{""x"":0.0465,""y"":0.000396728515625,""w"":0.941625,""h"":0.998046875}},{""photo"":""anno/EV/f0216/f0216_l.jpg"",""bbox"":{""x"":0.030763671874999995,""y"":0.0,""w"":0.969236328125,""h"":0.9984436035156249}}]"
668	c8T01E7090-5030X00S100	668	"[{""photo"":""anno/EV/f0155/f0155_f (1).jpg"",""bbox"":{""x"":0.07690624999999998,""y"":0.017974853515625,""w"":0.92309375,""h"":0.9804687499999999}}]"
669	c9T11E0000-4000X00S001	669	"[{""photo"":""anno/EV/f0035/f0035_l_2.jpg"",""bbox"":{""x"":0.017011718749999998,""y"":0.008209228515625,""w"":0.9764726562499999,""h"":0.986328125}},{""photo"":""anno/EV/f0035/f0035_u12_f.jpg"",""bbox"":{""x"":0.062167553191489366,""y"":0.017974853515625,""w"":0.9325132978723405,""h"":0.9765625}},{""photo"":""anno/EV/f0035/f0035_l_1.jpg"",""bbox"":{""x"":0.016734375000000003,""y"":0.012115478515625,""w"":0.97756640625,""h"":0.984375}},{""photo"":""anno/EV/f0035/f0035_u12_l.jpg"",""bbox"":{""x"":0.0,""y"":0.010162353515625,""w"":0.99995988842812,""h"":0.986328125}}]"
670	b8T11E9000-3445X00S000	670	"[{""photo"":""anno/EV/m0151/m0151_f_2.jpg"",""bbox"":{""x"":0.014140625,""y"":0.010162353515625,""w"":0.9856015625,""h"":0.986328125}},{""photo"":""anno/EV/m0151/m0151_f_1.jpg"",""bbox"":{""x"":0.04937109375,""y"":0.047271728515625,""w"":0.9440351562499999,""h"":0.94921875}},{""photo"":""anno/EV/m0151/m0151_l.jpg"",""bbox"":{""x"":0.0028867187499999995,""y"":0.004302978515625,""w"":0.9959179687499999,""h"":0.9921875}},{""photo"":""anno/EV/m0151/m0151_l_1.jpg"",""bbox"":{""x"":0.0489375,""y"":0.0,""w"":0.9510625,""h"":0.994537353515625}},{""photo"":""anno/EV/m0151/m0151_f.jpg"",""bbox"":{""x"":0.05403125,""y"":0.002349853515625,""w"":0.9384375,""h"":0.994140625}}]"
671	c9T11E9090-3030X00S000	671	"[{""photo"":""anno/EV/f0455/f0455_r.jpg"",""bbox"":{""x"":0.001376953125,""y"":0.047271728515625,""w"":0.9418359374999999,""h"":0.94921875}},{""photo"":""anno/EV/f0455/f0455_f.jpg"",""bbox"":{""x"":0.044687500000000005,""y"":0.076568603515625,""w"":0.9314550781250001,""h"":0.919921875}}]"
672	c9T11E9008-0400X10S000	672	"[{""photo"":""anno/EV/m0161/m0161_f.jpg"",""bbox"":{""x"":0.055224609375,""y"":0.021881103515625,""w"":0.8920898437499998,""h"":0.9746093749999999}},{""photo"":""anno/EV/m0161/m0161_f_1.jpg"",""bbox"":{""x"":0.006820312499999999,""y"":0.057037353515625,""w"":0.9923554687499999,""h"":0.939453125}},{""photo"":""anno/EV/m0161/m0161_r.jpg"",""bbox"":{""x"":0.012113281249999998,""y"":0.017974853515625,""w"":0.9586796874999999,""h"":0.9785156249999999}}]"
673	c8T11E7080-3030X00S000	673	"[{""photo"":""anno/EV/f0476/f0476_l.jpg"",""bbox"":{""x"":0.08203125,""y"":0.123443603515625,""w"":0.9153645833333334,""h"":0.841796875}},{""photo"":""anno/EV/f0476/f0476_r.jpg"",""bbox"":{""x"":0.0703125,""y"":0.20536348417207792,""w"":0.7591145833333334,""h"":0.6229707792207795}},{""photo"":""anno/EV/f0476/f0476_l (1).jpg"",""bbox"":{""x"":0.03125,""y"":0.031081768644957982,""w"":0.9296875,""h"":0.9147408963585434}}]"
674	c8T11E9000-3000X00S000	674	"[{""photo"":""anno/EV/f0046/f0046_u7_l_a.jpg"",""bbox"":{""x"":0.06011128597122302,""y"":0.004302978515625,""w"":0.9398887140287769,""h"":0.9921875}},{""photo"":""anno/EV/f0046/f0046_u7_l.jpg"",""bbox"":{""x"":0.005684135399673735,""y"":0.0,""w"":0.9943158646003263,""h"":0.967193603515625}},{""photo"":""anno/EV/f0046/f0046_u7_r.jpg"",""bbox"":{""x"":0.0015148114901256731,""y"":0.0,""w"":0.9785682226211849,""h"":0.996490478515625}}]"
675	c8T00E0000-0000X00S000	675	"[{""photo"":""anno/EV/f0849/f0849_l_1.jpg"",""bbox"":{""x"":0.15234375,""y"":0.0023557428728070173,""w"":0.7083333333333334,""h"":0.937891604010025}},{""photo"":""anno/EV/f0849/f0849_r.jpg"",""bbox"":{""x"":0.2734375,""y"":0.19815774788533833,""w"":0.27994791666666674,""h"":0.5345394736842105}},{""photo"":""anno/EV/f0849/f0849_l.jpg"",""bbox"":{""x"":0.22265625,""y"":0.1372476006120178,""w"":0.6822916666666666,""h"":0.8627523993879822}}]"
676	b9T11E8000-0400X00S000	676	"[{""photo"":""anno/EV/m0032/m0032_l_a.jpg"",""bbox"":{""x"":0.0,""y"":0.000396728515625,""w"":0.9942325090470445,""h"":0.994140625}},{""photo"":""anno/EV/m0032/m0032_l.jpg"",""bbox"":{""x"":0.0022194602272727275,""y"":0.0,""w"":0.9977805397727273,""h"":0.996490478515625}},{""photo"":""anno/EV/m0032/m0032_f.jpg"",""bbox"":{""x"":0.004584800469483568,""y"":0.004302978515625,""w"":0.9949017018779343,""h"":0.9921875}}]"
677	b9T11E8080-0000X00S000	677	"[{""photo"":""anno/EV/m0119/m0119_r.jpeg"",""bbox"":{""x"":0.0014902343749999998,""y"":0.0,""w"":0.9939863281249998,""h"":0.996490478515625}},{""photo"":""anno/EV/m0119/m0119_r_a.jpeg"",""bbox"":{""x"":0.0,""y"":0.053131103515625,""w"":0.9810253906249999,""h"":0.943359375}}]"
678	c8T11E9709-0300X00S100	678	"[{""photo"":""anno/EV/f0194/f0194_r.jpg"",""bbox"":{""x"":0.0018433107429718875,""y"":0.012115478515625,""w"":0.9345585466867466,""h"":0.982421875}},{""photo"":""anno/EV/f0194/f0194_f.jpg"",""bbox"":{""x"":0.037488281250000005,""y"":0.012115478515625,""w"":0.9282812500000001,""h"":0.98046875}}]"
679	b9T11E8090-3030X00S000	679	"[{""photo"":""anno/EV/m0038/m0038_r.jpg"",""bbox"":{""x"":0.00448828125,""y"":0.000396728515625,""w"":0.9829335937499999,""h"":0.994140625}},{""photo"":""anno/EV/m0038/m0038_l.jpg"",""bbox"":{""x"":0.0352734375,""y"":0.023834228515625,""w"":0.9647265625,""h"":0.966796875}},{""photo"":""anno/EV/m0038/m0038_l_a.jpg"",""bbox"":{""x"":0.025046875000000003,""y"":0.131256103515625,""w"":0.9714609375000001,""h"":0.865234375}},{""photo"":""anno/EV/m0038/m0038_f.jpg"",""bbox"":{""x"":0.00336328125,""y"":0.043365478515625,""w"":0.99663671875,""h"":0.951171875}},{""photo"":""anno/EV/m0038/m0038_f_1.jpg"",""bbox"":{""x"":0.0034939624329159208,""y"":0.023834228515625,""w"":0.9940323121645795,""h"":0.97265625}}]"
680	c8T11E8790-3030X01S000	680	"[{""photo"":""anno/EV/f0794/f0794_l_1.jpg"",""bbox"":{""x"":0.0052109375,""y"":0.045318603515625,""w"":0.9171250000000001,""h"":0.953125}},{""photo"":""anno/EV/f0794/f0794_r.jpg"",""bbox"":{""x"":0.001537109375,""y"":0.029693603515625,""w"":0.98375,""h"":0.96484375}},{""photo"":""anno/EV/f0794/f0794_l.jpg"",""bbox"":{""x"":0.00260546875,""y"":0.002349853515625,""w"":0.9952890625,""h"":0.9921875}},{""photo"":""anno/EV/f0794/f0794_r_1.jpg"",""bbox"":{""x"":0.0078125,""y"":0.017311430054700164,""w"":0.9609375,""h"":0.9826885699452999}}]"
681	c9T11E0000-0000X00S100	681	"[{""photo"":""anno/EV/f0227/f0227_r.jpg"",""bbox"":{""x"":0.0,""y"":0.002349853515625,""w"":0.855018382352941,""h"":0.990234375}}]"
682	b8T11E8000-4040X00S000	682	"[{""photo"":""anno/EV/m0176/m0176_l_1.jpg"",""bbox"":{""x"":0.0,""y"":0.004302978515625,""w"":0.9933333333333334,""h"":0.9921875}},{""photo"":""anno/EV/m0176/m0176_l.JPG"",""bbox"":{""x"":0.0029296875,""y"":0.019927978515625,""w"":0.99462890625,""h"":0.9765625}},{""photo"":""anno/EV/m0176/m0176_f.jpg"",""bbox"":{""x"":0.0017740885416666667,""y"":0.000396728515625,""w"":0.9982259114583333,""h"":0.99609375}},{""photo"":""anno/EV/m0176/m0176_r.jpg"",""bbox"":{""x"":0.0,""y"":0.002349853515625,""w"":0.9997395833333335,""h"":0.994140625}},{""photo"":""anno/EV/m0176/m0176_o.jpg"",""bbox"":{""x"":0.10828413757700206,""y"":0.0,""w"":0.8917158624229979,""h"":0.996490478515625}}]"
683	c9T11E9797-3330X00S000	683	"[{""photo"":""anno/EV/f0765/f0765_l.JPG"",""bbox"":{""x"":0.03076171875,""y"":0.002349853515625,""w"":0.96923828125,""h"":0.994140625}},{""photo"":""anno/EV/f0765/f0765_r.JPG"",""bbox"":{""x"":0.0029296875,""y"":0.0,""w"":0.92724609375,""h"":0.996490478515625}}]"
684	b8T11E0000-4550X00S000	684	"[{""photo"":""anno/EV/m0274/m0274_l.jpg"",""bbox"":{""x"":0.029947916666666668,""y"":0.01404693161231884,""w"":0.96875,""h"":0.9759963768115941}},{""photo"":""anno/EV/m0274/m0274_l_1.jpg"",""bbox"":{""x"":0.018229166666666668,""y"":0.07328009753493789,""w"":0.9244791666666666,""h"":0.9219720496894409}}]"
685	b8T11E7080-5000X00S000	685	"[{""photo"":""anno/EV/m0201/m0201_f.jpg"",""bbox"":{""x"":0.00857421875,""y"":0.0,""w"":0.9717447916666667,""h"":0.996490478515625}},{""photo"":""anno/EV/m0201/m0201_l.jpg"",""bbox"":{""x"":0.12890625,""y"":0.057180304276315784,""w"":0.8697916666666666,""h"":0.9359335839598997}},{""photo"":""anno/EV/m0201/m0201.jpg"",""bbox"":{""x"":0.0026041666666666665,""y"":0.061096344376566414,""w"":0.9505208333333334,""h"":0.937891604010025}}]"
686	b8T11E9000-5040X00S000	686	"[{""photo"":""anno/EV/m0281/m0281_r.jpg"",""bbox"":{""x"":0.0,""y"":0.006256103515625,""w"":0.9996051747311828,""h"":0.990234375}},{""photo"":""anno/EV/m0281/m0281_l.jpg"",""bbox"":{""x"":0.03226953125,""y"":0.000396728515625,""w"":0.9651523437499999,""h"":0.99609375}}]"
687	c9T11E9090-3?30X00S000	687	"[{""photo"":""anno/EV/f0312/f0312_o.jpg"",""bbox"":{""x"":0.005056640625,""y"":0.006256103515625,""w"":0.994943359375,""h"":0.990234375}},{""photo"":""anno/EV/f0312/f0312_l.jpg"",""bbox"":{""x"":0.010416666666666666,""y"":0.0,""w"":0.9869791666666666,""h"":1.0}},{""photo"":""anno/EV/f0312/f0312_r (1).jpg"",""bbox"":{""x"":0.0,""y"":0.04727172851562499,""w"":0.9980664062499999,""h"":0.9472656249999999}},{""photo"":""anno/EV/f0312/f0312_o (1).jpg"",""bbox"":{""x"":0.001819106331987891,""y"":0.006256103515625,""w"":0.9981808936680121,""h"":0.98828125}},{""photo"":""anno/EV/f0312/f0312_f.jpg"",""bbox"":{""x"":0.038048828125,""y"":0.004302978515625,""w"":0.9561835937500001,""h"":0.9921875}},{""photo"":""anno/EV/f0312/f0312_r.jpg"",""bbox"":{""x"":0.0015292968749999998,""y"":0.010162353515625,""w"":0.98180859375,""h"":0.986328125}}]"
688	c8T11E8090-3330X00S000	688	"[{""photo"":""anno/EV/f0153/f0153_f_a.jpg"",""bbox"":{""x"":0.001552734375,""y"":0.000396728515625,""w"":0.9580371093750001,""h"":0.99609375}},{""photo"":""anno/EV/f0153/f0153_r.jpg"",""bbox"":{""x"":0.0030585937499999997,""y"":0.0,""w"":0.99694140625,""h"":0.996490478515625}},{""photo"":""anno/EV/f0153/f0153_r_a.jpg"",""bbox"":{""x"":0.001614226598173516,""y"":0.004302978515625,""w"":0.954007919520548,""h"":0.9921875}},{""photo"":""anno/EV/f0153/f0153_r_b.jpg"",""bbox"":{""x"":0.0,""y"":0.008209228515625,""w"":0.9838125,""h"":0.986328125}},{""photo"":""anno/EV/f0153/f0153_l.jpg"",""bbox"":{""x"":0.0,""y"":0.000396728515625,""w"":1.0,""h"":0.99609375}},{""photo"":""anno/EV/f0153/f0153_f.jpg"",""bbox"":{""x"":0.0016464843749999997,""y"":0.008209228515625,""w"":0.9961230468749999,""h"":0.98828125}}]"
689	b9T11E9070-0000X00S000	689	"[{""photo"":""anno/EV/m0457/m0457_r.jpg"",""bbox"":{""x"":0.09814453125,""y"":0.023834228515625,""w"":0.85546875,""h"":0.96484375}}]"
690	c9T11E8090-3040X00S000	690	"[{""photo"":""anno/EV/f0313/f0313_f.jpg"",""bbox"":{""x"":0.0026171874999999997,""y"":0.000396728515625,""w"":0.99453125,""h"":0.99609375}},{""photo"":""anno/EV/f0313/f0313_r.jpg"",""bbox"":{""x"":0.0,""y"":0.045318603515625,""w"":0.9988945312499999,""h"":0.950775146484375}},{""photo"":""anno/EV/f0313/f0313_l.jpg"",""bbox"":{""x"":0.040031250000000004,""y"":0.002349853515625,""w"":0.95996875,""h"":0.994140625}},{""photo"":""anno/EV/f0313/f0313_r (1).jpg"",""bbox"":{""x"":0.001744140625,""y"":0.002349853515625,""w"":0.992416015625,""h"":0.994140625}}]"
691	b9T11E9090-0000X00S000	691	"[{""photo"":""anno/EV/m0354/m0354_r.jpg"",""bbox"":{""x"":0.00284765625,""y"":0.070709228515625,""w"":0.97674609375,""h"":0.9257812499999999}}]"
692	b9T11E9790-4050X00S000	692	"[{""photo"":""anno/EV/m0502/m0502_f.jpg"",""bbox"":{""x"":0.0,""y"":0.002349853515625,""w"":0.908031798245614,""h"":0.994140625}},{""photo"":""anno/EV/m0502/m0502_o.JPG"",""bbox"":{""x"":0.04429296875,""y"":0.107818603515625,""w"":0.94057421875,""h"":0.794921875}},{""photo"":""anno/EV/m0502/m0502_r.jpg"",""bbox"":{""x"":0.0016093749999999997,""y"":0.0,""w"":0.9624062499999999,""h"":0.9828186035156249}},{""photo"":""anno/EV/m0502/m0502_f_1.jpg"",""bbox"":{""x"":0.0234609375,""y"":0.006256103515625,""w"":0.927609375,""h"":0.98828125}},{""photo"":""anno/EV/m0502/m0502_l.jpg"",""bbox"":{""x"":0.017552734374999997,""y"":0.010162353515625,""w"":0.9813574218749999,""h"":0.9843749999999999}}]"
693	c8T11E0000-0000X00S000	693	"[{""photo"":""anno/EV/f0487/f0487_f.jpg"",""bbox"":{""x"":0.2981770833333333,""y"":0.10496197324810606,""w"":0.63671875,""h"":0.8950380267518939}},{""photo"":""anno/EV/f0487/f0487_l.jpg"",""bbox"":{""x"":0.4661458333333333,""y"":0.3278944227430556,""w"":0.4921875,""h"":0.445864898989899}}]"
694	c9T11E0700-0000X00S000	694	"[{""photo"":""anno/EV/f0377/f0377_r.jpg"",""bbox"":{""x"":0.0015,""y"":0.000396728515625,""w"":0.9975,""h"":0.99609375}}]"
695	c9T11E8090-0000X00S000	695	"[{""photo"":""anno/EV/f0558/f0558_r.jpg"",""bbox"":{""x"":0.0013906250000000002,""y"":0.004302978515625,""w"":0.98178125,""h"":0.9921875}},{""photo"":""anno/EV/f0558/f0558_f.jpg"",""bbox"":{""x"":0.0046875,""y"":0.000396728515625,""w"":0.9953125,""h"":0.99609375}},{""photo"":""anno/EV/f0558/f0558_l.jpg"",""bbox"":{""x"":0.024739583333333332,""y"":0.0,""w"":0.97265625,""h"":1.0}}]"
696	c9T11E9090-3000X01S000	696	"[{""photo"":""anno/EV/f0723/f0723_l.jpg"",""bbox"":{""x"":0.0595546875,""y"":0.086334228515625,""w"":0.93633203125,""h"":0.912109375}},{""photo"":""anno/EV/f0723/f0723_f.jpg"",""bbox"":{""x"":0.021591796875,""y"":0.10391235351562499,""w"":0.978408203125,""h"":0.8945312499999999}}]"
697	c9T11E0000-0000X00S000	697	"[{""photo"":""anno/EV/f0712/f0712_r.jpg"",""bbox"":{""x"":0.0,""y"":0.004302978515625,""w"":0.9818222656250001,""h"":0.9921875}},{""photo"":""anno/EV/f0712/f0712_l.jpg"",""bbox"":{""x"":0.0244453125,""y"":0.010162353515625,""w"":0.9755546875,""h"":0.986328125}}]"
698	c9T11E0000-3030X00S000	698	"[{""photo"":""anno/EV/f0008/f0008_u8_l.jpg"",""bbox"":{""x"":0.014639505525914635,""y"":0.004302978515625,""w"":0.9808468702362805,""h"":0.9921875}}]"
699	b9T01E8770-0000X10S000	699	"[{""photo"":""anno/EV/m0339/m0339_o.jpg"",""bbox"":{""x"":0.04125,""y"":0.043365478515625,""w"":0.9253750000000001,""h"":0.90234375}},{""photo"":""anno/EV/m0339/m0339_f_processed.jpg"",""bbox"":{""x"":0.1953125,""y"":0.03582164082178841,""w"":0.55859375,""h"":0.9641783591782116}},{""photo"":""anno/EV/m0339/m0339_l.jpg"",""bbox"":{""x"":0.2870096513075965,""y"":0.002349853515625,""w"":0.7129903486924035,""h"":0.994140625}},{""photo"":""anno/EV/m0339/m0339_r_processed.jpg"",""bbox"":{""x"":0.16536458333333334,""y"":0.07714720757241814,""w"":0.76171875,""h"":0.9130982367758186}},{""photo"":""anno/EV/m0339/m0339_f.jpg"",""bbox"":{""x"":0.062218749999999996,""y"":0.084381103515625,""w"":0.924796875,""h"":0.84765625}}]"
700	b8T11E9090-????X00S000	700	"[{""photo"":""anno/EV/m0594/m0594_r.jpg"",""bbox"":{""x"":0.0027284262402059063,""y"":0.05569860491631229,""w"":0.918200832640261,""h"":0.9414271803103839}},{""photo"":""anno/EV/m0594/m0594_r_1.jpg"",""bbox"":{""x"":0.0,""y"":0.08499613127451933,""w"":0.9532915455322948,""h"":0.9121296539521768}}]"
701	c9T01E8080-3000X00S000	701	"[{""photo"":""anno/EV/f0426/f0426_l.jpg"",""bbox"":{""x"":0.003407368110323046,""y"":0.027938078099675856,""w"":0.9646638662975403,""h"":0.9687715382447104}},{""photo"":""anno/EV/f0426/f0426_r.jpg"",""bbox"":{""x"":0.0,""y"":0.024386862444859214,""w"":0.978032759252985,""h"":0.9736707382536155}},{""photo"":""anno/EV/f0426/f0426_f.jpg"",""bbox"":{""x"":0.0,""y"":0.0377039202190782,""w"":1.0,""h"":0.9531461908536666}}]"
702	b9T11E9990-0000X00S000	702	"[{""photo"":""anno/EV/m0137/m0137_r.JPG"",""bbox"":{""x"":0.04672061871337002,""y"":0.04007325752526858,""w"":0.927264994995677,""h"":0.9570525277014276}}]"
703	b8T11E0000-0000X00S000	703	"[{""photo"":""anno/EV/m0413/m0413_l.jpg"",""bbox"":{""x"":0.002605869161722891,""y"":0.021425822712144542,""w"":0.9934932942537331,""h"":0.9085925601571704}}]"
704	c8T11E0000-5400X01S000	704	"[{""photo"":""anno/EV/f0574/f0574_r.jpg"",""bbox"":{""x"":0.0026489169418403807,""y"":0.001009889047659307,""w"":0.9973510830581596,""h"":0.9961158961790368}},{""photo"":""anno/EV/f0574/f0574_l.jpg"",""bbox"":{""x"":0.006085526814392064,""y"":0.00686939431930067,""w"":0.9859447939718019,""h"":0.9902563909073955}},{""photo"":""anno/EV/f0574/f0574_f.jpg"",""bbox"":{""x"":0.0014075467357108934,""y"":0.0029630574715397984,""w"":0.998592453264289,""h"":0.9922095593312759}}]"
705	c8T11E9090-0000X00S000	705	"[{""photo"":""anno/EV/f0851/f0851_r.jpg"",""bbox"":{""x"":0.002684882733973691,""y"":0.0049162258954202525,""w"":0.9964097047850389,""h"":0.9902563909073953}},{""photo"":""anno/EV/f0851/f0851_o.jpg"",""bbox"":{""x"":0.6002626587823997,""y"":0.010244159130313941,""w"":0.3958348118651832,""h"":0.9886280677958932}}]"
706	b9T11E9707-0000X00S000	706	"[{""photo"":""anno/EV/m0123/m0123_r.jpg"",""bbox"":{""x"":0.0014191677189823255,""y"":0.002963057471539788,""w"":0.9729616725602634,""h"":0.9941627277551562}},{""photo"":""anno/EV/m0123/m0123_l.jpg"",""bbox"":{""x"":0.040438774117992064,""y"":0.0,""w"":0.95830104447596,""h"":0.9971257852266961}},{""photo"":""anno/EV/m0123/m0123_f.jpg"",""bbox"":{""x"":0.0,""y"":0.0029630574715397984,""w"":0.9788553814825757,""h"":0.9922095593312759}},{""photo"":""anno/EV/m0123/m0123_o.jpg"",""bbox"":{""x"":0.010760077344176232,""y"":0.05924980939500953,""w"":0.9798921158257679,""h"":0.9375208434626228}}]"
707	b8T11E9090-4040X10S000	707	"[{""photo"":""anno/EV/m0156/m0156_r_1.jpg"",""bbox"":{""x"":0.0,""y"":0.09187105032216132,""w"":0.9555120335051439,""h"":0.9062701486805352}},{""photo"":""anno/EV/m0156/m0156_f.jpg"",""bbox"":{""x"":0.0,""y"":0.08601154505051989,""w"":0.9921014153287525,""h"":0.9062701486805356}},{""photo"":""anno/EV/m0156/m0156_f_2.JPG"",""bbox"":{""x"":0.0,""y"":0.005931639671420852,""w"":0.830871100627843,""h"":0.9922095593312759}},{""photo"":""anno/EV/m0156/m0156_r.jpg"",""bbox"":{""x"":0.0014733292283792107,""y"":0.06434913365404926,""w"":0.9750975676843071,""h"":0.9355676750387424}}]"
708	b9T11E7787-0000X00S000	708	"[{""photo"":""anno/EV/m0108/m0108_r.jpeg"",""bbox"":{""x"":0.002718690521482513,""y"":0.00491622589542029,""w"":0.9972813094785175,""h"":0.9922095593312759}}]"
709	b9T11E0000-4440X00S000	709	"[{""photo"":""anno/EV/m0406/m0406_l.jpg"",""bbox"":{""x"":0.0013929882233034154,""y"":0.0005937201653493096,""w"":0.9986070117766965,""h"":0.9941627277551565}},{""photo"":""anno/EV/m0406/m0406_o.jpg"",""bbox"":{""x"":0.001302088196924977,""y"":0.0006006309978650643,""w"":0.9960974706475828,""h"":0.9993993690021349}}]"
710	c8T11E9090-0000X00S000	710	"[{""photo"":""anno/EV/f0132/f0132_r.jpg"",""bbox"":{""x"":0.0019454019684232596,""y"":0.008822562743181162,""w"":0.961084987322571,""h"":0.988303222483515}},{""photo"":""anno/EV/f0132/f0132_l.jpg"",""bbox"":{""x"":0.014082663138021196,""y"":0.016635236438703016,""w"":0.9814934833998457,""h"":0.9804905487879931}},{""photo"":""anno/EV/f0132/f0132_l_a.jpg"",""bbox"":{""x"":0.03570099607916393,""y"":0.014682068014822525,""w"":0.9618121869759857,""h"":0.9824437172118736}}]"
711	c9T11E9000-5300X00S000	711	"[{""photo"":""anno/EV/f0051/f0051_u23_f.jpg"",""bbox"":{""x"":0.016190642652211713,""y"":0.028354246981985853,""w"":0.9838093573477883,""h"":0.9609588645491883}},{""photo"":""anno/EV/f0051/f0051_l.jpg"",""bbox"":{""x"":0.021180334322707904,""y"":0.016635236438703016,""w"":0.9788196656772921,""h"":0.9785373803641126}},{""photo"":""anno/EV/f0051/f0051_u23_r.jpg"",""bbox"":{""x"":0.0,""y"":0.06546444703571463,""w"":0.9718923130926296,""h"":0.9316613381909815}},{""photo"":""anno/EV/f0051/f0051_u23_l.jpg"",""bbox"":{""x"":0.00331138368662821,""y"":0.07718345757899747,""w"":0.9930272058650611,""h"":0.9179891592238182}}]"
712	b9T11E9000-0000X00S000	712	"[{""photo"":""anno/EV/m0374/m0374_r.jpg"",""bbox"":{""x"":0.0,""y"":0.07807124921788822,""w"":0.8739943244425306,""h"":0.9179891592238182}}]"
713	c8T11E8070-40?0X00S000	713	"[{""photo"":""anno/EV/f0047/f0047_u2_l.jpg"",""bbox"":{""x"":0.0,""y"":0.0,""w"":0.9973995588445078,""h"":1.0}},{""photo"":""anno/EV/f0047/f0047_r.jpg"",""bbox"":{""x"":0.016927146560024257,""y"":0.001106188298012559,""w"":0.9804724122844836,""h"":0.9988938117019874}}]"
714	b9T11E9000-0000X00S000	714	"[{""photo"":""anno/EV/m0041/m0041_l.jpg"",""bbox"":{""x"":0.006378098818406738,""y"":0.004205976058785366,""w"":0.9917458461169217,""h"":0.9922095593312759}},{""photo"":""anno/EV/m0041/m0041_f.jpg"",""bbox"":{""x"":0.003272788232250761,""y"":0.0029630574715397984,""w"":0.9699889746889918,""h"":0.9941627277551564}},{""photo"":""anno/EV/m0041/m0041_r.jpg"",""bbox"":{""x"":0.0,""y"":0.001009889047659307,""w"":0.9783938944328383,""h"":0.9941627277551564}}]"
715	c8T11E9000-3030X00S000	715	"[{""photo"":""anno/EV/f0848/f0848_f_1.jpg"",""bbox"":{""x"":0.019376790579887882,""y"":0.028354246981985853,""w"":0.9188055152781183,""h"":0.9375208434626229}},{""photo"":""anno/EV/f0848/f0848_f.jpg"",""bbox"":{""x"":0.17498664138246814,""y"":0.034213752253627217,""w"":0.82412391772462,""h"":0.9316613381909815}}]"
716	b8T11E7080-3540X00S000	716	"[{""photo"":""anno/EV/m0070/m0070_r.jpg"",""bbox"":{""x"":0.011241031898215336,""y"":0.0029630574715397984,""w"":0.8933074138520916,""h"":0.9941627277551564}},{""photo"":""anno/EV/m0070/m0070_l.jpg"",""bbox"":{""x"":0.1562505836309934,""y"":0.0417166622063827,""w"":0.8385447988196647,""h"":0.9582833377936173}},{""photo"":""anno/EV/m0070/m0070_f (1).jpg"",""bbox"":{""x"":0.0,""y"":0.02249474171034438,""w"":0.9629040754074754,""h"":0.9726778750924713}},{""photo"":""anno/EV/m0070/m0070_r (1).jpg"",""bbox"":{""x"":0.00260417639384988,""y"":0.0032524681867113236,""w"":0.9972993358373907,""h"":0.9967475318132887}},{""photo"":""anno/EV/m0070/m0070_f.jpg"",""bbox"":{""x"":0.0322191038949197,""y"":0.0869492996983997,""w"":0.8359667804476278,""h"":0.8925979697133722}}]"
717	c8T11E9000-5050X00S000	717	"[{""photo"":""anno/EV/f0656/f0656_l.jpg"",""bbox"":{""x"":0.08007419736209719,""y"":0.0381200891013882,""w"":0.9199258026379028,""h"":0.959005696125308}},{""photo"":""anno/EV/f0656/f0656_r.jpg"",""bbox"":{""x"":0.0,""y"":0.020541573286464,""w"":0.9997604892358515,""h"":0.9765842119402321}},{""photo"":""anno/EV/f0656/f0656_f.jpg"",""bbox"":{""x"":0.08591243870819065,""y"":0.0,""w"":0.8379340889376148,""h"":0.9971257852266961}},{""photo"":""anno/EV/f0656/f0656_r_2.jpg"",""bbox"":{""x"":0.0,""y"":0.15335702611033553,""w"":0.8754461974196744,""h"":0.8320497485730777}},{""photo"":""anno/EV/f0656/f0656_r_1.jpg"",""bbox"":{""x"":0.0031392531225748125,""y"":0.026401078558105355,""w"":0.9964584695138985,""h"":0.9648652013969492}}]"
718	c9T11E9897-0000X00S000	718	"[{""photo"":""anno/EV/f0655/f0655_IMG_1210_processed.jpg"",""bbox"":{""x"":0.0,""y"":0.03350350241699229,""w"":0.9883308435469585,""h"":0.959005696125308}}]"
719	c9T11E9090-3530X00S000	719	"[{""photo"":""anno/EV/f0480/f0480_l.jpg"",""bbox"":{""x"":0.19365243804676285,""y"":0.14678727100205924,""w"":0.8063475619532372,""h"":0.8476750959641215}},{""photo"":""anno/EV/f0480/f0480_f.jpg"",""bbox"":{""x"":0.09683988894709813,""y"":0.0,""w"":0.9031601110529018,""h"":0.9964155353900611}}]"
720	b8T11E9790-0000X00S000	720	"[{""photo"":""anno/EV/m0087/x_m0087_r.jpg"",""bbox"":{""x"":0.0,""y"":0.00029963921102438285,""w"":0.9592014371279913,""h"":0.9843968856357541}}]"
721	c8T11E9780-3040X00S000	721	"[{""photo"":""anno/EV/f0520/f0520_l.jpg"",""bbox"":{""x"":0.00321484375,""y"":0.0,""w"":0.99678515625,""h"":0.9964904785156249}},{""photo"":""anno/EV/f0520/f0520_r.jpg"",""bbox"":{""x"":0.0,""y"":0.002349853515625,""w"":0.988361328125,""h"":0.994140625}},{""photo"":""anno/EV/f0520/f0520_l_1.jpg"",""bbox"":{""x"":0.0,""y"":0.000396728515625,""w"":1.0,""h"":0.990234375}},{""photo"":""anno/EV/f0520/f0520_f.jpg"",""bbox"":{""x"":0.0019828680203045684,""y"":0.002349853515625,""w"":0.9953997461928934,""h"":0.9921875}}]"
722	c9T11E9900-0000X00S000	722	"[{""photo"":""anno/EV/f0230/f0230_r.jpg"",""bbox"":{""x"":0.0,""y"":0.00882256274318118,""w"":0.9523619090147903,""h"":0.9883032224835149}},{""photo"":""anno/EV/f0230/f0230_f.jpg"",""bbox"":{""x"":0.007661759039154152,""y"":0.00491622589542029,""w"":0.9923382409608459,""h"":0.9922095593312759}},{""photo"":""anno/EV/f0230/f0230_l.jpg"",""bbox"":{""x"":0.007383080995713219,""y"":0.00491622589542029,""w"":0.9926169190042868,""h"":0.9922095593312759}}]"
723	b9T11E9990-3040X00S000	723	"[{""photo"":""anno/EV/m0094/m0094_f.jpg"",""bbox"":{""x"":0.0064964798209708255,""y"":0.006869394319300716,""w"":0.9650890947331945,""h"":0.9863500540596344}},{""photo"":""anno/EV/m0094/m0094_r.jpg"",""bbox"":{""x"":0.004453612884466327,""y"":0.0,""w"":0.9843843226482998,""h"":0.9971257852266961}},{""photo"":""anno/EV/m0094/m0094_l.jpg"",""bbox"":{""x"":0.038789057215656,""y"":0.001009889047659307,""w"":0.958326402134967,""h"":0.9941627277551564}}]"
724	c8T11E0000-5030X00S000	724	"[{""photo"":""anno/EV/f0492/f0492.jpg"",""bbox"":{""x"":0.0,""y"":0.0029630574715397984,""w"":0.8337969843594095,""h"":0.9785373803641126}}]"
725	c8T01E9970-0000X00S001	725	[]
726	b8T11E7090-0000X00S000	726	"[{""photo"":""anno/EV/m0326/m0326_r.jpg"",""bbox"":{""x"":0.0,""y"":0.021240234375,""w"":0.91552734375,""h"":0.9765625}}]"
727	c8T11E9000-0000X00S000	727	"[{""photo"":""anno/EV/f0716/f0716_r.jpg"",""bbox"":{""x"":0.00844921875,""y"":0.032958984375,""w"":0.9561699218749999,""h"":0.96484375}},{""photo"":""anno/EV/f0716/f0716_l.jpg"",""bbox"":{""x"":0.028645833333333332,""y"":0.012037750385208011,""w"":0.9713541666666666,""h"":0.987962249614792}}]"
728	c9T11E7080-3000X00S000	728	"[{""photo"":""anno/EV/m0185/m0185_f.jpg"",""bbox"":{""x"":0.0034179687499999996,""y"":0.0,""w"":0.9484863281249999,""h"":0.998443603515625}},{""photo"":""anno/EV/m0185/m0185_l.jpg"",""bbox"":{""x"":0.0720234375,""y"":0.002349853515625,""w"":0.92773046875,""h"":0.990234375}}]"
729	b8T11E7070-5555X00S000	729	"[{""photo"":""anno/EV/m0218/m0218_f.jpg"",""bbox"":{""x"":0.03746093749999999,""y"":0.006256103515624999,""w"":0.9625390625,""h"":0.9921874999999999}},{""photo"":""anno/EV/m0218/m0218_f_1.JPG"",""bbox"":{""x"":0.00439453125,""y"":0.058990478515625,""w"":0.99462890625,""h"":0.9375}},{""photo"":""anno/EV/m0218/m0218_r.jpg"",""bbox"":{""x"":0.044916015625,""y"":0.041412353515625,""w"":0.955083984375,""h"":0.955078125}}]"
730	c9T11E0700-4000X00S000	730	"[{""photo"":""anno/EV/f0134/f0134_f.jpg"",""bbox"":{""x"":0.04640188276397515,""y"":0.000396728515625,""w"":0.8686432453416149,""h"":0.99609375}},{""photo"":""anno/EV/f0134/f0134_l.jpg"",""bbox"":{""x"":0.026041666666666668,""y"":0.010162353515625,""w"":0.9739583333333334,""h"":0.986328125}}]"
731	c0T11E0708-3400X00S000	731	[]
732	c8T11E9090-4030X00S000	732	"[{""photo"":""anno/EV/f0884/f0884_l_processed.jpg"",""bbox"":{""x"":0.017332031249999998,""y"":0.043365478515625,""w"":0.98266796875,""h"":0.953125}},{""photo"":""anno/EV/f0884/f0884_f_processed.jpg"",""bbox"":{""x"":0.0036328125,""y"":0.002349853515625,""w"":0.97359375,""h"":0.994140625}},{""photo"":""anno/EV/f0884/f0884_r_processed.jpg"",""bbox"":{""x"":0.0,""y"":0.006256103515625,""w"":1.0,""h"":0.990234375}}]"
733	c9T11E7000-3030X00S000	733	"[{""photo"":""anno/EV/f0023/f0023_u10_f.jpg"",""bbox"":{""x"":0.0016667806345733041,""y"":0.006256103515625,""w"":0.986734135667396,""h"":0.990234375}},{""photo"":""anno/EV/f0023/f0023_u10_f_a.jpg"",""bbox"":{""x"":0.08014840790719696,""y"":0.002349853515625,""w"":0.919851592092803,""h"":0.994140625}}]"
734	b9T11E0000-4354X00S000	734	"[{""photo"":""anno/EV/m0228/m0228_o_1.JPG"",""bbox"":{""x"":0.0,""y"":0.0,""w"":0.6884765625,""h"":0.994537353515625}},{""photo"":""anno/EV/m0228/m0228_o.JPG"",""bbox"":{""x"":0.15234375,""y"":0.0,""w"":0.8466796875,""h"":0.994537353515625}},{""photo"":""anno/EV/m0228/m0228_o (1).JPG"",""bbox"":{""x"":0.1787109375,""y"":0.002349853515625,""w"":0.8212890625,""h"":0.9921875}},{""photo"":""anno/EV/m0228/m0228_l (1).jpg"",""bbox"":{""x"":0.08471028645833333,""y"":0.066802978515625,""w"":0.9142317708333333,""h"":0.9296874999999999}},{""photo"":""anno/EV/m0228/m0228_l.jpg"",""bbox"":{""x"":0.08637890625,""y"":0.070709228515625,""w"":0.91362109375,""h"":0.92578125}},{""photo"":""anno/EV/m0228/m0228_o_1 (1).JPG"",""bbox"":{""x"":0.0,""y"":0.002349853515625,""w"":0.703125,""h"":0.994140625}}]"
735	b8T11E7880-3000X00S000	735	"[{""photo"":""anno/EV/m0096/m0096_l.jpg"",""bbox"":{""x"":0.00333203125,""y"":0.009765625000000002,""w"":0.99666796875,""h"":0.9880371093749999}},{""photo"":""anno/EV/m0096/m0096_f.jpg"",""bbox"":{""x"":0.0162890625,""y"":0.040771484375,""w"":0.9724570312499999,""h"":0.9550781249999999}},{""photo"":""anno/EV/m0096/m0096_r.jpg"",""bbox"":{""x"":0.0,""y"":0.015380859375,""w"":0.994765625,""h"":0.98046875}}]"
736	c9T11E9000-0000X00S000	736	"[{""photo"":""anno/EV/f0473/f0473_r.jpg"",""bbox"":{""x"":0.0,""y"":0.015380859375,""w"":0.933,""h"":0.982421875}}]"
737	c8T11E7070-3040X00S000	737	"[{""photo"":""anno/EV/f0477/f0477_r.jpg"",""bbox"":{""x"":0.0013020833333333333,""y"":0.032958984375,""w"":0.83203125,""h"":0.9609375}},{""photo"":""anno/EV/f0477/f0477_l_1.jpg"",""bbox"":{""x"":0.08060833861325659,""y"":0.05833083878166321,""w"":0.9080368525501051,""h"":0.9194290102510139}},{""photo"":""anno/EV/f0477/f0477_l.jpg"",""bbox"":{""x"":0.0,""y"":0.08378758514901644,""w"":0.83203125,""h"":0.9140151492259836}}]"
738	c9T11E0000-3000X00S000	738	"[{""photo"":""anno/EV/f0094/f0094_u14_l.jpg"",""bbox"":{""x"":0.009306735436893204,""y"":0.035552978515625,""w"":0.9906932645631068,""h"":0.9609375}}]"
739	c9T11E0000-3000X00S000	739	"[{""photo"":""anno/EV/f0531/f0531_f.jpg"",""bbox"":{""x"":0.0,""y"":0.000396728515625,""w"":0.9903169014084506,""h"":0.99609375}},{""photo"":""anno/EV/f0531/f0531_r.jpg"",""bbox"":{""x"":0.0,""y"":0.004302978515625,""w"":1.0,""h"":0.9921875}},{""photo"":""anno/EV/f0531/f0531_l.jpg"",""bbox"":{""x"":0.00406477627471384,""y"":0.002349853515625,""w"":0.98977302289282,""h"":0.994140625}}]"
740	c9T11E0800-3000X00S000	740	"[{""photo"":""anno/EV/f0154/f0154_f_a.jpg"",""bbox"":{""x"":0.025531045751633986,""y"":0.012115478515625,""w"":0.974468954248366,""h"":0.984375}},{""photo"":""anno/EV/f0154/f0154_r.jpg"",""bbox"":{""x"":0.0,""y"":0.043365478515625,""w"":0.9821718749999999,""h"":0.94921875}},{""photo"":""anno/EV/f0154/f0154_f.jpg"",""bbox"":{""x"":0.007312499999999999,""y"":0.058990478515625,""w"":0.9542812499999999,""h"":0.9375}}]"
741	c9T10E9000-0000X00S010	741	"[{""photo"":""anno/EV/f0249/f0249_f.jpg"",""bbox"":{""x"":0.12035472972972971,""y"":0.004302978515625,""w"":0.8796452702702703,""h"":0.9921875}}]"
742	c8T11E7080-4435X00S000	742	"[{""photo"":""anno/EV/f0011/f0011__u31_f.jpg"",""bbox"":{""x"":0.03931781045751634,""y"":0.0,""w"":0.9606821895424836,""h"":0.996490478515625}},{""photo"":""anno/EV/f0011/f00116 with newborn Alyssa Jones 20141119.jpg"",""bbox"":{""x"":0.41748046875,""y"":0.019927978515625,""w"":0.54052734375,""h"":0.80078125}},{""photo"":""anno/EV/f0011/f0011_u31_l.jpg"",""bbox"":{""x"":0.0,""y"":0.002349853515625,""w"":0.9995453933189655,""h"":0.9765625}}]"
743	b8T11E9080-4050X01S000	743	"[{""photo"":""anno/EV/m0433/ m0433_f.JPG"",""bbox"":{""x"":0.00439453125,""y"":0.004302978515625,""w"":0.99560546875,""h"":0.9921875}}]"
744	b9T11E0000-3030X00S000	744	"[{""photo"":""anno/EV/m0407/m0407_l.jpg"",""bbox"":{""x"":0.1025390625,""y"":0.014068603515625,""w"":0.8935546875,""h"":0.982421875}},{""photo"":""anno/EV/m0407/m0407_l copy.JPG"",""bbox"":{""x"":0.11279296875,""y"":0.002349853515625,""w"":0.884765625,""h"":0.994140625}}]"
745	c9T11E0000-0000X00S000	745	"[{""photo"":""anno/EV/f0168/f0168_r.jpg"",""bbox"":{""x"":0.0017929687499999996,""y"":0.006256103515625,""w"":0.9915117187499998,""h"":0.904296875}}]"
746	c9T11E7070-0000X11S111	746	"[{""photo"":""anno/EV/f0020/f0020_u4_ljpg"",""bbox"":{""x"":0.09957792933810375,""y"":0.004302978515625,""w"":0.9004220706618963,""h"":0.990234375}},{""photo"":""anno/EV/f0020/f0020_u4_r.jpg"",""bbox"":{""x"":0.0017834595959595957,""y"":0.004302978515625,""w"":0.9809027777777777,""h"":0.984375}}]"
747	b8T11E7080-3040X00S000	747	"[{""photo"":""anno/EV/m0043/m0043_r.jpg"",""bbox"":{""x"":0.0032734374999999994,""y"":0.000396728515625,""w"":0.9607539062499999,""h"":0.99609375}},{""photo"":""anno/EV/m0043/m0043_l.jpg"",""bbox"":{""x"":0.08583548694232862,""y"":0.006256103515625,""w"":0.9106025571273124,""h"":0.990234375}},{""photo"":""anno/EV/m0043/m0043_f.jpg"",""bbox"":{""x"":0.046773777974087154,""y"":0.025787353515625,""w"":0.9532262220259129,""h"":0.970703125}}]"
748	c8T11E8700-3030X00S000	748	"[{""photo"":""anno/EV/f0631/f0631_f_1.jpg"",""bbox"":{""x"":0.04038085937500001,""y"":0.078521728515625,""w"":0.9562187500000001,""h"":0.91796875}},{""photo"":""anno/EV/f0631/f0631_l.jpg"",""bbox"":{""x"":0.00823828125,""y"":0.004302978515625,""w"":0.9885937499999999,""h"":0.9921875}},{""photo"":""anno/EV/f0631/f0631_l_1.jpg"",""bbox"":{""x"":0.0,""y"":0.07421875,""w"":0.9963593749999998,""h"":0.9203186035156249}},{""photo"":""anno/EV/f0631/f0631_f.jpg"",""bbox"":{""x"":0.11334960937500001,""y"":0.084381103515625,""w"":0.8850585937500001,""h"":0.912109375}}]"
749	c8T11E9980-5030X00S000	749	"[{""photo"":""anno/EV/f0084/f0084_f.jpg"",""bbox"":{""x"":0.003343749999999999,""y"":0.008209228515625,""w"":0.9914218749999998,""h"":0.9882812499999999}},{""photo"":""anno/EV/f0084/f0084_u28_f_a.jpg"",""bbox"":{""x"":0.03242891328828829,""y"":0.045318603515625,""w"":0.9353181306306307,""h"":0.951171875}},{""photo"":""anno/EV/f0084/f0084_r.jpg"",""bbox"":{""x"":0.0013750000000000001,""y"":0.002349853515625,""w"":0.9968750000000001,""h"":0.990234375}},{""photo"":""anno/EV/f0084/f0084_u28_f.jpg"",""bbox"":{""x"":0.03162364130434783,""y"":0.002349853515625,""w"":0.9683763586956522,""h"":0.990234375}},{""photo"":""anno/EV/f0084/f0084_l.jpg"",""bbox"":{""x"":0.005671874999999999,""y"":0.0,""w"":0.994328125,""h"":0.996490478515625}},{""photo"":""anno/EV/f0084/f0084_u28_r.jpg"",""bbox"":{""x"":0.0,""y"":0.002349853515625,""w"":1.0,""h"":0.994140625}}]"
750	c9T11E9000-5030X00S000	750	"[{""photo"":""anno/EV/f0372/f0372_r.jpg"",""bbox"":{""x"":0.00358203125,""y"":0.017974853515625,""w"":0.958193359375,""h"":0.978515625}},{""photo"":""anno/EV/f0372/f0372_l.jpg"",""bbox"":{""x"":0.1953125,""y"":0.23696181533095595,""w"":0.703125,""h"":0.5904341841841841}},{""photo"":""anno/EV/f0372/f0372_r_1.jpg"",""bbox"":{""x"":0.0,""y"":0.045318603515625,""w"":0.9547656250000001,""h"":0.951171875}},{""photo"":""anno/EV/f0372/f0372.jpg"",""bbox"":{""x"":0.24609375,""y"":0.22523133485047547,""w"":0.6458333333333334,""h"":0.5669732232232232}}]"
751	c8T11E7000-5050X00S000	751	"[{""photo"":""anno/EV/f0304/f0304_r_1.jpg"",""bbox"":{""x"":0.0,""y"":0.082427978515625,""w"":0.84767578125,""h"":0.9140625}},{""photo"":""anno/EV/f0304/f0304_l.jpg"",""bbox"":{""x"":0.043621093750000006,""y"":0.002349853515625,""w"":0.95637890625,""h"":0.994140625}},{""photo"":""anno/EV/f0304/f0304_o.jpg"",""bbox"":{""x"":0.18238401300236406,""y"":0.000396728515625,""w"":0.8080304373522459,""h"":0.99609375}},{""photo"":""anno/EV/f0304/f0304_r.jpg"",""bbox"":{""x"":0.0035,""y"":0.008209228515625,""w"":0.86275,""h"":0.986328125}}]"
752	b9T11E7770-0000X00S000	752	"[{""photo"":""anno/EV/m0370/m0370_r.jpg"",""bbox"":{""x"":0.0,""y"":0.058990478515625,""w"":0.9344355468750001,""h"":0.9375}}]"
753	c9T11E0700-0400X00S000	753	"[{""photo"":""anno/EV/f0529/f0529_r.jpg"",""bbox"":{""x"":0.004379204035874439,""y"":0.0,""w"":0.9918897141255605,""h"":0.994537353515625}},{""photo"":""anno/EV/f0529/f0529_f.jpg"",""bbox"":{""x"":0.00343359375,""y"":0.000396728515625,""w"":0.990591796875,""h"":0.99609375}},{""photo"":""anno/EV/f0529/f0529_l.jpg"",""bbox"":{""x"":0.0,""y"":0.000396728515625,""w"":1.0,""h"":0.99609375}}]"
754	b8T11E9090-4040X00S001	754	"[{""photo"":""anno/EV/m0564/ m0564_f.jpg"",""bbox"":{""x"":0.07663671875,""y"":0.05117797851562499,""w"":0.86299609375,""h"":0.9433593749999999}},{""photo"":""anno/EV/m0564/ m0564_r_1.jpg"",""bbox"":{""x"":0.03235546875,""y"":0.027740478515624997,""w"":0.8809511718749997,""h"":0.9667968749999999}},{""photo"":""anno/EV/m0564/ m0564_o.jpg"",""bbox"":{""x"":0.2925,""y"":0.002349853515625,""w"":0.38437499999999997,""h"":0.712890625}},{""photo"":""anno/EV/m0564/ m0564_l.jpg"",""bbox"":{""x"":0.02390625,""y"":0.019927978515625,""w"":0.97609375,""h"":0.9765625}},{""photo"":""anno/EV/m0564/ m0564_r.jpg"",""bbox"":{""x"":0.0018105468749999997,""y"":0.00039672851562499995,""w"":0.9939902343749998,""h"":0.9960937499999999}}]"
755	c8T11E0000-3330X00S000	755	"[{""photo"":""anno/EV/f0117/f0117_u22_l.jpg"",""bbox"":{""x"":0.004689516996557659,""y"":0.000396728515625,""w"":0.989488086273666,""h"":0.99609375}}]"
756	c9T11E9000-0000X00S000	756	"[{""photo"":""anno/EV/f0404/f0404_r.jpg"",""bbox"":{""x"":0.0026041666666666665,""y"":0.0023557428728070173,""w"":0.99609375,""h"":0.9868421052631579}}]"
757	c9T11E0000-0000X00S000	757	"[{""photo"":""anno/EV/f0345/f0345_r_2.jpg"",""bbox"":{""x"":0.00622014331210191,""y"":0.109771728515625,""w"":0.9288747346072185,""h"":0.88671875}}]"
758	b9T11E0000-4050X00S000	758	"[{""photo"":""anno/EV/m0340/m0340_l.jpg"",""bbox"":{""x"":0.046875,""y"":0.185943603515625,""w"":0.9505208333333334,""h"":0.810546875}},{""photo"":""anno/EV/m0340/m0340_l (1).jpg"",""bbox"":{""x"":0.0033203125,""y"":0.006256103515625,""w"":0.9966796875,""h"":0.990234375}},{""photo"":""anno/EV/m0340/m0340_f.jpg"",""bbox"":{""x"":0.17138671875,""y"":0.142974853515625,""w"":0.5419921875,""h"":0.841796875}}]"
759	c8T11E8090-3540X01S000	759	"[{""photo"":""anno/EV/f0264/f0264_r.jpg"",""bbox"":{""x"":0.0,""y"":0.052734375,""w"":1.0,""h"":0.937255859375}},{""photo"":""anno/EV/f0264/f0264_f.jpg"",""bbox"":{""x"":0.016119140625,""y"":0.001953125,""w"":0.983880859375,""h"":0.989990234375}},{""photo"":""anno/EV/f0264/f0264_l.jpg"",""bbox"":{""x"":0.024636718749999998,""y"":0.015380859375,""w"":0.97536328125,""h"":0.978515625}}]"
760	c9T01E0700-3000X01S001	760	[]
761	b8T11E7090-4000X00S000	761	[]
762	c8T11E8090-0000X00S000	762	[]
763	c8T11E9090-3350X00S000	763	"[{""photo"":""anno/EV/f0508/f0508_r_1.jpg"",""bbox"":{""x"":0.003125,""y"":0.0,""w"":0.996875,""h"":0.670318603515625}},{""photo"":""anno/EV/f0508/f0508_r.jpg"",""bbox"":{""x"":0.0013020833333333333,""y"":0.010172526041666666,""w"":0.9908854166666666,""h"":0.9853603603603603}},{""photo"":""anno/EV/f0508/f0508_f.jpg"",""bbox"":{""x"":0.004734848484848484,""y"":0.002349853515625,""w"":0.9952651515151515,""h"":0.990234375}}]"
764	b9T11E9000-3300X00S000	764	[]
765	c8T11E7080-0000X00S000	765	[]
766	c9T11E9800-0000X00S000	766	[]
767	c9T11E7080-3030X00S000	767	[]
768	b9T11E0000-5000X00S000	768	[]
769	c9T11E0000-0000X00S000	769	[]
770	b8T11E0000-3000X00S000	770	"[{""photo"":""anno/EV/m0202/m0202_f.jpg"",""bbox"":{""x"":0.05034375,""y"":0.0,""w"":0.920171875,""h"":0.990234375}},{""photo"":""anno/EV/m0202/m0202_r (1).jpg"",""bbox"":{""x"":0.0,""y"":0.039469391107559204,""w"":1.0,""h"":0.958984375}},{""photo"":""anno/EV/m0202/m0202_r.jpg"",""bbox"":{""x"":0.0026041666666666665,""y"":0.039160401002506263,""w"":0.9713541666666666,""h"":0.9578797153960494}},{""photo"":""anno/EV/m0202/m0202_f (1).jpg"",""bbox"":{""x"":0.004927734375,""y"":0.008219391107559204,""w"":0.959265625,""h"":0.9882812499999999}},{""photo"":""anno/EV/m0202/m0202_o (1).jpg"",""bbox"":{""x"":0.0,""y"":0.0648600161075592,""w"":1.0,""h"":0.931640625}},{""photo"":""anno/EV/m0202/m0202_o.jpg"",""bbox"":{""x"":0.0,""y"":0.120849609375,""w"":1.0,""h"":0.87109375}}]"
771	c9T00E0700-3000X00S000	771	"[{""photo"":""anno/EV/f0252/f0252_r_a.jpg"",""bbox"":{""x"":0.0,""y"":0.0,""w"":0.9824843749999999,""h"":1.0}},{""photo"":""anno/EV/f0252/f0252_f.jpg"",""bbox"":{""x"":0.0,""y"":0.013427734375,""w"":1.0,""h"":0.986572265625}},{""photo"":""anno/EV/f0252/f0252_r.JPG"",""bbox"":{""x"":0.0,""y"":0.013671875,""w"":1.0,""h"":0.9854329824447632}}]"
772	c8T11E9080-0000X00S000	772	"[{""photo"":""anno/EV/f0338/f0338_f.jpg"",""bbox"":{""x"":0.006328125,""y"":0.021891266107559204,""w"":0.993671875,""h"":0.9781087338924408}},{""photo"":""anno/EV/f0338/f0338_r.jpg"",""bbox"":{""x"":0.0,""y"":0.0472818911075592,""w"":1.0,""h"":0.9472656249999999}}]"
773	c9T11E0000-3300X00S000	773	"[{""photo"":""anno/EV/f0284/f0284_l.jpg"",""bbox"":{""x"":0.089748046875,""y"":0.009765625,""w"":0.910251953125,""h"":0.9808756411075592}}]"
774	c8T11E0000-0000X10S000	774	"[{""photo"":""anno/EV/f0852/f0852_r.jpg"",""bbox"":{""x"":0.0,""y"":0.0004068911075592041,""w"":1.0,""h"":0.998046875}},{""photo"":""anno/EV/f0852/f0852_f.jpg"",""bbox"":{""x"":0.0,""y"":0.033610016107559204,""w"":1.0,""h"":0.9663899838924407}}]"
775	c9T11E8000-????X0?S0?0	775	[]
776	c9T11E0007-0000X00S000	776	[]
777	c8T11E0000-0400X00S000	777	"[{""photo"":""anno/EV/f0156/f0156_f.jpg"",""bbox"":{""x"":0.0,""y"":0.023193359375,""w"":1.0,""h"":0.976806640625}},{""photo"":""anno/EV/f0156/f0156_r.jpg"",""bbox"":{""x"":0.0,""y"":0.023193359375,""w"":0.9805468749999999,""h"":0.9765625}},{""photo"":""anno/EV/f0156/f0156_l.jpg"",""bbox"":{""x"":0.004325858250276855,""y"":0.033610016107559204,""w"":0.9956741417497231,""h"":0.962890625}}]"
778	c8T11E7998-5055X01S000	778	[]
779	c9T11E????-4354X?0S?00	779	"[{""photo"":""anno/EV/f0091/f0091_u28_l.jpg"",""bbox"":{""x"":0.0014067184053402453,""y"":0.0266526176493979,""w"":0.9985932815946598,""h"":0.9733473823506021}}]"
780	b9T11E9070-0305X00S000	780	[]
781	c6T00E0000-0000X00S000	781	[]
782	c8T11E8800-0000X00S000	782	[]
783	b0T11E9990-3050X00S000	783	[]
784	b8T11E7080-4540X00S000	784	[]
785	c0T11E7090-3040X00S000	785	[]
786	c8T11E7770-5030X00S000	786	[]
787	b0T11E0000-4000X00S000	787	[]
788	b9T11E0000-3000X00S000	788	[]
789	c9T11E7090-0000X00S000	789	[]
790	c9T11E9000-0000X00S000	790	"[{""photo"":""anno/EV/f0274/f_f0274_r.jpg"",""bbox"":{""x"":0.0,""y"":0.017333984375,""w"":0.8730937500000001,""h"":0.98046875}}]"
791	b8T11E9080-0403X10S000	791	"[{""photo"":""anno/EV/m0216/m0216_1259.jpg"",""bbox"":{""x"":0.148935546875,""y"":0.03515625,""w"":0.719609375,""h"":0.962646484375}},{""photo"":""anno/EV/m0216/m0216_1261.JPG"",""bbox"":{""x"":0.10693359375,""y"":0.085693359375,""w"":0.81005859375,""h"":0.78515625}},{""photo"":""anno/EV/m0216/m0216_l.jpg"",""bbox"":{""x"":0.045572916666666664,""y"":0.008021578563857976,""w"":0.93359375,""h"":0.991978421436142}},{""photo"":""anno/EV/m0216/m0216_l_1.jpg"",""bbox"":{""x"":0.10862109375000001,""y"":0.064208984375,""w"":0.88628515625,""h"":0.9296875}},{""photo"":""anno/EV/m0216/m0216_f.jpg"",""bbox"":{""x"":0.0473125,""y"":0.0,""w"":0.90189453125,""h"":0.997802734375}},{""photo"":""anno/EV/m0216/m0216_r.jpg"",""bbox"":{""x"":0.0,""y"":0.02518013420985608,""w"":0.9665026499107112,""h"":0.9748198657901439}}]"
792	b9T11E7000-0000X00S000	792	"[{""photo"":""anno/EV/m0275/m0275_f.jpg"",""bbox"":{""x"":0.0,""y"":0.0958166553297227,""w"":0.9222629865097606,""h"":0.8936852977952773}}]"
793	b9T11E0000-3030X00S000	793	"[{""photo"":""anno/EV/m0204/m0204_r.jpg"",""bbox"":{""x"":0.0,""y"":0.0,""w"":0.86484375,""h"":0.991943359375}},{""photo"":""anno/EV/m0204/m0204_l.jpg"",""bbox"":{""x"":0.022119779436658188,""y"":0.0,""w"":0.9778802205633418,""h"":1.0}}]"
794	b9T11E0000-4030X00S000	794	"[{""photo"":""anno/EV/m0018/m0018_f.jpg"",""bbox"":{""x"":0.0,""y"":0.011474609375,""w"":1.0,""h"":0.9863281250000001}},{""photo"":""anno/EV/m0018/m0018_l_a.jpg"",""bbox"":{""x"":0.0,""y"":0.031005859375,""w"":1.0,""h"":0.96484375}}]"
795	b8T11E0000-3000X01S000	795	"[{""photo"":""anno/EV/m0309/m0309.jpg"",""bbox"":{""x"":0.11458333333333333,""y"":0.214599609375,""w"":0.7682291666666666,""h"":0.765625}}]"
796	c1T11E0000-0304X00S001	796	"[{""photo"":""anno/EV/f0213/f0213_l.jpg"",""bbox"":{""x"":0.014300073099415205,""y"":0.031005859375,""w"":0.9856999269005848,""h"":0.96875}},{""photo"":""anno/EV/f0213/f0213_o.jpg"",""bbox"":{""x"":0.048177083333333336,""y"":0.027624474388379207,""w"":0.9088541666666666,""h"":0.9723755256116208}}]"
797	c9T11E9090-3330X00S000	797	"[{""photo"":""anno/EV/f0628/f0628_l.jpg"",""bbox"":{""x"":0.132568359375,""y"":0.044677734375,""w"":0.867431640625,""h"":0.953125}},{""photo"":""anno/EV/f0628/f0628_f.jpg"",""bbox"":{""x"":0.0,""y"":0.021240234375,""w"":1.0,""h"":0.97265625}},{""photo"":""anno/EV/f0628/f0628_r.jpg"",""bbox"":{""x"":0.040364583333333336,""y"":0.0065983952702702705,""w"":0.9440104166666666,""h"":0.9934016047297297}},{""photo"":""anno/EV/f0628/f0628_f_1.jpg"",""bbox"":{""x"":0.029650390625,""y"":0.048583984375,""w"":0.970349609375,""h"":0.943359375}}]"
798	c9T11E0000-3454X01S000	798	"[{""photo"":""anno/EV/f0335/f0335_l.jpg"",""bbox"":{""x"":0.015791015624999998,""y"":0.04727172851562499,""w"":0.984208984375,""h"":0.9433593749999999}}]"
799	b8T11E9000-3000X00S000	799	"[{""photo"":""anno/EV/m0242/m0242_f.jpg"",""bbox"":{""x"":0.0,""y"":0.037506103515625,""w"":0.9828814338235295,""h"":0.95703125}}]"
800	c9T11E0000-5430X00S000	800	"[{""photo"":""anno/EV/f0750/f0750.JPG"",""bbox"":{""x"":0.1142578125,""y"":0.048828125,""w"":0.884765625,""h"":0.945709228515625}}]"
801	b8T01E9070-4030X01S000	801	"[{""photo"":""anno/EV/m0553/m0553_l.jpg"",""bbox"":{""x"":0.0,""y"":0.006256103515625,""w"":1.0,""h"":0.990234375}},{""photo"":""anno/EV/m0553/m0553_r.jpg"",""bbox"":{""x"":0.0,""y"":0.000396728515625,""w"":1.0,""h"":0.98828125}}]"
802	c9T11E9080-3535X00S000	802	"[{""photo"":""anno/EV/f0598/f0598_f.jpg"",""bbox"":{""x"":0.0,""y"":0.072662353515625,""w"":0.98894921875,""h"":0.923828125}},{""photo"":""anno/EV/f0598/f0598_r_1.jpg"",""bbox"":{""x"":0.0,""y"":0.012115478515625,""w"":1.0,""h"":0.984375}},{""photo"":""anno/EV/f0598/f0598_r.jpg"",""bbox"":{""x"":0.004874999999999999,""y"":0.0,""w"":0.995125,""h"":0.994537353515625}}]"
803	b8T11E8080-3050X00S000	803	"[{""photo"":""anno/EV/m0511/m0511_o.jpg"",""bbox"":{""x"":0.0,""y"":0.064849853515625,""w"":1.0,""h"":0.931640625}},{""photo"":""anno/EV/m0511/m0511_f.jpg"",""bbox"":{""x"":0.034609375,""y"":0.10156249999999999,""w"":0.8738867187499999,""h"":0.8890686035156249}},{""photo"":""anno/EV/m0511/m0511_l_1.jpg"",""bbox"":{""x"":0.0,""y"":0.0,""w"":0.99404296875,""h"":0.994537353515625}},{""photo"":""anno/EV/m0511/m0511_l.jpg"",""bbox"":{""x"":0.021357421874999998,""y"":0.016021728515625,""w"":0.978642578125,""h"":0.9785156249999999}},{""photo"":""anno/EV/m0511/m0511_r.jpg"",""bbox"":{""x"":0.0,""y"":0.037506103515625,""w"":0.9568125,""h"":0.958984375}}]"
804	c9T00E0000-0000X00S001	804	"[{""photo"":""anno/EV/f0165/f0165_DSC_0028.jpg"",""bbox"":{""x"":0.029000946969696965,""y"":0.03515625,""w"":0.970999053030303,""h"":0.961334228515625}}]"
805	b9T11E0800-0000X00S000	805	"[{""photo"":""anno/EV/m0171/m0171_r.jpg"",""bbox"":{""x"":0.0,""y"":0.017974853515625,""w"":0.9448539919969513,""h"":0.9765625}},{""photo"":""anno/EV/m0171/m0171_r_1.jpg"",""bbox"":{""x"":0.006510416666666667,""y"":0.018865174238621153,""w"":0.98828125,""h"":0.9811348257613789}}]"
806	c8T11E0000-4050X00S000	806	"[{""photo"":""anno/EV/f0114/f0114_u25_l.jpg"",""bbox"":{""x"":0.040185349190283395,""y"":0.029693603515625,""w"":0.9598146508097166,""h"":0.96875}}]"
807	c9T11E0000-0000X00S001	807	"[{""photo"":""anno/EV/f0019/f0019_u4_l.jpg"",""bbox"":{""x"":0.008992513020833332,""y"":0.041015625,""w"":0.9910074869791666,""h"":0.951568603515625}}]"
808	c9T11E0000-3000X00S000	808	"[{""photo"":""anno/EV/f0582/f0582_r.jpg"",""bbox"":{""x"":0.0,""y"":0.004302978515625,""w"":1.0,""h"":0.98828125}},{""photo"":""anno/EV/f0582/f0582_l.jpg"",""bbox"":{""x"":0.027357421875000003,""y"":0.035552978515625,""w"":0.962720703125,""h"":0.94921875}},{""photo"":""anno/EV/f0582/f0582_f.jpg"",""bbox"":{""x"":0.0,""y"":0.010162353515625,""w"":1.0,""h"":0.978515625}}]"
809	b8T11E0000-5540X00S000	809	"[{""photo"":""anno/EV/m0196/m0196_l_2.jpg"",""bbox"":{""x"":0.051615438911704316,""y"":0.058990478515625,""w"":0.9483845610882957,""h"":0.9375}},{""photo"":""anno/EV/m0196/m0196_l.jpg"",""bbox"":{""x"":0.059626924818840576,""y"":0.005859375,""w"":0.9403730751811594,""h"":0.986724853515625}},{""photo"":""anno/EV/m0196/m0196_f.jpg"",""bbox"":{""x"":0.14010158188585606,""y"":0.037506103515625,""w"":0.8060638957816376,""h"":0.958984375}}]"
810	c9T10E0000-0000X00S001	810	"[{""photo"":""anno/EV/f0350/f0350_l.jpg"",""bbox"":{""x"":0.109833984375,""y"":0.012115478515625,""w"":0.890166015625,""h"":0.982421875}}]"
811	c9T11E0000-0000X00S000	811	"[{""photo"":""anno/EV/f0221/f0221_r.jpg"",""bbox"":{""x"":0.0,""y"":0.008209228515625,""w"":0.9817929687499999,""h"":0.986328125}}]"
812	c9T11E9090-3030X00S000	812	"[{""photo"":""anno/EV/f0203/f0203_r.jpg"",""bbox"":{""x"":0.0,""y"":0.025787353515625,""w"":0.968625,""h"":0.970703125}},{""photo"":""anno/EV/f0203/f0203_l.jpg"",""bbox"":{""x"":0.0,""y"":0.010162353515625,""w"":1.0,""h"":0.986328125}}]"
813	c9T11E7070-5040X00S000	813	"[{""photo"":""anno/EV/f0245/f0245_r.jpg"",""bbox"":{""x"":0.005440848214285713,""y"":0.014068603515625,""w"":0.9945591517857143,""h"":0.982421875}},{""photo"":""anno/EV/f0245/f0245_l.jpg"",""bbox"":{""x"":0.0823828125,""y"":0.002349853515625,""w"":0.9176171875,""h"":0.9921875}},{""photo"":""anno/EV/f0245/f0245_f.jpg"",""bbox"":{""x"":0.0,""y"":0.023834228515625,""w"":1.0,""h"":0.96875}}]"
814	b9T11E9700-4353X00S000	814	"[{""photo"":""anno/EV/m0300/m0300_f.jpg"",""bbox"":{""x"":0.0,""y"":0.008209228515625,""w"":1.0,""h"":0.98828125}},{""photo"":""anno/EV/m0300/m0300_r_1.jpg"",""bbox"":{""x"":0.0,""y"":0.019927978515625,""w"":0.9822656249999999,""h"":0.96875}},{""photo"":""anno/EV/m0300/m0300_r.jpg"",""bbox"":{""x"":0.020462239583333333,""y"":0.019927978515625,""w"":0.9795377604166666,""h"":0.9765625}}]"
815	c9T11E0000-4050X00S000	815	"[{""photo"":""anno/EV/f0129/f0129_l.jpg"",""bbox"":{""x"":0.0330859375,""y"":0.023834228515625,""w"":0.9669140625,""h"":0.97265625}}]"
816	b8T11E0000-0400X00S000	816	"[{""photo"":""anno/EV/m0286/m0286_l.jpg"",""bbox"":{""x"":0.0,""y"":0.04296875,""w"":0.99298828125,""h"":0.953521728515625}},{""photo"":""anno/EV/m0286/m0286_f.jpg"",""bbox"":{""x"":0.0,""y"":0.017974853515625,""w"":0.9623925781250001,""h"":0.978515625}},{""photo"":""anno/EV/m0286/m0286_r.jpg"",""bbox"":{""x"":0.0018066406249999999,""y"":0.006256103515625,""w"":0.998193359375,""h"":0.986328125}}]"
817	c9T11E8000-0505X00S000	817	"[{""photo"":""anno/EV/f0575/f0575_l.jpg"",""bbox"":{""x"":0.010416666666666666,""y"":0.00041261416081643266,""w"":0.9856770833333334,""h"":0.9995873858391836}},{""photo"":""anno/EV/f0575/f0575_r.jpg"",""bbox"":{""x"":0.005408203125,""y"":0.0,""w"":0.994591796875,""h"":0.996490478515625}}]"
818	c9T11E9900-0000X00S000	818	"[{""photo"":""anno/EV/f0720/f0720_r.jpg"",""bbox"":{""x"":0.046218749999999996,""y"":0.033599853515625,""w"":0.95378125,""h"":0.955078125}},{""photo"":""anno/EV/f0720/f0720_f.jpg"",""bbox"":{""x"":0.034115720524017464,""y"":0.035552978515625,""w"":0.9658842794759825,""h"":0.9609375}},{""photo"":""anno/EV/f0720/f0720_l.jpg"",""bbox"":{""x"":0.0481640625,""y"":0.05859375,""w"":0.9518359375,""h"":0.928131103515625}}]"
819	c9T11E9000-0000X00S000	819	"[{""photo"":""anno/EV/f0160/f0160?_l.jpg"",""bbox"":{""x"":0.020907901982378855,""y"":0.004302978515625,""w"":0.9790920980176211,""h"":0.990234375}},{""photo"":""anno/EV/f0160/f0160_r.jpg"",""bbox"":{""x"":0.0,""y"":0.023834228515624997,""w"":1.0,""h"":0.9726562499999999}}]"
820	c9T11E7907-0000X00S000	820	"[{""photo"":""anno/EV/f0328/f0328_r.jpg"",""bbox"":{""x"":0.0,""y"":0.0,""w"":1.0,""h"":0.992584228515625}}]"
821	c9T11E0707-5040X00S000	821	"[{""photo"":""anno/EV/f0719/f0719_l.jpg"",""bbox"":{""x"":0.0171796875,""y"":0.055084228515625,""w"":0.9828203125,""h"":0.939453125}}]"
822	b8T11E7090-5000X00S000	822	"[{""photo"":""anno/EV/m0503/m0503_l.jpg"",""bbox"":{""x"":0.0,""y"":0.031646728515625,""w"":1.0,""h"":0.96484375}},{""photo"":""anno/EV/m0503/m0503_f.jpg"",""bbox"":{""x"":0.060224609375,""y"":0.017974853515625,""w"":0.89820703125,""h"":0.97265625}},{""photo"":""anno/EV/m0503/m0503_r.jpg"",""bbox"":{""x"":0.0,""y"":0.010162353515625,""w"":1.0,""h"":0.984375}},{""photo"":""anno/EV/m0503/m0503_f_1.jpg"",""bbox"":{""x"":0.0,""y"":0.000396728515625,""w"":1.0,""h"":0.99609375}}]"
823	c8T11E7780-5040X00S000	823	"[{""photo"":""anno/EV/f0414/f0414_f.jpg"",""bbox"":{""x"":0.021,""y"":0.027740478515625,""w"":0.979,""h"":0.966796875}},{""photo"":""anno/EV/f0414/f0414_l (1).jpg"",""bbox"":{""x"":0.09796013083451204,""y"":0.008209228515625,""w"":0.897967865983027,""h"":0.98828125}},{""photo"":""anno/EV/f0414/f0414_l.jpg"",""bbox"":{""x"":0.08421874999999998,""y"":0.043365478515625,""w"":0.9126249999999998,""h"":0.9453124999999999}}]"
824	c9T11E9000-0000X00S001	824	"[{""photo"":""anno/EV/f0819/f0819_f.jpg"",""bbox"":{""x"":0.07236328125000001,""y"":0.078521728515625,""w"":0.92763671875,""h"":0.91796875}},{""photo"":""anno/EV/f0819/f0819_r.jpg"",""bbox"":{""x"":0.0,""y"":0.021881103515625,""w"":1.0,""h"":0.9726562499999999}},{""photo"":""anno/EV/f0819/f0819_o_1.jpg"",""bbox"":{""x"":0.0,""y"":0.0,""w"":0.7935900054466231,""h"":0.992584228515625}},{""photo"":""anno/EV/f0819/f0819_o.jpg"",""bbox"":{""x"":0.01974609375,""y"":0.016021728515625,""w"":0.9464960937499999,""h"":0.978515625}},{""photo"":""anno/EV/f0819/f0819_l.jpg"",""bbox"":{""x"":0.019744140625,""y"":0.037506103515625,""w"":0.980255859375,""h"":0.955078125}}]"
825	c8T11E8070-0000X00S000	825	"[{""photo"":""anno/EV/f0395/f0395_r.jpg"",""bbox"":{""x"":0.0,""y"":0.0,""w"":0.95654296875,""h"":0.996490478515625}}]"
826	c9T11E0000-5430X00S000	826	"[{""photo"":""anno/EV/f0603/f0603_l.jpg"",""bbox"":{""x"":0.12113539445628999,""y"":0.039459228515625,""w"":0.8765491737739872,""h"":0.95703125}}]"
827	c9T11E0000-0000X00S000	827	"[{""photo"":""anno/EV/f0482/f0482_r.jpg"",""bbox"":{""x"":0.0013020833333333333,""y"":0.074615478515625,""w"":0.8854166666666666,""h"":0.916015625}}]"
828	c8T11E0000-0000X00S000	828	"[{""photo"":""anno/EV/f0485/f0485_l.jpg"",""bbox"":{""x"":0.31841767668334403,""y"":0.18606926594735856,""w"":0.44122339220860046,""h"":0.6701193239793878}},{""photo"":""anno/EV/f0485/f0485_l_1.jpg"",""bbox"":{""x"":0.005208333333333333,""y"":0.23714316011679293,""w"":0.8528645833333334,""h"":0.7595486111111112}}]"
829	c9T00E7000-3000X00S001	829	"[{""photo"":""anno/EV/f0633/f0633_l.jpg"",""bbox"":{""x"":0.06640625,""y"":0.009765625,""w"":0.9296875,""h"":0.984771728515625}},{""photo"":""anno/EV/f0633/f0633_ken.jpg"",""bbox"":{""x"":0.0,""y"":0.047271728515625,""w"":0.9557291666666666,""h"":0.94921875}}]"
830	b8T11E9880-3050X00S000	830	"[{""photo"":""anno/EV/m0010/m0010_f.jpg"",""bbox"":{""x"":0.009433593749999998,""y"":0.010162353515625,""w"":0.99056640625,""h"":0.984375}},{""photo"":""anno/EV/m0010/m0010_l.jpg"",""bbox"":{""x"":0.029531249999999995,""y"":0.0,""w"":0.97046875,""h"":0.996490478515625}}]"
831	b9T11E7788-5440X00S000	831	"[{""photo"":""anno/EV/m0104/m0104_l.jpeg"",""bbox"":{""x"":0.0,""y"":0.004302978515625,""w"":1.0,""h"":0.9921875}},{""photo"":""anno/EV/m0104/m0104_r 1.jpeg"",""bbox"":{""x"":0.0,""y"":0.004302978515625,""w"":1.0,""h"":0.984375}}]"
832	b9T11E0000-3000X00S000	832	"[{""photo"":""anno/EV/m0149/m0149_l.jpg"",""bbox"":{""x"":0.10400390625,""y"":0.027740478515625,""w"":0.89599609375,""h"":0.96875}}]"
833	c8T11E8090-5340X00S000	833	"[{""photo"":""anno/EV/f0501/f0501_.jpg"",""bbox"":{""x"":0.17846484375,""y"":0.0,""w"":0.82153515625,""h"":0.992584228515625}},{""photo"":""anno/EV/f0501/f0501_r.jpg"",""bbox"":{""x"":0.00362109375,""y"":0.019927978515625003,""w"":0.983126953125,""h"":0.9726562500000001}},{""photo"":""anno/EV/f0501/f0501_l_b.jpg"",""bbox"":{""x"":0.025160156250000003,""y"":0.01171875,""w"":0.97483984375,""h"":0.975006103515625}},{""photo"":""anno/EV/f0501/f0501_f.JPG"",""bbox"":{""x"":0.03437176501035197,""y"":0.006256103515625,""w"":0.965628234989648,""h"":0.986328125}}]"
834	c8T11E7090-0000X00S000	834	"[{""photo"":""anno/EV/f0112/f0112_u16_r.jpg"",""bbox"":{""x"":0.0016328757591093116,""y"":0.006256103515625,""w"":0.9983671242408907,""h"":0.982421875}},{""photo"":""anno/EV/f0112/f0112_u16_r_a.jpg"",""bbox"":{""x"":0.007383966244725739,""y"":0.010162353515625,""w"":0.9926160337552743,""h"":0.984375}}]"
835	b8T11E0800-0000X00S000	835	"[{""photo"":""anno/EV/m0353/m0353_r.jpg"",""bbox"":{""x"":0.0,""y"":0.029693603515625,""w"":1.0,""h"":0.96484375}}]"
836	c9T11E0000-0000X00S000	836	"[{""photo"":""anno/EV/f0182/f0182_l.jpg"",""bbox"":{""x"":0.08765625,""y"":0.025787353515625,""w"":0.91234375,""h"":0.970703125}}]"
837	c9T11E0000-3000X00S000	837	"[{""photo"":""anno/EV/f0384/f0384_l.jpg"",""bbox"":{""x"":0.075673828125,""y"":0.014068603515625,""w"":0.924326171875,""h"":0.9609375}}]"
838	c9T11E9000-0000X00S000	838	"[{""photo"":""anno/EV/f0753/f0753_r.jpg"",""bbox"":{""x"":0.09635416666666667,""y"":0.18232223200312989,""w"":0.7330729166666666,""h"":0.696400625978091}},{""photo"":""anno/EV/f0753/f0753.jpg"",""bbox"":{""x"":0.15104166666666666,""y"":0.0,""w"":0.70703125,""h"":1.0}}]"
839	c9T11E0000-3040X00S000	839	"[{""photo"":""anno/EV/f0735/f0735_l_1.jpg"",""bbox"":{""x"":0.03682421875,""y"":0.027740478515624997,""w"":0.96317578125,""h"":0.9667968749999999}},{""photo"":""anno/EV/f0735/f0735_l.jpg"",""bbox"":{""x"":0.09680859374999999,""y"":0.025787353515625,""w"":0.893279296875,""h"":0.970703125}}]"
840	c9T11E7987-3030X00S000	840	"[{""photo"":""anno/EV/f0061/f0061_u22_f.jpg"",""bbox"":{""x"":0.0,""y"":0.001953125,""w"":0.9943969174208145,""h"":0.986724853515625}},{""photo"":""anno/EV/f0061/f0061_u22_r_2.jpg"",""bbox"":{""x"":0.0,""y"":0.006256103515624999,""w"":1.0,""h"":0.9882812499999999}},{""photo"":""anno/EV/f0061/f0061_u22_l.jpg"",""bbox"":{""x"":0.016206781914893616,""y"":0.033599853515625,""w"":0.9837932180851063,""h"":0.9609375}}]"
841	b7T11E7000-0000X00S000	841	"[{""photo"":""anno/EV/m0028/m0028_r.jpg"",""bbox"":{""x"":0.004248046875,""y"":0.062896728515625,""w"":0.9912109374999999,""h"":0.9277343749999999}}]"
842	c9T11E0000-4030X00S000	842	"[{""photo"":""anno/EV/f0471/f0471_l_1.jpg"",""bbox"":{""x"":0.057216796874999996,""y"":0.023834228515624997,""w"":0.942783203125,""h"":0.9707031249999999}},{""photo"":""anno/EV/f0471/f0471_l.jpg"",""bbox"":{""x"":0.0859375,""y"":0.072662353515625,""w"":0.9140625,""h"":0.921875}}]"
843	b9T11E0000-4535X00S000	843	"[{""photo"":""anno/EV/m0531/m0531_l.jpg"",""bbox"":{""x"":0.0,""y"":0.017974853515625003,""w"":1.0,""h"":0.9726562500000001}}]"
844	b8T11E7980-4300X00S000	844	"[{""photo"":""anno/EV/m0379/m0379_l_1.jpg"",""bbox"":{""x"":0.11948492740159886,""y"":0.016825461463758073,""w"":0.8805150725984011,""h"":0.9687565248899049}},{""photo"":""anno/EV/m0379/m0379_f.jpg"",""bbox"":{""x"":0.01353461362063475,""y"":0.015625039465059887,""w"":0.974551001708896,""h"":0.9797226376637032}},{""photo"":""anno/EV/m0379/m0379_l.jpg"",""bbox"":{""x"":0.05906621412182692,""y"":0.020731737773797998,""w"":0.9409337858781731,""h"":0.9726628011999449}},{""photo"":""anno/EV/m0379/m0379_l (1).jpg"",""bbox"":{""x"":0.0697681422364841,""y"":0.06370077718423739,""w"":0.9302318577635159,""h"":0.9257874854794655}}]"
845	b9T11E0000-3030X00S000	845	"[{""photo"":""anno/EV/m0368/m0368_l_1.jpg"",""bbox"":{""x"":0.09502782091097309,""y"":0.037506103515625,""w"":0.901753364389234,""h"":0.953125}},{""photo"":""anno/EV/m0368/m0368_l.jpg"",""bbox"":{""x"":0.008087474120082816,""y"":0.014068603515625,""w"":0.9919125258799172,""h"":0.978515625}},{""photo"":""anno/EV/m0368/m0368_l_2.jpg"",""bbox"":{""x"":0.14827995255041518,""y"":0.010162353515625,""w"":0.8517200474495848,""h"":0.986328125}}]"
846	c8T11E9090-0300X00S00?	846	"[{""photo"":""anno/EV/f0106/f0106_u1_r.jpg"",""bbox"":{""x"":0.0026927835171164016,""y"":0.04807567194407758,""w"":0.9973072164828836,""h"":0.9453188670296653}},{""photo"":""anno/EV/f0106/f0106_u1_f.jpg"",""bbox"":{""x"":0.0,""y"":0.020731737773797998,""w"":1.0,""h"":0.9511782814947253}}]"
847	c9T11E0000-3?50X00S000	847	"[{""photo"":""anno/EV/f0211/f0211_l.jpg"",""bbox"":{""x"":0.017856063058455864,""y"":0.03245056670391788,""w"":0.9689764650390595,""h"":0.9472720051846852}}]"
848	c9T11E9770-5040X00S000	848	"[{""photo"":""anno/EV/f0856/f0856_l_1.jpg"",""bbox"":{""x"":0.05596311605119459,""y"":0.06370077718423739,""w"":0.9440368839488054,""h"":0.9277406236344857}},{""photo"":""anno/EV/f0856/f0856_f.jpg"",""bbox"":{""x"":0.039459221499438,""y"":0.059794500874197354,""w"":0.9605407785005621,""h"":0.9375063144095854}},{""photo"":""anno/EV/f0856/f0856_l.jpg"",""bbox"":{""x"":0.12634143011883117,""y"":0.06174763902921743,""w"":0.8736585698811689,""h"":0.9218812091694258}}]"
849	b8T01E8000-3000X00S001	849	"[{""photo"":""anno/EV/m0116/m0116_r.jpeg"",""bbox"":{""x"":6.280758724402924e-07,""y"":0.007059770688658262,""w"":0.9859630996087083,""h"":0.9843816301300649}},{""photo"":""anno/EV/m0116/m0116_l.jpeg"",""bbox"":{""x"":0.02094976559600426,""y"":0.0,""w"":0.9790502344039957,""h"":0.9914414008187231}}]"
850	b9T11E9090-5000X00S000	850	"[{""photo"":""anno/EV/m0222/m0222_f.jpg"",""bbox"":{""x"":0.08187890625,""y"":0.070709228515625,""w"":0.9151171874999999,""h"":0.92578125}},{""photo"":""anno/EV/m0222/m0222_r_1.jpg"",""bbox"":{""x"":0.0,""y"":0.098052978515625,""w"":0.9477031249999999,""h"":0.896484375}},{""photo"":""anno/EV/m0222/m0222_r.jpg"",""bbox"":{""x"":0.0,""y"":0.076568603515625,""w"":0.958029296875,""h"":0.912109375}}]"
851	c9T11E8000-4000X00S000	851	"[{""photo"":""anno/EV/f0401/f0401_f.jpg"",""bbox"":{""x"":0.0,""y"":0.004302978515625,""w"":0.9755664062499998,""h"":0.9863281249999999}},{""photo"":""anno/EV/f0401/f0401.jpg"",""bbox"":{""x"":0.007975260416666666,""y"":0.017974853515625,""w"":0.9713867187499999,""h"":0.97265625}}]"
852	b8T11E8080-0000X00S000	852	"[{""photo"":""anno/EV/m0312/m0312_r.jpg"",""bbox"":{""x"":0.0,""y"":0.021881103515625,""w"":0.9961032542579075,""h"":0.974609375}},{""photo"":""anno/EV/m0312/m0312_f.jpg"",""bbox"":{""x"":0.00146484375,""y"":0.029693603515625,""w"":0.96826171875,""h"":0.966796875}},{""photo"":""anno/EV/m0312/m0312_r"",""bbox"":{""x"":0.00263671875,""y"":0.019927978515625,""w"":0.976904296875,""h"":0.9765625}}]"
853	c9T11E0000-0000X00S000	853	"[{""photo"":""anno/EV/f0510/f0510_l_a.jpg"",""bbox"":{""x"":0.0,""y"":0.002349853515625,""w"":0.99433984375,""h"":0.994140625}},{""photo"":""anno/EV/f0510/f0510_l.jpg"",""bbox"":{""x"":0.0175078125,""y"":0.012115478515624998,""w"":0.968765625,""h"":0.9843749999999999}}]"
854	b0T11E0000-5000X00S000	854	"[{""photo"":""anno/EV/m0327/m0327_l.jpg"",""bbox"":{""x"":0.10677083333333333,""y"":0.000396728515625,""w"":0.8893229166666666,""h"":0.984375}}]"
855	c9T11E9000-3030X01S000	855	"[{""photo"":""anno/EV/f0199/f0199_f.jpg"",""bbox"":{""x"":0.06085437024972855,""y"":0.002349853515625,""w"":0.9391456297502715,""h"":0.990234375}},{""photo"":""anno/EV/f0199/f0199_l.jpg"",""bbox"":{""x"":0.006734913793103449,""y"":0.0,""w"":0.9877873563218391,""h"":0.996490478515625}},{""photo"":""anno/EV/f0199/f0199_u22_l.jpg"",""bbox"":{""x"":0.07232862903225806,""y"":0.000396728515625,""w"":0.927671370967742,""h"":0.99609375}}]"
856	c9T11E7070-3030X00S000	856	"[{""photo"":""anno/EV/f0630/f0630_f_1.jpg"",""bbox"":{""x"":0.0,""y"":0.060943603515625,""w"":0.9326835161964472,""h"":0.935546875}},{""photo"":""anno/EV/f0630/f0630_r.jpg"",""bbox"":{""x"":0.0,""y"":0.014068603515625,""w"":0.965607421875,""h"":0.982421875}},{""photo"":""anno/EV/f0630/f0630_f.jpg"",""bbox"":{""x"":0.0018339843750000001,""y"":0.016021728515625,""w"":0.96467578125,""h"":0.978515625}}]"
857	c9T11E8080-4040X00S000	857	"[{""photo"":""anno/EV/f0844/f0844_f.jpg"",""bbox"":{""x"":0.127587890625,""y"":0.137115478515625,""w"":0.5941406250000001,""h"":0.728515625}}]"
858	b9T11E0000-3040X00S000	858	"[{""photo"":""anno/EV/m0020/m0020_l.jpg"",""bbox"":{""x"":0.0016848931841302137,""y"":0.0,""w"":0.9983151068158698,""h"":0.994537353515625}}]"
859	b8T11E7000-0000X00S000	859	"[{""photo"":""anno/EV/m0098/m0098_r.jpg"",""bbox"":{""x"":0.0,""y"":0.000396728515625,""w"":0.9991810993975904,""h"":0.99609375}}]"
860	b9T11E7080-4440X00S000	860	"[{""photo"":""anno/EV/m0100/m0100_r.jpg"",""bbox"":{""x"":0.0,""y"":0.039459228515625,""w"":0.9982500000000001,""h"":0.955078125}},{""photo"":""anno/EV/m0100/m0100_r_1.jpg"",""bbox"":{""x"":0.003016707920792079,""y"":0.045318603515625,""w"":0.9638381806930693,""h"":0.94921875}},{""photo"":""anno/EV/m0100/m0100_l.jpg"",""bbox"":{""x"":0.032436659611553786,""y"":0.017974853515625,""w"":0.9675633403884463,""h"":0.978515625}}]"
861	b9T11E7090-5000X00S000	861	"[{""photo"":""anno/EV/m0027/m0027_r_b.jpg"",""bbox"":{""x"":0.0,""y"":0.006256103515625,""w"":0.99170703125,""h"":0.990234375}},{""photo"":""anno/EV/m0027/m0027_f.jpg"",""bbox"":{""x"":0.060046875,""y"":0.023834228515625,""w"":0.907375,""h"":0.96875}},{""photo"":""anno/EV/m0027/m0027_l.jpg"",""bbox"":{""x"":0.056222656249999996,""y"":0.014068603515624998,""w"":0.9345117187499999,""h"":0.9785156249999999}},{""photo"":""anno/EV/m0027/m0027_r_c.jpg"",""bbox"":{""x"":0.0336015625,""y"":0.035552978515625,""w"":0.922515625,""h"":0.9609375}},{""photo"":""anno/EV/m0027/m0027_r_a.jpg"",""bbox"":{""x"":0.0,""y"":0.041412353515625,""w"":1.0,""h"":0.955078125}}]"
862	c8T11E9000-3000X00S000	862	"[{""photo"":""anno/EV/f0360/f0360_f.jpg"",""bbox"":{""x"":0.04763671875,""y"":0.060943603515625,""w"":0.94955859375,""h"":0.935546875}}]"
863	c9T11E8790-0000X00S000	863	"[{""photo"":""anno/EV/f0604/f0604_r.jpg"",""bbox"":{""x"":0.0,""y"":0.072662353515625,""w"":0.8631093578107811,""h"":0.919921875}},{""photo"":""anno/EV/f0604/f0604_r_1.jpg"",""bbox"":{""x"":0.0014659168956043956,""y"":0.137115478515625,""w"":0.9601755666208791,""h"":0.84765625}},{""photo"":""anno/EV/f0604/f0604_o.jpg"",""bbox"":{""x"":0.0,""y"":0.000396728515625,""w"":0.976904296875,""h"":0.99609375}}]"
864	c8T11E9000-3050X00S000	864	"[{""photo"":""anno/EV/f0537/f0537_l.jpg"",""bbox"":{""x"":0.0,""y"":0.002349853515625,""w"":0.9963647278548559,""h"":0.994140625}},{""photo"":""anno/EV/f0537/f0537_r.jpg"",""bbox"":{""x"":0.0033359375,""y"":0.029693603515625,""w"":0.9907734375,""h"":0.96484375}},{""photo"":""anno/EV/f0537/f0537_f.jpg"",""bbox"":{""x"":0.002028167185877466,""y"":0.002349853515625,""w"":0.9979718328141225,""h"":0.990234375}}]"
865	c9T11E8787-3030X00S000	865	"[{""photo"":""anno/EV/f0418/f0418_r.jpg"",""bbox"":{""x"":0.0038124999999999995,""y"":0.012115478515625,""w"":0.9961875,""h"":0.984375}},{""photo"":""anno/EV/f0418/f0418_l_?.jpg"",""bbox"":{""x"":0.07450781249999999,""y"":0.057037353515625,""w"":0.9254921875,""h"":0.9375}}]"
866	c8T11E8090-4030X00S000	866	"[{""photo"":""anno/EV/f0014/f0014_u16_f.jpg"",""bbox"":{""x"":0.0685423637667304,""y"":0.010162353515625,""w"":0.9314576362332696,""h"":0.984375}},{""photo"":""anno/EV/f0014/f0014_u16_l.jpg"",""bbox"":{""x"":0.001585241866438356,""y"":0.010162353515625,""w"":0.9984147581335616,""h"":0.9863281249999999}},{""photo"":""anno/EV/f0014/f0014_f.jpg"",""bbox"":{""x"":0.0056328125,""y"":0.002349853515625,""w"":0.9943671875,""h"":0.986328125}},{""photo"":""anno/EV/f0014/f0014_l.jpg"",""bbox"":{""x"":0.0013020833333333333,""y"":0.0,""w"":0.99609375,""h"":1.0}},{""photo"":""anno/EV/f0014/f0014_u16_r.jpg"",""bbox"":{""x"":0.003185807952622673,""y"":0.000396728515625,""w"":0.9828217533840947,""h"":0.99609375}},{""photo"":""anno/EV/f0014/f0014_r.jpg"",""bbox"":{""x"":0.0,""y"":0.035552978515625,""w"":0.9805781250000001,""h"":0.9609375}},{""photo"":""anno/EV/f0014/f0014_r_1.jpg"",""bbox"":{""x"":0.0026041666666666665,""y"":0.0,""w"":0.9934895833333334,""h"":1.0}}]"
867	c8T11E0000-0000X00S000	867	"[{""photo"":""anno/EV/f0405/f0405_r.jpg"",""bbox"":{""x"":0.0,""y"":0.035552978515625,""w"":0.9479758522727273,""h"":0.947265625}}]"
868	b8T11E9070-0000X00S000	868	"[{""photo"":""anno/EV/m0355/m0355_r_letura.jpg"",""bbox"":{""x"":0.0,""y"":0.00039772282268170427,""w"":0.9166666666666666,""h"":0.9966322055137844}}]"
869	c9T11E9000-3000X00S000	869	"[{""photo"":""anno/EV/f0595/f0595_f.jpg"",""bbox"":{""x"":0.18896484375,""y"":0.086334228515625,""w"":0.77490234375,""h"":0.91015625}}]"
870	b9T11E0000-0000X00S000	870	"[{""photo"":""anno/EV/m0311/m0311_f.jpg"",""bbox"":{""x"":0.09228515625,""y"":0.074615478515625,""w"":0.56982421875,""h"":0.921875}}]"
871	b8T11E8800-3030X00S000	871	"[{""photo"":""anno/EV/m0209/m0209_f.jpg"",""bbox"":{""x"":0.032130650111607144,""y"":0.008209228515625,""w"":0.96099853515625,""h"":0.986328125}},{""photo"":""anno/EV/m0209/m0209_r.jpg"",""bbox"":{""x"":0.0,""y"":0.031646728515625,""w"":0.9809316293352601,""h"":0.96484375}},{""photo"":""anno/EV/m0209/m0209_l.jpg"",""bbox"":{""x"":0.06190079771662763,""y"":0.0,""w"":0.9094655664519906,""h"":0.9925842285156249}}]"
872	c8T11E0000-0000X00S000	872	"[{""photo"":""anno/EV/f0854/f0854_f.jpg"",""bbox"":{""x"":0.2648470052083333,""y"":0.092193603515625,""w"":0.5377604166666666,""h"":0.8828125}},{""photo"":""anno/EV/f0854/f0854_l (1).jpg"",""bbox"":{""x"":0.05859375,""y"":0.0,""w"":0.9401041666666666,""h"":0.970566603038413}},{""photo"":""anno/EV/f0854/f0854_f_1.jpg"",""bbox"":{""x"":0.2890625,""y"":0.10942168322028424,""w"":0.5377604166666666,""h"":0.7873062015503876}},{""photo"":""anno/EV/f0854/f0854_l.jpg"",""bbox"":{""x"":0.045572916666666664,""y"":0.0,""w"":0.953125,""h"":0.9804060236933249}}]"
873	b8T11E7090-5000X00S000	873	"[{""photo"":""anno/EV/m0409/m0409_l.jpg"",""bbox"":{""x"":0.0022656250000000003,""y"":0.016021728515625,""w"":0.997734375,""h"":0.943359375}},{""photo"":""anno/EV/m0409/m0409_r.jpg"",""bbox"":{""x"":0.0026041666666666665,""y"":0.0,""w"":0.9856770833333334,""h"":0.9879231770833333}}]"
874	c8T11E9700-4040X00S000	874	"[{""photo"":""anno/EV/f0206/f0206_r.jpg"",""bbox"":{""x"":0.0019414062499999998,""y"":0.002349853515625,""w"":0.9842929687499998,""h"":0.994140625}},{""photo"":""anno/EV/f0206/f0206_f.jpg"",""bbox"":{""x"":0.026375,""y"":0.002349853515625,""w"":0.972578125,""h"":0.9921875}}]"
875	b8T11E0000-0000X00S000	875	"[{""photo"":""anno/EV/m0005/m0005_r.jpeg"",""bbox"":{""x"":0.0032265625000000003,""y"":0.0,""w"":0.95990234375,""h"":0.996490478515625}}]"
876	c9T11E8090-0000X00S000	876	"[{""photo"":""anno/EV/f0244/f0244_r.jpg"",""bbox"":{""x"":0.0,""y"":0.0,""w"":0.969697265625,""h"":0.994537353515625}}]"
877	b8T11E8800-4333X00S000	877	"[{""photo"":""anno/EV/m0571/m0571_.jpg"",""bbox"":{""x"":0.036265625,""y"":0.064849853515625,""w"":0.963734375,""h"":0.931640625}},{""photo"":""anno/EV/m0571/m0571_f.jpg"",""bbox"":{""x"":0.015046874999999996,""y"":0.074615478515625,""w"":0.9228749999999998,""h"":0.9218749999999999}},{""photo"":""anno/EV/m0571/m0571_r.jpg"",""bbox"":{""x"":0.0,""y"":0.012115478515625,""w"":0.989634765625,""h"":0.98046875}}]"
878	b9T11E8988-0000X00S000	878	"[{""photo"":""anno/EV/m0297/m0297_r_1.JPG"",""bbox"":{""x"":0.00146484375,""y"":0.031646728515625,""w"":0.80712890625,""h"":0.96484375}},{""photo"":""anno/EV/m0297/m0297_r.jpg"",""bbox"":{""x"":0.0014941406249999996,""y"":0.021881103515625,""w"":0.9637207031249998,""h"":0.9765624999999999}}]"
879	c9T11E9890-3050X00S000	879	"[{""photo"":""anno/EV/f0085/f0085_u28_r.jpg"",""bbox"":{""x"":0.0,""y"":0.010162353515625,""w"":0.9919084821428571,""h"":0.9863281249999999}},{""photo"":""anno/EV/f0085/f0085_u28_l.jpg"",""bbox"":{""x"":0.001704121015936255,""y"":0.000396728515625,""w"":0.9969107943227091,""h"":0.99609375}}]"
880	b9T11E8880-4430X00S000	880	"[{""photo"":""anno/EV/m0128/m0128_l.jpg"",""bbox"":{""x"":0.03223828125,""y"":0.070709228515625,""w"":0.96776171875,""h"":0.92578125}},{""photo"":""anno/EV/m0128/m0128_r.jpg"",""bbox"":{""x"":0.013166015625000001,""y"":0.014068603515625,""w"":0.9818085937500001,""h"":0.982421875}}]"
881	b9T11E9889-0000X00S000	881	"[{""photo"":""anno/EV/m0377/m0377_r.jpg"",""bbox"":{""x"":0.00166796875,""y"":0.082427978515625,""w"":0.8840234375,""h"":0.916015625}}]"
882	b9T11E0000-3030X00S000	882	"[{""photo"":""anno/EV/m0350/m0350_l.jpg"",""bbox"":{""x"":0.0,""y"":0.023834228515625,""w"":1.0,""h"":0.97265625}}]"
883	b8T11E0000-4030X00S000	883	"[{""photo"":""anno/EV/m0386/m0386_l.jpg"",""bbox"":{""x"":0.04707421874999999,""y"":0.05117797851562499,""w"":0.9487265624999998,""h"":0.9453124999999999}}]"
884	c9T11E8879-3400X10S000	884	"[{""photo"":""anno/EV/f0443/f0443_r_1.jpg"",""bbox"":{""x"":0.0,""y"":0.076568603515625,""w"":0.92583984375,""h"":0.896484375}},{""photo"":""anno/EV/f0443/f0443_Caroline_P1130602.jpg"",""bbox"":{""x"":0.19410742187500002,""y"":0.353912353515625,""w"":0.475498046875,""h"":0.5234375}},{""photo"":""anno/EV/f0443/f0443_r.jpg"",""bbox"":{""x"":0.0,""y"":0.090240478515625,""w"":0.8731972656249999,""h"":0.9023437499999999}}]"
885	c8T11E9080-0000X00S000	885	"[{""photo"":""anno/EV/f0538/f0538_f.jpg"",""bbox"":{""x"":0.00358984375,""y"":0.0,""w"":0.99641015625,""h"":0.996490478515625}},{""photo"":""anno/EV/f0538/f0538_l.jpg"",""bbox"":{""x"":0.0015097656249999998,""y"":0.000396728515625,""w"":0.998490234375,""h"":0.994140625}},{""photo"":""anno/EV/f0538/f0538_r.jpg"",""bbox"":{""x"":0.0016464843749999997,""y"":0.0,""w"":0.998353515625,""h"":0.996490478515625}}]"
886	c8T11E9090-3030X00S000	886	"[{""photo"":""anno/EV/f0797/f0797_r_1.jpg"",""bbox"":{""x"":0.0018261718749999999,""y"":0.039459228515625,""w"":0.9349999999999999,""h"":0.958984375}},{""photo"":""anno/EV/f0797/f0797_f_1.jpg"",""bbox"":{""x"":0.04627734375,""y"":0.072662353515625,""w"":0.95372265625,""h"":0.919921875}},{""photo"":""anno/EV/f0797/f0797_r.jpg"",""bbox"":{""x"":0.0,""y"":0.033599853515625,""w"":0.9947217200413223,""h"":0.96484375}},{""photo"":""anno/EV/f0797/f0797_f.jpg"",""bbox"":{""x"":0.06359375,""y"":0.057037353515625,""w"":0.93640625,""h"":0.9375}}]"
887	c9T11E8080-3030X00S000	887	"[{""photo"":""anno/EV/f0421/f0421_f.jpg"",""bbox"":{""x"":0.0723515625,""y"":0.000396728515625,""w"":0.9276484375,""h"":0.994140625}},{""photo"":""anno/EV/f0421/f0421_l.jpg"",""bbox"":{""x"":0.0214453125,""y"":0.012115478515625,""w"":0.97790625,""h"":0.984375}},{""photo"":""anno/EV/f0421/f0421_r.jpg"",""bbox"":{""x"":0.0032617187500000003,""y"":0.0,""w"":0.9883007812500001,""h"":0.996490478515625}}]"
888	b9T11E8090-3040X00S000	888	"[{""photo"":""anno/EV/m0328/m0328_l.jpg"",""bbox"":{""x"":0.0,""y"":0.0,""w"":0.9986979166666666,""h"":1.0}},{""photo"":""anno/EV/m0328/m0328_f.jpg"",""bbox"":{""x"":0.06884765625,""y"":0.049224853515625,""w"":0.9052734375,""h"":0.947265625}}]"
889	c8T11E9080-0000X00S000	889	"[{""photo"":""anno/EV/f0223/f0223_r.jpg"",""bbox"":{""x"":0.00225014400921659,""y"":0.004302978515625,""w"":0.9833129320276498,""h"":0.9921875}}]"
890	c8T11E0000-4030X00S000	890	"[{""photo"":""anno/EV/f0731/f0731_l_1.jpg"",""bbox"":{""x"":0.003908203125000001,""y"":0.008209228515625,""w"":0.9952890625,""h"":0.974609375}},{""photo"":""anno/EV/f0731/f0731_l.jpg"",""bbox"":{""x"":0.0885859375,""y"":0.016021728515625,""w"":0.9080058593750001,""h"":0.96484375}}]"
891	c9T11E8080-3030X00S000	891	"[{""photo"":""anno/EV/f0469/f0469_f.jpg"",""bbox"":{""x"":0.023874999999999997,""y"":0.0,""w"":0.9684296874999999,""h"":0.994537353515625}},{""photo"":""anno/EV/f0469/f0469_l_1.jpg"",""bbox"":{""x"":0.0032109375,""y"":0.000396728515625,""w"":0.995390625,""h"":0.9921875}},{""photo"":""anno/EV/f0469/f0469_l_1_reduce.jpg"",""bbox"":{""x"":0.0,""y"":0.002349853515625,""w"":0.9901725260416667,""h"":0.990234375}},{""photo"":""anno/EV/f0469/f0469_f_1.jpg"",""bbox"":{""x"":0.007568359375,""y"":0.004302978515625,""w"":0.992431640625,""h"":0.990234375}},{""photo"":""anno/EV/f0469/f0469_r.jpg"",""bbox"":{""x"":0.0,""y"":0.004302978515625,""w"":0.9530624999999999,""h"":0.990234375}},{""photo"":""anno/EV/f0469/f0469_l.jpg"",""bbox"":{""x"":0.0032539062499999994,""y"":0.014068603515624998,""w"":0.99674609375,""h"":0.9824218749999999}}]"
892	b9T11E9800-0000X00S000	892	"[{""photo"":""anno/EV/m0160/m0160_f.jpg"",""bbox"":{""x"":0.0,""y"":0.008209228515625,""w"":0.9494062500000001,""h"":0.98828125}}]"
893	c8T11E7770-3040X00S000	893	"[{""photo"":""anno/EV/f0125/f0125_f.jpg"",""bbox"":{""x"":0.0,""y"":0.000396728515625,""w"":0.9941640624999999,""h"":0.99609375}},{""photo"":""anno/EV/f0125/f0125_l.jpg"",""bbox"":{""x"":0.003067323825503355,""y"":0.053131103515625,""w"":0.9969326761744967,""h"":0.94140625}},{""photo"":""anno/EV/f0125/f0125_r.jpg"",""bbox"":{""x"":0.0,""y"":0.019927978515625,""w"":1.0,""h"":0.9765625}}]"
894	c9T11E0000-4540X00S000	894	"[{""photo"":""anno/EV/f0472/f0472_l_1.jpg"",""bbox"":{""x"":0.0,""y"":0.039459228515625,""w"":1.0,""h"":0.95703125}},{""photo"":""anno/EV/f0472/f0472_l.jpg"",""bbox"":{""x"":0.0026041666666666665,""y"":0.03691898080542575,""w"":0.9947916666666666,""h"":0.9630810191945742}}]"
895	b9T11E0000-5553X00S000	895	"[{""photo"":""anno/EV/m0106/m0106_l 1.jpeg"",""bbox"":{""x"":0.1368046875,""y"":0.088287353515625,""w"":0.8631953125,""h"":0.908203125}},{""photo"":""anno/EV/m0106/m0106_l.jpeg"",""bbox"":{""x"":0.10739062499999998,""y"":0.0,""w"":0.892609375,""h"":0.9964904785156249}}]"
896	b9T11E9090-3050X00S000	896	"[{""photo"":""anno/EV/m0527/m0527_l.jpg"",""bbox"":{""x"":0.0,""y"":0.002349853515625,""w"":0.9975,""h"":0.990234375}},{""photo"":""anno/EV/m0527/m0527_r.jpg"",""bbox"":{""x"":0.0,""y"":0.092193603515625,""w"":0.9333682951693851,""h"":0.90234375}},{""photo"":""anno/EV/m0527/m0527_l (1).jpg"",""bbox"":{""x"":0.234375,""y"":0.05774176365469208,""w"":0.6888020833333334,""h"":0.9422582363453079}},{""photo"":""anno/EV/m0527/m0527_f.jpg"",""bbox"":{""x"":0.0,""y"":0.0,""w"":0.9997714843750001,""h"":0.994537353515625}}]"
897	b8T11E9080-0000X00S000	897	"[{""photo"":""anno/EV/m0336/m0336_r_1.jpg"",""bbox"":{""x"":0.001953125,""y"":0.000396728515625,""w"":0.98828125,""h"":0.994140625}},{""photo"":""anno/EV/m0336/m0336_r.jpg"",""bbox"":{""x"":0.004532313582920791,""y"":0.060943603515625,""w"":0.9170381149443068,""h"":0.931640625}}]"
898	c8T11E8000-0000X00S000	898	"[{""photo"":""anno/EV/f0407/f0407_f.jpg"",""bbox"":{""x"":0.13802083333333334,""y"":0.002349853515625,""w"":0.8528645833333334,""h"":0.986328125}},{""photo"":""anno/EV/f0407/f0407_l.jpg"",""bbox"":{""x"":0.04150763358778626,""y"":0.002349853515625,""w"":0.9581345419847328,""h"":0.994140625}}]"
899	b9T10E8889-5540X00S000	899	"[{""photo"":""anno/EV/m0540/m0540_r.jpg"",""bbox"":{""x"":0.0057469349680170576,""y"":0.014068603515625,""w"":0.994253065031983,""h"":0.9765625}},{""photo"":""anno/EV/m0540/m0540_l.jpg"",""bbox"":{""x"":0.009937500000000002,""y"":0.002349853515625,""w"":0.9900625,""h"":0.994140625}},{""photo"":""anno/EV/m0540/m0540_f.jpg"",""bbox"":{""x"":0.0,""y"":0.0,""w"":0.9876095871040724,""h"":0.996490478515625}}]"
900	b9T11E9090-4433X00S000	900	"[{""photo"":""anno/EV/m0541/m0541_r.jpg"",""bbox"":{""x"":0.0052324218750000005,""y"":0.008209228515625,""w"":0.9836953125000001,""h"":0.986328125}},{""photo"":""anno/EV/m0541/m0541_l.jpg"",""bbox"":{""x"":0.0033046875000000003,""y"":0.002349853515625,""w"":0.9966953125,""h"":0.994140625}},{""photo"":""anno/EV/m0541/m0541_f.jpg"",""bbox"":{""x"":0.004232123510292524,""y"":0.002349853515625,""w"":0.9957678764897074,""h"":0.98828125}}]"
901	b9T11E0808-3540X00S000	901	"[{""photo"":""anno/EV/m0009/m0009_r.jpeg"",""bbox"":{""x"":0.0,""y"":0.029693603515625,""w"":0.9998593750000001,""h"":0.966796875}},{""photo"":""anno/EV/m0009/m0009_l.jpeg"",""bbox"":{""x"":0.07403124999999999,""y"":0.008209228515625,""w"":0.92596875,""h"":0.9882812499999999}}]"
902	c9T10E0000-3030X01S000	902	"[{""photo"":""anno/EV/f0867/f0867 left ear.JPG"",""bbox"":{""x"":0.01599609375,""y"":0.027740478515625,""w"":0.9828710937499999,""h"":0.96875}},{""photo"":""anno/EV/f0867/f0867_f.JPG"",""bbox"":{""x"":0.05515820312499999,""y"":0.019927978515625,""w"":0.944841796875,""h"":0.9765625}}]"
903	c9T11E0000-5030X00S000	903	"[{""photo"":""anno/EV/f0010/f0010_u9_l.jpg"",""bbox"":{""x"":0.014368182540452464,""y"":0.0,""w"":0.9657036482954849,""h"":0.9953476771287628}},{""photo"":""anno/EV/f0010/f0010_l_a.jpg"",""bbox"":{""x"":0.008234946687153792,""y"":0.007812289519680493,""w"":0.9917650533128463,""h"":0.9875353876090825}}]"
904	c8T11E0000-0000X00S000	904	"[{""photo"":""anno/EV/f0483/f0483_f.jpg"",""bbox"":{""x"":0.16276041666666666,""y"":0.07339631668244949,""w"":0.5481770833333334,""h"":0.9055397727272727}}]"
905	c9T11E9000-0000X00S000	905	"[{""photo"":""anno/EV/f0167/f0167_r.jpg"",""bbox"":{""x"":0.0016171875,""y"":0.0,""w"":0.9983828125,""h"":0.990631103515625}}]"
906	b9T11E9000-3030X00S000	906	"[{""photo"":""anno/EV/m0330/m0330_dead bull Naboisho euthanised.jpg"",""bbox"":{""x"":0.0390625,""y"":0.032251443073248405,""w"":0.64453125,""h"":0.921576433121019}}]"
907	b9T11E9000-0000X00S000	907	"[{""photo"":""anno/EV/m0035/m0035_r.jpg"",""bbox"":{""x"":0.0033906250000000004,""y"":0.002349853515625,""w"":0.9917578125000001,""h"":0.98046875}}]"
908	b9T11E0000-3000X00S000	908	"[{""photo"":""anno/EV/m0012/m0012_l.jpg"",""bbox"":{""x"":0.004236713665943601,""y"":0.004302978515625,""w"":0.9957632863340564,""h"":0.9453125}}]"
909	c9T11E0900-0000X00S000	909	"[{""photo"":""anno/EV/f0646/f0646_f.jpg"",""bbox"":{""x"":0.046984374999999995,""y"":0.055084228515625,""w"":0.953015625,""h"":0.94140625}}]"
910	b9T11E0000-0000X00S000	910	"[{""photo"":""anno/EV/m0089/y_m0089_r.jpg"",""bbox"":{""x"":0.0,""y"":0.05313110351562499,""w"":0.9779511718749999,""h"":0.9414062499999999}}]"
911	c9T11E9000-0000X00S000	911	"[{""photo"":""anno/EV/f0196/f0196_r.jpg"",""bbox"":{""x"":0.0033385253487728953,""y"":0.020731737773797998,""w"":0.9966614746512271,""h"":0.964850248579865}}]"
912	c8T11E9000-3030X00S000	912	"[{""photo"":""anno/EV/f0467/f0467_l_1.jpg"",""bbox"":{""x"":0.0,""y"":0.025787353515625,""w"":1.0,""h"":0.970703125}},{""photo"":""anno/EV/f0467/f0467_f.jpg"",""bbox"":{""x"":0.016927083333333332,""y"":0.04164138111173957,""w"":0.97265625,""h"":0.9583586188882605}},{""photo"":""anno/EV/f0467/f0467_l.jpg"",""bbox"":{""x"":0.04134375,""y"":0.016021728515625,""w"":0.9553359375,""h"":0.980072021484375}}]"
913	b9T11E8090-3030X00S000	913	"[{""photo"":""anno/EV/m0338/m0338_r.jpg"",""bbox"":{""x"":0.0,""y"":0.043365478515625,""w"":0.9538046875,""h"":0.951171875}},{""photo"":""anno/EV/m0338/m0338_f.jpg"",""bbox"":{""x"":0.056294921874999994,""y"":0.017974853515625,""w"":0.9405371093749999,""h"":0.978515625}},{""photo"":""anno/EV/m0338/m0338_l.jpg"",""bbox"":{""x"":0.05662890624999999,""y"":0.148834228515625,""w"":0.9433710937500001,""h"":0.84765625}},{""photo"":""anno/EV/m0338/m0338_l_2.jpg"",""bbox"":{""x"":0.0,""y"":0.014068603515625,""w"":0.9986979166666666,""h"":0.98046875}}]"
914	b9T11E7990-5040X00S000	914	"[{""photo"":""anno/EV/m0515/m0515_l.jpg"",""bbox"":{""x"":0.0,""y"":0.000396728515625,""w"":1.0,""h"":0.994140625}},{""photo"":""anno/EV/m0515/m0515_l_1.JPG"",""bbox"":{""x"":0.005828125,""y"":0.027740478515625,""w"":0.99223828125,""h"":0.96875}},{""photo"":""anno/EV/m0515/m0515_l (1).jpg"",""bbox"":{""x"":0.09393164062499999,""y"":0.141021728515625,""w"":0.904322265625,""h"":0.853515625}},{""photo"":""anno/EV/m0515/m0515_r.jpg"",""bbox"":{""x"":0.07967063848920863,""y"":0.037506103515625,""w"":0.7934545220966084,""h"":0.95703125}},{""photo"":""anno/EV/m0515/m0515_l_1 (1).JPG"",""bbox"":{""x"":0.0927265625,""y"":0.000396728515625,""w"":0.9072734375,""h"":0.96484375}}]"
915	b9T11E0000-3354X00S000	915	"[{""photo"":""anno/EV/m0302/m0302_l_gini_siana.jpg"",""bbox"":{""x"":0.0,""y"":0.010162353515625,""w"":1.0,""h"":0.986328125}}]"
916	c8T11E0000-0300X00S000	916	"[{""photo"":""anno/EV/f0400/f0400_l.jpg"",""bbox"":{""x"":0.18603515625,""y"":0.137115478515625,""w"":0.80419921875,""h"":0.837890625}}]"
917	b9T11E8080-0000X00S000	917	"[{""photo"":""anno/EV/m0423/m0423_DSC00772_processed.jpg"",""bbox"":{""x"":0.040364583333333336,""y"":0.05353259800062972,""w"":0.9036458333333334,""h"":0.8816120906801007}},{""photo"":""anno/EV/m0423/m0423_r.jpg"",""bbox"":{""x"":0.0,""y"":0.021881103515625,""w"":0.9721158854166666,""h"":0.974609375}}]"
918	b9T11E9000-0000X00S000	918	"[{""photo"":""anno/EV/m0159/m0159_r_3.jpg"",""bbox"":{""x"":0.0,""y"":0.057037353515625,""w"":0.9804140625,""h"":0.939453125}}]"
919	b0T11E9890-0000X00S000	919	"[{""photo"":""anno/EV/m0304/m0304_r.jpg"",""bbox"":{""x"":0.0,""y"":0.049224853515625,""w"":0.9376992187499998,""h"":0.94140625}}]"
920	c0T11E0000-0000X00S000	920	"[{""photo"":""anno/EV/f0174/f0174_l.jpg"",""bbox"":{""x"":0.0,""y"":0.000396728515625,""w"":0.9878449935815148,""h"":0.98828125}}]"
921	c8T11E0000-4000X00S000	921	"[{""photo"":""anno/EV/f0842/f0842_l.jpg"",""bbox"":{""x"":0.0,""y"":0.002349853515625,""w"":1.0,""h"":0.994140625}}]"
922	c9T11E0000-3050X00S000	922	"[{""photo"":""anno/EV/f0607/f0607_l.jpg"",""bbox"":{""x"":0.129638671875,""y"":0.109771728515625,""w"":0.865986328125,""h"":0.88671875}},{""photo"":""anno/EV/f0607/f0607_l_1.jpg"",""bbox"":{""x"":0.01591796875,""y"":0.0,""w"":0.98408203125,""h"":0.994537353515625}}]"
923	c8T11E0000-0000X00S000	923	"[{""photo"":""anno/EV/f0276/h_f0276_l.jpg"",""bbox"":{""x"":0.031130859375,""y"":0.043365478515625,""w"":0.965056640625,""h"":0.953125}}]"
924	c9T11E9797-3030X00S000	924	"[{""photo"":""anno/EV/f0119/f0119_u33_f.jpg"",""bbox"":{""x"":0.015281371280724449,""y"":0.000396728515625,""w"":0.9847186287192755,""h"":0.99609375}},{""photo"":""anno/EV/f0119/f0119_u33_l.jpg"",""bbox"":{""x"":0.031927796803652965,""y"":0.002349853515625,""w"":0.968072203196347,""h"":0.994140625}}]"
925	b9T00E7080-4050X00S000	925	"[{""photo"":""anno/EV/m0152/m0152_l.jpg"",""bbox"":{""x"":0.041712890625,""y"":0.000396728515625,""w"":0.9578515625,""h"":0.994140625}},{""photo"":""anno/EV/m0152/m0152_r.jpg"",""bbox"":{""x"":0.03125390625,""y"":0.002349853515625,""w"":0.96589453125,""h"":0.994140625}},{""photo"":""anno/EV/m0152/m0152__f.jpg"",""bbox"":{""x"":0.02596484375,""y"":0.000396728515625,""w"":0.97291796875,""h"":0.990234375}}]"
926	b8T11E9790-5434X00S000	926	"[{""photo"":""anno/EV/m0091/m0091_f_1.jpg"",""bbox"":{""x"":0.0019414062499999998,""y"":0.002349853515625,""w"":0.99805859375,""h"":0.994140625}},{""photo"":""anno/EV/m0091/m0091_r.jpg"",""bbox"":{""x"":0.002859375,""y"":0.049224853515625,""w"":0.9793359375,""h"":0.939453125}},{""photo"":""anno/EV/m0091/m0091_f.jpg"",""bbox"":{""x"":0.0018242187499999999,""y"":0.035552978515625,""w"":0.8847460937499999,""h"":0.958984375}}]"
927	c9T11E0000-0000X00S000	927	"[{""photo"":""anno/EV/f0433/f0433_f.jpg"",""bbox"":{""x"":0.0037695312500000003,""y"":0.006256103515625,""w"":0.9876171875,""h"":0.990234375}},{""photo"":""anno/EV/f0433/f0433_l.jpg"",""bbox"":{""x"":0.0,""y"":0.008209228515625,""w"":0.9972070312500001,""h"":0.982421875}}]"
928	c8T11E9080-0000X00S000	928	"[{""photo"":""anno/EV/f0493/f0493.jpg"",""bbox"":{""x"":0.0439453125,""y"":0.107818603515625,""w"":0.873046875,""h"":0.8828125}}]"
929	c8T11E0000-3040X01S000	929	"[{""photo"":""anno/EV/f0821/f0821_l.jpg"",""bbox"":{""x"":0.025875,""y"":0.021881103515625,""w"":0.9731875,""h"":0.974609375}},{""photo"":""anno/EV/f0821/f0821_l_1.jpg"",""bbox"":{""x"":0.060099609374999995,""y"":0.008209228515625,""w"":0.938478515625,""h"":0.9882812499999999}},{""photo"":""anno/EV/f0821/f0821_o.jpg"",""bbox"":{""x"":0.031154141104294476,""y"":0.008209228515625,""w"":0.9657783742331287,""h"":0.98828125}}]"
930	c9T11E9000-0000X00S000	930	"[{""photo"":""anno/EV/f0128/f0128_f.jpg"",""bbox"":{""x"":0.001722878556910569,""y"":0.006256103515625,""w"":0.9982771214430894,""h"":0.990234375}}]"
931	c9T11E0000-5550X00S000	931	"[{""photo"":""anno/EV/f0834/f0834_l.jpg"",""bbox"":{""x"":0.0208203125,""y"":0.021881103515625,""w"":0.7668815104166666,""h"":0.947265625}}]"
932	c8T01E8090-4040X00S000	932	"[{""photo"":""anno/EV/f0354/f0354_r.jpg"",""bbox"":{""x"":0.003375,""y"":0.008209228515625,""w"":0.996625,""h"":0.98828125}},{""photo"":""anno/EV/f0354/f0354_f.jpg"",""bbox"":{""x"":0.0,""y"":0.004302978515625,""w"":0.94659375,""h"":0.990234375}},{""photo"":""anno/EV/f0354/f0354_o.jpg"",""bbox"":{""x"":0.13588720145379024,""y"":0.004302978515625,""w"":0.8599428868120457,""h"":0.990234375}},{""photo"":""anno/EV/f0354/f0354_r_1.jpg"",""bbox"":{""x"":0.0,""y"":0.043365478515625,""w"":0.9974707031249999,""h"":0.951171875}},{""photo"":""anno/EV/f0354/f0354_l.jpg"",""bbox"":{""x"":0.026337890625000002,""y"":0.012115478515625,""w"":0.973662109375,""h"":0.984375}}]"
933	c9T11E0000-3030X00S000	933	"[{""photo"":""anno/EV/f0591/f0591_l.jpg"",""bbox"":{""x"":0.00819140625,""y"":0.004302978515625,""w"":0.99180859375,""h"":0.98828125}},{""photo"":""anno/EV/f0591/f0591_r.jpg"",""bbox"":{""x"":0.001984883130081301,""y"":0.002349853515625,""w"":0.9785473831300812,""h"":0.994140625}},{""photo"":""anno/EV/f0591/f0591_f.jpg"",""bbox"":{""x"":0.0036445312499999998,""y"":0.000396728515625,""w"":0.99635546875,""h"":0.994140625}}]"
934	c9T11E0000-0300X00S000	934	"[{""photo"":""anno/EV/f0214/f0214_l.jpg"",""bbox"":{""x"":0.0329765625,""y"":0.000396728515625,""w"":0.9626015625000001,""h"":0.99609375}}]"
935	b8T11E0808-0000X00S000	935	"[{""photo"":""anno/EV/m0361/m0361_r.jpg"",""bbox"":{""x"":0.0,""y"":0.012115478515625,""w"":0.9319902343750002,""h"":0.984375}}]"
936	b0T11E9090-3000X00S000	936	"[{""photo"":""anno/EV/m0158/m0158_l.jpg"",""bbox"":{""x"":0.035083984375,""y"":0.041412353515625,""w"":0.964916015625,""h"":0.955078125}},{""photo"":""anno/EV/m0158/m0158_f.jpg"",""bbox"":{""x"":0.0015078125,""y"":0.000396728515625,""w"":0.989125,""h"":0.99609375}},{""photo"":""anno/EV/m0158/m0158_r.jpg"",""bbox"":{""x"":0.0014492187499999998,""y"":0.014068603515625,""w"":0.9289492187499999,""h"":0.98046875}},{""photo"":""anno/EV/m0158/m0158_f_1.jpg"",""bbox"":{""x"":0.0,""y"":0.078521728515625,""w"":0.9834082031250001,""h"":0.91796875}}]"
937	c8T11E8080-3430X00S000	937	"[{""photo"":""anno/EV/f0263/f0263_l.jpg"",""bbox"":{""x"":0.11895117187500001,""y"":0.004302978515625,""w"":0.881048828125,""h"":0.9921875}},{""photo"":""anno/EV/f0263/f0263_r.jpg"",""bbox"":{""x"":0.0016406249999999997,""y"":0.025787353515625,""w"":0.9778124999999999,""h"":0.958984375}},{""photo"":""anno/EV/f0263/f0263_f.jpg"",""bbox"":{""x"":0.05773828125,""y"":0.0,""w"":0.9326953125,""h"":0.996490478515625}}]"
938	b8T11E9080-0000X00S000	938	"[{""photo"":""anno/EV/m0085/m0085_r_1.jpg"",""bbox"":{""x"":0.0,""y"":0.031646728515625,""w"":0.97184765625,""h"":0.96484375}},{""photo"":""anno/EV/m0085/m0085_r.jpg"",""bbox"":{""x"":0.0014843750000000002,""y"":0.000396728515625,""w"":0.9752343750000001,""h"":0.994140625}}]"
939	b9T11E0000-5040X00S000	939	"[{""photo"":""anno/EV/m0261/m0261_f.jpg"",""bbox"":{""x"":0.08701171875,""y"":0.0,""w"":0.91265625,""h"":0.996490478515625}}]"
940	c9T11E8090-4040X00S000	940	"[{""photo"":""anno/EV/f0526/f0526_f.jpg"",""bbox"":{""x"":0.004195757250268529,""y"":0.029693603515625,""w"":0.9958042427497314,""h"":0.966796875}},{""photo"":""anno/EV/f0526/f0526_o.jpg"",""bbox"":{""x"":0.006156249999999999,""y"":0.0,""w"":0.7387499999999998,""h"":0.9574279785156249}},{""photo"":""anno/EV/f0526/f0526_l.jpg"",""bbox"":{""x"":0.007587890625,""y"":0.004302978515625,""w"":0.992412109375,""h"":0.9921875}},{""photo"":""anno/EV/f0526/f0526_r.jpg"",""bbox"":{""x"":0.001763671875,""y"":0.002349853515625,""w"":0.989419921875,""h"":0.994140625}}]"
941	c9T11E0000-0000X00S000	941	"[{""photo"":""anno/EV/f0457/f0457_r.jpg"",""bbox"":{""x"":0.00358203125,""y"":0.006256103515625,""w"":0.99641796875,""h"":0.9921875}},{""photo"":""anno/EV/f0457/f0457_f.jpg"",""bbox"":{""x"":0.004710937500000001,""y"":0.055084228515625,""w"":0.9704531250000001,""h"":0.94140625}}]"
942	b9T11E9780-0000X00S000	942	"[{""photo"":""anno/EV/m0231/m0231_r.jpg"",""bbox"":{""x"":0.0,""y"":0.008209228515625,""w"":0.9953971354166667,""h"":0.98828125}},{""photo"":""anno/EV/m0231/m0231_l.jpg"",""bbox"":{""x"":0.0016438802083333333,""y"":0.006256103515625,""w"":0.9983561197916667,""h"":0.98828125}}]"
943	c8T11E0007-5030X00S010	943	"[{""photo"":""anno/EV/f0725/f0725_l_1.jpg"",""bbox"":{""x"":0.06258056657354187,""y"":0.115234375,""w"":0.9374194334264582,""h"":0.8781601639737429}},{""photo"":""anno/EV/f0725/f0725_l.jpg"",""bbox"":{""x"":0.07122264302498083,""y"":0.03635684301395781,""w"":0.9287773569750192,""h"":0.9589908341148052}}]"
944	b8T11E8090-5030X00S000	944	"[{""photo"":""anno/EV/m0182/m0182_r.jpg"",""bbox"":{""x"":0.014860635325180135,""y"":0.013671782914860153,""w"":0.9794101980081531,""h"":0.9758164797488428}},{""photo"":""anno/EV/m0182/m0182_r (1).jpg"",""bbox"":{""x"":0.0,""y"":0.09690412581957682,""w"":1.0,""h"":0.8945372749991461}},{""photo"":""anno/EV/m0182/m0182_l.jpg"",""bbox"":{""x"":0.00567797949395178,""y"":0.014872323308738111,""w"":0.9943220205060482,""h"":0.9687565248899052}},{""photo"":""anno/EV/m0182/m0182_f.jpg"",""bbox"":{""x"":0.09336185729495915,""y"":0.026591152238857885,""w"":0.8429904682506155,""h"":0.9687565248899052}}]"
945	b8T11E878?-4?30X00S000	945	"[{""photo"":""anno/EV/m0348/m0348_l_ken.jpg"",""bbox"":{""x"":0.009114207486153955,""y"":0.0039061052947803043,""w"":0.9778649591805127,""h"":0.9960938947052197}},{""photo"":""anno/EV/m0348/m0348_r_ken.jpg"",""bbox"":{""x"":9.020332305838727e-06,""y"":0.009012908843678225,""w"":0.9999909796676941,""h"":0.9726628011999449}}]"
946	c9T11E977?-0000X00S000	946	"[{""photo"":""anno/EV/f0420/f0420_r.jpg"",""bbox"":{""x"":0.003087663343266932,""y"":0.04807567194407758,""w"":0.9504858970879426,""h"":0.9433657288746455}}]"
947	c8T11E8090-0000X00S000	947	"[{""photo"":""anno/EV/f0419/f0419_r.jpg"",""bbox"":{""x"":0.0,""y"":0.059794500874197354,""w"":0.9549530915406758,""h"":0.9355531762545657}}]"
948	c8T11E8000-3400X00S000	948	"[{""photo"":""anno/EV/f0339/f0339_l_2.jpg"",""bbox"":{""x"":0.1368167071393645,""y"":0.09690412581957686,""w"":0.8631832928606354,""h"":0.8984435513091862}},{""photo"":""anno/EV/f0339/f0339_r.jpg"",""bbox"":{""x"":0.0049184397688358935,""y"":0.044169395634037656,""w"":0.8996470893136083,""h"":0.9492251433397052}}]"
949	b8T11E0000-0000X00S000	949	"[{""photo"":""anno/EV/m0324/m0324_r.jpg"",""bbox"":{""x"":0.001390600859683338,""y"":0.04807567194407758,""w"":0.9986093991403165,""h"":0.908209242084286}}]"
950	c9T11E0000-3440X00S0?0	950	"[{""photo"":""anno/EV/f0087/f0087_u28_l_a.jpg"",""bbox"":{""x"":0.12019931868776983,""y"":0.020948759747138723,""w"":0.8798006813122302,""h"":0.9746159393549649}},{""photo"":""anno/EV/f0087/f0087_u28_l.jpg"",""bbox"":{""x"":0.01925539110234137,""y"":0.032972736711457284,""w"":0.9807446088976586,""h"":0.947495921203403}}]"
951	c9T11E000?-4540X00S000	951	"[{""photo"":""anno/EV/f0105/f0105_u18_l.jpg"",""bbox"":{""x"":0.0,""y"":0.003153494378618338,""w"":1.0,""h"":0.9902410445951245}}]"
952	b9T11E9080-3040X00S000	952	"[{""photo"":""anno/EV/m0177/m0177_l.jpg"",""bbox"":{""x"":0.12053699482917153,""y"":0.10081040212961678,""w"":0.8794630051708284,""h"":0.8925841368441261}},{""photo"":""anno/EV/m0177/m0177_r.jpg"",""bbox"":{""x"":0.0,""y"":0.016825461463758073,""w"":0.9965652507325791,""h"":0.974615939354965}},{""photo"":""anno/EV/m0177/m0177_f.jpg"",""bbox"":{""x"":0.0034130169990608675,""y"":0.012919185153718149,""w"":0.9343996693869392,""h"":0.9804753538200247}}]"
953	b8T11E0000-3445X00S000	953	"[{""photo"":""anno/EV/m0390/m0390_l.jpg"",""bbox"":{""x"":0.019898381381524954,""y"":0.05273453286023966,""w"":0.9801016186184751,""h"":0.9426131442685234}}]"
954	b9T11E9000-0000X00S000	954	"[{""photo"":""anno/EV/m0307/m0307_r.jpg"",""bbox"":{""x"":0.0,""y"":0.024638014083837922,""w"":1.0,""h"":0.9687565248899049}}]"
955	b9T11E0000-3000X00S000	955	"[{""photo"":""anno/EV/m0246/m0246_f.jpg"",""bbox"":{""x"":0.01562528188538459,""y"":0.010096652706941758,""w"":0.9765621711337179,""h"":0.9899033472930583}}]"
956	b8T11E0000-5000X00S000	956	"[{""photo"":""anno/EV/m0320/m0320_l.jpg"",""bbox"":{""x"":0.26221287156281137,""y"":0.06370077718423739,""w"":0.7377871284371886,""h"":0.9277406236344857}}]"
957	c8T11E8080-4050X00S000	957	"[{""photo"":""anno/EV/f0658/f0658_f.jpg"",""bbox"":{""x"":0.09279561858775155,""y"":0.10666981659467667,""w"":0.6569257847448126,""h"":0.8867247223790662}},{""photo"":""anno/EV/f0658/f0658_f_1.jpg"",""bbox"":{""x"":0.0,""y"":0.01862261321278169,""w"":1.0,""h"":0.9687565248899052}}]"
958	c9T11E0000-0000X00S000	958	"[{""photo"":""anno/EV/f0191/f0191_l.jpg"",""bbox"":{""x"":0.022220003321249317,""y"":0.034403704858937845,""w"":0.9777799966787507,""h"":0.9628971104248449}}]"
959	b8T11E8070-3030X11S111	959	"[{""photo"":""anno/EV/m0394/m0394_f_1.jpg"",""bbox"":{""x"":0.09425392835471912,""y"":0.04813670751142196,""w"":0.8742657720510367,""h"":0.9453188670296654}},{""photo"":""anno/EV/m0394/m0394_l.jpg"",""bbox"":{""x"":0.005208427295128197,""y"":0.04574108030147888,""w"":0.9778822246603168,""h"":0.9394841758323905}},{""photo"":""anno/EV/m0394/m0394_f.jpg"",""bbox"":{""x"":0.10385581516385407,""y"":0.0774337798367215,""w"":0.8961441848361459,""h"":0.9199280710144058}}]"
960	c9T11E0000-3430X00S000	960	"[{""photo"":""anno/EV/f0166/f0166_l.jpg"",""bbox"":{""x"":0.03898954428465337,""y"":0.0,""w"":0.9610104557153467,""h"":0.9914414008187229}}]"
961	c9T11E0000-0000X00S000	961	"[{""photo"":""anno/EV/f0233/f0233_r.jpg"",""bbox"":{""x"":0.0,""y"":0.02268487592881796,""w"":1.0,""h"":0.966803386734885}}]"
962	c9T11E0000-0000X00S000	962	"[{""photo"":""anno/EV/f0208/f0208_f.jpg"",""bbox"":{""x"":0.0,""y"":0.003906131604820229,""w"":1.0,""h"":0.9918755820199933}},{""photo"":""anno/EV/f0208/f0208_r.jpg"",""bbox"":{""x"":0.0,""y"":0.0051066325336383,""w"":1.0,""h"":0.978522215665005}}]"
963	c9T11E0000-0000X00S000	963	"[{""photo"":""anno/EV/f0314/f0314_l.jpg"",""bbox"":{""x"":0.024499723752323118,""y"":0.04296852636466051,""w"":0.9755002762476769,""h"":0.952596172737443}},{""photo"":""anno/EV/f0314/f0314_f.jpg"",""bbox"":{""x"":0.0,""y"":0.028544290393877847,""w"":1.0,""h"":0.9550845578047654}}]"
964	b9T11E9000-3000X00S000	964	"[{""photo"":""anno/EV/m0145/m0145_f.jpg"",""bbox"":{""x"":0.0,""y"":0.0,""w"":0.991845703125,""h"":0.9980470065501996}}]"
965	c8T11E7090-4030X00S000	965	"[{""photo"":""anno/EV/f0449/f0449_o.jpg"",""bbox"":{""x"":0.009114747766474363,""y"":0.06896764491911926,""w"":0.9713716905414066,""h"":0.9191238376564566}},{""photo"":""anno/EV/f0449/f0449_r.jpg"",""bbox"":{""x"":0.0,""y"":0.03245056670391788,""w"":0.9885959566937866,""h"":0.9531314196497451}},{""photo"":""anno/EV/f0449/f0449_f.jpg"",""bbox"":{""x"":0.013018119861831707,""y"":0.058275399215228035,""w"":0.9869818801381683,""h"":0.9355531762545654}}]"
966	c8T11E8800-3000X00S010	966	"[{""photo"":""anno/EV/f0318/f0318_r.jpg"",""bbox"":{""x"":0.057179421799741594,""y"":0.069777213622638,""w"":0.9417357392321273,""h"":0.9257874854794657}},{""photo"":""anno/EV/f0318/f0318_l.jpg"",""bbox"":{""x"":0.005829307861544982,""y"":0.034403704858937845,""w"":0.993713239423859,""h"":0.9550845578047651}}]"
967	c8T11E0000-4333X01S000	967	"[{""photo"":""anno/EV/f0385/f0385_l.jpg"",""bbox"":{""x"":0.061366348613554694,""y"":0.0,""w"":0.9386336513864452,""h"":0.9857990083270036}}]"
968	c9T11E0900-3300X00S000	968	"[{""photo"":""anno/EV/f0362/f0362_f.jpg"",""bbox"":{""x"":0.0,""y"":0.003153494378618338,""w"":1.0,""h"":0.9921941827501447}}]"
969	c8T11E8900-0000X00S000	969	"[{""photo"":""anno/EV/f0347/f0347_r.jpg"",""bbox"":{""x"":0.0,""y"":0.0344037048589378,""w"":1.0,""h"":0.958990834114805}}]"
970	c8T11E7080-3030X00S000	970	"[{""photo"":""anno/EV/f0540/f0540_f.jpg"",""bbox"":{""x"":0.010090987922775886,""y"":0.034403704858937845,""w"":0.989909012077224,""h"":0.9570376959597853}},{""photo"":""anno/EV/f0540/f0540_r.jpg"",""bbox"":{""x"":0.0,""y"":0.012919185153718149,""w"":0.9970694780733158,""h"":0.9824284919750449}}]"
971	b8T11E0700-0000X00S000	971	"[{""photo"":""anno/EV/m0255/m0255_r.jpg"",""bbox"":{""x"":0.002832874263478188,""y"":0.005859309224900078,""w"":0.9968741569865217,""h"":0.989488367903863}}]"
972	c9T11E9090-0000X00S000	972	"[{""photo"":""anno/EV/f0229/f0229_r.jpg"",""bbox"":{""x"":2.9213191828540987e-06,""y"":0.016825461463758073,""w"":0.9767637148986882,""h"":0.9687565248899049}}]"
973	b8T11E7070-0000X00S000	973	"[{""photo"":""anno/EV/m0146/m0146_r.jpg"",""bbox"":{""x"":0.0,""y"":0.014872323308738111,""w"":0.9915271259459026,""h"":0.9707096630449249}}]"
974	c8T11E0000-0000X00S000	974	"[{""photo"":""anno/EV/f0855/f0855_l_1.jpg"",""bbox"":{""x"":0.16015913932519169,""y"":0.052374785455070454,""w"":0.7291798213179459,""h"":0.9465586423824741}},{""photo"":""anno/EV/f0855/f0855_l.jpg"",""bbox"":{""x"":0.30990142406012716,""y"":0.12715488610067135,""w"":0.5807396434067925,""h"":0.8678427469660521}}]"
975	b8T11E9000-0000X10S000	975	"[{""photo"":""anno/EV/m0373/m0373_r.jpg"",""bbox"":{""x"":0.0,""y"":0.014872323308738111,""w"":1.0,""h"":0.976569077509985}},{""photo"":""anno/EV/m0373/m0373_o.jpg"",""bbox"":{""x"":0.0,""y"":0.0170424834370988,""w"":1.0,""h"":0.970709663044925}}]"
976	c9T11E0000-3000X00S000	976	"[{""photo"":""anno/EV/f0417/f0417_l.jpg"",""bbox"":{""x"":0.07506330088356536,""y"":0.027079406975089815,""w"":0.9249366991164347,""h"":0.9375063144095853}}]"
977	c9T11E0000-0000X00S000	977	"[{""photo"":""anno/EV/f0459/f0459_l.jpg"",""bbox"":{""x"":0.010528917375159258,""y"":0.10563218214729919,""w"":0.9894710826248407,""h"":0.8847715842240464}},{""photo"":""anno/EV/f0459/f0459_r.jpg"",""bbox"":{""x"":0.003307161678491633,""y"":0.009928412551320709,""w"":0.9966928383215083,""h"":0.9824284919750447}}]"
978	c9T11E0000-4030X00S000	978	"[{""photo"":""anno/EV/f0850/f0850_l.jpg"",""bbox"":{""x"":0.005208427295128197,""y"":0.0,""w"":0.9922053997219195,""h"":1.0}}]"
979	c8T10E0000-0000X00S000	979	"[{""photo"":""anno/EV/f0486/f0486_r?.jpg"",""bbox"":{""x"":0.27994777572397433,""y"":0.1972856192933327,""w"":0.3906372385237796,""h"":0.8021975008821651}}]"
980	b8T11E0000-0000X00S000	980	"[{""photo"":""anno/EV/m0455/m0455_Empijan_gini.JPG"",""bbox"":{""x"":0.15967195918997512,""y"":0.0,""w"":0.6123008027670442,""h"":0.9933945389737429}}]"
981	b8T11E0000-3000X00S000	981	"[{""photo"":""anno/EV/m0392/m0392_l.jpg"",""bbox"":{""x"":0.0,""y"":0.04296876315501996,""w"":1.0,""h"":0.9523789139737431}}]"
982	b8T11E0000-4030X00S000	982	"[{""photo"":""anno/EV/m0142/m0142_l.jpg"",""bbox"":{""x"":0.0,""y"":0.0,""w"":1.0,""h"":0.9836288481986433}}]"
983	b8T11E0000-4000X00S000	983	"[{""photo"":""anno/EV/m0040/m0040_l.jpg"",""bbox"":{""x"":0.05203619082777337,""y"":0.0,""w"":0.9479638091722267,""h"":0.9914414008187229}}]"
984	b8T11E7900-0000X00S000	984	"[{""photo"":""anno/EV/m0329/m0329_r.jpg"",""bbox"":{""x"":0.0,""y"":0.012919185153718149,""w"":1.0,""h"":0.9824284919750449}}]"
985	c8T11E9090-4030X00S000	985	"[{""photo"":""anno/EV/f0336/f0336l_1.jpg"",""bbox"":{""x"":0.012070796403243487,""y"":0.019531078984740394,""w"":0.9830595812962251,""h"":0.9562852165938227}},{""photo"":""anno/EV/f0336/f0336_r.jpg"",""bbox"":{""x"":0.0,""y"":0.014872323308738111,""w"":1.0,""h"":0.9785222156650047}}]"
986	c8T11E?000-4030X00S000	986	"[{""photo"":""anno/EV/f0086/f0086_u28_r.jpg"",""bbox"":{""x"":0.0,""y"":0.024638014083837922,""w"":0.99351866083052,""h"":0.9589908341148053}},{""photo"":""anno/EV/f0086/f0086_u28_l_a.jpg"",""bbox"":{""x"":0.04920639988062109,""y"":0.03830998116897777,""w"":0.9507936001193789,""h"":0.9570376959597853}},{""photo"":""anno/EV/f0086/f0086_u28_l.jpg"",""bbox"":{""x"":0.010416854590256392,""y"":0.0,""w"":0.985694865603009,""h"":1.0}}]"
987	c8T11E9080-0000X00S000	987	"[{""photo"":""anno/EV/f0243/f0243_r.jpg"",""bbox"":{""x"":0.0,""y"":0.0,""w"":0.9997714843750001,""h"":0.995347677128763}}]"
988	b8T11E9090-0000X00S000	988	"[{""photo"":""anno/EV/m0319/m0319_r.jpg"",""bbox"":{""x"":0.0013021068237820306,""y"":0.0,""w"":0.9961117201932655,""h"":0.9816460476546693}}]"
989	b8T11E0000-0300X00S000	989	"[{""photo"":""anno/EV/m0357/m0357_l.jpg"",""bbox"":{""x"":0.07552219577935866,""y"":0.0,""w"":0.9244778042206413,""h"":0.9914414008187231}}]"
990	c8T11E0000-0000X00S000	990	"[{""photo"":""anno/EV/f0826/f0826_l.jpg"",""bbox"":{""x"":0.07069230670957755,""y"":0.034403704858937845,""w"":0.913516480147123,""h"":0.958990834114805}}]"
991	c8T11E7080-4000X00S000	991	"[{""photo"":""anno/EV/f0058/f0058_u16_l.jpg"",""bbox"":{""x"":0.014715665396016299,""y"":0.012919185153718149,""w"":0.9852843346039837,""h"":0.962897110424845}},{""photo"":""anno/EV/f0058/f0058_u16_f.jpg"",""bbox"":{""x"":0.01562528188538459,""y"":0.02612155527088522,""w"":0.980486438307881,""h"":0.9738784447291148}},{""photo"":""anno/EV/f0058/f0058_u16_r.jpg"",""bbox"":{""x"":0.0,""y"":0.0012003562235982645,""w"":1.0,""h"":0.9921941827501446}}]"
992	c9T11E0900-0000X00S000	992	"[{""photo"":""anno/EV/f0072/f0072_u34_r.jpg"",""bbox"":{""x"":0.0,""y"":0.03245056670391788,""w"":1.0,""h"":0.960943972269825}}]"
993	c8T11E0000-0000X00S0?0	993	"[{""photo"":""anno/EV/f0462/f0462_r.jpg"",""bbox"":{""x"":0.0,""y"":0.018778599618778046,""w"":0.9966216587785428,""h"":0.9726628011999449}},{""photo"":""anno/EV/f0462/f0462_o.jpg"",""bbox"":{""x"":0.029434366115953688,""y"":0.08127902057941708,""w"":0.9673123725182661,""h"":0.9082092420842859}}]"
994	c9T11E0000-4?00X00S001	994	"[{""photo"":""anno/EV/f0428/f0428_l.jpg"",""bbox"":{""x"":0.09630324755929476,""y"":0.05393508640913747,""w"":0.9036967524407054,""h"":0.9394594525646054}}]"
995	c8T11E8900-4000X00S000	995	"[{""photo"":""anno/EV/f0374/f0374_l.jpg"",""bbox"":{""x"":0.013571971818316196,""y"":0.03830998116897777,""w"":0.9680330886452297,""h"":0.9570376959597853}}]"
996	c8T11E8070-0000X10S000	996	"[{""photo"":""anno/EV/f0755/f0755_gini.jpg"",""bbox"":{""x"":0.001465980100456482,""y"":0.0,""w"":0.9902332915030532,""h"":0.9816757100436231}}]"
997	b7T11E8890-0000X00S000	997	"[{""photo"":""anno/EV/m0384/m0384_r.jpg"",""bbox"":{""x"":0.0064475508461317105,""y"":0.08323215873443701,""w"":0.9410326015472851,""h"":0.9101623802393058}},{""photo"":""anno/EV/m0384/m0384_f_1.jpg"",""bbox"":{""x"":0.0,""y"":0.04221625747901768,""w"":0.9811964480997969,""h"":0.9531314196497451}},{""photo"":""anno/EV/m0384/m0384_f.jpg"",""bbox"":{""x"":0.0,""y"":0.051981948254117505,""w"":1.0,""h"":0.9433657288746455}}]"
998	b8T11E0000-0000X00S000	998	"[{""photo"":""anno/EV/m0095/m0095_r.jpg"",""bbox"":{""x"":0.003303252503930768,""y"":0.0,""w"":0.9902319335202129,""h"":0.9973008152837828}}]"
999	b7T11E9090-3000X00S000	999	"[{""photo"":""anno/EV/m0206/m0206_f_1.jpg"",""bbox"":{""x"":0.051999857406025474,""y"":0.03635684301395781,""w"":0.9480001425939746,""h"":0.9492251433397052}},{""photo"":""anno/EV/m0206/m0206_f.jpg"",""bbox"":{""x"":0.05397024303756994,""y"":0.003153494378618338,""w"":0.9378965555218232,""h"":0.9863347682850846}}]"
1000	c8T11E0000-4440X00S000	1000	"[{""photo"":""anno/EV/f0857/f0857_l.jpg"",""bbox"":{""x"":0.10308984375,""y"":0.00390625,""w"":0.89691015625,""h"":0.994140625}},{""photo"":""anno/EV/f0857/f0857_l_1.jpg"",""bbox"":{""x"":0.11776171875,""y"":0.044921875,""w"":0.8786835937499999,""h"":0.951171875}}]"
1001	b8T11E0800-0000X00S000	1001	"[{""photo"":""anno/EV/m0419/m0419_f.jpg"",""bbox"":{""x"":0.002921874999999999,""y"":0.0,""w"":0.8108203124999999,""h"":0.9980468749999999}}]"
1002	c8T11E7080-4040X00S000	1002	"[{""photo"":""anno/EV/f0500/f0500_f.jpg"",""bbox"":{""x"":0.08349609375,""y"":0.052734375,""w"":0.9140625,""h"":0.943359375}},{""photo"":""anno/EV/f0500/f0500_f_1.JPG"",""bbox"":{""x"":0.00146484375,""y"":0.0546875,""w"":0.86572265625,""h"":0.943359375}}]"
1003	c8T1?E0000-0000X00S000	1003	"[{""photo"":""anno/EV/f0113/f0113_u22_f.jpg"",""bbox"":{""x"":0.08418541698060335,""y"":0.011718605294780304,""w"":0.8934468973638856,""h"":0.9738633810588827}}]"
1004	c9T11E7790-5540X00S000	1004	"[{""photo"":""anno/EV/f0030/f0030_u18_l.jpg"",""bbox"":{""x"":0.0043128842213114756,""y"":0.0078125,""w"":0.9956871157786885,""h"":0.98956298828125}},{""photo"":""anno/EV/f0030/f0030_u18_r.jpg"",""bbox"":{""x"":0.0,""y"":0.04034423828125,""w"":0.9807477678571428,""h"":0.95703125}}]"
1005	c9T11E9000-0000X00S000	1005	"[{""photo"":""anno/EV/f0006/f0006_u15_r.jpg"",""bbox"":{""x"":0.0,""y"":0.00128173828125,""w"":0.9941131161971832,""h"":0.99609375}}]"
1006	b9T11E7090-0000X00S000	1006	"[{""photo"":""anno/EV/m0259/m0259_r.jpg"",""bbox"":{""x"":0.0,""y"":0.01171875,""w"":1.0,""h"":0.98370361328125}}]"
1007	c8T11E8890-4455X00S000	1007	"[{""photo"":""anno/EV/f0040/f0040_u3_l.jpg"",""bbox"":{""x"":0.0078125,""y"":0.0,""w"":0.9921875,""h"":1.0}},{""photo"":""anno/EV/f0040/f0040_r_a.jpg"",""bbox"":{""x"":0.0,""y"":0.02862548828125,""w"":0.9781289062499999,""h"":0.96875}},{""photo"":""anno/EV/f0040/f0040_r.jpg"",""bbox"":{""x"":0.0035390624999999997,""y"":0.03448486328125,""w"":0.9750117187499999,""h"":0.96484375}},{""photo"":""anno/EV/f0040/f0040_l.jpg"",""bbox"":{""x"":0.0,""y"":0.01171875,""w"":1.0,""h"":0.9797973632812499}},{""photo"":""anno/EV/f0040/f0040_u3_r.jpg"",""bbox"":{""x"":0.43359375,""y"":0.2980401363383417,""w"":0.2630208333333333,""h"":0.4993652615470228}}]"
1008	c9T11E0000-0300X00S000	1008	"[{""photo"":""anno/EV/f0275/g_f0275_l.jpg"",""bbox"":{""x"":0.077998046875,""y"":0.01885986328125,""w"":0.922001953125,""h"":0.97265625}}]"
1009	c9T11E0000-0000X00S0?0	1009	"[{""photo"":""anno/EV/f0136/f0136_l.jpg"",""bbox"":{""x"":0.10588235294117647,""y"":0.01300048828125,""w"":0.8784926470588235,""h"":0.986328125}}]"
1010	b8T11E9998-0000X00S000	1010	"[{""photo"":""anno/EV/m0248/m0248_r_1.jpg"",""bbox"":{""x"":0.004921875,""y"":0.02276611328125,""w"":0.946640625,""h"":0.97265625}},{""photo"":""anno/EV/m0248/m0248_r.jpg"",""bbox"":{""x"":0.0,""y"":0.01690673828125,""w"":0.955078125,""h"":0.98046875}},{""photo"":""anno/EV/m0248/m0248_l.jpg"",""bbox"":{""x"":0.17578125,""y"":0.111328125,""w"":0.521484375,""h"":0.88214111328125}},{""photo"":""anno/EV/m0248/m0248_f.jpg"",""bbox"":{""x"":0.16552734375,""y"":0.02734375,""w"":0.544921875,""h"":0.97198486328125}}]"
1011	b8T11E9090-3030X11S000	1011	"[{""photo"":""anno/EV/m0292/m0292_l.jpg"",""bbox"":{""x"":0.02450390625,""y"":0.03839111328125,""w"":0.97549609375,""h"":0.953125}},{""photo"":""anno/EV/m0292/m0292_r_poss.jpg"",""bbox"":{""x"":0.0,""y"":0.04620361328125,""w"":0.9695870535714286,""h"":0.953125}}]"
1012	c8T11E7080-3040X00S000	1012	"[{""photo"":""anno/EV/f0444/f0444_f.jpg"",""bbox"":{""x"":0.0,""y"":0.06573486328125,""w"":0.77734375,""h"":0.93426513671875}}]"
1013	c8T11E9090-0000X00S000	1013	"[{""photo"":""anno/EV/f0287/f0287_r (1).jpg"",""bbox"":{""x"":0.0,""y"":0.0,""w"":1.0,""h"":0.99932861328125}},{""photo"":""anno/EV/f0287/f0287_l_2.jpg"",""bbox"":{""x"":0.08852539062499999,""y"":0.04034423828125,""w"":0.911474609375,""h"":0.95703125}},{""photo"":""anno/EV/f0287/f0287_r.jpg"",""bbox"":{""x"":0.0,""y"":0.0,""w"":0.9973124999999999,""h"":0.98565673828125}}]"
1014	c8T11E0000-3400X00S000	1014	"[{""photo"":""anno/EV/f0752/f0752.jpg"",""bbox"":{""x"":0.0,""y"":0.03057861328125,""w"":0.98869140625,""h"":0.966796875}}]"
1015	b9T11E8899-0000X00S000	1015	"[{""photo"":""anno/EV/m0033/m0033_r.jpg"",""bbox"":{""x"":0.0,""y"":0.05596923828125,""w"":0.9915625000000001,""h"":0.939453125}}]"
1016	b8T11E0000-4400X00S000	1016	"[{""photo"":""anno/EV/m0258/m0258_l.jpg"",""bbox"":{""x"":0.0,""y"":0.015625,""w"":0.9873567708333334,""h"":0.97979736328125}}]"
1017	c8T00E0000-5440X00S000	1017	"[{""photo"":""anno/EV/f0369/f0369.jpg"",""bbox"":{""x"":0.007610452586206897,""y"":0.18292236328125,""w"":0.9817483836206896,""h"":0.798828125}}]"
1018	c9T11E9000-0000X00S000	1018	"[{""photo"":""anno/EV/f0149/f0149_r.jpg"",""bbox"":{""x"":0.0,""y"":0.00323486328125,""w"":1.0,""h"":0.994140625}}]"
1019	c8T11E7080-5030X00S000	1019	"[{""photo"":""anno/EV/f0576/f0576_r.jpg"",""bbox"":{""x"":0.0,""y"":0.005035400390625,""w"":1.0,""h"":0.990234375}},{""photo"":""anno/EV/f0576/f0576_l.jpg"",""bbox"":{""x"":0.0,""y"":0.017578125,""w"":1.0,""h"":0.979644775390625}},{""photo"":""anno/EV/f0576/f0576_f.jpg"",""bbox"":{""x"":0.0,""y"":0.014801025390625,""w"":1.0,""h"":0.970703125}}]"
1020	c9T11E9000-0000X00S000	1020	"[{""photo"":""anno/EV/f0330/f0330_r.jpg"",""bbox"":{""x"":0.0017074742268041237,""y"":0.00909423828125,""w"":0.9982925257731958,""h"":0.978515625}}]"
1021	c8T11E0000-4530X00S000	1021	"[{""photo"":""anno/EV/f0516/f0516_l.jpg"",""bbox"":{""x"":0.0,""y"":0.009765625,""w"":1.0,""h"":0.9895629882812499}}]"
1022	c9T11E0000-5540X00S000	1022	"[{""photo"":""anno/EV/f0207/f0207_DSC_0155_2.jpg"",""bbox"":{""x"":0.007648437499999999,""y"":0.00714111328125,""w"":0.9923515625,""h"":0.984375}}]"
1023	b8T11E7878-5540X00S000	1023	"[{""photo"":""anno/EV/m0120/m0120_l.jpeg"",""bbox"":{""x"":0.0358125,""y"":0.02471923828125,""w"":0.9641875,""h"":0.96875}},{""photo"":""anno/EV/m0120/m0120_l_a.jpeg"",""bbox"":{""x"":0.0,""y"":0.01104736328125,""w"":1.0,""h"":0.986328125}}]"
1024	c9T11E9000-0000X00S000	1024	"[{""photo"":""anno/EV/f0070/f0070_u24_r.jpg"",""bbox"":{""x"":0.0,""y"":0.03057861328125,""w"":1.0,""h"":0.96746826171875}}]"
1025	c9T11E9000-0000X00S000	1025	"[{""photo"":""anno/EV/f0161/f0161_l.jpg"",""bbox"":{""x"":0.0,""y"":0.02471923828125,""w"":1.0,""h"":0.966796875}}]"
1026	b8T11E8090-5550X?0S000	1026	"[{""photo"":""anno/EV/m0049/m0049_l.jpg"",""bbox"":{""x"":0.048134765625,""y"":0.01300048828125,""w"":0.951865234375,""h"":0.986328125}},{""photo"":""anno/EV/m0049/m0049_f.jpg"",""bbox"":{""x"":0.0,""y"":0.02081298828125,""w"":0.9966875,""h"":0.9765625}},{""photo"":""anno/EV/m0049/m0049_o.jpg"",""bbox"":{""x"":0.0,""y"":0.0,""w"":1.0,""h"":1.0}},{""photo"":""anno/EV/m0049/m0049_r.jpg"",""bbox"":{""x"":0.0,""y"":0.01495361328125,""w"":0.9852890625000001,""h"":0.98504638671875}}]"
1027	c9T11E8070-0000X00S000	1027	"[{""photo"":""anno/EV/f0464/f0464_r.jpg"",""bbox"":{""x"":0.0,""y"":0.00909423828125,""w"":1.0,""h"":0.978515625}}]"
1028	b8T11E9080-0000X00S000	1028	"[{""photo"":""anno/EV/m0393/m0393_o.jpg"",""bbox"":{""x"":0.024222656250000002,""y"":0.09112548828125,""w"":0.9689062500000001,""h"":0.875}},{""photo"":""anno/EV/m0393/m0393_r.jpg"",""bbox"":{""x"":0.0,""y"":0.11260986328125,""w"":0.9763079175152749,""h"":0.884765625}},{""photo"":""anno/EV/m0393/m0393_r_1.jpg"",""bbox"":{""x"":0.0,""y"":0.01495361328125,""w"":0.9780308783609101,""h"":0.984375}}]"
1029	b8T11E0000-5040X00S000	1029	"[{""photo"":""anno/EV/m0109/m0109_l.jpeg"",""bbox"":{""x"":0.0028203125,""y"":0.0,""w"":0.9971796875,""h"":0.99737548828125}}]"
1030	c8T11E0000-4000X00S000	1030	"[{""photo"":""anno/EV/f0707/f0707_f.jpg"",""bbox"":{""x"":0.02294140625,""y"":0.10089111328125,""w"":0.97705859375,""h"":0.890625}}]"
1031	b9T11E8000-5000X00S000	1031	"[{""photo"":""anno/EV/m0052/m0052_r.jpg"",""bbox"":{""x"":0.0,""y"":0.02667236328125,""w"":1.0,""h"":0.97265625}},{""photo"":""anno/EV/m0052/m0052_l.jpg"",""bbox"":{""x"":0.19266796875,""y"":0.07745361328125,""w"":0.80733203125,""h"":0.912109375}}]"
1032	c8T11E9000-4000X00S000	1032	"[{""photo"":""anno/EV/f0846/f0846_processed.jpg"",""bbox"":{""x"":0.0,""y"":0.02667236328125,""w"":1.0,""h"":0.96484375}}]"
1033	c9T11E9000-0000X00S000	1033	"[{""photo"":""anno/EV/f0343/f0343_r.jpg"",""bbox"":{""x"":0.006952841596130592,""y"":0.02862548828125,""w"":0.9930471584038694,""h"":0.966796875}}]"
1034	c8T11E0000-0000X00S000	1034	"[{""photo"":""anno/EV/f0135/f0135_r.jpg"",""bbox"":{""x"":0.0,""y"":0.04815673828125,""w"":0.9794179459064327,""h"":0.939453125}}]"
1035	c9T11E0000-5030X00S000	1035	"[{""photo"":""anno/EV/f0093/f0093_u14_l.jpg"",""bbox"":{""x"":0.010309721859029466,""y"":0.0061757894497790344,""w"":0.9850898350899504,""h"":0.984396885635754}}]"
1036	c8T1?E0000-4000X00S000	1036	"[{""photo"":""anno/EV/f0074/f0074_u25_l.jpg"",""bbox"":{""x"":0.0,""y"":0.007059770688658262,""w"":1.0,""h"":0.962897110424845}}]"
1037	b7T11E0000-0000X00S000	1037	"[{""photo"":""anno/EV/m0013/m0013_l.jpg"",""bbox"":{""x"":0.08391978990358245,""y"":0.012919185153718149,""w"":0.9160802100964175,""h"":0.9870808148462819}}]"
1038	c8T11E0000-5000X00S000	1038	[]
1039	c9T11E0000-3030X00S000	1039	"[{""photo"":""anno/EV/f0092/f0092_u14_l.jpg"",""bbox"":{""x"":0.003972621062357984,""y"":0.083984375,""w"":0.9960273789376419,""h"":0.912109375}}]"
1040	c9T11E8090-0400X00S000	1040	"[{""photo"":""anno/EV/m0356/m0356_r.jpg"",""bbox"":{""x"":0.005208333333333333,""y"":0.079833984375,""w"":0.98828125,""h"":0.9140625}}]"
1041	c8T11E0000-0000X00S001	1041	"[{""photo"":""anno/EV/f0247/f0247_r.jpg"",""bbox"":{""x"":0.005517388132295719,""y"":0.005615234375,""w"":0.9912907344357975,""h"":0.986328125}},{""photo"":""anno/EV/f0247/f0247_o.jpg"",""bbox"":{""x"":0.0079144908616188,""y"":0.075927734375,""w"":0.8211284268929504,""h"":0.908203125}}]"
1042	c9T11E8000-0300X00S001	1042	"[{""photo"":""anno/EV/f0053/f0053_u21_r.jpg"",""bbox"":{""x"":0.0703125,""y"":0.004072518184267241,""w"":0.8880208333333334,""h"":0.9817483836206896}},{""photo"":""anno/EV/f0053/f0053_u21_l.jpg"",""bbox"":{""x"":0.016927083333333332,""y"":0.014617533623417722,""w"":0.953125,""h"":0.9759196993670887}}]"
1043	c9T11E9780-0000X??S000	1043	"[{""photo"":""anno/EV/f0143/f0143_r.jpg"",""bbox"":{""x"":0.00570296457905544,""y"":0.06030273437499999,""w"":0.8725535805954824,""h"":0.9335937499999999}}]"
1044	c9T11E8997-5533X00S000	1044	"[{""photo"":""anno/EV/f0277/f0277_f.jpg"",""bbox"":{""x"":0.0078125,""y"":0.012318421229200216,""w"":0.9895833333333334,""h"":0.9875704508856683}},{""photo"":""anno/EV/f0277/f0277_r.jpg"",""bbox"":{""x"":0.010677734375000001,""y"":0.001708984375,""w"":0.939640625,""h"":0.98828125}},{""photo"":""anno/EV/f0277/f0277_l.jpg"",""bbox"":{""x"":0.03290625,""y"":0.013427734375,""w"":0.96525,""h"":0.978515625}}]"
1045	b9T11E7000-4500X00S000	1045	"[{""photo"":""anno/EV/m0301/m0301_l.jpg"",""bbox"":{""x"":0.006510416666666667,""y"":0.008362828038674034,""w"":0.9895833333333334,""h"":0.979799723756906}},{""photo"":""anno/EV/m0301/m0301_r.jpg"",""bbox"":{""x"":0.00412109375,""y"":0.001708984375,""w"":0.9945572916666666,""h"":0.994140625}}]"
1046	c0T11E0000-0000X00S000	1046	"[{""photo"":""anno/EV/f0036/f0036_u12_r.jpg"",""bbox"":{""x"":0.006728668865905849,""y"":0.062255859375,""w"":0.9932713311340942,""h"":0.931640625}}]"
1047	b8T11E7080-0000X00S000	1047	"[{""photo"":""anno/EV/m0241/m0241_r.jpg"",""bbox"":{""x"":0.0,""y"":0.01896963876637083,""w"":0.9217496830476906,""h"":0.9566460866483719}}]"
1048	b8T11E7000-0000X00S000	1048	"[{""photo"":""anno/EV/m0412/m0412_r.jpg"",""bbox"":{""x"":0.00349609375,""y"":0.003662109375,""w"":0.9911425781250001,""h"":0.990234375}}]"
1049	c0T11E8987-4345X00S000	1049	"[{""photo"":""anno/EV/f0104/f0104_u38_f.jpg"",""bbox"":{""x"":0.006051300578034682,""y"":0.054443359375,""w"":0.9893876445086704,""h"":0.935546875}},{""photo"":""anno/EV/f0104/f0104_u38_r.jpg"",""bbox"":{""x"":0.007434308687002652,""y"":0.009521484375,""w"":0.9872761936339521,""h"":0.982421875}}]"
1050	c9T11E7707-0000X00S000	1050	"[{""photo"":""anno/EV/f0120/f0120_u22_r.jpg"",""bbox"":{""x"":0.009787087912087914,""y"":0.009521484375,""w"":0.981971153846154,""h"":0.982421875}}]"
1051	c9T11E0000-3000X00S000	1051	"[{""photo"":""anno/EV/f0261/f0261_l.jpg"",""bbox"":{""x"":0.008095703125,""y"":0.0036621093749999996,""w"":0.9892949218749999,""h"":0.9921874999999999}}]"
1052	c9T11E0000-0000X00S000	1052	"[{""photo"":""anno/EV/f0151/f0151_l.jpg"",""bbox"":{""x"":0.07518927688504327,""y"":0.001708984375,""w"":0.9199629171817059,""h"":0.994140625}}]"
1053	b8T11E8090-0000X00S000	1053	"[{""photo"":""anno/EV/m0322/m0322_f_1.jpg"",""bbox"":{""x"":0.18619791666666666,""y"":0.013427734375,""w"":0.7955729166666666,""h"":0.984375}},{""photo"":""anno/EV/m0322/m0322_f.jpg"",""bbox"":{""x"":0.17317708333333334,""y"":0.040771484375,""w"":0.640625,""h"":0.951171875}}]"
1054	c8T11E9090-4550X00S000	1054	"[{""photo"":""anno/EV/f0022/f0022_u10_r.jpg"",""bbox"":{""x"":0.005834494426751592,""y"":0.013427734375,""w"":0.9801950636942676,""h"":0.982421875}},{""photo"":""anno/EV/f0022/f0022_u10_l.jpg"",""bbox"":{""x"":0.07598684210526314,""y"":0.040771484375,""w"":0.9175411184210526,""h"":0.95703125}}]"
1055	b9T11E0000-4000X01S000	1055	"[{""photo"":""anno/EV/m0251/m0251_f.jpg"",""bbox"":{""x"":0.045458984375,""y"":0.019287109375,""w"":0.9020019531249999,""h"":0.9746093749999999}},{""photo"":""anno/EV/m0251/m0251_l.jpg"",""bbox"":{""x"":0.05932291666666667,""y"":0.001708984375,""w"":0.9386979166666668,""h"":0.992431640625}}]"
1056	c8T11E7080-4050X00S110	1056	"[{""photo"":""anno/EV/f0049/f0049_u23_r.jpg"",""bbox"":{""x"":0.05063867066625524,""y"":0.033203125,""w"":0.9466886319653236,""h"":0.9617943071443329}},{""photo"":""anno/EV/f0049/f0049_u23_l.jpg"",""bbox"":{""x"":0.01021064082278481,""y"":0.023193359375,""w"":0.9897893591772152,""h"":0.96875}}]"
1057	b8T11E7080-5040X00S110	1057	"[{""photo"":""anno/EV/m0507/m0507_l.jpg"",""bbox"":{""x"":0.011968749999999998,""y"":0.025146484375,""w"":0.98592578125,""h"":0.970703125}},{""photo"":""anno/EV/m0507/m0507_r.jpg"",""bbox"":{""x"":0.0055703125,""y"":0.032958984375,""w"":0.973412109375,""h"":0.96484375}},{""photo"":""anno/EV/m0507/m0507_f.jpg"",""bbox"":{""x"":0.11934375000000001,""y"":0.007568359375,""w"":0.88065625,""h"":0.98828125}}]"
1058	c0T11E9000-0400X00S000	1058	"[{""photo"":""anno/EV/f0111/f0111_u10_r.jpg"",""bbox"":{""x"":0.0018498761013215858,""y"":0.007568359375,""w"":0.9952333425110131,""h"":0.98828125}},{""photo"":""anno/EV/f0111/f0111_u10_l.jpg"",""bbox"":{""x"":0.052956681910569105,""y"":0.001708984375,""w"":0.9470433180894309,""h"":0.994140625}}]"
1059	c9T11E9809-0000X00S000	1059	"[{""photo"":""anno/EV/f0057/f0057_u24_f.jpg"",""bbox"":{""x"":0.02549686192468619,""y"":0.013427734375,""w"":0.9625065376569037,""h"":0.980712890625}},{""photo"":""anno/EV/f0057/f0057_u24_r.jpg"",""bbox"":{""x"":0.0078125,""y"":0.012141927083333334,""w"":0.9856770833333334,""h"":0.9796210106382979}}]"
1060	c8T11E9000-0000X00S000	1060	"[{""photo"":""anno/EV/f0158/f0158_r.jpg"",""bbox"":{""x"":0.006546874999999999,""y"":0.052490234375,""w"":0.9100156249999999,""h"":0.939453125}},{""photo"":""anno/EV/f0158/f0158_f.jpg"",""bbox"":{""x"":0.08265625,""y"":0.007568359375,""w"":0.86609375,""h"":0.990234375}}]"
1061	c9T11E0000-0000X00S000	1061	"[{""photo"":""anno/EV/f0348/f0348_r.jpg"",""bbox"":{""x"":0.0,""y"":0.079833984375,""w"":0.928625,""h"":0.9140625}}]"
1062	b0T11E7787-0000X00S000	1062	"[{""photo"":""anno/EV/m0105/m0105_r.jpeg"",""bbox"":{""x"":0.008535156249999998,""y"":0.013427734375,""w"":0.9456953124999999,""h"":0.98046875}}]"
1063	b8T11E7700-4040X00S000	1063	"[{""photo"":""anno/EV/m0229/m0229_r.jpg"",""bbox"":{""x"":0.08795703124999998,""y"":0.073974609375,""w"":0.91204296875,""h"":0.919921875}},{""photo"":""anno/EV/m0229/m0229_l.jpg"",""bbox"":{""x"":0.09139648437499998,""y"":0.003662109375,""w"":0.9027734374999998,""h"":0.984375}}]"
1064	c9T11E9080-4040X00S000	1064	"[{""photo"":""anno/EV/f0393/f0393_Maasai Mara Nachmittags 128.JPG"",""bbox"":{""x"":0.061113281250000005,""y"":0.064208984375,""w"":0.7975408294886713,""h"":0.9054619732288243}}]"
1065	c8T00E0000-4000X00S000	1065	"[{""photo"":""anno/EV/f0736/f0736.jpg"",""bbox"":{""x"":0.17871093749999997,""y"":0.021240234375,""w"":0.8212890625,""h"":0.9765625}}]"
1066	c9T11E0000-0000X00S000	1066	"[{""photo"":""anno/EV/f0260/f0260_f.jpg"",""bbox"":{""x"":0.010968749999999998,""y"":0.032958984375,""w"":0.9817031249999998,""h"":0.9609375}},{""photo"":""anno/EV/f0260/f0260_l.jpg"",""bbox"":{""x"":0.020648437500000002,""y"":0.007568359375,""w"":0.977359375,""h"":0.990234375}}]"
1067	b9T11E9899-0000X00S000	1067	"[{""photo"":""anno/EV/m0266/m0266_f.JPG"",""bbox"":{""x"":0.06837109375,""y"":0.056396484375,""w"":0.92746875,""h"":0.935546875}}]"
1068	b9T11E9080-3030X00S000	1068	"[{""photo"":""anno/EV/m0510/m0510_l.jpg"",""bbox"":{""x"":0.005976562499999998,""y"":0.0,""w"":0.9906152343749998,""h"":0.9899902343749999}},{""photo"":""anno/EV/m0510/m0510_r.jpg"",""bbox"":{""x"":0.004388671875,""y"":0.007568359375,""w"":0.984525390625,""h"":0.986328125}},{""photo"":""anno/EV/m0510/m0510_f.jpg"",""bbox"":{""x"":0.004787109374999999,""y"":0.0,""w"":0.9781660156249998,""h"":0.9958496093749999}}]"
1069	b9T11E0000-4540X00S000	1069	"[{""photo"":""anno/EV/m0111/m0111_l.jpeg"",""bbox"":{""x"":0.021765624999999997,""y"":0.0,""w"":0.9685703124999999,""h"":0.991943359375}}]"
1070	b9T11E8770-0000X00S000	1070	"[{""photo"":""anno/EV/m0260/m0260_r.jpg"",""bbox"":{""x"":0.0031770833333333334,""y"":0.038818359375,""w"":0.9658333333333333,""h"":0.955078125}}]"
1071	c9T11E7000-0000X00S000	1071	"[{""photo"":""anno/EV/f0144/f0144_r.jpg"",""bbox"":{""x"":0.00625,""y"":0.040771484375,""w"":0.884375,""h"":0.95703125}}]"
1072	c9T11E8000-0000X00S000	1072	"[{""photo"":""anno/EV/f0186/f0186_r.jpg"",""bbox"":{""x"":0.004239711087260315,""y"":0.008128957873659526,""w"":0.984844661688733,""h"":0.988303222483515}}]"
1073	c9T11E0000-3040X00S000	1073	"[{""photo"":""anno/EV/f0210/f0210_l.jpg"",""bbox"":{""x"":0.015042103327993082,""y"":0.0061757894497790344,""w"":0.982004603879959,""h"":0.980490548787993}}]"
1074	c8T11E9780-4040X00S000	1074	"[{""photo"":""anno/EV/f0100/f0100_u37_r.jpg"",""bbox"":{""x"":0.003065869450324858,""y"":0.04914549477514929,""w"":0.9929370706643827,""h"":0.9433803487342642}},{""photo"":""anno/EV/f0100/f0100_u37_f.jpg"",""bbox"":{""x"":0.014431437416900053,""y"":0.017894799993061872,""w"":0.9260349227231197,""h"":0.9746310435163517}}]"
1075	c9T11E9700-0000X00S000	1075	"[{""photo"":""anno/EV/f0242/f0242_r.jpg"",""bbox"":{""x"":0.0054290612825705995,""y"":0.004222621025898654,""w"":0.9806391914718946,""h"":0.9902563909073954}}]"
1076	c8T11E9090-5340X00S000	1076	"[{""photo"":""anno/EV/f0131/f0131_r.jpg"",""bbox"":{""x"":0.0,""y"":0.14094441069753105,""w"":0.9821434166845446,""h"":0.8554877696596435}},{""photo"":""anno/EV/f0131/f0131_f.jpg"",""bbox"":{""x"":0.012572833940077811,""y"":0.013988463145300889,""w"":0.9874271660599222,""h"":0.9101764855282963}}]"
1077	b8T11E8000-0000X00S000	1077	"[{""photo"":""anno/EV/m0276/m0276_r.jpg"",""bbox"":{""x"":0.11328167313247019,""y"":0.10738361897882728,""w"":0.8203155640627157,""h"":0.7987551494154894}}]"
1078	c8T11E8090-0000X00S000	1078	"[{""photo"":""anno/EV/f0236/f0236_r.jpg"",""bbox"":{""x"":0.004717527130086718,""y"":0.0022694526020181514,""w"":0.9516729425293843,""h"":0.9941627277551565}}]"
1079	c8T11E9?90-0000X00S000	1079	"[{""photo"":""anno/EV/f0406/f0406_r.jpg"",""bbox"":{""x"":0.006510440984624718,""y"":0.051293562049053595,""w"":0.8854199739089628,""h"":0.943056521523933}}]"
1080	c8T11E8000-0000X00S000	1080	"[{""photo"":""anno/EV/f0762/f0762_r.jpg"",""bbox"":{""x"":0.00520835278769976,""y"":0.06014727053872593,""w"":0.9804724122844837,""h"":0.9398527294612741}}]"
1081	c8T11E0000-3540X00S000	1081	"[{""photo"":""anno/EV/f0708/f0708_l.jpg"",""bbox"":{""x"":0.1725638899373896,""y"":0.23469649504379342,""w"":0.8196741362161956,""h"":0.7578293484656201}},{""photo"":""anno/EV/f0708/f0708_f_IMG_1277_processed.jpg"",""bbox"":{""x"":0.11938546602248984,""y"":0.03156697896022509,""w"":0.8077454633267529,""h"":0.9648652013969494}}]"
1082	b9T11E7090-0000X00S000	1082	"[{""photo"":""anno/EV/m0410/m0410_r.jpg"",""bbox"":{""x"":0.08398062528883522,""y"":0.05109866319902978,""w"":0.85014477704402,""h"":0.9336145066148618}}]"
1083	b9T11E7880-0000X00S000	1083	"[{""photo"":""anno/EV/m0520/m0520_r.jpg"",""bbox"":{""x"":0.007903010626833568,""y"":0.0999278737960414,""w"":0.9800817373846251,""h"":0.8965043065611331}}]"
1084	c0T11E0000-3000X00S000	1084	"[{""photo"":""anno/EV/f0127/f0127_r.jpg"",""bbox"":{""x"":0.00920857174327974,""y"":0.05109866319902978,""w"":0.9907914282567203,""h"":0.9414271803103837}},{""photo"":""anno/EV/f0127/f0127_l.jpg"",""bbox"":{""x"":0.07600357329268613,""y"":0.05305183162291027,""w"":0.9239964267073139,""h"":0.9004106434088939}}]"
1085	c8T11E0000-4040X00S000	1085	"[{""photo"":""anno/EV/f0073/f0073_u25_l.jpg"",""bbox"":{""x"":0.0469006910789036,""y"":0.017270616638527473,""w"":0.945100073330551,""h"":0.936869685157413}}]"
1086	b0T11E0000-3344X00S000	1086	"[{""photo"":""anno/EV/m0110/m0110_l.jpeg"",""bbox"":{""x"":0.04091809337834502,""y"":0.008128957873659543,""w"":0.9451345676839099,""h"":0.9883032224835149}}]"
1087	b0T11E9080-4030X00S000	1087	"[{""photo"":""anno/EV/m0289/m0289_l.jpg"",""bbox"":{""x"":0.039419551239051054,""y"":0.004222621025898654,""w"":0.95237515462496,""h"":0.9863500540596344}},{""photo"":""anno/EV/m0289/m0289_r.jpg"",""bbox"":{""x"":0.006781074495020139,""y"":0.0003162841781376713,""w"":0.9686508705290886,""h"":0.9961158961790368}}]"
1088	c8T11E9090-3450X00S000	1088	"[{""photo"":""anno/EV/f0329/f0329_r.jpg"",""bbox"":{""x"":0.007501220227938142,""y"":0.026595273469452008,""w"":0.9606413708584515,""h"":0.9687715382447103}},{""photo"":""anno/EV/f0329/f0329_l.jpg"",""bbox"":{""x"":0.04619905963599074,""y"":0.0061757894497790344,""w"":0.9406944969788991,""h"":0.988303222483515}}]"
1089	c8T11E8000-4050X00S000	1089	"[{""photo"":""anno/EV/f0438/f0438_r.jpg"",""bbox"":{""x"":0.03776055771082344,""y"":0.00783061933325785,""w"":0.9570348247398347,""h"":0.9828086408784149}},{""photo"":""anno/EV/f0438/f0438_f.jpg"",""bbox"":{""x"":0.011787959085588207,""y"":0.0003162841781376713,""w"":0.9882120409144118,""h"":0.9941627277551564}},{""photo"":""anno/EV/f0438/f0438_l.jpg"",""bbox"":{""x"":0.007330635476817929,""y"":0.012035294721420509,""w"":0.9866047433023667,""h"":0.984396885635754}}]"
1090	b9T11E9000-3355X00S000	1090	"[{""photo"":""anno/EV/m0170/m0170_f.jpg"",""bbox"":{""x"":0.03510954818972521,""y"":0.010082126297540017,""w"":0.9544103250007002,""h"":0.9863500540596345}}]"
1091	b8T11E9000-0000X00S000	1091	"[{""photo"":""anno/EV/m0190/m0190_f.jpg"",""bbox"":{""x"":0.00293907540152729,""y"":0.08430252640499769,""w"":0.8973354932998826,""h"":0.9043169802566549}}]"
1092	b0T11E0900-0000X00S000	1092	"[{""photo"":""anno/EV/m0131/m0131_r.jpg"",""bbox"":{""x"":0.0047972539037959595,""y"":0.04523915792738837,""w"":0.9682724562331393,""h"":0.9511930224297863}}]"
1093	c9T11E0000-5030X00S000	1093	"[{""photo"":""anno/EV/f0660/f0660_l.jpg"",""bbox"":{""x"":0.08177723059182881,""y"":0.039379652655746944,""w"":0.9182227694081712,""h"":0.8222839064536754}}]"
1094	c0T11E0000-0000X00S000	1094	"[{""photo"":""anno/EV/f0528/f0528_f.jpg"",""bbox"":{""x"":0.025745694150043043,""y"":0.10578737906768276,""w"":0.8692651068775747,""h"":0.8906448012894917}},{""photo"":""anno/EV/f0528/f0528_r.jpg"",""bbox"":{""x"":0.0066175737379886084,""y"":0.004222621025898654,""w"":0.9836782093744149,""h"":0.9922095593312759}}]"
1095	c0T11E9080-3544X00S000	1095	"[{""photo"":""anno/EV/f0293/f0293_f.jpg"",""bbox"":{""x"":0.012985678211997033,""y"":0.008128957873659526,""w"":0.9781346349976735,""h"":0.9863500540596345}}]"
1096	c9T11E8000-0000X00S000	1096	"[{""photo"":""anno/EV/f0032/f0032_u12_r.jpg"",""bbox"":{""x"":0.01246224400684767,""y"":0.018782599773930153,""w"":0.9848709795715401,""h"":0.9785373803641126}}]"
1097	b8T11E9790-4040X00S000	1097	"[{""photo"":""anno/EV/m0210/m0210_f.jpg"",""bbox"":{""x"":0.006509482756597487,""y"":0.0061757894497790344,""w"":0.9857536362346729,""h"":0.9863500540596345}}]"
1098	c8T11E8090-0000X00S000	1098	"[{""photo"":""anno/EV/f0437/f0437_f.jpg"",""bbox"":{""x"":0.06761693955472457,""y"":0.12531906330648734,""w"":0.9234398061046976,""h"":0.8711131170506872}}]"
1099	c0T11E0000-0500X00S000	1099	"[{""photo"":""anno/EV/f0240/f0240_l.jpg"",""bbox"":{""x"":0.028586796073345563,""y"":0.0,""w"":0.9696612757110562,""h"":0.9964321803571745}}]"
1100	c0T11E0000-3030X00S000	1100	"[{""photo"":""anno/EV/f0425/f0425_l.jpg"",""bbox"":{""x"":0.028369791828510432,""y"":0.010082126297540017,""w"":0.9716302081714895,""h"":0.9863500540596345}},{""photo"":""anno/EV/f0425/f0425_r.jpg"",""bbox"":{""x"":0.007348624813883782,""y"":0.008128957873659526,""w"":0.9748361887376205,""h"":0.984396885635754}}]"
1101	c9T11E8898-3530X00S000	1101	"[{""photo"":""anno/EV/f0021/f0021_u10_l.jpg"",""bbox"":{""x"":0.010066159137712461,""y"":0.013988463145300889,""w"":0.9894299200628085,""h"":0.9843968856357541}},{""photo"":""anno/EV/f0021/f0021_u10_r.jpg"",""bbox"":{""x"":0.0,""y"":0.004222621025898615,""w"":0.9835027691204676,""h"":0.9922095593312757}},{""photo"":""anno/EV/f0021/f0021a_u10_f.jpg"",""bbox"":{""x"":0.024959490946463807,""y"":0.0022694526020181627,""w"":0.9362827941013432,""h"":0.9902563909073954}}]"
1102	b0T11E0000-4030X00S000	1102	"[{""photo"":""anno/EV/m0232/m0232_l_1.jpg"",""bbox"":{""x"":0.033883258155814694,""y"":0.025707473688583726,""w"":0.9644688073821027,""h"":0.9687715382447103}},{""photo"":""anno/EV/m0232/m0232_l.jpg"",""bbox"":{""x"":0.013665455324500305,""y"":0.027660642112464218,""w"":0.9845696286179657,""h"":0.9668183698208298}}]"
1103	b8T11E8000-0000X00S000	1103	"[{""photo"":""anno/EV/m0136/m0136_r_a.JPG"",""bbox"":{""x"":0.002652795297538537,""y"":0.0471923263512688,""w"":0.9459499139504398,""h"":0.9511930224297862}},{""photo"":""anno/EV/m0136/m0136_r.JPG"",""bbox"":{""x"":0.021754089331938228,""y"":0.04914549477514929,""w"":0.9693959955860607,""h"":0.9472866855820252}}]"
1104	c0T11E7090-0000X00S000	1104	"[{""photo"":""anno/EV/f0640/f0640_r.jpg"",""bbox"":{""x"":0.012519169474221518,""y"":0.07648985270947584,""w"":0.973125522049231,""h"":0.9140828223760572}}]"
1105	c1T11E0000-0000X00S000	1105	"[{""photo"":""anno/EV/f0634/f0634_f_siana.jpg"",""bbox"":{""x"":0.2500831799118533,""y"":0.0823493579811172,""w"":0.4710672807822384,""h"":0.9101764855282963}}]"
1106	b9T11E0000-3050X00S000	1106	"[{""photo"":""anno/EV/m0315/m0315_l.jpg"",""bbox"":{""x"":0.15352901677015232,""y"":0.07063034743783436,""w"":0.8455803984227754,""h"":0.9258018329193402}}]"
1107	b9T11E0000-3030X00S000	1107	"[{""photo"":""anno/EV/m0389/m0389_l.jpg"",""bbox"":{""x"":0.003575546788821234,""y"":0.11644102096795339,""w"":0.9938056682639447,""h"":0.8730662854745674}}]"
1108	c9T11E0000-0000X00S000	1108	"[{""photo"":""anno/EV/f0442/f0442_r.jpg"",""bbox"":{""x"":0.011534778765700127,""y"":0.008128957873659526,""w"":0.9476287210159744,""h"":0.988303222483515}}]"
1109	b0T11E0700-5545X00S000	1109	"[{""photo"":""anno/EV/m0395/m0395_l.jpg"",""bbox"":{""x"":0.006276605666962579,""y"":0.008128957873659543,""w"":0.9836587034828713,""h"":0.9883032224835149}}]"
1110	b9T11E0000-5400X00S000	1110	"[{""photo"":""anno/EV/m0046/m0046_l.jpg"",""bbox"":{""x"":0.04105419429202213,""y"":0.0022694526020181627,""w"":0.9507465966988995,""h"":0.9883032224835149}}]"
1111	b8T11E8880-0000X00S000	1111	"[{""photo"":""anno/EV/m0351/m0351_o.jpg"",""bbox"":{""x"":0.00369414496727026,""y"":0.0003162841781376713,""w"":0.9915156928178208,""h"":0.9961158961790368}},{""photo"":""anno/EV/m0351/m0351_r.jpg"",""bbox"":{""x"":0.00461523361565882,""y"":0.0061757894497790344,""w"":0.995384766384341,""h"":0.988303222483515}},{""photo"":""anno/EV/m0351/m0351_f.jpg"",""bbox"":{""x"":0.008375058673541371,""y"":0.037426484231866564,""w"":0.9869981121151662,""h"":0.955099359277547}}]"
1112	c8T11E7000-0000X00S000	1112	"[{""photo"":""anno/EV/f0439/f0439_r.jpg"",""bbox"":{""x"":0.0039062645907748566,""y"":0.12971822080364265,""w"":0.7760445653672673,""h"":0.8175770675165906}}]"
1113	c9T11E9000-0000X00S000	1113	"[{""photo"":""anno/EV/f0841/f0841_r.jpg"",""bbox"":{""x"":0.007250571288853583,""y"":0.05305183162291027,""w"":0.9748394397195445,""h"":0.9121296539521768}}]"
1114	b9T11E0000-5030X00S000	1114	"[{""photo"":""anno/EV/m0164/m0164_l.jpg"",""bbox"":{""x"":0.009856693745509777,""y"":0.008128957873659526,""w"":0.9901433062544901,""h"":0.980490548787993}}]"
1115	c8T11E0000-0000X00S000	1115	"[{""photo"":""anno/EV/f0495/f0495_f.jpg"",""bbox"":{""x"":0.076171875,""y"":0.0,""w"":0.64013671875,""h"":0.98956298828125}}]"
1116	c7T11E9990-4000X00S000	1116	"[{""photo"":""anno/EV/f0876/f0876_Emilie.jpg"",""bbox"":{""x"":0.0,""y"":0.005859375,""w"":1.0,""h"":0.994140625}}]"
1117	b8T11E0000-0300X00S000	1117	"[{""photo"":""anno/EV/m0293/m0293_l.jpg"",""bbox"":{""x"":0.02424479166666667,""y"":0.03057861328125,""w"":0.9757552083333333,""h"":0.96875}}]"
1118	b8T11E9000-0000X00S000	1118	"[{""photo"":""anno/EV/m0369/m0369_r.jpg"",""bbox"":{""x"":0.0,""y"":0.012150077760497667,""w"":0.9635416666666666,""h"":0.9878499222395023}}]"
1119	c9T11E0000-3030X?0S000	1119	"[{""photo"":""anno/EV/f0063/f0063_u21_l.jpg"",""bbox"":{""x"":0.024739583333333332,""y"":0.0,""w"":0.9700520833333334,""h"":1.0}}]"
1120	c8T11E0000-3030X00S000	1120	"[{""photo"":""anno/EV/m0341/m0341_l.jpg"",""bbox"":{""x"":0.4013671875,""y"":0.05792236328125,""w"":0.5986328125,""h"":0.935546875}}]"
1121	b8T11E9070-?000X00S000	1121	"[{""photo"":""anno/EV/m0367/m0367_r.jpg"",""bbox"":{""x"":0.0,""y"":0.0,""w"":0.9915156250000001,""h"":0.99151611328125}}]"
1122	c9T11E8070-0000X00S000	1122	"[{""photo"":""anno/EV/f0118/f0118_u25_r.jpg"",""bbox"":{""x"":0.0,""y"":0.00518798828125,""w"":1.0,""h"":0.9921875}}]"
1123	c8T11E0000-3040X00S000	1123	"[{""photo"":""anno/EV/f0218/f0218_l.jpg"",""bbox"":{""x"":0.029874999999999995,""y"":0.0,""w"":0.970125,""h"":0.9915161132812499}}]"
1124	c9T11E0000-5000X00S000	1124	"[{""photo"":""anno/EV/f0325/f0325_l.jpg"",""bbox"":{""x"":0.0,""y"":0.0,""w"":0.9974398708866545,""h"":0.99346923828125}}]"
1125	c8T11E9000-0000X00S000	1125	"[{""photo"":""anno/EV/f0635/f0635_r.jpg"",""bbox"":{""x"":0.0,""y"":0.05792236328125,""w"":0.9591996801181102,""h"":0.939453125}},{""photo"":""anno/EV/f0635/f0635_r_1.jpg"",""bbox"":{""x"":0.0037752329192546575,""y"":0.11260986328124999,""w"":0.9834481754658383,""h"":0.8613281249999999}}]"
1126	b9T11E0000-3440X00S000	1126	"[{""photo"":""anno/EV/m0572/m0572_l.jpg"",""bbox"":{""x"":0.08711523437499999,""y"":0.013000488281249998,""w"":0.912884765625,""h"":0.9863281249999999}}]"
1127	c9T11E0000-3430X00S000	1127	"[{""photo"":""anno/EV/f0082/f0082_u32_l.jpg"",""bbox"":{""x"":0.011918418912639405,""y"":0.00909423828125,""w"":0.9880815810873605,""h"":0.98828125}}]"
1128	c9T11E9000-0000X00S000	1128	"[{""photo"":""anno/EV/f0429/f0429_r.jpg"",""bbox"":{""x"":0.008022836538461538,""y"":0.014556884765625,""w"":0.8889302884615384,""h"":0.984375}}]"
1129	c9T01E00?0-3000X00S000	1129	"[{""photo"":""anno/EV/f0718/f0718_l.jpg"",""bbox"":{""x"":0.029080078125,""y"":0.166015625,""w"":0.970720703125,""h"":0.830963134765625}}]"
1130	b8T11E0000-0000X00S000	1130	"[{""photo"":""anno/EV/m0323/m0323_r.jpg"",""bbox"":{""x"":0.0205078125,""y"":0.082916259765625,""w"":0.91259765625,""h"":0.908203125}}]"
1131	b8T11E9980-4030X00S000	1131	"[{""photo"":""anno/EV/m0264/m0264_l.JPG"",""bbox"":{""x"":0.08642578125,""y"":0.196197509765625,""w"":0.7294921875,""h"":0.720703125}},{""photo"":""anno/EV/m0264/m0264_f.JPG"",""bbox"":{""x"":0.012124999999999999,""y"":0.067291259765625,""w"":0.9215000000000001,""h"":0.931640625}}]"
1132	b9T11E0000-0000X00S000	1132	"[{""photo"":""anno/EV/m0066/i_m0066_l.jpg"",""bbox"":{""x"":0.05900390625,""y"":0.002838134765625,""w"":0.94099609375,""h"":0.997161865234375}}]"
1133	c9T11E0000-0000X00S000	1133	"[{""photo"":""anno/EV/f0722/f0722_r.jpg"",""bbox"":{""x"":0.0,""y"":0.008697509765625,""w"":0.9674785156250001,""h"":0.98828125}}]"
1134	b9T11E0000-3400X00S000	1134	"[{""photo"":""anno/EV/m0342/m0342_l.jpg"",""bbox"":{""x"":0.0,""y"":0.014556884765625,""w"":1.0,""h"":0.981536865234375}}]"
1135	b8T00E0000-0000X00S000	1135	"[{""photo"":""anno/EV/m0272/m0272_f.jpg"",""bbox"":{""x"":0.3190104166666667,""y"":0.194244384765625,""w"":0.3606770833333333,""h"":0.702239990234375}}]"
1136	c8T11E0800-0000X00S000	1136	"[{""photo"":""anno/EV/f0649/f0649_r.jpg"",""bbox"":{""x"":0.0052109375,""y"":0.008697509765625,""w"":0.921033203125,""h"":0.98828125}}]"
1137	b8T11E0000-4030X00S001	1137	"[{""photo"":""anno/EV/m0257/m0257_l.jpg"",""bbox"":{""x"":0.015000000000000003,""y"":0.008697509765625,""w"":0.9656250000000002,""h"":0.986328125}}]"
1138	c9T11E0000-0000X00S000	1138	"[{""photo"":""anno/EV/f0232/f0232_l.jpg"",""bbox"":{""x"":0.03982694892473119,""y"":0.0,""w"":0.9601730510752688,""h"":0.9918212890625}},{""photo"":""anno/EV/f0232/f0232_f.jpg"",""bbox"":{""x"":0.021601562499999998,""y"":0.008697509765625,""w"":0.9658984374999999,""h"":0.98046875}}]"
1139	b8T11E0000-0000X00S000	1139	"[{""photo"":""anno/EV/f0251/f0251_f_b.jpg"",""bbox"":{""x"":0.0,""y"":0.000885009765625,""w"":1.0,""h"":0.99609375}}]"
1140	c9T11E0000-0000X00S000	1140	"[{""photo"":""anno/EV/f0162/f0162_r.jpg"",""bbox"":{""x"":0.0,""y"":0.000885009765625,""w"":0.9685237849017581,""h"":0.994140625}}]"
1141	b8T11E0000-0000X00S000	1141	"[{""photo"":""anno/EV/m0117/m0117_r.jpeg"",""bbox"":{""x"":0.0,""y"":0.018463134765625,""w"":1.0,""h"":0.978515625}}]"
1142	c8T10E9000-0000X00S000	1142	"[{""photo"":""anno/EV/f0758/f0758_r.jpg"",""bbox"":{""x"":0.0,""y"":0.053619384765625,""w"":0.9811255530973452,""h"":0.94140625}}]"
1143	b9T11E0000-0000X00S000	1143	"[{""photo"":""anno/EV/m0224/m0224_l.jpg"",""bbox"":{""x"":0.0,""y"":0.000885009765625,""w"":0.9987571022727273,""h"":0.998046875}}]"
1144	c9T11E0000-0000X00S000	1144	"[{""photo"":""anno/EV/f0642/f0642_l.jpg"",""bbox"":{""x"":0.0,""y"":0.057647705078125,""w"":1.0,""h"":0.94140625}}]"
1145	b9T11E8700-0000X00S000	1145	"[{""photo"":""anno/EV/m0461/m0461_r.jpg"",""bbox"":{""x"":0.0,""y"":0.051666259765625,""w"":1.0,""h"":0.942474365234375}},{""photo"":""anno/EV/m0461/m0461_r.jpg"",""bbox"":{""x"":0.0,""y"":0.048828125,""w"":1.0,""h"":0.943359375}}]"
1146	c9T11E0000-0000X00S000	1146	"[{""photo"":""anno/EV/f0099/f0099_u36_l.jpg"",""bbox"":{""x"":0.027858664772727273,""y"":0.045806884765625,""w"":0.9713387784090909,""h"":0.951171875}}]"
1147	c9T11E0000-0000X00S000	1147	"[{""photo"":""anno/EV/f0452/f0452_f.jpg"",""bbox"":{""x"":0.0073359375000000004,""y"":0.006744384765625,""w"":0.97201171875,""h"":0.98828125}}]"
1148	c8T11E8780-0000X00S000	1148	"[{""photo"":""anno/EV/f0064/f0064_u17_r.jpg"",""bbox"":{""x"":0.004389696782178217,""y"":0.014556884765625,""w"":0.9956103032178217,""h"":0.98046875}}]"
1149	c9T11E0000-4030X00S000	1149	"[{""photo"":""anno/EV/m0402/m0402_l.jpg"",""bbox"":{""x"":0.07479296875,""y"":0.039947509765625,""w"":0.9194062499999999,""h"":0.956146240234375}}]"
1150	b8T11E8000-0000X00S000	1150	"[{""photo"":""anno/EV/m0101/m0101_f.jpg"",""bbox"":{""x"":0.011082743937644341,""y"":0.012603759765625,""w"":0.9889172560623557,""h"":0.9765625}}]"
1151	b9T11E0000-0000X00S000	1151	"[{""photo"":""anno/EV/m0240/m0240_r.jpg"",""bbox"":{""x"":0.0015869140625,""y"":0.0582275390625,""w"":0.974365234375,""h"":0.935546875}}]"
